rank,term,CF,DF,IDF,CF_per_DF
1,glp-1,3863,929,0.07364654016829851,4.158234660925727
2,receptor,1035,620,0.47803580094299974,1.6693548387096775
3,glucagon-like,973,928,0.07472354619593657,1.0484913793103448
4,diabetes,819,545,0.6069694843188931,1.5027522935779816
5,effects,809,471,0.7528971849657193,1.7176220806794056
6,peptide-1,781,753,0.28369005118224344,1.0371845949535192
7,agonists,753,461,0.7743572359854886,1.6334056399132322
8,secretion,621,268,1.3167682984712803,2.3171641791044775
9,insulin,616,309,1.1744140020843916,1.993527508090615
10,treatment,597,394,0.9314043696842033,1.515228426395939
11,glucose,572,307,1.18090753139494,1.8631921824104234
12,weight,551,315,1.155182640156504,1.7492063492063492
13,type,532,415,0.8794767587514388,1.2819277108433735
14,patients,510,281,1.2694006096483914,1.8149466192170818
15,obesity,499,278,1.2801341652915,1.7949640287769784
16,cells,489,206,1.579879110192556,2.3737864077669903
17,ras,445,147,1.9173226922034008,3.0272108843537415
18,peptide,431,315,1.155182640156504,1.3682539682539683
19,review,395,322,1.1332037334377287,1.2267080745341614
20,clinical,392,262,1.3394107752210402,1.4961832061068703
21,potential,382,290,1.2378743560016172,1.3172413793103448
22,studies,381,239,1.4312917270506262,1.594142259414226
23,glp-1r,356,112,2.1892564076870427,3.1785714285714284
24,cardiovascular,342,168,1.783791299578878,2.0357142857142856
25,also,341,271,1.3056364581024362,1.2583025830258303
26,effect,321,203,1.5945492999403497,1.5812807881773399
27,levels,317,205,1.5847452998437288,1.5463414634146342
28,study,312,238,1.4354846053106625,1.3109243697478992
29,loss,308,205,1.5847452998437288,1.502439024390244
30,metabolic,308,195,1.6347557204183902,1.5794871794871794
31,results,306,264,1.3318061758358208,1.1590909090909092
32,use,300,207,1.575036485716768,1.4492753623188406
33,risk,299,177,1.731605546408308,1.689265536723164
34,increased,293,203,1.5945492999403497,1.4433497536945812
35,disease,286,201,1.6044503709230613,1.4228855721393034
36,control,284,216,1.5324768712979722,1.3148148148148149
37,however,270,251,1.3823023398503531,1.0756972111553784
38,mice,265,121,2.111964733385396,2.190082644628099
39,role,265,225,1.491654876777717,1.1777777777777778
40,evidence,259,189,1.6660082639224947,1.3703703703703705
41,gip,248,104,2.2633643798407643,2.3846153846153846
42,mechanisms,248,193,1.6450650900772514,1.2849740932642486
43,expression,247,117,2.145581344184381,2.111111111111111
44,incretin,246,168,1.783791299578878,1.4642857142857142
45,after,245,171,1.7660917224794772,1.432748538011696
46,including,240,202,1.5994875815809322,1.188118811881188
47,both,239,195,1.6347557204183902,1.2256410256410257
48,therapeutic,233,192,1.6502599069543555,1.2135416666666667
49,associated,225,173,1.7544636844843582,1.300578034682081
50,cell,217,131,2.0325579557809856,1.6564885496183206
51,dm,214,101,2.2926347621408776,2.118811881188119
52,management,214,161,1.8263509139976741,1.329192546583851
53,mellitus,212,188,1.6713133161521878,1.127659574468085
54,body,211,160,1.8325814637483102,1.31875
55,agonist,210,163,1.8140050781753747,1.2883435582822085
56,p,205,71,2.645075401940822,2.887323943661972
57,using,205,177,1.731605546408308,1.1581920903954803
58,liraglutide,204,101,2.2926347621408776,2.01980198019802
59,trials,204,147,1.9173226922034008,1.3877551020408163
60,data,201,168,1.783791299578878,1.1964285714285714
61,gastric,199,123,2.0955709236097197,1.6178861788617886
62,glucagon,199,134,2.0099154790312257,1.4850746268656716
63,response,197,130,2.0402208285265546,1.5153846153846153
64,function,196,150,1.8971199848858813,1.3066666666666666
65,hormone,196,166,1.7957674906255938,1.180722891566265
66,food,194,115,2.162823150618887,1.6869565217391305
67,therapy,194,144,1.9379419794061366,1.3472222222222223
68,glp-1ras,193,69,2.6736487743848776,2.7971014492753623
69,drugs,192,137,1.9877743531540122,1.4014598540145986
70,blood,189,151,1.8904754421672127,1.2516556291390728
71,significantly,186,134,2.0099154790312257,1.3880597014925373
72,between,183,134,2.0099154790312257,1.3656716417910448
73,ra,179,82,2.501036031717884,2.182926829268293
74,recent,177,154,1.870802676568508,1.1493506493506493
75,significant,176,150,1.8971199848858813,1.1733333333333333
76,outcomes,173,115,2.162823150618887,1.5043478260869565
77,receptors,172,130,2.0402208285265546,1.323076923076923
78,intake,171,98,2.322787800311565,1.7448979591836735
79,other,171,144,1.9379419794061366,1.1875
80,release,171,107,2.234926444520231,1.5981308411214954
81,used,171,150,1.8971199848858813,1.14
82,signaling,168,107,2.234926444520231,1.5700934579439252
83,well,167,150,1.8971199848858813,1.1133333333333333
84,efficacy,160,136,1.995100393246085,1.1764705882352942
85,findings,160,147,1.9173226922034008,1.08843537414966
86,semaglutide,160,85,2.4651040224918206,1.8823529411764706
87,therapies,160,116,2.1541650878757723,1.3793103448275863
88,current,158,137,1.9877743531540122,1.1532846715328466
89,diabetic,157,100,2.302585092994046,1.57
90,reduced,155,120,2.120263536200091,1.2916666666666667
91,agents,153,108,2.2256240518579173,1.4166666666666667
92,administration,151,112,2.1892564076870427,1.3482142857142858
93,benefits,150,116,2.1541650878757723,1.293103448275862
94,intestinal,149,97,2.3330443004787544,1.5360824742268042
95,medications,149,92,2.385966701933097,1.6195652173913044
96,new,149,124,2.0874737133771,1.2016129032258065
97,novel,149,130,2.0402208285265546,1.146153846153846
98,pancreatic,149,103,2.2730262907525014,1.4466019417475728
99,research,149,116,2.1541650878757723,1.2844827586206897
100,activity,148,109,2.2164073967529934,1.3577981651376148
101,d,147,65,2.7333680090865,2.2615384615384615
102,human,147,103,2.2730262907525014,1.4271844660194175
103,further,146,131,2.0325579557809856,1.1145038167938932
104,system,144,117,2.145581344184381,1.2307692307692308
105,glycemic,143,110,2.207274913189721,1.3
106,gut,141,89,2.419118909249997,1.5842696629213484
107,action,135,114,2.1715568305876416,1.1842105263157894
108,brain,135,80,2.5257286443082556,1.6875
109,during,135,95,2.3538783873815965,1.4210526315789473
110,insulinotropic,134,114,2.1715568305876416,1.1754385964912282
111,protein,134,88,2.4304184645039304,1.5227272727272727
112,reduce,133,111,2.198225077669803,1.1981981981981982
113,via,133,110,2.207274913189721,1.209090909090909
114,activation,132,96,2.3434070875143007,1.375
115,l,131,61,2.796881414808826,2.1475409836065573
116,compared,130,102,2.282782465697866,1.2745098039215685
117,drug,130,103,2.2730262907525014,1.2621359223300972
118,methods,128,127,2.0635681925235456,1.0078740157480315
119,c,127,74,2.6036901857779675,1.7162162162162162
120,found,127,106,2.24431618487007,1.1981132075471699
121,gastrointestinal,127,106,2.24431618487007,1.1981132075471699
122,adverse,124,94,2.364460496712133,1.3191489361702127
123,plasma,123,84,2.4769384801388235,1.4642857142857142
124,safety,123,93,2.375155785828881,1.3225806451612903
125,demonstrated,122,114,2.1715568305876416,1.0701754385964912
126,development,121,103,2.2730262907525014,1.174757281553398
127,important,121,108,2.2256240518579173,1.1203703703703705
128,suggest,121,118,2.137070654516472,1.0254237288135593
129,increase,120,98,2.322787800311565,1.2244897959183674
130,present,120,111,2.198225077669803,1.0810810810810811
131,health,119,92,2.385966701933097,1.2934782608695652
132,glucose-dependent,118,110,2.207274913189721,1.0727272727272728
133,addition,117,111,2.198225077669803,1.054054054054054
134,improve,117,104,2.2633643798407643,1.125
135,tirzepatide,117,58,2.8473122684357177,2.0172413793103448
136,metabolism,116,93,2.375155785828881,1.2473118279569892
137,shown,116,104,2.2633643798407643,1.1153846153846154
138,reduction,115,92,2.385966701933097,1.25
139,decreased,114,90,2.407945608651872,1.2666666666666666
140,effective,114,107,2.234926444520231,1.0654205607476634
141,hormones,113,81,2.513306124309698,1.3950617283950617
142,actions,112,89,2.419118909249997,1.2584269662921348
143,central,112,86,2.4534079827286295,1.302325581395349
144,oral,112,76,2.5770219386958058,1.4736842105263157
145,all,111,83,2.488914671185539,1.3373493975903614
146,glp,111,38,3.270169119255751,2.9210526315789473
147,here,110,110,2.207274913189721,1.0
148,homeostasis,110,94,2.364460496712133,1.1702127659574468
149,rats,110,57,2.864704011147587,1.9298245614035088
150,combination,109,71,2.645075401940822,1.5352112676056338
151,patient,109,87,2.441847160327553,1.2528735632183907
152,peptides,109,66,2.7181005369557116,1.6515151515151516
153,regulation,109,90,2.407945608651872,1.211111111111111
154,two,109,88,2.4304184645039304,1.2386363636363635
155,amide,108,46,3.079113882493042,2.347826086956522
156,dual,108,72,2.631089159966082,1.5
157,due,108,101,2.2926347621408776,1.0693069306930694
158,high,108,84,2.4769384801388235,1.2857142857142858
159,postprandial,108,61,2.796881414808826,1.7704918032786885
160,showed,108,95,2.3538783873815965,1.1368421052631579
161,chronic,106,84,2.4769384801388235,1.2619047619047619
162,improved,106,93,2.375155785828881,1.1397849462365592
163,inhibitors,105,75,2.5902671654458267,1.4
164,neurons,105,52,2.9565115604007097,2.019230769230769
165,conclusion,104,104,2.2633643798407643,1.0
166,pathways,103,87,2.441847160327553,1.1839080459770115
167,emptying,102,80,2.5257286443082556,1.275
168,enteroendocrine,102,68,2.6882475738060303,1.5
169,complications,101,75,2.5902671654458267,1.3466666666666667
170,induced,101,75,2.5902671654458267,1.3466666666666667
171,mechanism,101,85,2.4651040224918206,1.188235294117647
172,heart,100,59,2.8302178350764176,1.694915254237288
173,reported,100,80,2.5257286443082556,1.25
174,higher,99,72,2.631089159966082,1.375
175,several,99,85,2.4651040224918206,1.1647058823529413
176,investigated,98,92,2.385966701933097,1.065217391304348
177,liver,98,58,2.8473122684357177,1.6896551724137931
178,one,98,82,2.501036031717884,1.1951219512195121
179,diseases,97,76,2.5770219386958058,1.2763157894736843
180,g,97,56,2.882403588246988,1.7321428571428572
181,polypeptide,97,95,2.3538783873815965,1.0210526315789474
182,provide,97,92,2.385966701933097,1.0543478260869565
183,although,96,89,2.419118909249997,1.0786516853932584
184,inflammation,96,68,2.6882475738060303,1.411764705882353
185,group,95,38,3.270169119255751,2.5
186,remains,95,95,2.3538783873815965,1.0
187,furthermore,94,91,2.396895772465287,1.032967032967033
188,vitro,94,76,2.5770219386958058,1.236842105263158
189,beneficial,93,85,2.4651040224918206,1.0941176470588236
190,following,93,79,2.5383074265151158,1.1772151898734178
191,molecular,93,79,2.5383074265151158,1.1772151898734178
192,vivo,93,67,2.703062659591171,1.3880597014925373
193,increasing,92,82,2.501036031717884,1.1219512195121952
194,available,91,77,2.563949857128453,1.1818181818181819
195,disorders,91,74,2.6036901857779675,1.2297297297297298
196,endogenous,91,64,2.7488721956224653,1.421875
197,observed,91,81,2.513306124309698,1.123456790123457
198,known,89,83,2.488914671185539,1.072289156626506
199,only,89,82,2.501036031717884,1.0853658536585367
200,whether,89,80,2.5257286443082556,1.1125
201,major,88,81,2.513306124309698,1.0864197530864197
202,developed,87,83,2.488914671185539,1.0481927710843373
203,future,87,86,2.4534079827286295,1.0116279069767442
204,involved,87,71,2.645075401940822,1.2253521126760563
205,pyy,87,25,3.6888794541139363,3.48
206,without,87,77,2.563949857128453,1.12987012987013
207,acid,86,58,2.8473122684357177,1.4827586206896552
208,different,86,72,2.631089159966082,1.1944444444444444
209,impact,86,74,2.6036901857779675,1.162162162162162
210,analysis,85,72,2.631089159966082,1.1805555555555556
211,emerging,85,83,2.488914671185539,1.0240963855421688
212,lower,85,65,2.7333680090865,1.3076923076923077
213,kidney,84,47,3.0576076772720784,1.7872340425531914
214,related,84,76,2.5770219386958058,1.105263157894737
215,surgery,84,49,3.0159349808715104,1.7142857142857142
216,r,83,25,3.6888794541139363,3.32
217,resistance,83,69,2.6736487743848776,1.2028985507246377
218,literature,82,72,2.631089159966082,1.1388888888888888
219,models,82,66,2.7181005369557116,1.2424242424242424
220,need,82,72,2.631089159966082,1.1388888888888888
221,recently,82,80,2.5257286443082556,1.025
222,case,81,58,2.8473122684357177,1.396551724137931
223,conditions,81,71,2.645075401940822,1.1408450704225352
224,factors,81,63,2.7646205525906042,1.2857142857142858
225,limited,81,76,2.5770219386958058,1.0657894736842106
226,pathway,81,57,2.864704011147587,1.4210526315789473
227,promising,81,76,2.5770219386958058,1.0657894736842106
228,mass,80,61,2.796881414808826,1.3114754098360655
229,production,80,56,2.882403588246988,1.4285714285714286
230,exendin-4,79,41,3.1941832122778293,1.9268292682926829
231,long-term,79,72,2.631089159966082,1.0972222222222223
232,low,79,67,2.703062659591171,1.1791044776119404
233,target,79,70,2.659260036932778,1.1285714285714286
234,changes,78,67,2.703062659591171,1.164179104477612
235,events,78,68,2.6882475738060303,1.1470588235294117
236,physiological,78,73,2.617295837833746,1.0684931506849316
237,stress,78,49,3.0159349808715104,1.5918367346938775
238,various,78,72,2.631089159966082,1.0833333333333333
239,class,77,66,2.7181005369557116,1.1666666666666667
240,enhanced,76,65,2.7333680090865,1.1692307692307693
241,h,76,37,3.2968373663379125,2.054054054054054
242,model,76,62,2.7806208939370456,1.2258064516129032
243,multiple,76,72,2.631089159966082,1.0555555555555556
244,preclinical,76,57,2.864704011147587,1.3333333333333333
245,analogues,75,49,3.0159349808715104,1.530612244897959
246,concentrations,75,54,2.9187712324178627,1.3888888888888888
247,energy,75,55,2.900422093749666,1.3636363636363635
248,show,75,68,2.6882475738060303,1.1029411764705883
249,strategies,75,70,2.659260036932778,1.0714285714285714
250,tolerance,75,54,2.9187712324178627,1.3888888888888888
251,among,74,65,2.7333680090865,1.1384615384615384
252,glp-1ra,74,36,3.324236340526027,2.0555555555555554
253,exenatide,73,49,3.0159349808715104,1.489795918367347
254,many,73,65,2.7333680090865,1.123076923076923
255,possible,73,64,2.7488721956224653,1.140625
256,thus,73,68,2.6882475738060303,1.0735294117647058
257,binding,72,47,3.0576076772720784,1.5319148936170213
258,key,72,67,2.703062659591171,1.0746268656716418
259,reducing,72,66,2.7181005369557116,1.0909090909090908
260,small,72,59,2.8302178350764176,1.2203389830508475
261,underlying,72,67,2.703062659591171,1.0746268656716418
262,understanding,72,66,2.7181005369557116,1.0909090909090908
263,based,71,66,2.7181005369557116,1.0757575757575757
264,dysfunction,71,59,2.8302178350764176,1.2033898305084745
265,expressed,71,58,2.8473122684357177,1.2241379310344827
266,individuals,71,57,2.864704011147587,1.2456140350877194
267,renal,71,41,3.1941832122778293,1.7317073170731707
268,diet,70,47,3.0576076772720784,1.4893617021276595
269,mouse,70,45,3.101092789211817,1.5555555555555556
270,therefore,70,68,2.6882475738060303,1.0294117647058822
271,analogs,69,44,3.123565645063876,1.5681818181818181
272,appetite,69,57,2.864704011147587,1.2105263157894737
273,currently,69,66,2.7181005369557116,1.0454545454545454
274,gene,69,44,3.123565645063876,1.5681818181818181
275,identified,69,63,2.7646205525906042,1.0952380952380953
276,mg,69,36,3.324236340526027,1.9166666666666667
277,obese,69,45,3.101092789211817,1.5333333333333334
278,people,69,50,2.995732273553991,1.38
279,revealed,69,64,2.7488721956224653,1.078125
280,association,68,50,2.995732273553991,1.36
281,failure,68,44,3.123565645063876,1.5454545454545454
282,secreted,68,62,2.7806208939370456,1.096774193548387
283,similar,68,62,2.7806208939370456,1.096774193548387
284,acute,67,53,2.9374633654300153,1.2641509433962264
285,islets,67,31,3.473768074496991,2.161290322580645
286,report,67,62,2.7806208939370456,1.0806451612903225
287,level,66,54,2.9187712324178627,1.2222222222222223
288,over,66,57,2.864704011147587,1.1578947368421053
289,inhibition,65,47,3.0576076772720784,1.3829787234042554
290,potent,65,56,2.882403588246988,1.1607142857142858
291,rat,65,43,3.1465551632885744,1.5116279069767442
292,side,65,58,2.8473122684357177,1.1206896551724137
293,stimulation,65,55,2.900422093749666,1.1818181818181819
294,background,64,64,2.7488721956224653,1.0
295,conclusions,64,64,2.7488721956224653,1.0
296,dipeptidyl,64,64,2.7488721956224653,1.0
297,direct,64,56,2.882403588246988,1.1428571428571428
298,metformin,64,27,3.611918412977808,2.3703703703703702
299,treatments,64,57,2.864704011147587,1.1228070175438596
300,beyond,63,59,2.8302178350764176,1.0677966101694916
301,care,63,49,3.0159349808715104,1.2857142857142858
302,across,62,52,2.9565115604007097,1.1923076923076923
303,fasting,62,38,3.270169119255751,1.631578947368421
304,fat,62,42,3.170085660698769,1.4761904761904763
305,fatty,62,45,3.101092789211817,1.3777777777777778
306,included,62,53,2.9374633654300153,1.169811320754717
307,kg,62,38,3.270169119255751,1.631578947368421
308,primary,62,51,2.9759296462578115,1.2156862745098038
309,approach,61,56,2.882403588246988,1.0892857142857142
310,common,61,58,2.8473122684357177,1.0517241379310345
311,despite,61,59,2.8302178350764176,1.0338983050847457
312,leading,61,59,2.8302178350764176,1.0338983050847457
313,lipid,61,41,3.1941832122778293,1.4878048780487805
314,responses,61,48,3.036554268074246,1.2708333333333333
315,support,61,58,2.8473122684357177,1.0517241379310345
316,treating,61,57,2.864704011147587,1.0701754385964912
317,ad,60,19,3.9633162998156966,3.1578947368421053
318,demonstrate,60,57,2.864704011147587,1.0526315789473684
319,functions,60,49,3.0159349808715104,1.2244897959183674
320,intestine,60,39,3.2441936328524905,1.5384615384615385
321,pharmacological,60,51,2.9759296462578115,1.1764705882352942
322,specific,60,48,3.036554268074246,1.25
323,suggests,60,59,2.8302178350764176,1.0169491525423728
324,approved,59,48,3.036554268074246,1.2291666666666667
325,inflammatory,59,43,3.1465551632885744,1.372093023255814
326,peripheral,59,45,3.101092789211817,1.3111111111111111
327,randomized,59,56,2.882403588246988,1.0535714285714286
328,cognitive,58,29,3.540459448995663,2.0
329,groups,58,38,3.270169119255751,1.5263157894736843
330,performed,58,51,2.9759296462578115,1.1372549019607843
331,remain,58,58,2.8473122684357177,1.0
332,treat,58,48,3.036554268074246,1.2083333333333333
333,within,58,52,2.9565115604007097,1.1153846153846154
334,first,57,52,2.9565115604007097,1.0961538461538463
335,greater,57,45,3.101092789211817,1.2666666666666666
336,improvement,57,49,3.0159349808715104,1.163265306122449
337,properties,57,49,3.0159349808715104,1.163265306122449
338,regarding,57,51,2.9759296462578115,1.1176470588235294
339,tissue,57,43,3.1465551632885744,1.3255813953488371
340,discuss,56,54,2.9187712324178627,1.037037037037037
341,dose,56,45,3.101092789211817,1.2444444444444445
342,enhance,56,49,3.0159349808715104,1.1428571428571428
343,gpr,56,13,4.3428059215206005,4.3076923076923075
344,m,56,32,3.4420193761824107,1.75
345,particularly,56,53,2.9374633654300153,1.0566037735849056
346,years,56,49,3.0159349808715104,1.1428571428571428
347,about,55,44,3.123565645063876,1.25
348,mediated,55,50,2.995732273553991,1.1
349,sensitivity,55,43,3.1465551632885744,1.2790697674418605
350,affect,54,49,3.0159349808715104,1.1020408163265305
351,aim,54,53,2.9374633654300153,1.0188679245283019
352,animal,54,47,3.0576076772720784,1.148936170212766
353,article,54,52,2.9565115604007097,1.0384615384615385
354,because,54,49,3.0159349808715104,1.1020408163265305
355,endothelial,54,33,3.411247717515657,1.6363636363636365
356,evaluated,54,50,2.995732273553991,1.08
357,investigate,54,51,2.9759296462578115,1.0588235294117647
358,medication,54,46,3.079113882493042,1.173913043478261
359,mortality,54,38,3.270169119255751,1.4210526315789473
360,mrna,54,34,3.3813947543659757,1.588235294117647
361,number,54,49,3.0159349808715104,1.1020408163265305
362,strategy,54,48,3.036554268074246,1.125
363,dpp-4,53,26,3.649658740960655,2.0384615384615383
364,established,53,47,3.0576076772720784,1.127659574468085
365,improving,53,53,2.9374633654300153,1.0
366,like,53,47,3.0576076772720784,1.127659574468085
367,min,53,29,3.540459448995663,1.8275862068965518
368,neuroprotective,53,43,3.1465551632885744,1.2325581395348837
369,targeting,53,46,3.079113882493042,1.1521739130434783
370,antidiabetic,52,42,3.170085660698769,1.2380952380952381
371,b,52,30,3.506557897319982,1.7333333333333334
372,increases,52,41,3.1941832122778293,1.2682926829268293
373,injection,52,41,3.1941832122778293,1.2682926829268293
374,l-cells,52,31,3.473768074496991,1.6774193548387097
375,objective,51,50,2.995732273553991,1.02
376,pancreas,51,33,3.411247717515657,1.5454545454545454
377,rates,51,33,3.411247717515657,1.5454545454545454
378,three,51,43,3.1465551632885744,1.186046511627907
379,tissues,51,38,3.270169119255751,1.3421052631578947
380,active,50,42,3.170085660698769,1.1904761904761905
381,contribute,50,47,3.0576076772720784,1.0638297872340425
382,delivery,50,30,3.506557897319982,1.6666666666666667
383,hepatic,50,33,3.411247717515657,1.5151515151515151
384,highly,50,48,3.036554268074246,1.0416666666666667
385,pd,50,10,4.605170185988092,5.0
386,pressure,50,43,3.1465551632885744,1.1627906976744187
387,stimulate,50,43,3.1465551632885744,1.1627906976744187
388,stimulated,50,36,3.324236340526027,1.3888888888888888
389,against,49,42,3.170085660698769,1.1666666666666667
390,assessed,49,47,3.0576076772720784,1.0425531914893618
391,basal,49,25,3.6888794541139363,1.96
392,ca,49,23,3.7722610630529876,2.130434782608696
393,cancer,49,21,3.8632328412587142,2.3333333333333335
394,conducted,49,46,3.079113882493042,1.065217391304348
395,exposure,49,30,3.506557897319982,1.6333333333333333
396,impaired,49,37,3.2968373663379125,1.3243243243243243
397,now,49,46,3.079113882493042,1.065217391304348
398,profile,49,44,3.123565645063876,1.1136363636363635
399,provides,49,49,3.0159349808715104,1.0
400,whereas,49,43,3.1465551632885744,1.1395348837209303
401,cardiac,48,21,3.8632328412587142,2.2857142857142856
402,characterized,48,48,3.036554268074246,1.0
403,hba,48,26,3.649658740960655,1.8461538461538463
404,indicate,48,47,3.0576076772720784,1.0212765957446808
405,might,48,43,3.1465551632885744,1.1162790697674418
406,nafld,48,10,4.605170185988092,4.8
407,needed,48,47,3.0576076772720784,1.0212765957446808
408,oxidative,48,38,3.270169119255751,1.263157894736842
409,proglucagon,48,28,3.575550768806933,1.7142857142857142
410,protective,48,36,3.324236340526027,1.3333333333333333
411,regulate,48,45,3.101092789211817,1.0666666666666667
412,sglt,48,21,3.8632328412587142,2.2857142857142856
413,short,48,46,3.079113882493042,1.0434782608695652
414,signalling,48,30,3.506557897319982,1.6
415,suppression,48,39,3.2441936328524905,1.2307692307692308
416,total,48,37,3.2968373663379125,1.2972972972972974
417,treated,48,40,3.2188758248682006,1.2
418,aimed,47,47,3.0576076772720784,1.0
419,antagonist,47,39,3.2441936328524905,1.205128205128205
420,concentration,47,31,3.473768074496991,1.5161290322580645
421,e,47,30,3.506557897319982,1.5666666666666667
422,guidelines,47,39,3.2441936328524905,1.205128205128205
423,hyperglycemia,47,38,3.270169119255751,1.236842105263158
424,hypoglycemia,47,28,3.575550768806933,1.6785714285714286
425,induce,47,43,3.1465551632885744,1.0930232558139534
426,n,47,25,3.6888794541139363,1.88
427,nervous,47,45,3.101092789211817,1.0444444444444445
428,positive,47,38,3.270169119255751,1.236842105263158
429,protection,47,38,3.270169119255751,1.236842105263158
430,satiety,47,36,3.324236340526027,1.3055555555555556
431,serum,47,30,3.506557897319982,1.5666666666666667
432,suggested,47,45,3.101092789211817,1.0444444444444445
433,widely,47,44,3.123565645063876,1.0681818181818181
434,anti-inflammatory,46,38,3.270169119255751,1.2105263157894737
435,area,46,34,3.3813947543659757,1.3529411764705883
436,early,46,39,3.2441936328524905,1.1794871794871795
437,examined,46,45,3.101092789211817,1.0222222222222221
438,feeding,46,34,3.3813947543659757,1.3529411764705883
439,growing,46,44,3.123565645063876,1.0454545454545454
440,include,46,44,3.123565645063876,1.0454545454545454
441,isolated,46,36,3.324236340526027,1.2777777777777777
442,moreover,46,44,3.123565645063876,1.0454545454545454
443,reports,46,38,3.270169119255751,1.2105263157894737
444,respectively,46,43,3.1465551632885744,1.069767441860465
445,suggesting,46,44,3.123565645063876,1.0454545454545454
446,adults,45,36,3.324236340526027,1.25
447,alone,45,38,3.270169119255751,1.1842105263157894
448,biological,45,36,3.324236340526027,1.25
449,camp,45,30,3.506557897319982,1.5
450,disorder,45,36,3.324236340526027,1.25
451,factor,45,42,3.170085660698769,1.0714285714285714
452,given,45,42,3.170085660698769,1.0714285714285714
453,glp-1-based,45,31,3.473768074496991,1.4516129032258065
454,healthy,45,38,3.270169119255751,1.1842105263157894
455,influence,45,40,3.2188758248682006,1.125
456,islet,45,27,3.611918412977808,1.6666666666666667
457,measured,45,42,3.170085660698769,1.0714285714285714
458,neuronal,45,30,3.506557897319982,1.5
459,pcos,45,11,4.509860006183766,4.090909090909091
460,potentially,45,44,3.123565645063876,1.0227272727272727
461,practice,45,33,3.411247717515657,1.3636363636363635
462,subjects,45,33,3.411247717515657,1.3636363636363635
463,systematic,45,33,3.411247717515657,1.3636363636363635
464,targets,45,39,3.2441936328524905,1.1538461538461537
465,test,45,39,3.2441936328524905,1.1538461538461537
466,agonism,44,27,3.611918412977808,1.6296296296296295
467,aspiration,44,23,3.7722610630529876,1.9130434782608696
468,become,44,41,3.1941832122778293,1.0731707317073171
469,before,44,39,3.2441936328524905,1.1282051282051282
470,cause,44,42,3.170085660698769,1.0476190476190477
471,comprehensive,44,42,3.170085660698769,1.0476190476190477
472,emerged,44,43,3.1465551632885744,1.0232558139534884
473,ex,44,10,4.605170185988092,4.4
474,index,44,41,3.1941832122778293,1.0731707317073171
475,infusion,44,21,3.8632328412587142,2.0952380952380953
476,perioperative,44,24,3.7297014486341915,1.8333333333333333
477,purpose,44,40,3.2188758248682006,1.1
478,rapid,44,41,3.1941832122778293,1.0731707317073171
479,syndrome,44,38,3.270169119255751,1.1578947368421053
480,ability,43,42,3.170085660698769,1.0238095238095237
481,acids,43,33,3.411247717515657,1.303030303030303
482,benefit,43,38,3.270169119255751,1.131578947368421
483,complex,43,42,3.170085660698769,1.0238095238095237
484,controlled,43,43,3.1465551632885744,1.0
485,cv,43,11,4.509860006183766,3.909090909090909
486,focus,43,43,3.1465551632885744,1.0
487,global,43,40,3.2188758248682006,1.075
488,glucose-lowering,43,31,3.473768074496991,1.3870967741935485
489,increasingly,43,40,3.2188758248682006,1.075
490,modulation,43,34,3.3813947543659757,1.2647058823529411
491,rate,43,36,3.324236340526027,1.1944444444444444
492,reporting,43,25,3.6888794541139363,1.72
493,symptoms,43,33,3.411247717515657,1.303030303030303
494,trial,43,37,3.2968373663379125,1.162162162162162
495,vs,43,18,4.017383521085972,2.388888888888889
496,yet,43,41,3.1941832122778293,1.048780487804878
497,additionally,42,41,3.1941832122778293,1.024390243902439
498,aims,42,42,3.170085660698769,1.0
499,approaches,42,39,3.2441936328524905,1.0769230769230769
500,challenges,42,37,3.2968373663379125,1.135135135135135
501,differences,42,34,3.3813947543659757,1.2352941176470589
502,either,42,39,3.2441936328524905,1.0769230769230769
503,highlight,42,42,3.170085660698769,1.0
504,humans,42,39,3.2441936328524905,1.0769230769230769
505,inhibitor,42,34,3.3813947543659757,1.2352941176470589
506,studied,42,39,3.2441936328524905,1.0769230769230769
507,administered,41,39,3.2441936328524905,1.0512820512820513
508,cck,41,12,4.422848629194137,3.4166666666666665
509,decrease,41,36,3.324236340526027,1.1388888888888888
510,exert,41,38,3.270169119255751,1.0789473684210527
511,experimental,41,38,3.270169119255751,1.0789473684210527
512,managing,41,41,3.1941832122778293,1.0
513,relationship,41,38,3.270169119255751,1.0789473684210527
514,search,41,32,3.4420193761824107,1.28125
515,weeks,41,27,3.611918412977808,1.5185185185185186
516,considered,40,38,3.270169119255751,1.0526315789473684
517,cvd,40,13,4.3428059215206005,3.076923076923077
518,degradation,40,30,3.506557897319982,1.3333333333333333
519,inhibitory,40,34,3.3813947543659757,1.1764705882352942
520,less,40,36,3.324236340526027,1.1111111111111112
521,mitochondrial,40,25,3.6888794541139363,1.6
522,overall,40,39,3.2441936328524905,1.0256410256410255
523,promote,40,36,3.324236340526027,1.1111111111111112
524,regulating,40,36,3.324236340526027,1.1111111111111112
525,result,40,37,3.2968373663379125,1.0810810810810811
526,severe,40,28,3.575550768806933,1.4285714285714286
527,systemic,40,36,3.324236340526027,1.1111111111111112
528,time,40,39,3.2441936328524905,1.0256410256410255
529,analogue,39,33,3.411247717515657,1.1818181818181819
530,dietary,39,30,3.506557897319982,1.3
531,endocrine,39,35,3.3524072174927233,1.1142857142857143
532,even,39,34,3.3813947543659757,1.1470588235294117
533,gain,39,31,3.473768074496991,1.2580645161290323
534,highlights,39,39,3.2441936328524905,1.0
535,injury,39,27,3.611918412977808,1.4444444444444444
536,line,39,32,3.4420193761824107,1.21875
537,nutrient,39,29,3.540459448995663,1.3448275862068966
538,particular,39,38,3.270169119255751,1.0263157894736843
539,populations,39,37,3.2968373663379125,1.054054054054054
540,relevant,39,39,3.2441936328524905,1.0
541,required,39,38,3.270169119255751,1.0263157894736843
542,sodium,39,23,3.7722610630529876,1.6956521739130435
543,taking,39,23,3.7722610630529876,1.6956521739130435
544,additional,38,36,3.324236340526027,1.0555555555555556
545,apoptosis,38,24,3.7297014486341915,1.5833333333333333
546,application,38,36,3.324236340526027,1.0555555555555556
547,assess,38,35,3.3524072174927233,1.0857142857142856
548,caused,38,34,3.3813947543659757,1.1176470588235294
549,cellular,38,33,3.411247717515657,1.1515151515151516
550,ci,38,17,4.074541934925921,2.235294117647059
551,compounds,38,25,3.6888794541139363,1.52
552,directly,38,36,3.324236340526027,1.0555555555555556
553,half-life,38,29,3.540459448995663,1.3103448275862069
554,incretins,38,29,3.540459448995663,1.3103448275862069
555,investigation,38,35,3.3524072174927233,1.0857142857142856
556,long-acting,38,30,3.506557897319982,1.2666666666666666
557,normal,38,34,3.3813947543659757,1.1176470588235294
558,nucleus,38,24,3.7297014486341915,1.5833333333333333
559,range,38,32,3.4420193761824107,1.1875
560,together,38,38,3.270169119255751,1.0
561,cohort,37,26,3.649658740960655,1.4230769230769231
562,daily,37,25,3.6888794541139363,1.48
563,days,37,26,3.649658740960655,1.4230769230769231
564,dulaglutide,37,26,3.649658740960655,1.4230769230769231
565,exendin,37,20,3.912023005428146,1.85
566,functional,37,32,3.4420193761824107,1.15625
567,glycaemic,37,29,3.540459448995663,1.2758620689655173
568,introduction,37,37,3.2968373663379125,1.0
569,lead,37,35,3.3524072174927233,1.0571428571428572
570,meal,37,26,3.649658740960655,1.4230769230769231
571,medical,37,29,3.540459448995663,1.2758620689655173
572,reduces,37,33,3.411247717515657,1.121212121212121
573,unclear,37,36,3.324236340526027,1.0277777777777777
574,vascular,37,27,3.611918412977808,1.3703703703703705
575,adipose,36,25,3.6888794541139363,1.44
576,clinically,36,34,3.3813947543659757,1.0588235294117647
577,combined,36,34,3.3813947543659757,1.0588235294117647
578,critical,36,33,3.411247717515657,1.0909090909090908
579,db,36,11,4.509860006183766,3.272727272727273
580,determined,36,32,3.4420193761824107,1.125
581,especially,36,36,3.324236340526027,1.0
582,evaluate,36,36,3.324236340526027,1.0
583,existing,36,34,3.3813947543659757,1.0588235294117647
584,finally,36,36,3.324236340526027,1.0
585,identify,36,36,3.324236340526027,1.0
586,implications,36,31,3.473768074496991,1.1612903225806452
587,importance,36,36,3.324236340526027,1.0
588,improvements,36,34,3.3813947543659757,1.0588235294117647
589,incretin-based,36,30,3.506557897319982,1.2
590,knowledge,36,34,3.3813947543659757,1.0588235294117647
591,likely,36,36,3.324236340526027,1.0
592,outcome,36,34,3.3813947543659757,1.0588235294117647
593,peptidase-4,36,36,3.324236340526027,1.0
594,still,36,35,3.3524072174927233,1.0285714285714285
595,systems,36,32,3.4420193761824107,1.125
596,tract,36,33,3.411247717515657,1.0909090909090908
597,bmi,35,20,3.912023005428146,1.75
598,confirmed,35,31,3.473768074496991,1.1290322580645162
599,design,35,31,3.473768074496991,1.1290322580645162
600,discussed,35,33,3.411247717515657,1.0606060606060606
601,eating,35,16,4.135166556742356,2.1875
602,glutag,35,17,4.074541934925921,2.0588235294117645
603,imaging,35,26,3.649658740960655,1.3461538461538463
604,independent,35,34,3.3813947543659757,1.0294117647058822
605,manner,35,33,3.411247717515657,1.0606060606060606
606,muscle,35,21,3.8632328412587142,1.6666666666666667
607,narrative,35,34,3.3813947543659757,1.0294117647058822
608,offer,35,33,3.411247717515657,1.0606060606060606
609,options,35,31,3.473768074496991,1.1290322580645162
610,plays,35,34,3.3813947543659757,1.0294117647058822
611,population,35,29,3.540459448995663,1.206896551724138
612,postoperative,35,12,4.422848629194137,2.9166666666666665
613,pubmed,35,35,3.3524072174927233,1.0
614,reductions,35,28,3.575550768806933,1.25
615,stimulates,35,32,3.4420193761824107,1.09375
616,assay,34,22,3.816712825623821,1.5454545454545454
617,basis,34,31,3.473768074496991,1.096774193548387
618,better,34,34,3.3813947543659757,1.0
619,cardiometabolic,34,28,3.575550768806933,1.2142857142857142
620,change,34,29,3.540459448995663,1.1724137931034482
621,context,34,32,3.4420193761824107,1.0625
622,contrast,34,34,3.3813947543659757,1.0
623,fold,34,22,3.816712825623821,1.5454545454545454
624,ii,34,25,3.6888794541139363,1.36
625,inhibited,34,29,3.540459448995663,1.1724137931034482
626,interest,34,34,3.3813947543659757,1.0
627,large,34,32,3.4420193761824107,1.0625
628,membrane,34,23,3.7722610630529876,1.4782608695652173
629,modulate,34,31,3.473768074496991,1.096774193548387
630,months,34,22,3.816712825623821,1.5454545454545454
631,phase,34,25,3.6888794541139363,1.36
632,released,34,34,3.3813947543659757,1.0
633,rs,34,9,4.710530701645918,3.7777777777777777
634,synthesis,34,28,3.575550768806933,1.2142857142857142
635,age,33,26,3.649658740960655,1.2692307692307692
636,alcohol,33,14,4.268697949366879,2.357142857142857
637,ampk,33,15,4.199705077879927,2.2
638,analyzed,33,32,3.4420193761824107,1.03125
639,beta,33,23,3.7722610630529876,1.434782608695652
640,bone,33,14,4.268697949366879,2.357142857142857
641,day,33,21,3.8632328412587142,1.5714285714285714
642,determine,33,33,3.411247717515657,1.0
643,glucose-stimulated,33,26,3.649658740960655,1.2692307692307692
644,hypoglycemic,33,26,3.649658740960655,1.2692307692307692
645,indicated,33,30,3.506557897319982,1.1
646,intracellular,33,29,3.540459448995663,1.1379310344827587
647,main,33,29,3.540459448995663,1.1379310344827587
648,male,33,24,3.7297014486341915,1.375
649,myocardial,33,18,4.017383521085972,1.8333333333333333
650,play,33,32,3.4420193761824107,1.03125
651,presence,33,29,3.540459448995663,1.1379310344827587
652,previously,33,33,3.411247717515657,1.0
653,pulmonary,33,19,3.9633162998156966,1.736842105263158
654,resulting,33,33,3.411247717515657,1.0
655,signals,33,24,3.7297014486341915,1.375
656,stroke,33,9,4.710530701645918,3.6666666666666665
657,therapeutics,33,28,3.575550768806933,1.1785714285714286
658,work,33,32,3.4420193761824107,1.03125
659,areas,32,28,3.575550768806933,1.1428571428571428
660,beta-cell,32,21,3.8632328412587142,1.5238095238095237
661,classes,32,22,3.816712825623821,1.4545454545454546
662,discovery,32,26,3.649658740960655,1.2307692307692308
663,discusses,32,31,3.473768074496991,1.032258064516129
664,each,32,29,3.540459448995663,1.103448275862069
665,elevated,32,30,3.506557897319982,1.0666666666666667
666,four,32,26,3.649658740960655,1.2307692307692308
667,gi,32,16,4.135166556742356,2.0
668,nutrients,32,28,3.575550768806933,1.1428571428571428
669,part,32,30,3.506557897319982,1.0666666666666667
670,placebo,32,18,4.017383521085972,1.7777777777777777
671,prevention,32,28,3.575550768806933,1.1428571428571428
672,quality,32,31,3.473768074496991,1.032258064516129
673,represent,32,31,3.473768074496991,1.032258064516129
674,risks,32,27,3.611918412977808,1.1851851851851851
675,stc-1,32,17,4.074541934925921,1.8823529411764706
676,absorption,31,17,4.074541934925921,1.8235294117647058
677,activated,31,24,3.7297014486341915,1.2916666666666667
678,amino,31,24,3.7297014486341915,1.2916666666666667
679,any,31,29,3.540459448995663,1.0689655172413792
680,attention,31,31,3.473768074496991,1.0
681,cases,31,25,3.6888794541139363,1.24
682,content,31,25,3.6888794541139363,1.24
683,cyclic,31,22,3.816712825623821,1.4090909090909092
684,essential,31,30,3.506557897319982,1.0333333333333334
685,inhibits,31,25,3.6888794541139363,1.24
686,interventions,31,30,3.506557897319982,1.0333333333333334
687,ml,31,18,4.017383521085972,1.7222222222222223
688,neurodegenerative,31,25,3.6888794541139363,1.24
689,option,31,29,3.540459448995663,1.0689655172413792
690,phosphorylation,31,25,3.6888794541139363,1.24
691,physiology,31,26,3.649658740960655,1.1923076923076923
692,produced,31,29,3.540459448995663,1.0689655172413792
693,promoting,31,30,3.506557897319982,1.0333333333333334
694,rapidly,31,30,3.506557897319982,1.0333333333333334
695,understood,31,31,3.473768074496991,1.0
696,women,31,19,3.9633162998156966,1.631578947368421
697,worldwide,31,31,3.473768074496991,1.0
698,analog,30,21,3.8632328412587142,1.4285714285714286
699,bariatric,30,21,3.8632328412587142,1.4285714285714286
700,clinicians,30,29,3.540459448995663,1.0344827586206897
701,enhancing,30,27,3.611918412977808,1.1111111111111112
702,ghrelin,30,8,4.8283137373023015,3.75
703,hypothesis,30,27,3.611918412977808,1.1111111111111112
704,interaction,30,22,3.816712825623821,1.3636363636363635
705,interactions,30,23,3.7722610630529876,1.3043478260869565
706,led,30,30,3.506557897319982,1.0
707,native,30,26,3.649658740960655,1.1538461538461537
708,nausea,30,24,3.7297014486341915,1.25
709,overview,30,30,3.506557897319982,1.0
710,parameters,30,28,3.575550768806933,1.0714285714285714
711,selected,30,27,3.611918412977808,1.1111111111111112
712,specifically,30,28,3.575550768806933,1.0714285714285714
713,agent,29,28,3.575550768806933,1.0357142857142858
714,articles,29,22,3.816712825623821,1.3181818181818181
715,children,29,11,4.509860006183766,2.6363636363636362
716,controls,29,23,3.7722610630529876,1.2608695652173914
717,dpp,29,15,4.199705077879927,1.9333333333333333
718,herein,29,28,3.575550768806933,1.0357142857142858
719,impairment,29,17,4.074541934925921,1.7058823529411764
720,improves,29,27,3.611918412977808,1.0740740740740742
721,information,29,26,3.649658740960655,1.1153846153846154
722,ingestion,29,25,3.6888794541139363,1.16
723,lifestyle,29,21,3.8632328412587142,1.380952380952381
724,lowering,29,28,3.575550768806933,1.0357142857142858
725,nerve,29,19,3.9633162998156966,1.5263157894736843
726,ongoing,29,27,3.611918412977808,1.0740740740740742
727,perfused,29,13,4.3428059215206005,2.230769230769231
728,prevented,29,21,3.8632328412587142,1.380952380952381
729,primarily,29,27,3.611918412977808,1.0740740740740742
730,progression,29,27,3.611918412977808,1.0740740740740742
731,prolonged,29,26,3.649658740960655,1.1153846153846154
732,proteins,29,20,3.912023005428146,1.45
733,roles,29,29,3.540459448995663,1.0
734,secretory,29,22,3.816712825623821,1.3181818181818181
735,stability,29,24,3.7297014486341915,1.2083333333333333
736,structure,29,25,3.6888794541139363,1.16
737,summarize,29,29,3.540459448995663,1.0
738,survival,29,23,3.7722610630529876,1.2608695652173914
739,affinity,28,20,3.912023005428146,1.4
740,cardioprotective,28,22,3.816712825623821,1.2727272727272727
741,concerns,28,27,3.611918412977808,1.037037037037037
742,criteria,28,24,3.7297014486341915,1.1666666666666667
743,exerts,28,26,3.649658740960655,1.0769230769230769
744,explored,28,27,3.611918412977808,1.037037037037037
745,explores,28,28,3.575550768806933,1.0
746,hypothalamic,28,16,4.135166556742356,1.75
747,kinase,28,24,3.7297014486341915,1.1666666666666667
748,mainly,28,27,3.611918412977808,1.037037037037037
749,n-terminal,28,17,4.074541934925921,1.6470588235294117
750,often,28,28,3.575550768806933,1.0
751,overweight,28,20,3.912023005428146,1.4
752,previous,28,21,3.8632328412587142,1.3333333333333333
753,proliferation,28,20,3.912023005428146,1.4
754,terms,28,23,3.7722610630529876,1.2173913043478262
755,ventricular,28,14,4.268697949366879,2.0
756,western,28,26,3.649658740960655,1.0769230769230769
757,address,27,26,3.649658740960655,1.0384615384615385
758,affecting,27,26,3.649658740960655,1.0384615384615385
759,animals,27,22,3.816712825623821,1.2272727272727273
760,assessment,27,24,3.7297014486341915,1.125
761,attenuated,27,25,3.6888794541139363,1.08
762,circulating,27,25,3.6888794541139363,1.08
763,condition,27,26,3.649658740960655,1.0384615384615385
764,describe,27,26,3.649658740960655,1.0384615384615385
765,dr,27,7,4.961845129926823,3.857142857142857
766,experiments,27,23,3.7722610630529876,1.173913043478261
767,extracellular,27,19,3.9633162998156966,1.4210526315789473
768,fibrosis,27,19,3.9633162998156966,1.4210526315789473
769,fusion,27,11,4.509860006183766,2.4545454545454546
770,help,27,24,3.7297014486341915,1.125
771,inhibit,27,24,3.7297014486341915,1.125
772,intact,27,21,3.8632328412587142,1.2857142857142858
773,limitations,27,25,3.6888794541139363,1.08
774,optimal,27,22,3.816712825623821,1.2272727272727273
775,period,27,19,3.9633162998156966,1.4210526315789473
776,pleiotropic,27,24,3.7297014486341915,1.125
777,prevent,27,26,3.649658740960655,1.0384615384615385
778,received,27,24,3.7297014486341915,1.125
779,reward,27,14,4.268697949366879,1.9285714285714286
780,selective,27,22,3.816712825623821,1.2272727272727273
781,signal,27,21,3.8632328412587142,1.2857142857142858
782,since,27,25,3.6888794541139363,1.08
783,sleep,27,15,4.199705077879927,1.8
784,supporting,27,26,3.649658740960655,1.0384615384615385
785,surgical,27,19,3.9633162998156966,1.4210526315789473
786,upon,27,25,3.6888794541139363,1.08
787,utilization,27,21,3.8632328412587142,1.2857142857142858
788,analyses,26,24,3.7297014486341915,1.0833333333333333
789,behavior,26,19,3.9633162998156966,1.368421052631579
790,cns,26,14,4.268697949366879,1.8571428571428572
791,compound,26,21,3.8632328412587142,1.2380952380952381
792,considerations,26,23,3.7722610630529876,1.1304347826086956
793,consumption,26,17,4.074541934925921,1.5294117647058822
794,coronary,26,16,4.135166556742356,1.625
795,doses,26,23,3.7722610630529876,1.1304347826086956
796,enhances,26,24,3.7297014486341915,1.0833333333333333
797,examine,26,24,3.7297014486341915,1.0833333333333333
798,expressing,26,18,4.017383521085972,1.4444444444444444
799,fully,26,26,3.649658740960655,1.0
800,hypothalamus,26,21,3.8632328412587142,1.2380952380952381
801,initiation,26,24,3.7297014486341915,1.0833333333333333
802,intervention,26,23,3.7722610630529876,1.1304347826086956
803,lean,26,17,4.074541934925921,1.5294117647058822
804,leptin,26,11,4.509860006183766,2.3636363636363638
805,linked,26,24,3.7297014486341915,1.0833333333333333
806,monitoring,26,25,3.6888794541139363,1.04
807,osa,26,7,4.961845129926823,3.7142857142857144
808,ppg,26,8,4.8283137373023015,3.25
809,receiving,26,25,3.6888794541139363,1.04
810,reviews,26,23,3.7722610630529876,1.1304347826086956
811,rygb,26,7,4.961845129926823,3.7142857142857144
812,science,26,24,3.7297014486341915,1.0833333333333333
813,standard,26,24,3.7297014486341915,1.0833333333333333
814,summary,26,25,3.6888794541139363,1.04
815,undergoing,26,22,3.816712825623821,1.1818181818181819
816,versus,26,20,3.912023005428146,1.3
817,accumulation,25,17,4.074541934925921,1.4705882352941178
818,calcium,25,16,4.135166556742356,1.5625
819,crucial,25,24,3.7297014486341915,1.0416666666666667
820,database,25,24,3.7297014486341915,1.0416666666666667
821,exhibited,25,22,3.816712825623821,1.1363636363636365
822,explore,25,25,3.6888794541139363,1.0
823,gcg,25,9,4.710530701645918,2.7777777777777777
824,gipr,25,9,4.710530701645918,2.7777777777777777
825,glp-1rs,25,16,4.135166556742356,1.5625
826,hemoglobin,25,24,3.7297014486341915,1.0416666666666667
827,hypertension,25,20,3.912023005428146,1.25
828,incidence,25,24,3.7297014486341915,1.0416666666666667
829,insights,25,25,3.6888794541139363,1.0
830,life,25,20,3.912023005428146,1.25
831,pancreatitis,25,17,4.074541934925921,1.4705882352941178
832,pathogenesis,25,23,3.7722610630529876,1.0869565217391304
833,pc,25,11,4.509860006183766,2.272727272727273
834,prevalence,25,24,3.7297014486341915,1.0416666666666667
835,ratio,25,21,3.8632328412587142,1.1904761904761905
836,regulates,25,24,3.7297014486341915,1.0416666666666667
837,robust,25,25,3.6888794541139363,1.0
838,sodium-glucose,25,25,3.6888794541139363,1.0
839,structural,25,17,4.074541934925921,1.4705882352941178
840,summarizes,25,24,3.7297014486341915,1.0416666666666667
841,synthesized,25,20,3.912023005428146,1.25
842,thereby,25,23,3.7722610630529876,1.0869565217391304
843,vagal,25,15,4.199705077879927,1.6666666666666667
844,volume,25,13,4.3428059215206005,1.9230769230769231
845,achieve,24,24,3.7297014486341915,1.0
846,activating,24,21,3.8632328412587142,1.1428571428571428
847,appear,24,23,3.7722610630529876,1.0434782608695652
848,balance,24,23,3.7722610630529876,1.0434782608695652
849,bias,24,18,4.017383521085972,1.3333333333333333
850,comorbidities,24,23,3.7722610630529876,1.0434782608695652
851,detected,24,21,3.8632328412587142,1.1428571428571428
852,distinct,24,22,3.816712825623821,1.0909090909090908
853,enzyme,24,21,3.8632328412587142,1.1428571428571428
854,fda,24,19,3.9633162998156966,1.263157894736842
855,form,24,22,3.816712825623821,1.0909090909090908
856,gastrin,24,6,5.115995809754082,4.0
857,guidance,24,21,3.8632328412587142,1.1428571428571428
858,highlighting,24,24,3.7297014486341915,1.0
859,ileum,24,16,4.135166556742356,1.5
860,observational,24,20,3.912023005428146,1.2
861,portal,24,9,4.710530701645918,2.6666666666666665
862,profiles,24,22,3.816712825623821,1.0909090909090908
863,ror,24,4,5.521460917862246,6.0
864,same,24,23,3.7722610630529876,1.0434782608695652
865,stimulating,24,24,3.7297014486341915,1.0
866,though,24,23,3.7722610630529876,1.0434782608695652
867,affected,23,22,3.816712825623821,1.0454545454545454
868,alternative,23,23,3.7722610630529876,1.0
869,alzheimer,23,23,3.7722610630529876,1.0
870,baseline,23,16,4.135166556742356,1.4375
871,circulation,23,18,4.017383521085972,1.2777777777777777
872,ckd,23,9,4.710530701645918,2.5555555555555554
873,colon,23,11,4.509860006183766,2.090909090909091
874,coupled,23,20,3.912023005428146,1.15
875,culture,23,12,4.422848629194137,1.9166666666666667
876,delayed,23,20,3.912023005428146,1.15
877,develop,23,21,3.8632328412587142,1.0952380952380953
878,distribution,23,15,4.199705077879927,1.5333333333333334
879,event,23,18,4.017383521085972,1.2777777777777777
880,family,23,19,3.9633162998156966,1.2105263157894737
881,field,23,19,3.9633162998156966,1.2105263157894737
882,focused,23,23,3.7722610630529876,1.0
883,formation,23,21,3.8632328412587142,1.0952380952380953
884,glp-2,23,12,4.422848629194137,1.9166666666666667
885,growth,23,22,3.816712825623821,1.0454545454545454
886,indicating,23,22,3.816712825623821,1.0454545454545454
887,lixisenatide,23,16,4.135166556742356,1.4375
888,long,23,23,3.7722610630529876,1.0
889,mechanistic,23,22,3.816712825623821,1.0454545454545454
890,morbidity,23,22,3.816712825623821,1.0454545454545454
891,organs,23,20,3.912023005428146,1.15
892,pregnancy,23,8,4.8283137373023015,2.875
893,procedures,23,18,4.017383521085972,1.2777777777777777
894,promoted,23,19,3.9633162998156966,1.2105263157894737
895,proposed,23,23,3.7722610630529876,1.0
896,providing,23,23,3.7722610630529876,1.0
897,rather,23,22,3.816712825623821,1.0454545454545454
898,relative,23,21,3.8632328412587142,1.0952380952380953
899,safe,23,23,3.7722610630529876,1.0
900,screening,23,17,4.074541934925921,1.3529411764705883
901,strong,23,22,3.816712825623821,1.0454545454545454
902,taste,23,11,4.509860006183766,2.090909090909091
903,thyroid,23,11,4.509860006183766,2.090909090909091
904,understand,23,21,3.8632328412587142,1.0952380952380953
905,unknown,23,23,3.7722610630529876,1.0
906,very,23,23,3.7722610630529876,1.0
907,acting,22,20,3.912023005428146,1.1
908,along,22,22,3.816712825623821,1.0
909,altered,22,20,3.912023005428146,1.1
910,anti-obesity,22,17,4.074541934925921,1.2941176470588236
911,assays,22,16,4.135166556742356,1.375
912,behavioral,22,13,4.3428059215206005,1.6923076923076923
913,behaviors,22,14,4.268697949366879,1.5714285714285714
914,decline,22,19,3.9633162998156966,1.1578947368421053
915,decreasing,22,21,3.8632328412587142,1.0476190476190477
916,developing,22,20,3.912023005428146,1.1
917,distal,22,18,4.017383521085972,1.2222222222222223
918,er,22,4,5.521460917862246,5.5
919,focusing,22,22,3.816712825623821,1.0
920,fxr,22,3,5.809142990314028,7.333333333333333
921,gaps,22,20,3.912023005428146,1.1
922,iv,22,16,4.135166556742356,1.375
923,k,22,13,4.3428059215206005,1.6923076923076923
924,little,22,21,3.8632328412587142,1.0476190476190477
925,maintaining,22,17,4.074541934925921,1.2941176470588236
926,masld,22,8,4.8283137373023015,2.75
927,microbiota,22,14,4.268697949366879,1.5714285714285714
928,modulating,22,22,3.816712825623821,1.0
929,molecule,22,19,3.9633162998156966,1.1578947368421053
930,prescribing,22,17,4.074541934925921,1.2941176470588236
931,processes,22,21,3.8632328412587142,1.0476190476190477
932,products,22,20,3.912023005428146,1.1
933,prospective,22,22,3.816712825623821,1.0
934,responsible,22,20,3.912023005428146,1.1
935,retrospective,22,21,3.8632328412587142,1.0476190476190477
936,series,22,20,3.912023005428146,1.1
937,stomach,22,19,3.9633162998156966,1.1578947368421053
938,strongly,22,20,3.912023005428146,1.1
939,substantial,22,22,3.816712825623821,1.0
940,superior,22,21,3.8632328412587142,1.0476190476190477
941,synaptic,22,16,4.135166556742356,1.375
942,tool,22,21,3.8632328412587142,1.0476190476190477
943,weekly,22,18,4.017383521085972,1.2222222222222223
944,absence,21,17,4.074541934925921,1.2352941176470589
945,acts,21,19,3.9633162998156966,1.105263157894737
946,adherence,21,18,4.017383521085972,1.1666666666666667
947,alpha,21,10,4.605170185988092,2.1
948,channel,21,13,4.3428059215206005,1.6153846153846154
949,clearance,21,17,4.074541934925921,1.2352941176470589
950,described,21,20,3.912023005428146,1.05
951,effectiveness,21,18,4.017383521085972,1.1666666666666667
952,examines,21,20,3.912023005428146,1.05
953,exogenous,21,17,4.074541934925921,1.2352941176470589
954,fraction,21,18,4.017383521085972,1.1666666666666667
955,hf,21,8,4.8283137373023015,2.625
956,high-fat,21,15,4.199705077879927,1.4
957,indirect,21,20,3.912023005428146,1.05
958,largely,21,21,3.8632328412587142,1.0
959,murine,21,19,3.9633162998156966,1.105263157894737
960,nh,21,4,5.521460917862246,5.25
961,nmol,21,11,4.509860006183766,1.9090909090909092
962,numerous,21,21,3.8632328412587142,1.0
963,obtained,21,18,4.017383521085972,1.1666666666666667
964,orally,21,20,3.912023005428146,1.05
965,peptidase,21,21,3.8632328412587142,1.0
966,per,21,18,4.017383521085972,1.1666666666666667
967,preoperative,21,10,4.605170185988092,2.1
968,proven,21,21,3.8632328412587142,1.0
969,regulated,21,20,3.912023005428146,1.05
970,relevance,21,20,3.912023005428146,1.05
971,resulted,21,21,3.8632328412587142,1.0
972,rodents,21,19,3.9633162998156966,1.105263157894737
973,seen,21,16,4.135166556742356,1.3125
974,selection,21,17,4.074541934925921,1.2352941176470589
975,sequence,21,19,3.9633162998156966,1.105263157894737
976,single,21,20,3.912023005428146,1.05
977,site,21,18,4.017383521085972,1.1666666666666667
978,size,21,16,4.135166556742356,1.3125
979,states,21,19,3.9633162998156966,1.105263157894737
980,suppressed,21,16,4.135166556742356,1.3125
981,tolerability,21,17,4.074541934925921,1.2352941176470589
982,week,21,15,4.199705077879927,1.4
983,year-old,21,21,3.8632328412587142,1.0
984,able,20,16,4.135166556742356,1.25
985,abolished,20,17,4.074541934925921,1.1764705882352942
986,act,20,19,3.9633162998156966,1.0526315789473684
987,addressing,20,19,3.9633162998156966,1.0526315789473684
988,advances,20,19,3.9633162998156966,1.0526315789473684
989,affects,20,19,3.9633162998156966,1.0526315789473684
990,albumin,20,14,4.268697949366879,1.4285714285714286
991,asthma,20,5,5.298317366548036,4.0
992,biased,20,6,5.115995809754082,3.3333333333333335
993,contributes,20,20,3.912023005428146,1.0
994,critically,20,19,3.9633162998156966,1.0526315789473684
995,dependent,20,18,4.017383521085972,1.1111111111111112
996,discontinuation,20,17,4.074541934925921,1.1764705882352942
997,extend,20,20,3.912023005428146,1.0
998,genetic,20,15,4.199705077879927,1.3333333333333333
999,glp-1-induced,20,13,4.3428059215206005,1.5384615384615385
1000,gspe,20,3,5.809142990314028,6.666666666666667
1001,history,20,17,4.074541934925921,1.1764705882352942
1002,hyperglycaemia,20,13,4.3428059215206005,1.5384615384615385
1003,hypothesized,20,18,4.017383521085972,1.1111111111111112
1004,il-6,20,7,4.961845129926823,2.857142857142857
1005,immunoreactivity,20,13,4.3428059215206005,1.5384615384615385
1006,inclusion,20,19,3.9633162998156966,1.0526315789473684
1007,induces,20,20,3.912023005428146,1.0
1008,involving,20,20,3.912023005428146,1.0
1009,ligands,20,17,4.074541934925921,1.1764705882352942
1010,markers,20,18,4.017383521085972,1.1111111111111112
1011,meta-analysis,20,17,4.074541934925921,1.1764705882352942
1012,mimetics,20,13,4.3428059215206005,1.5384615384615385
1013,needs,20,16,4.135166556742356,1.25
1014,neural,20,18,4.017383521085972,1.1111111111111112
1015,nm,20,13,4.3428059215206005,1.5384615384615385
1016,once,20,15,4.199705077879927,1.3333333333333333
1017,pain,20,11,4.509860006183766,1.8181818181818181
1018,pathophysiology,20,20,3.912023005428146,1.0
1019,pet,20,8,4.8283137373023015,2.5
1020,pharmacologic,20,16,4.135166556742356,1.25
1021,prescribed,20,20,3.912023005428146,1.0
1022,pvn,20,5,5.298317366548036,4.0
1023,regions,20,19,3.9633162998156966,1.0526315789473684
1024,reproductive,20,11,4.509860006183766,1.8181818181818181
1025,second,20,20,3.912023005428146,1.0
1026,subcutaneous,20,18,4.017383521085972,1.1111111111111112
1027,useful,20,20,3.912023005428146,1.0
1028,wild-type,20,15,4.199705077879927,1.3333333333333333
1029,activities,19,18,4.017383521085972,1.0555555555555556
1030,appears,19,19,3.9633162998156966,1.0
1031,atherosclerotic,19,15,4.199705077879927,1.2666666666666666
1032,aud,19,6,5.115995809754082,3.1666666666666665
1033,axis,19,17,4.074541934925921,1.1176470588235294
1034,broader,19,19,3.9633162998156966,1.0
1035,challenge,19,16,4.135166556742356,1.1875
1036,commonly,19,19,3.9633162998156966,1.0
1037,concern,19,17,4.074541934925921,1.1176470588235294
1038,consequences,19,17,4.074541934925921,1.1176470588235294
1039,correlated,19,17,4.074541934925921,1.1176470588235294
1040,databases,19,19,3.9633162998156966,1.0
1041,decreases,19,17,4.074541934925921,1.1176470588235294
1042,delay,19,18,4.017383521085972,1.0555555555555556
1043,derived,19,19,3.9633162998156966,1.0
1044,describes,19,19,3.9633162998156966,1.0
1045,diet-induced,19,16,4.135166556742356,1.1875
1046,duration,19,18,4.017383521085972,1.0555555555555556
1047,engineered,19,11,4.509860006183766,1.7272727272727273
1048,female,19,16,4.135166556742356,1.1875
1049,frequently,19,19,3.9633162998156966,1.0
1050,gsis,19,6,5.115995809754082,3.1666666666666665
1051,gut-derived,19,17,4.074541934925921,1.1176470588235294
1052,having,19,18,4.017383521085972,1.0555555555555556
1053,indicates,19,19,3.9633162998156966,1.0
1054,infarction,19,14,4.268697949366879,1.3571428571428572
1055,initially,19,17,4.074541934925921,1.1176470588235294
1056,injectable,19,15,4.199705077879927,1.2666666666666666
1057,issues,19,18,4.017383521085972,1.0555555555555556
1058,lactis,19,6,5.115995809754082,3.1666666666666665
1059,last,19,19,3.9633162998156966,1.0
1060,leads,19,17,4.074541934925921,1.1176470588235294
1061,mixed,19,16,4.135166556742356,1.1875
1062,modulates,19,19,3.9633162998156966,1.0
1063,naion,19,5,5.298317366548036,3.8
1064,necessary,19,18,4.017383521085972,1.0555555555555556
1065,offers,19,19,3.9633162998156966,1.0
1066,participants,19,16,4.135166556742356,1.1875
1067,pathophysiological,19,19,3.9633162998156966,1.0
1068,perspective,19,18,4.017383521085972,1.0555555555555556
1069,practical,19,17,4.074541934925921,1.1176470588235294
1070,prevalent,19,18,4.017383521085972,1.0555555555555556
1071,prior,19,18,4.017383521085972,1.0555555555555556
1072,promotes,19,15,4.199705077879927,1.2666666666666666
1073,published,19,17,4.074541934925921,1.1176470588235294
1074,regulatory,19,17,4.074541934925921,1.1176470588235294
1075,represents,19,18,4.017383521085972,1.0555555555555556
1076,sepsis,19,5,5.298317366548036,3.8
1077,severity,19,17,4.074541934925921,1.1176470588235294
1078,somatostatin,19,8,4.8283137373023015,2.375
1079,tested,19,18,4.017383521085972,1.0555555555555556
1080,type-2,19,14,4.268697949366879,1.3571428571428572
1081,uptake,19,15,4.199705077879927,1.2666666666666666
1082,water,19,10,4.605170185988092,1.9
1083,access,18,15,4.199705077879927,1.2
1084,adult,18,12,4.422848629194137,1.5
1085,aging,18,12,4.422848629194137,1.5
1086,amp,18,10,4.605170185988092,1.8
1087,best,18,14,4.268697949366879,1.2857142857142858
1088,candidate,18,17,4.074541934925921,1.0588235294117647
1089,cochrane,18,16,4.135166556742356,1.125
1090,conclude,18,18,4.017383521085972,1.0
1091,consistent,18,17,4.074541934925921,1.0588235294117647
1092,continuous,18,16,4.135166556742356,1.125
1093,date,18,18,4.017383521085972,1.0
1094,dna,18,9,4.710530701645918,2.0
1095,dosing,18,15,4.199705077879927,1.2
1096,efficient,18,17,4.074541934925921,1.0588235294117647
1097,evaluation,18,18,4.017383521085972,1.0
1098,exercise,18,12,4.422848629194137,1.5
1099,exhibit,18,18,4.017383521085972,1.0
1100,express,18,16,4.135166556742356,1.125
1101,favorable,18,17,4.074541934925921,1.0588235294117647
1102,features,18,16,4.135166556742356,1.125
1103,five,18,14,4.268697949366879,1.2857142857142858
1104,followed,18,18,4.017383521085972,1.0
1105,frequency,18,13,4.3428059215206005,1.3846153846153846
1106,generation,18,12,4.422848629194137,1.5
1107,glut,18,4,5.521460917862246,4.5
1108,immune,18,15,4.199705077879927,1.2
1109,immunohistochemistry,18,16,4.135166556742356,1.125
1110,induction,18,16,4.135166556742356,1.125
1111,infection,18,12,4.422848629194137,1.5
1112,markedly,18,17,4.074541934925921,1.0588235294117647
1113,medicine,18,14,4.268697949366879,1.2857142857142858
1114,memory,18,11,4.509860006183766,1.6363636363636365
1115,modifications,18,18,4.017383521085972,1.0
1116,motility,18,17,4.074541934925921,1.0588235294117647
1117,neurodegeneration,18,12,4.422848629194137,1.5
1118,nts,18,6,5.115995809754082,3.0
1119,perfusion,18,10,4.605170185988092,1.8
1120,process,18,16,4.135166556742356,1.125
1121,producing,18,15,4.199705077879927,1.2
1122,protect,18,15,4.199705077879927,1.2
1123,questions,18,17,4.074541934925921,1.0588235294117647
1124,require,18,18,4.017383521085972,1.0
1125,reviewed,18,16,4.135166556742356,1.125
1126,rise,18,17,4.074541934925921,1.0588235294117647
1127,serious,18,17,4.074541934925921,1.0588235294117647
1128,serve,18,18,4.017383521085972,1.0
1129,sitagliptin,18,6,5.115995809754082,3.0
1130,six,18,15,4.199705077879927,1.2
1131,toward,18,18,4.017383521085972,1.0
1132,towards,18,13,4.3428059215206005,1.3846153846153846
1133,traditional,18,18,4.017383521085972,1.0
1134,types,18,16,4.135166556742356,1.125
1135,us,18,16,4.135166556742356,1.125
1136,abdominal,17,12,4.422848629194137,1.4166666666666667
1137,airway,17,7,4.961845129926823,2.4285714285714284
1138,alterations,17,14,4.268697949366879,1.2142857142857142
1139,anesthesia,17,10,4.605170185988092,1.7
1140,approximately,17,15,4.199705077879927,1.1333333333333333
1141,artery,17,15,4.199705077879927,1.1333333333333333
1142,barrier,17,13,4.3428059215206005,1.3076923076923077
1143,biology,17,16,4.135166556742356,1.0625
1144,blockade,17,12,4.422848629194137,1.4166666666666667
1145,certain,17,17,4.074541934925921,1.0
1146,cholecystokinin,17,15,4.199705077879927,1.1333333333333333
1147,clarify,17,17,4.074541934925921,1.0
1148,cocaine,17,5,5.298317366548036,3.4
1149,cultured,17,15,4.199705077879927,1.1333333333333333
1150,designed,17,16,4.135166556742356,1.0625
1151,diverse,17,17,4.074541934925921,1.0
1152,elisa,17,13,4.3428059215206005,1.3076923076923077
1153,elucidate,17,17,4.074541934925921,1.0
1154,exposed,17,14,4.268697949366879,1.2142857142857142
1155,few,17,17,4.074541934925921,1.0
1156,focuses,17,17,4.074541934925921,1.0
1157,glycemia,17,14,4.268697949366879,1.2142857142857142
1158,guide,17,17,4.074541934925921,1.0
1159,individual,17,16,4.135166556742356,1.0625
1160,inhibiting,17,17,4.074541934925921,1.0
1161,initial,17,17,4.074541934925921,1.0
1162,ischemic,17,15,4.199705077879927,1.1333333333333333
1163,lack,17,17,4.074541934925921,1.0
1164,library,17,17,4.074541934925921,1.0
1165,luminal,17,11,4.509860006183766,1.5454545454545454
1166,lung,17,10,4.605170185988092,1.7
1167,men,17,11,4.509860006183766,1.5454545454545454
1168,metabolites,17,9,4.710530701645918,1.8888888888888888
1169,modified,17,16,4.135166556742356,1.0625
1170,natural,17,13,4.3428059215206005,1.3076923076923077
1171,negative,17,14,4.268697949366879,1.2142857142857142
1172,notably,17,16,4.135166556742356,1.0625
1173,pka,17,9,4.710530701645918,1.8888888888888888
1174,potency,17,15,4.199705077879927,1.1333333333333333
1175,presented,17,17,4.074541934925921,1.0
1176,preventing,17,16,4.135166556742356,1.0625
1177,progressive,17,17,4.074541934925921,1.0
1178,public,17,16,4.135166556742356,1.0625
1179,rare,17,16,4.135166556742356,1.0625
1180,recommendations,17,15,4.199705077879927,1.1333333333333333
1181,regulator,17,16,4.135166556742356,1.0625
1182,relatively,17,17,4.074541934925921,1.0
1183,respiratory,17,11,4.509860006183766,1.5454545454545454
1184,sex,17,7,4.961845129926823,2.4285714285714284
1185,slow,17,17,4.074541934925921,1.0
1186,species,17,17,4.074541934925921,1.0
1187,staining,17,10,4.605170185988092,1.7
1188,state,17,17,4.074541934925921,1.0
1189,targeted,17,13,4.3428059215206005,1.3076923076923077
1190,tgr,17,4,5.521460917862246,4.25
1191,vomiting,17,14,4.268697949366879,1.2142857142857142
1192,widespread,17,17,4.074541934925921,1.0
1193,year,17,9,4.710530701645918,1.8888888888888888
1194,yy,17,17,4.074541934925921,1.0
1195,accompanied,16,16,4.135166556742356,1.0
1196,achieved,16,14,4.268697949366879,1.1428571428571428
1197,anti-diabetic,16,15,4.199705077879927,1.0666666666666667
1198,appropriate,16,14,4.268697949366879,1.1428571428571428
1199,assessing,16,16,4.135166556742356,1.0
1200,brainstem,16,12,4.422848629194137,1.3333333333333333
1201,burden,16,16,4.135166556742356,1.0
1202,causes,16,16,4.135166556742356,1.0
1203,characteristics,16,13,4.3428059215206005,1.2307692307692308
1204,conventional,16,15,4.199705077879927,1.0666666666666667
1205,damage,16,12,4.422848629194137,1.3333333333333333
1206,demonstrating,16,16,4.135166556742356,1.0
1207,diarrhea,16,8,4.8283137373023015,2.0
1208,differentiation,16,15,4.199705077879927,1.0666666666666667
1209,elevation,16,16,4.135166556742356,1.0
1210,enhancement,16,16,4.135166556742356,1.0
1211,establish,16,16,4.135166556742356,1.0
1212,ethanol,16,4,5.521460917862246,4.0
1213,evaluates,16,16,4.135166556742356,1.0
1214,expert,16,16,4.135166556742356,1.0
1215,fed,16,13,4.3428059215206005,1.2307692307692308
1216,free,16,13,4.3428059215206005,1.2307692307692308
1217,genes,16,12,4.422848629194137,1.3333333333333333
1218,heterogeneity,16,12,4.422848629194137,1.3333333333333333
1219,hippocampal,16,9,4.710530701645918,1.7777777777777777
1220,hypoglycaemia,16,13,4.3428059215206005,1.2307692307692308
1221,implicated,16,16,4.135166556742356,1.0
1222,inducing,16,16,4.135166556742356,1.0
1223,issue,16,16,4.135166556742356,1.0
1224,l-cell,16,10,4.605170185988092,1.6
1225,landscape,16,16,4.135166556742356,1.0
1226,least,16,15,4.199705077879927,1.0666666666666667
1227,meals,16,14,4.268697949366879,1.1428571428571428
1228,medline,16,16,4.135166556742356,1.0
1229,mimic,16,16,4.135166556742356,1.0
1230,molecules,16,14,4.268697949366879,1.1428571428571428
1231,newly,16,8,4.8283137373023015,2.0
1232,non-diabetic,16,13,4.3428059215206005,1.2307692307692308
1233,obstructive,16,12,4.422848629194137,1.3333333333333333
1234,paper,16,14,4.268697949366879,1.1428571428571428
1235,parkinson,16,15,4.199705077879927,1.0666666666666667
1236,pharmacotherapy,16,16,4.135166556742356,1.0
1237,possibly,16,15,4.199705077879927,1.0666666666666667
1238,produce,16,14,4.268697949366879,1.1428571428571428
1239,promise,16,16,4.135166556742356,1.0
1240,propose,16,16,4.135166556742356,1.0
1241,psychiatric,16,8,4.8283137373023015,2.0
1242,real-world,16,15,4.199705077879927,1.0666666666666667
1243,regimen,16,11,4.509860006183766,1.4545454545454546
1244,secretagogues,16,9,4.710530701645918,1.7777777777777777
1245,status,16,11,4.509860006183766,1.4545454545454546
1246,subsequent,16,16,4.135166556742356,1.0
1247,subsequently,16,16,4.135166556742356,1.0
1248,sustained,16,13,4.3428059215206005,1.2307692307692308
1249,synthesizes,16,16,4.135166556742356,1.0
1250,toxicity,16,12,4.422848629194137,1.3333333333333333
1251,albiglutide,15,8,4.8283137373023015,1.875
1252,allosteric,15,8,4.8283137373023015,1.875
1253,already,15,15,4.199705077879927,1.0
1254,antihyperglycemic,15,11,4.509860006183766,1.3636363636363635
1255,applications,15,15,4.199705077879927,1.0
1256,attractive,15,15,4.199705077879927,1.0
1257,autophagy,15,6,5.115995809754082,2.5
1258,bile,15,5,5.298317366548036,3.0
1259,bl,15,13,4.3428059215206005,1.1538461538461537
1260,bypass,15,15,4.199705077879927,1.0
1261,cardioprotection,15,6,5.115995809754082,2.5
1262,comparison,15,15,4.199705077879927,1.0
1263,contents,15,10,4.605170185988092,1.5
1264,decades,15,15,4.199705077879927,1.0
1265,delaying,15,15,4.199705077879927,1.0
1266,diagnosed,15,10,4.605170185988092,1.5
1267,downstream,15,15,4.199705077879927,1.0
1268,efforts,15,15,4.199705077879927,1.0
1269,employed,15,14,4.268697949366879,1.0714285714285714
1270,ensure,15,15,4.199705077879927,1.0
1271,evaluating,15,15,4.199705077879927,1.0
1272,expanding,15,14,4.268697949366879,1.0714285714285714
1273,expected,15,15,4.199705077879927,1.0
1274,far,15,15,4.199705077879927,1.0
1275,forms,15,12,4.422848629194137,1.25
1276,hand,15,11,4.509860006183766,1.3636363636363635
1277,hfd,15,6,5.115995809754082,2.5
1278,highest,15,13,4.3428059215206005,1.1538461538461537
1279,hormonal,15,14,4.268697949366879,1.0714285714285714
1280,ileal,15,12,4.422848629194137,1.25
1281,importantly,15,15,4.199705077879927,1.0
1282,innovative,15,13,4.3428059215206005,1.1538461538461537
1283,insight,15,15,4.199705077879927,1.0
1284,involvement,15,14,4.268697949366879,1.0714285714285714
1285,ir,15,9,4.710530701645918,1.6666666666666667
1286,ischemia,15,12,4.422848629194137,1.25
1287,link,15,13,4.3428059215206005,1.1538461538461537
1288,localization,15,10,4.605170185988092,1.5
1289,lys,15,7,4.961845129926823,2.142857142857143
1290,maintain,15,15,4.199705077879927,1.0
1291,maintenance,15,14,4.268697949366879,1.0714285714285714
1292,mc,15,3,5.809142990314028,5.0
1293,median,15,8,4.8283137373023015,1.875
1294,mediating,15,15,4.199705077879927,1.0
1295,method,15,15,4.199705077879927,1.0
1296,modification,15,13,4.3428059215206005,1.1538461538461537
1297,modulators,15,13,4.3428059215206005,1.1538461538461537
1298,motor,15,12,4.422848629194137,1.25
1299,neuroprotection,15,10,4.605170185988092,1.5
1300,normalized,15,14,4.268697949366879,1.0714285714285714
1301,occurring,15,15,4.199705077879927,1.0
1302,offering,15,14,4.268697949366879,1.0714285714285714
1303,opinion,15,15,4.199705077879927,1.0
1304,optimize,15,15,4.199705077879927,1.0
1305,pattern,15,13,4.3428059215206005,1.1538461538461537
1306,patterns,15,12,4.422848629194137,1.25
1307,pharmacovigilance,15,11,4.509860006183766,1.3636363636363635
1308,predominantly,15,14,4.268697949366879,1.0714285714285714
1309,preliminary,15,15,4.199705077879927,1.0
1310,preproglucagon,15,11,4.509860006183766,1.3636363636363635
1311,presents,15,15,4.199705077879927,1.0
1312,pretreatment,15,10,4.605170185988092,1.5
1313,processing,15,14,4.268697949366879,1.0714285714285714
1314,psoriasis,15,6,5.115995809754082,2.5
1315,q,15,5,5.298317366548036,3.0
1316,recognized,15,14,4.268697949366879,1.0714285714285714
1317,recombinant,15,14,4.268697949366879,1.0714285714285714
1318,region,15,13,4.3428059215206005,1.1538461538461537
1319,sa,15,3,5.809142990314028,5.0
1320,searched,15,14,4.268697949366879,1.0714285714285714
1321,setting,15,14,4.268697949366879,1.0714285714285714
1322,seven,15,12,4.422848629194137,1.25
1323,similarly,15,14,4.268697949366879,1.0714285714285714
1324,supports,15,15,4.199705077879927,1.0
1325,sweet,15,7,4.961845129926823,2.142857142857143
1326,united,15,14,4.268697949366879,1.0714285714285714
1327,upper,15,13,4.3428059215206005,1.1538461538461537
1328,v,15,10,4.605170185988092,1.5
1329,world,15,14,4.268697949366879,1.0714285714285714
1330,adenosine,14,10,4.605170185988092,1.4
1331,advanced,14,13,4.3428059215206005,1.0769230769230769
1332,approval,14,12,4.422848629194137,1.1666666666666667
1333,aspects,14,14,4.268697949366879,1.0
1334,atherosclerosis,14,9,4.710530701645918,1.5555555555555556
1335,candidates,14,14,4.268697949366879,1.0
1336,capable,14,13,4.3428059215206005,1.0769230769230769
1337,carbohydrate,14,10,4.605170185988092,1.4
1338,cerebral,14,9,4.710530701645918,1.5555555555555556
1339,cholesterol,14,8,4.8283137373023015,1.75
1340,clear,14,13,4.3428059215206005,1.0769230769230769
1341,cohorts,14,11,4.509860006183766,1.2727272727272727
1342,colonic,14,7,4.961845129926823,2.0
1343,complication,14,12,4.422848629194137,1.1666666666666667
1344,composition,14,11,4.509860006183766,1.2727272727272727
1345,confirm,14,14,4.268697949366879,1.0
1346,consider,14,14,4.268697949366879,1.0
1347,containing,14,14,4.268697949366879,1.0
1348,contributing,14,13,4.3428059215206005,1.0769230769230769
1349,controlling,14,14,4.268697949366879,1.0
1350,cost,14,14,4.268697949366879,1.0
1351,covered,14,14,4.268697949366879,1.0
1352,demonstrates,14,14,4.268697949366879,1.0
1353,derivatives,14,7,4.961845129926823,2.0
1354,difference,14,13,4.3428059215206005,1.0769230769230769
1355,digestion,14,9,4.710530701645918,1.5555555555555556
1356,domain,14,12,4.422848629194137,1.1666666666666667
1357,elucidated,14,14,4.268697949366879,1.0
1358,embase,14,14,4.268697949366879,1.0
1359,end,14,12,4.422848629194137,1.1666666666666667
1360,extended,14,12,4.422848629194137,1.1666666666666667
1361,ga,14,4,5.521460917862246,3.5
1362,good,14,13,4.3428059215206005,1.0769230769230769
1363,iii,14,12,4.422848629194137,1.1666666666666667
1364,intolerance,14,13,4.3428059215206005,1.0769230769230769
1365,knockout,14,9,4.710530701645918,1.5555555555555556
1366,lines,14,11,4.509860006183766,1.2727272727272727
1367,linking,14,14,4.268697949366879,1.0
1368,meta-analyses,14,14,4.268697949366879,1.0
1369,mmol,14,8,4.8283137373023015,1.75
1370,mtor,14,8,4.8283137373023015,1.75
1371,network,14,13,4.3428059215206005,1.0769230769230769
1372,neuroinflammation,14,13,4.3428059215206005,1.0769230769230769
1373,neurological,14,13,4.3428059215206005,1.0769230769230769
1374,o,14,8,4.8283137373023015,1.75
1375,odds,14,10,4.605170185988092,1.4
1376,older,14,9,4.710530701645918,1.5555555555555556
1377,order,14,14,4.268697949366879,1.0
1378,originally,14,14,4.268697949366879,1.0
1379,oxygen,14,9,4.710530701645918,1.5555555555555556
1380,past,14,14,4.268697949366879,1.0
1381,pharmacotherapies,14,13,4.3428059215206005,1.0769230769230769
1382,poorly,14,13,4.3428059215206005,1.0769230769230769
1383,prediabetes,14,5,5.298317366548036,2.8
1384,preserved,14,13,4.3428059215206005,1.0769230769230769
1385,propensity,14,13,4.3428059215206005,1.0769230769230769
1386,prostate,14,3,5.809142990314028,4.666666666666667
1387,provided,14,13,4.3428059215206005,1.0769230769230769
1388,requires,14,14,4.268697949366879,1.0
1389,reveal,14,14,4.268697949366879,1.0
1390,satiation,14,6,5.115995809754082,2.3333333333333335
1391,scopus,14,14,4.268697949366879,1.0
1392,sud,14,3,5.809142990314028,4.666666666666667
1393,sugar,14,11,4.509860006183766,1.2727272727272727
1394,synergistic,14,13,4.3428059215206005,1.0769230769230769
1395,term,14,11,4.509860006183766,1.2727272727272727
1396,tests,14,13,4.3428059215206005,1.0769230769230769
1397,unique,14,14,4.268697949366879,1.0
1398,valuable,14,14,4.268697949366879,1.0
1399,web,14,14,4.268697949366879,1.0
1400,young,14,13,4.3428059215206005,1.0769230769230769
1401,adiposity,13,9,4.710530701645918,1.4444444444444444
1402,adjunct,13,13,4.3428059215206005,1.0
1403,advantage,13,12,4.422848629194137,1.0833333333333333
1404,advantages,13,13,4.3428059215206005,1.0
1405,ages,13,3,5.809142990314028,4.333333333333333
1406,akt,13,8,4.8283137373023015,1.625
1407,al,13,11,4.509860006183766,1.1818181818181819
1408,amount,13,13,4.3428059215206005,1.0
1409,antibody,13,8,4.8283137373023015,1.625
1410,apnea,13,13,4.3428059215206005,1.0
1411,bowel,13,11,4.509860006183766,1.1818181818181819
1412,capacity,13,13,4.3428059215206005,1.0
1413,cfrd,13,2,6.214608098422191,6.5
1414,chromatography,13,10,4.605170185988092,1.3
1415,circadian,13,4,5.521460917862246,3.25
1416,cleavage,13,12,4.422848629194137,1.0833333333333333
1417,collectively,13,13,4.3428059215206005,1.0
1418,comparable,13,12,4.422848629194137,1.0833333333333333
1419,concomitant,13,13,4.3428059215206005,1.0
1420,confidence,13,12,4.422848629194137,1.0833333333333333
1421,constructed,13,13,4.3428059215206005,1.0
1422,convertase,13,9,4.710530701645918,1.4444444444444444
1423,correlation,13,10,4.605170185988092,1.3
1424,decade,13,13,4.3428059215206005,1.0
1425,dementia,13,7,4.961845129926823,1.8571428571428572
1426,detection,13,9,4.710530701645918,1.4444444444444444
1427,digestive,13,6,5.115995809754082,2.1666666666666665
1428,dio,13,8,4.8283137373023015,1.625
1429,disruption,13,11,4.509860006183766,1.1818181818181819
1430,dose-dependent,13,12,4.422848629194137,1.0833333333333333
1431,dpp-iv,13,7,4.961845129926823,1.8571428571428572
1432,effectively,13,12,4.422848629194137,1.0833333333333333
1433,epithelial,13,10,4.605170185988092,1.3
1434,et,13,11,4.509860006183766,1.1818181818181819
1435,exocytosis,13,7,4.961845129926823,1.8571428571428572
1436,gcgr,13,6,5.115995809754082,2.1666666666666665
1437,generally,13,13,4.3428059215206005,1.0
1438,glucagon-like-peptide-1,13,13,4.3428059215206005,1.0
1439,great,13,11,4.509860006183766,1.1818181818181819
1440,hs,13,2,6.214608098422191,6.5
1441,hypertrophy,13,6,5.115995809754082,2.1666666666666665
1442,identifying,13,13,4.3428059215206005,1.0
1443,indirectly,13,13,4.3428059215206005,1.0
1444,injections,13,11,4.509860006183766,1.1818181818181819
1445,insl,13,1,6.907755278982137,13.0
1446,involves,13,13,4.3428059215206005,1.0
1447,j,13,12,4.422848629194137,1.0833333333333333
1448,later,13,13,4.3428059215206005,1.0
1449,learning,13,9,4.710530701645918,1.4444444444444444
1450,light,13,13,4.3428059215206005,1.0
1451,limit,13,13,4.3428059215206005,1.0
1452,living,13,11,4.509860006183766,1.1818181818181819
1453,load,13,11,4.509860006183766,1.1818181818181819
1454,manage,13,13,4.3428059215206005,1.0
1455,mcs,13,2,6.214608098422191,6.5
1456,mediate,13,13,4.3428059215206005,1.0
1457,medicines,13,11,4.509860006183766,1.1818181818181819
1458,minutes,13,7,4.961845129926823,1.8571428571428572
1459,mitigate,13,11,4.509860006183766,1.1818181818181819
1460,must,13,13,4.3428059215206005,1.0
1461,next,13,13,4.3428059215206005,1.0
1462,obesity-related,13,11,4.509860006183766,1.1818181818181819
1463,objectives,13,12,4.422848629194137,1.0833333333333333
1464,occurs,13,11,4.509860006183766,1.1818181818181819
1465,ocular,13,5,5.298317366548036,2.6
1466,others,13,12,4.422848629194137,1.0833333333333333
1467,parallel,13,12,4.422848629194137,1.0833333333333333
1468,partially,13,13,4.3428059215206005,1.0
1469,pathological,13,12,4.422848629194137,1.0833333333333333
1470,pharmacokinetics,13,12,4.422848629194137,1.0833333333333333
1471,pharmacology,13,13,4.3428059215206005,1.0
1472,protein-coupled,13,12,4.422848629194137,1.0833333333333333
1473,rationale,13,12,4.422848629194137,1.0833333333333333
1474,rcts,13,5,5.298317366548036,2.6
1475,remained,13,11,4.509860006183766,1.1818181818181819
1476,repair,13,7,4.961845129926823,1.8571428571428572
1477,requiring,13,13,4.3428059215206005,1.0
1478,retinopathy,13,9,4.710530701645918,1.4444444444444444
1479,rising,13,13,4.3428059215206005,1.0
1480,serotonin,13,4,5.521460917862246,3.25
1481,shift,13,12,4.422848629194137,1.0833333333333333
1482,showing,13,13,4.3428059215206005,1.0
1483,shows,13,13,4.3428059215206005,1.0
1484,significance,13,12,4.422848629194137,1.0833333333333333
1485,skeletal,13,10,4.605170185988092,1.3
1486,small-molecule,13,9,4.710530701645918,1.4444444444444444
1487,spinal,13,5,5.298317366548036,2.6
1488,stable,13,13,4.3428059215206005,1.0
1489,steatosis,13,9,4.710530701645918,1.4444444444444444
1490,substance,13,9,4.710530701645918,1.4444444444444444
1491,suppress,13,12,4.422848629194137,1.0833333333333333
1492,synthetic,13,12,4.422848629194137,1.0833333333333333
1493,times,13,12,4.422848629194137,1.0833333333333333
1494,triple,13,11,4.509860006183766,1.1818181818181819
1495,utilized,13,13,4.3428059215206005,1.0
1496,visceral,13,11,4.509860006183766,1.1818181818181819
1497,woman,13,13,4.3428059215206005,1.0
1498,addiction,12,9,4.710530701645918,1.3333333333333333
1499,adjunctive,12,9,4.710530701645918,1.3333333333333333
1500,amyloid,12,9,4.710530701645918,1.3333333333333333
1501,anorexigenic,12,10,4.605170185988092,1.2
1502,ascophyllan,12,1,6.907755278982137,12.0
1503,availability,12,11,4.509860006183766,1.0909090909090908
1504,behind,12,11,4.509860006183766,1.0909090909090908
1505,biosynthesis,12,10,4.605170185988092,1.2
1506,blotting,12,11,4.509860006183766,1.0909090909090908
1507,bp,12,4,5.521460917862246,3.0
1508,cart,12,2,6.214608098422191,6.0
1509,cd,12,8,4.8283137373023015,1.5
1510,chemical,12,11,4.509860006183766,1.0909090909090908
1511,colitis,12,3,5.809142990314028,4.0
1512,completely,12,10,4.605170185988092,1.2
1513,conjugates,12,5,5.298317366548036,2.4
1514,considerable,12,12,4.422848629194137,1.0
1515,cotransporter,12,12,4.422848629194137,1.0
1516,cotransporter-2,12,12,4.422848629194137,1.0
1517,death,12,10,4.605170185988092,1.2
1518,define,12,10,4.605170185988092,1.2
1519,density,12,10,4.605170185988092,1.2
1520,diabetes-related,12,9,4.710530701645918,1.3333333333333333
1521,directions,12,12,4.422848629194137,1.0
1522,discovered,12,12,4.422848629194137,1.0
1523,dynamics,12,11,4.509860006183766,1.0909090909090908
1524,dysfunction-associated,12,10,4.605170185988092,1.2
1525,eat,12,3,5.809142990314028,4.0
1526,efficacious,12,11,4.509860006183766,1.0909090909090908
1527,evolving,12,11,4.509860006183766,1.0909090909090908
1528,f,12,7,4.961845129926823,1.7142857142857142
1529,failed,12,11,4.509860006183766,1.0909090909090908
1530,finding,12,11,4.509860006183766,1.0909090909090908
1531,follow-up,12,12,4.422848629194137,1.0
1532,framework,12,11,4.509860006183766,1.0909090909090908
1533,frequent,12,12,4.422848629194137,1.0
1534,g-protein,12,11,4.509860006183766,1.0909090909090908
1535,gained,12,12,4.422848629194137,1.0
1536,gap,12,11,4.509860006183766,1.0909090909090908
1537,gk,12,3,5.809142990314028,4.0
1538,goal,12,8,4.8283137373023015,1.5
1539,grk,12,2,6.214608098422191,6.0
1540,healthcare,12,12,4.422848629194137,1.0
1541,hence,12,11,4.509860006183766,1.0909090909090908
1542,hfpef,12,3,5.809142990314028,4.0
1543,hour,12,7,4.961845129926823,1.7142857142857142
1544,ibd,12,5,5.298317366548036,2.4
1545,icv,12,5,5.298317366548036,2.4
1546,ih,12,2,6.214608098422191,6.0
1547,impacts,12,12,4.422848629194137,1.0
1548,intraperitoneal,12,12,4.422848629194137,1.0
1549,intravenous,12,11,4.509860006183766,1.0909090909090908
1550,introduced,12,11,4.509860006183766,1.0909090909090908
1551,large-scale,12,12,4.422848629194137,1.0
1552,larger,12,12,4.422848629194137,1.0
1553,left,12,10,4.605170185988092,1.2
1554,longer,12,11,4.509860006183766,1.0909090909090908
1555,materials,12,10,4.605170185988092,1.2
1556,mechanistically,12,12,4.422848629194137,1.0
1557,million,12,9,4.710530701645918,1.3333333333333333
1558,mir-27a,12,1,6.907755278982137,12.0
1559,modulated,12,11,4.509860006183766,1.0909090909090908
1560,ng,12,8,4.8283137373023015,1.5
1561,nondiabetic,12,8,4.8283137373023015,1.5
1562,occurred,12,10,4.605170185988092,1.2
1563,outline,12,12,4.422848629194137,1.0
1564,ovary,12,10,4.605170185988092,1.2
1565,overexpression,12,10,4.605170185988092,1.2
1566,pharmaceutical,12,12,4.422848629194137,1.0
1567,phenotype,12,11,4.509860006183766,1.0909090909090908
1568,pivotal,12,12,4.422848629194137,1.0
1569,pmol,12,5,5.298317366548036,2.4
1570,positively,12,12,4.422848629194137,1.0
1571,ppar,12,3,5.809142990314028,4.0
1572,precursor,12,12,4.422848629194137,1.0
1573,prisma,12,12,4.422848629194137,1.0
1574,program,12,7,4.961845129926823,1.7142857142857142
1575,raised,12,12,4.422848629194137,1.0
1576,reactions,12,9,4.710530701645918,1.3333333333333333
1577,retinal,12,6,5.115995809754082,2.0
1578,scope,12,12,4.422848629194137,1.0
1579,seem,12,12,4.422848629194137,1.0
1580,sites,12,11,4.509860006183766,1.0909090909090908
1581,situ,12,9,4.710530701645918,1.3333333333333333
1582,steatotic,12,11,4.509860006183766,1.0909090909090908
1583,suppresses,12,11,4.509860006183766,1.0909090909090908
1584,taken,12,12,4.422848629194137,1.0
1585,throughout,12,12,4.422848629194137,1.0
1586,tiab,12,1,6.907755278982137,12.0
1587,transient,12,12,4.422848629194137,1.0
1588,translational,12,11,4.509860006183766,1.0909090909090908
1589,utility,12,12,4.422848629194137,1.0
1590,vein,12,7,4.961845129926823,1.7142857142857142
1591,vital,12,12,4.422848629194137,1.0
1592,way,12,12,4.422848629194137,1.0
1593,wide,12,12,4.422848629194137,1.0
1594,worsening,12,8,4.8283137373023015,1.5
1595,ablation,11,7,4.961845129926823,1.5714285714285714
1596,according,11,11,4.509860006183766,1.0
1597,achieving,11,9,4.710530701645918,1.2222222222222223
1598,activate,11,10,4.605170185988092,1.1
1599,all-cause,11,6,5.115995809754082,1.8333333333333333
1600,applied,11,10,4.605170185988092,1.1
1601,augment,11,11,4.509860006183766,1.0
1602,autoimmune,11,8,4.8283137373023015,1.375
1603,basic,11,11,4.509860006183766,1.0
1604,bed,11,4,5.521460917862246,2.75
1605,biochemical,11,11,4.509860006183766,1.0
1606,biomarkers,11,10,4.605170185988092,1.1
1607,c-peptide,11,6,5.115995809754082,1.8333333333333333
1608,characterize,11,11,4.509860006183766,1.0
1609,circuits,11,10,4.605170185988092,1.1
1610,collected,11,10,4.605170185988092,1.1
1611,compare,11,11,4.509860006183766,1.0
1612,complementary,11,11,4.509860006183766,1.0
1613,consequently,11,11,4.509860006183766,1.0
1614,consistently,11,11,4.509860006183766,1.0
1615,continue,11,11,4.509860006183766,1.0
1616,cornerstone,11,11,4.509860006183766,1.0
1617,cortex,11,7,4.961845129926823,1.5714285714285714
1618,currents,11,5,5.298317366548036,2.2
1619,cvots,11,7,4.961845129926823,1.5714285714285714
1620,diabetics,11,10,4.605170185988092,1.1
1621,diagnosis,11,11,4.509860006183766,1.0
1622,distributed,11,9,4.710530701645918,1.2222222222222223
1623,documented,11,11,4.509860006183766,1.0
1624,dopamine,11,8,4.8283137373023015,1.375
1625,drinking,11,6,5.115995809754082,1.8333333333333333
1626,driven,11,11,4.509860006183766,1.0
1627,dyslipidemia,11,7,4.961845129926823,1.5714285714285714
1628,eecs,11,7,4.961845129926823,1.5714285714285714
1629,eight,11,11,4.509860006183766,1.0
1630,ejection,11,9,4.710530701645918,1.2222222222222223
1631,endoscopic,11,6,5.115995809754082,1.8333333333333333
1632,epithelium,11,10,4.605170185988092,1.1
1633,european,11,11,4.509860006183766,1.0
1634,exact,11,11,4.509860006183766,1.0
1635,faers,11,5,5.298317366548036,2.2
1636,fasted,11,3,5.809142990314028,3.6666666666666665
1637,fibers,11,6,5.115995809754082,1.8333333333333333
1638,flow,11,10,4.605170185988092,1.1
1639,formulation,11,8,4.8283137373023015,1.375
1640,general,11,10,4.605170185988092,1.1
1641,glp-1-producing,11,6,5.115995809754082,1.8333333333333333
1642,glp-1s,11,5,5.298317366548036,2.2
1643,glycated,11,10,4.605170185988092,1.1
1644,greatly,11,10,4.605170185988092,1.1
1645,hair,11,2,6.214608098422191,5.5
1646,high-quality,11,10,4.605170185988092,1.1
1647,identification,11,11,4.509860006183766,1.0
1648,inactivation,11,8,4.8283137373023015,1.375
1649,incubation,11,7,4.961845129926823,1.5714285714285714
1650,independently,11,11,4.509860006183766,1.0
1651,indications,11,9,4.710530701645918,1.2222222222222223
1652,influenced,11,10,4.605170185988092,1.1
1653,integration,11,10,4.605170185988092,1.1
1654,interact,11,11,4.509860006183766,1.0
1655,iqr,11,4,5.521460917862246,2.75
1656,ketoacidosis,11,3,5.809142990314028,3.6666666666666665
1657,knockdown,11,7,4.961845129926823,1.5714285714285714
1658,laboratory,11,11,4.509860006183766,1.0
1659,lipids,11,11,4.509860006183766,1.0
1660,make,11,11,4.509860006183766,1.0
1661,making,11,11,4.509860006183766,1.0
1662,measures,11,11,4.509860006183766,1.0
1663,mi,11,6,5.115995809754082,1.8333333333333333
1664,microbiome,11,9,4.710530701645918,1.2222222222222223
1665,much,11,9,4.710530701645918,1.2222222222222223
1666,nci-h716,11,9,4.710530701645918,1.2222222222222223
1667,neither,11,10,4.605170185988092,1.1
1668,neurotrophic,11,6,5.115995809754082,1.8333333333333333
1669,nf,11,6,5.115995809754082,1.8333333333333333
1670,nor,11,11,4.509860006183766,1.0
1671,observations,11,11,4.509860006183766,1.0
1672,onset,11,11,4.509860006183766,1.0
1673,ophthalmic,11,4,5.521460917862246,2.75
1674,opioid,11,4,5.521460917862246,2.75
1675,organ,11,8,4.8283137373023015,1.375
1676,oxyntomodulin,11,8,4.8283137373023015,1.375
1677,peak,11,7,4.961845129926823,1.5714285714285714
1678,persistent,11,11,4.509860006183766,1.0
1679,pge,11,1,6.907755278982137,11.0
1680,ph,11,4,5.521460917862246,2.75
1681,physical,11,7,4.961845129926823,1.5714285714285714
1682,platform,11,8,4.8283137373023015,1.375
1683,polycystic,11,11,4.509860006183766,1.0
1684,poor,11,10,4.605170185988092,1.1
1685,pph,11,3,5.809142990314028,3.6666666666666665
1686,problem,11,11,4.509860006183766,1.0
1687,product,11,10,4.605170185988092,1.1
1688,purified,11,9,4.710530701645918,1.2222222222222223
1689,readmission,11,5,5.298317366548036,2.2
1690,regardless,11,11,4.509860006183766,1.0
1691,reporter,11,6,5.115995809754082,1.8333333333333333
1692,residues,11,10,4.605170185988092,1.1
1693,restored,11,11,4.509860006183766,1.0
1694,rice,11,3,5.809142990314028,3.6666666666666665
1695,samples,11,10,4.605170185988092,1.1
1696,screened,11,10,4.605170185988092,1.1
1697,seems,11,11,4.509860006183766,1.0
1698,skin,11,8,4.8283137373023015,1.375
1699,social,11,7,4.961845129926823,1.5714285714285714
1700,spine,11,2,6.214608098422191,5.5
1701,started,11,11,4.509860006183766,1.0
1702,stimuli,11,8,4.8283137373023015,1.375
1703,strain,11,6,5.115995809754082,1.8333333333333333
1704,structures,11,10,4.605170185988092,1.1
1705,subjected,11,10,4.605170185988092,1.1
1706,sufficient,11,11,4.509860006183766,1.0
1707,supported,11,11,4.509860006183766,1.0
1708,symptomatic,11,8,4.8283137373023015,1.375
1709,testing,11,11,4.509860006183766,1.0
1710,thought,11,10,4.605170185988092,1.1
1711,tolerated,11,11,4.509860006183766,1.0
1712,torpor,11,1,6.907755278982137,11.0
1713,transformed,11,11,4.509860006183766,1.0
1714,transit,11,6,5.115995809754082,1.8333333333333333
1715,tumor,11,9,4.710530701645918,1.2222222222222223
1716,typically,11,11,4.509860006183766,1.0
1717,u,11,9,4.710530701645918,1.2222222222222223
1718,uncertain,11,10,4.605170185988092,1.1
1719,underwent,11,10,4.605170185988092,1.1
1720,until,11,11,4.509860006183766,1.0
1721,vagus,11,8,4.8283137373023015,1.375
1722,val,11,3,5.809142990314028,3.6666666666666665
1723,value,11,10,4.605170185988092,1.1
1724,variability,11,11,4.509860006183766,1.0
1725,viability,11,9,4.710530701645918,1.2222222222222223
1726,warranted,11,11,4.509860006183766,1.0
1727,wt,11,5,5.298317366548036,2.2
1728,accessibility,10,10,4.605170185988092,1.0
1729,afferent,10,9,4.710530701645918,1.1111111111111112
1730,alter,10,10,4.605170185988092,1.0
1731,another,10,10,4.605170185988092,1.0
1732,anterior,10,10,4.605170185988092,1.0
1733,arginine,10,5,5.298317366548036,2.0
1734,arrhythmias,10,8,4.8283137373023015,1.25
1735,attributed,10,10,4.605170185988092,1.0
1736,besides,10,10,4.605170185988092,1.0
1737,biologically,10,10,4.605170185988092,1.0
1738,cad,10,3,5.809142990314028,3.3333333333333335
1739,car,10,1,6.907755278982137,10.0
1740,chain,10,9,4.710530701645918,1.1111111111111112
1741,challenging,10,10,4.605170185988092,1.0
1742,choice,10,10,4.605170185988092,1.0
1743,combinations,10,9,4.710530701645918,1.1111111111111112
1744,combining,10,8,4.8283137373023015,1.25
1745,concept,10,6,5.115995809754082,1.6666666666666667
1746,considering,10,10,4.605170185988092,1.0
1747,covid-19,10,3,5.809142990314028,3.3333333333333335
1748,ct,10,3,5.809142990314028,3.3333333333333335
1749,cytokine,10,9,4.710530701645918,1.1111111111111112
1750,deficits,10,9,4.710530701645918,1.1111111111111112
1751,depolarization,10,8,4.8283137373023015,1.25
1752,detailed,10,10,4.605170185988092,1.0
1753,differ,10,10,4.605170185988092,1.0
1754,differentially,10,9,4.710530701645918,1.1111111111111112
1755,discussion,10,10,4.605170185988092,1.0
1756,dkd,10,3,5.809142990314028,3.3333333333333335
1757,dorsal,10,6,5.115995809754082,1.6666666666666667
1758,dynamic,10,9,4.710530701645918,1.1111111111111112
1759,efficiently,10,10,4.605170185988092,1.0
1760,emphasis,10,10,4.605170185988092,1.0
1761,endpoints,10,10,4.605170185988092,1.0
1762,ew,10,1,6.907755278982137,10.0
1763,examination,10,10,4.605170185988092,1.0
1764,excessive,10,10,4.605170185988092,1.0
1765,expand,10,10,4.605170185988092,1.0
1766,expanded,10,9,4.710530701645918,1.1111111111111112
1767,experience,10,8,4.8283137373023015,1.25
1768,explain,10,10,4.605170185988092,1.0
1769,extensive,10,9,4.710530701645918,1.1111111111111112
1770,extensively,10,10,4.605170185988092,1.0
1771,extract,10,9,4.710530701645918,1.1111111111111112
1772,feedback,10,6,5.115995809754082,1.6666666666666667
1773,glargine,10,7,4.961845129926823,1.4285714285714286
1774,goals,10,10,4.605170185988092,1.0
1775,google,10,10,4.605170185988092,1.0
1776,gpcr,10,9,4.710530701645918,1.1111111111111112
1777,high-risk,10,9,4.710530701645918,1.1111111111111112
1778,hippocampus,10,7,4.961845129926823,1.4285714285714286
1779,hospital,10,9,4.710530701645918,1.1111111111111112
1780,iapp,10,1,6.907755278982137,10.0
1781,iih,10,2,6.214608098422191,5.0
1782,immunohistochemical,10,9,4.710530701645918,1.1111111111111112
1783,immunoreactive,10,7,4.961845129926823,1.4285714285714286
1784,ingested,10,6,5.115995809754082,1.6666666666666667
1785,integrated,10,9,4.710530701645918,1.1111111111111112
1786,integrating,10,10,4.605170185988092,1.0
1787,interestingly,10,10,4.605170185988092,1.0
1788,internalization,10,6,5.115995809754082,1.6666666666666667
1789,intracerebroventricular,10,10,4.605170185988092,1.0
1790,investigating,10,9,4.710530701645918,1.1111111111111112
1791,investigations,10,10,4.605170185988092,1.0
1792,laminarin,10,1,6.907755278982137,10.0
1793,latest,10,10,4.605170185988092,1.0
1794,lesions,10,3,5.809142990314028,3.3333333333333335
1795,located,10,9,4.710530701645918,1.1111111111111112
1796,lowers,10,10,4.605170185988092,1.0
1797,mace,10,8,4.8283137373023015,1.25
1798,majority,10,10,4.605170185988092,1.0
1799,man,10,9,4.710530701645918,1.1111111111111112
1800,market,10,9,4.710530701645918,1.1111111111111112
1801,mash,10,4,5.521460917862246,2.5
1802,matrix,10,6,5.115995809754082,1.6666666666666667
1803,md,10,4,5.521460917862246,2.5
1804,mean,10,9,4.710530701645918,1.1111111111111112
1805,methodological,10,7,4.961845129926823,1.4285714285714286
1806,microbial,10,6,5.115995809754082,1.6666666666666667
1807,mitigating,10,10,4.605170185988092,1.0
1808,modalities,10,9,4.710530701645918,1.1111111111111112
1809,moderate,10,9,4.710530701645918,1.1111111111111112
1810,monophosphate,10,10,4.605170185988092,1.0
1811,mucosal,10,5,5.298317366548036,2.0
1812,multifactorial,10,10,4.605170185988092,1.0
1813,n-terminus,10,7,4.961845129926823,1.4285714285714286
1814,na,10,6,5.115995809754082,1.6666666666666667
1815,nacc,10,1,6.907755278982137,10.0
1816,neonatal,10,4,5.521460917862246,2.5
1817,neuropathy,10,8,4.8283137373023015,1.25
1818,neurotransmitter,10,9,4.710530701645918,1.1111111111111112
1819,nutrition,10,10,4.605170185988092,1.0
1820,occur,10,10,4.605170185988092,1.0
1821,oea,10,1,6.907755278982137,10.0
1822,ogtt,10,6,5.115995809754082,1.6666666666666667
1823,olfactory,10,5,5.298317366548036,2.0
1824,open,10,10,4.605170185988092,1.0
1825,optimization,10,9,4.710530701645918,1.1111111111111112
1826,overcome,10,10,4.605170185988092,1.0
1827,oxidation,10,9,4.710530701645918,1.1111111111111112
1828,paradigm,10,10,4.605170185988092,1.0
1829,partial,10,8,4.8283137373023015,1.25
1830,partly,10,9,4.710530701645918,1.1111111111111112
1831,pharmacokinetic,10,9,4.710530701645918,1.1111111111111112
1832,phenomenon,10,9,4.710530701645918,1.1111111111111112
1833,physiologic,10,9,4.710530701645918,1.1111111111111112
1834,plus,10,8,4.8283137373023015,1.25
1835,position,10,9,4.710530701645918,1.1111111111111112
1836,postsynaptic,10,5,5.298317366548036,2.0
1837,pro-inflammatory,10,9,4.710530701645918,1.1111111111111112
1838,profound,10,10,4.605170185988092,1.0
1839,programs,10,10,4.605170185988092,1.0
1840,protease,10,8,4.8283137373023015,1.25
1841,protocol,10,5,5.298317366548036,2.0
1842,proximal,10,10,4.605170185988092,1.0
1843,reached,10,9,4.710530701645918,1.1111111111111112
1844,rebaudioside,10,2,6.214608098422191,5.0
1845,recommended,10,10,4.605170185988092,1.0
1846,recorded,10,7,4.961845129926823,1.4285714285714286
1847,recruitment,10,9,4.710530701645918,1.1111111111111112
1848,residual,10,8,4.8283137373023015,1.25
1849,resistant,10,9,4.710530701645918,1.1111111111111112
1850,resolution,10,7,4.961845129926823,1.4285714285714286
1851,respond,10,9,4.710530701645918,1.1111111111111112
1852,restoring,10,10,4.605170185988092,1.0
1853,restricted,10,7,4.961845129926823,1.4285714285714286
1854,rhythm,10,5,5.298317366548036,2.0
1855,roux-en-y,10,10,4.605170185988092,1.0
1856,s-equol,10,1,6.907755278982137,10.0
1857,saline,10,7,4.961845129926823,1.4285714285714286
1858,secondary,10,8,4.8283137373023015,1.25
1859,secretagogue,10,7,4.961845129926823,1.4285714285714286
1860,settings,10,10,4.605170185988092,1.0
1861,successfully,10,10,4.605170185988092,1.0
1862,surface,10,10,4.605170185988092,1.0
1863,sustain,10,6,5.115995809754082,1.6666666666666667
1864,temperature,10,5,5.298317366548036,2.0
1865,topic,10,10,4.605170185988092,1.0
1866,transcriptional,10,5,5.298317366548036,2.0
1867,tumors,10,8,4.8283137373023015,1.25
1868,turn,10,9,4.710530701645918,1.1111111111111112
1869,underscores,10,10,4.605170185988092,1.0
1870,underscoring,10,10,4.605170185988092,1.0
1871,unmet,10,8,4.8283137373023015,1.25
1872,users,10,8,4.8283137373023015,1.25
1873,van,10,2,6.214608098422191,5.0
1874,vat,10,2,6.214608098422191,5.0
1875,ventral,10,5,5.298317366548036,2.0
1876,vitamin,10,3,5.809142990314028,3.3333333333333335
1877,wound,10,5,5.298317366548036,2.0
1878,addresses,9,9,4.710530701645918,1.0
1879,adequate,9,8,4.8283137373023015,1.125
1880,adropin,9,1,6.907755278982137,9.0
1881,aid,9,9,4.710530701645918,1.0
1882,alleviated,9,8,4.8283137373023015,1.125
1883,american,9,6,5.115995809754082,1.5
1884,analyze,9,9,4.710530701645918,1.0
1885,arthroplasty,9,3,5.809142990314028,3.0
1886,authors,9,7,4.961845129926823,1.2857142857142858
1887,bioavailability,9,9,4.710530701645918,1.0
1888,blocked,9,9,4.710530701645918,1.0
1889,blood-brain,9,6,5.115995809754082,1.5
1890,blot,9,9,4.710530701645918,1.0
1891,blunted,9,9,4.710530701645918,1.0
1892,broad,9,9,4.710530701645918,1.0
1893,caloric,9,4,5.521460917862246,2.25
1894,cardiorenal,9,9,4.710530701645918,1.0
1895,cecal,9,6,5.115995809754082,1.5
1896,characterization,9,9,4.710530701645918,1.0
1897,chemerin,9,1,6.907755278982137,9.0
1898,chicks,9,5,5.298317366548036,1.8
1899,clock,9,2,6.214608098422191,4.5
1900,clpr,9,2,6.214608098422191,4.5
1901,coagonist,9,3,5.809142990314028,3.0
1902,complete,9,9,4.710530701645918,1.0
1903,conformation,9,6,5.115995809754082,1.5
1904,consequence,9,9,4.710530701645918,1.0
1905,course,9,9,4.710530701645918,1.0
1906,crh,9,2,6.214608098422191,4.5
1907,decision-making,9,9,4.710530701645918,1.0
1908,deficiency,9,8,4.8283137373023015,1.125
1909,defined,9,9,4.710530701645918,1.0
1910,depression,9,8,4.8283137373023015,1.125
1911,developments,9,9,4.710530701645918,1.0
1912,dg,9,2,6.214608098422191,4.5
1913,diets,9,8,4.8283137373023015,1.125
1914,discontinued,9,8,4.8283137373023015,1.125
1915,displayed,9,9,4.710530701645918,1.0
1916,downregulation,9,8,4.8283137373023015,1.125
1917,durable,9,9,4.710530701645918,1.0
1918,dysregulation,9,9,4.710530701645918,1.0
1919,emphasizes,9,9,4.710530701645918,1.0
1920,engineering,9,8,4.8283137373023015,1.125
1921,enteric,9,7,4.961845129926823,1.2857142857142858
1922,enzyme-linked,9,9,4.710530701645918,1.0
1923,equal,9,6,5.115995809754082,1.5
1924,estimated,9,9,4.710530701645918,1.0
1925,experienced,9,8,4.8283137373023015,1.125
1926,exploring,9,9,4.710530701645918,1.0
1927,extent,9,9,4.710530701645918,1.0
1928,facilitate,9,9,4.710530701645918,1.0
1929,fiber,9,4,5.521460917862246,2.25
1930,formulations,9,8,4.8283137373023015,1.125
1931,fos,9,2,6.214608098422191,4.5
1932,full,9,9,4.710530701645918,1.0
1933,generate,9,9,4.710530701645918,1.0
1934,generated,9,9,4.710530701645918,1.0
1935,genistein,9,1,6.907755278982137,9.0
1936,glp-1-ras,9,2,6.214608098422191,4.5
1937,half,9,9,4.710530701645918,1.0
1938,healing,9,6,5.115995809754082,1.5
1939,hepatosteatosis,9,1,6.907755278982137,9.0
1940,heterogeneous,9,9,4.710530701645918,1.0
1941,hindbrain,9,6,5.115995809754082,1.5
1942,hold,9,9,4.710530701645918,1.0
1943,hunger,9,5,5.298317366548036,1.8
1944,hybridization,9,8,4.8283137373023015,1.125
1945,immunofluorescence,9,8,4.8283137373023015,1.125
1946,immunosorbent,9,9,4.710530701645918,1.0
1947,injected,9,6,5.115995809754082,1.5
1948,insufficient,9,9,4.710530701645918,1.0
1949,investigates,9,9,4.710530701645918,1.0
1950,kcnq,9,1,6.907755278982137,9.0
1951,kglp-1,9,2,6.214608098422191,4.5
1952,kidneys,9,7,4.961845129926823,1.2857142857142858
1953,limiting,9,8,4.8283137373023015,1.125
1954,local,9,8,4.8283137373023015,1.125
1955,marked,9,9,4.710530701645918,1.0
1956,means,9,9,4.710530701645918,1.0
1957,measurements,9,9,4.710530701645918,1.0
1958,medium,9,6,5.115995809754082,1.5
1959,mental,9,6,5.115995809754082,1.5
1960,met,9,9,4.710530701645918,1.0
1961,metabolite,9,8,4.8283137373023015,1.125
1962,mimicking,9,8,4.8283137373023015,1.125
1963,modest,9,9,4.710530701645918,1.0
1964,ms,9,5,5.298317366548036,1.8
1965,myricetin,9,1,6.907755278982137,9.0
1966,naturally,9,9,4.710530701645918,1.0
1967,necessity,9,9,4.710530701645918,1.0
1968,newer,9,9,4.710530701645918,1.0
1969,notable,9,9,4.710530701645918,1.0
1970,oil,9,6,5.115995809754082,1.5
1971,once-weekly,9,9,4.710530701645918,1.0
1972,optic,9,7,4.961845129926823,1.2857142857142858
1973,optimizing,9,9,4.710530701645918,1.0
1974,organoids,9,4,5.521460917862246,2.25
1975,outlines,9,9,4.710530701645918,1.0
1976,pander,9,1,6.907755278982137,9.0
1977,paracrine,9,7,4.961845129926823,1.2857142857142858
1978,periodontal,9,3,5.809142990314028,3.0
1979,periods,9,6,5.115995809754082,1.5
1980,perspectives,9,9,4.710530701645918,1.0
1981,phenotypes,9,9,4.710530701645918,1.0
1982,pi,9,6,5.115995809754082,1.5
1983,possess,9,9,4.710530701645918,1.0
1984,postrema,9,4,5.521460917862246,2.25
1985,potently,9,7,4.961845129926823,1.2857142857142858
1986,preventive,9,8,4.8283137373023015,1.125
1987,prohormone,9,8,4.8283137373023015,1.125
1988,quantitative,9,9,4.710530701645918,1.0
1989,real-time,9,9,4.710530701645918,1.0
1990,regain,9,8,4.8283137373023015,1.125
1991,regimens,9,9,4.710530701645918,1.0
1992,relation,9,9,4.710530701645918,1.0
1993,remission,9,6,5.115995809754082,1.5
1994,reperfusion,9,7,4.961845129926823,1.2857142857142858
1995,representing,9,9,4.710530701645918,1.0
1996,reverse,9,9,4.710530701645918,1.0
1997,revision,9,5,5.298317366548036,1.8
1998,sad-a,9,1,6.907755278982137,9.0
1999,score,9,9,4.710530701645918,1.0
2000,select,9,7,4.961845129926823,1.2857142857142858
2001,sglt-2,9,4,5.521460917862246,2.25
2002,short-term,9,8,4.8283137373023015,1.125
2003,simple,9,8,4.8283137373023015,1.125
2004,simultaneously,9,9,4.710530701645918,1.0
2005,solitary,9,9,4.710530701645918,1.0
2006,solution,9,7,4.961845129926823,1.2857142857142858
2007,spectrum,9,9,4.710530701645918,1.0
2008,stages,9,6,5.115995809754082,1.5
2009,starting,9,9,4.710530701645918,1.0
2010,stimulatory,9,8,4.8283137373023015,1.125
2011,subgroups,9,6,5.115995809754082,1.5
2012,substantially,9,9,4.710530701645918,1.0
2013,substrate,9,8,4.8283137373023015,1.125
2014,suitable,9,8,4.8283137373023015,1.125
2015,suppressing,9,9,4.710530701645918,1.0
2016,switching,9,5,5.298317366548036,1.8
2017,systematically,9,8,4.8283137373023015,1.125
2018,tlr,9,1,6.907755278982137,9.0
2019,tools,9,9,4.710530701645918,1.0
2020,trafficking,9,4,5.521460917862246,2.25
2021,transplantation,9,5,5.298317366548036,1.8
2022,triggered,9,8,4.8283137373023015,1.125
2023,unimolecular,9,8,4.8283137373023015,1.125
2024,usage,9,9,4.710530701645918,1.0
2025,variety,9,9,4.710530701645918,1.0
2026,vehicle,9,7,4.961845129926823,1.2857142857142858
2027,venous,9,7,4.961845129926823,1.2857142857142858
2028,vsg,9,1,6.907755278982137,9.0
2029,well-established,9,9,4.710530701645918,1.0
2030,whilst,9,8,4.8283137373023015,1.125
2031,xglp,9,2,6.214608098422191,4.5
2032,abundance,8,7,4.961845129926823,1.1428571428571428
2033,acarbose,8,4,5.521460917862246,2.0
2034,accelerated,8,7,4.961845129926823,1.1428571428571428
2035,activates,8,8,4.8283137373023015,1.0
2036,adolescents,8,4,5.521460917862246,2.0
2037,af,8,3,5.809142990314028,2.6666666666666665
2038,ago,8,8,4.8283137373023015,1.0
2039,alanine,8,6,5.115995809754082,1.3333333333333333
2040,allows,8,7,4.961845129926823,1.1428571428571428
2041,almost,8,7,4.961845129926823,1.1428571428571428
2042,alongside,8,8,4.8283137373023015,1.0
2043,ameliorated,8,7,4.961845129926823,1.1428571428571428
2044,amp-activated,8,8,4.8283137373023015,1.0
2045,amylin,8,5,5.298317366548036,1.6
2046,anorectic,8,7,4.961845129926823,1.1428571428571428
2047,antioxidative,8,5,5.298317366548036,1.6
2048,ar,8,2,6.214608098422191,4.0
2049,arterial,8,6,5.115995809754082,1.3333333333333333
2050,asuds,8,2,6.214608098422191,4.0
2051,augmentation,8,6,5.115995809754082,1.3333333333333333
2052,barriers,8,8,4.8283137373023015,1.0
2053,c-fos,8,5,5.298317366548036,1.6
2054,c-terminal,8,8,4.8283137373023015,1.0
2055,cancers,8,6,5.115995809754082,1.3333333333333333
2056,cannot,8,8,4.8283137373023015,1.0
2057,careful,8,8,4.8283137373023015,1.0
2058,cessation,8,5,5.298317366548036,1.6
2059,channels,8,6,5.115995809754082,1.3333333333333333
2060,chicken,8,3,5.809142990314028,2.6666666666666665
2061,co-administration,8,6,5.115995809754082,1.3333333333333333
2062,co-agonists,8,6,5.115995809754082,1.3333333333333333
2063,cognition,8,8,4.8283137373023015,1.0
2064,comparative,8,8,4.8283137373023015,1.0
2065,component,8,8,4.8283137373023015,1.0
2066,core,8,8,4.8283137373023015,1.0
2067,cortical,8,4,5.521460917862246,2.0
2068,creb,8,4,5.521460917862246,2.0
2069,curve,8,7,4.961845129926823,1.1428571428571428
2070,degraded,8,7,4.961845129926823,1.1428571428571428
2071,degree,8,8,4.8283137373023015,1.0
2072,delays,8,8,4.8283137373023015,1.0
2073,deletion,8,4,5.521460917862246,2.0
2074,demand,8,8,4.8283137373023015,1.0
2075,desmopressin,8,1,6.907755278982137,8.0
2076,detect,8,7,4.961845129926823,1.1428571428571428
2077,disturbances,8,8,4.8283137373023015,1.0
2078,diversity,8,6,5.115995809754082,1.3333333333333333
2079,dose-dependently,8,7,4.961845129926823,1.1428571428571428
2080,electronic,8,8,4.8283137373023015,1.0
2081,elucidating,8,8,4.8283137373023015,1.0
2082,enabled,8,8,4.8283137373023015,1.0
2083,endoplasmic,8,8,4.8283137373023015,1.0
2084,enzymatic,8,8,4.8283137373023015,1.0
2085,epidemic,8,8,4.8283137373023015,1.0
2086,epilepsy,8,3,5.809142990314028,2.6666666666666665
2087,excellent,8,8,4.8283137373023015,1.0
2088,excursions,8,7,4.961845129926823,1.1428571428571428
2089,exhibits,8,8,4.8283137373023015,1.0
2090,exist,8,8,4.8283137373023015,1.0
2091,expansion,8,8,4.8283137373023015,1.0
2092,fact,8,8,4.8283137373023015,1.0
2093,g-protein-coupled,8,8,4.8283137373023015,1.0
2094,glp-1-positive,8,4,5.521460917862246,2.0
2095,glp-1-ra,8,2,6.214608098422191,4.0
2096,glp-1-receptor,8,4,5.521460917862246,2.0
2097,glucose-induced,8,8,4.8283137373023015,1.0
2098,glycaemia,8,8,4.8283137373023015,1.0
2099,glycolysis,8,5,5.298317366548036,1.6
2100,gpcrs,8,7,4.961845129926823,1.1428571428571428
2101,gut-brain,8,6,5.115995809754082,1.3333333333333333
2102,hydrophobic,8,5,5.298317366548036,1.6
2103,iglarlixi,8,2,6.214608098422191,4.0
2104,inadequate,8,8,4.8283137373023015,1.0
2105,inception,8,8,4.8283137373023015,1.0
2106,includes,8,8,4.8283137373023015,1.0
2107,incompletely,8,8,4.8283137373023015,1.0
2108,individualized,8,8,4.8283137373023015,1.0
2109,infarct,8,7,4.961845129926823,1.1428571428571428
2110,influencing,8,8,4.8283137373023015,1.0
2111,inform,8,7,4.961845129926823,1.1428571428571428
2112,initiating,8,7,4.961845129926823,1.1428571428571428
2113,instead,8,8,4.8283137373023015,1.0
2114,interval,8,7,4.961845129926823,1.1428571428571428
2115,intervals,8,8,4.8283137373023015,1.0
2116,january,8,8,4.8283137373023015,1.0
2117,linker,8,5,5.298317366548036,1.6
2118,localized,8,7,4.961845129926823,1.1428571428571428
2119,lost,8,7,4.961845129926823,1.1428571428571428
2120,lowered,8,8,4.8283137373023015,1.0
2121,lps,8,3,5.809142990314028,2.6666666666666665
2122,lymphedema,8,1,6.907755278982137,8.0
2123,lymphocytes,8,5,5.298317366548036,1.6
2124,malabsorption,8,6,5.115995809754082,1.3333333333333333
2125,mammalian,8,6,5.115995809754082,1.3333333333333333
2126,mdl,8,2,6.214608098422191,4.0
2127,mglp-1,8,1,6.907755278982137,8.0
2128,microvascular,8,7,4.961845129926823,1.1428571428571428
2129,minimal,8,8,4.8283137373023015,1.0
2130,mixture,8,4,5.521460917862246,2.0
2131,mm,8,6,5.115995809754082,1.3333333333333333
2132,month,8,8,4.8283137373023015,1.0
2133,mr,8,2,6.214608098422191,4.0
2134,multifaceted,8,8,4.8283137373023015,1.0
2135,mutagenesis,8,5,5.298317366548036,1.6
2136,namely,8,8,4.8283137373023015,1.0
2137,nav,8,1,6.907755278982137,8.0
2138,nd,8,2,6.214608098422191,4.0
2139,nearly,8,8,4.8283137373023015,1.0
2140,nitric,8,7,4.961845129926823,1.1428571428571428
2141,nmu,8,1,6.907755278982137,8.0
2142,normoglycemia,8,3,5.809142990314028,2.6666666666666665
2143,nuclei,8,6,5.115995809754082,1.3333333333333333
2144,nutrient-induced,8,5,5.298317366548036,1.6
2145,occlusion,8,6,5.115995809754082,1.3333333333333333
2146,output,8,7,4.961845129926823,1.1428571428571428
2147,owing,8,8,4.8283137373023015,1.0
2148,pathology,8,8,4.8283137373023015,1.0
2149,pbh,8,2,6.214608098422191,4.0
2150,performance,8,8,4.8283137373023015,1.0
2151,pharmacologically,8,8,4.8283137373023015,1.0
2152,physicians,8,8,4.8283137373023015,1.0
2153,physiologically,8,7,4.961845129926823,1.1428571428571428
2154,potentiate,8,7,4.961845129926823,1.1428571428571428
2155,precise,8,8,4.8283137373023015,1.0
2156,probably,8,8,4.8283137373023015,1.0
2157,problems,8,8,4.8283137373023015,1.0
2158,procedure,8,8,4.8283137373023015,1.0
2159,project,8,7,4.961845129926823,1.1428571428571428
2160,promotion,8,6,5.115995809754082,1.3333333333333333
2161,proportion,8,7,4.961845129926823,1.1428571428571428
2162,protracted,8,2,6.214608098422191,4.0
2163,providers,8,8,4.8283137373023015,1.0
2164,quantified,8,8,4.8283137373023015,1.0
2165,ratios,8,7,4.961845129926823,1.1428571428571428
2166,reactive,8,6,5.115995809754082,1.3333333333333333
2167,recognition,8,8,4.8283137373023015,1.0
2168,regard,8,6,5.115995809754082,1.3333333333333333
2169,regression,8,7,4.961845129926823,1.1428571428571428
2170,relaxation,8,3,5.809142990314028,2.6666666666666665
2171,repeat,8,4,5.521460917862246,2.0
2172,researchers,8,8,4.8283137373023015,1.0
2173,reticulum,8,8,4.8283137373023015,1.0
2174,rna-seq,8,5,5.298317366548036,1.6
2175,rodent,8,6,5.115995809754082,1.3333333333333333
2176,sample,8,7,4.961845129926823,1.1428571428571428
2177,satiating,8,5,5.298317366548036,1.6
2178,scholar,8,8,4.8283137373023015,1.0
2179,scientific,8,8,4.8283137373023015,1.0
2180,secrete,8,7,4.961845129926823,1.1428571428571428
2181,set,8,8,4.8283137373023015,1.0
2182,simulations,8,6,5.115995809754082,1.3333333333333333
2183,sought,8,8,4.8283137373023015,1.0
2184,sources,8,7,4.961845129926823,1.1428571428571428
2185,special,8,8,4.8283137373023015,1.0
2186,stage,8,7,4.961845129926823,1.1428571428571428
2187,statistically,8,8,4.8283137373023015,1.0
2188,steatohepatitis,8,7,4.961845129926823,1.1428571428571428
2189,structurally,8,8,4.8283137373023015,1.0
2190,structured,8,8,4.8283137373023015,1.0
2191,success,8,8,4.8283137373023015,1.0
2192,suicidal,8,5,5.298317366548036,1.6
2193,suicidality,8,2,6.214608098422191,4.0
2194,summarized,8,8,4.8283137373023015,1.0
2195,supply,8,4,5.521460917862246,2.0
2196,tas,8,1,6.907755278982137,8.0
2197,technique,8,8,4.8283137373023015,1.0
2198,techniques,8,8,4.8283137373023015,1.0
2199,tm,8,4,5.521460917862246,2.0
2200,tomography,8,6,5.115995809754082,1.3333333333333333
2201,transgenic,8,7,4.961845129926823,1.1428571428571428
2202,trinetx,8,8,4.8283137373023015,1.0
2203,ultrasound,8,7,4.961845129926823,1.1428571428571428
2204,validated,8,8,4.8283137373023015,1.0
2205,variable,8,6,5.115995809754082,1.3333333333333333
2206,variant,8,5,5.298317366548036,1.6
2207,vasodilatory,8,5,5.298317366548036,1.6
2208,yield,8,8,4.8283137373023015,1.0
2209,abnormalities,7,7,4.961845129926823,1.0
2210,acetylcholine,7,6,5.115995809754082,1.1666666666666667
2211,additive,7,7,4.961845129926823,1.0
2212,adenylate,7,6,5.115995809754082,1.1666666666666667
2213,advance,7,7,4.961845129926823,1.0
2214,aiming,7,7,4.961845129926823,1.0
2215,als,7,1,6.907755278982137,7.0
2216,antagonism,7,6,5.115995809754082,1.1666666666666667
2217,antagonists,7,7,4.961845129926823,1.0
2218,anti-apoptotic,7,7,4.961845129926823,1.0
2219,anti-hyperglycemic,7,6,5.115995809754082,1.1666666666666667
2220,antiobesity,7,6,5.115995809754082,1.1666666666666667
2221,app,7,3,5.809142990314028,2.3333333333333335
2222,arc,7,2,6.214608098422191,3.5
2223,arteries,7,3,5.809142990314028,2.3333333333333335
2224,associations,7,6,5.115995809754082,1.1666666666666667
2225,atrophy,7,3,5.809142990314028,2.3333333333333335
2226,attenuate,7,7,4.961845129926823,1.0
2227,attenuation,7,6,5.115995809754082,1.1666666666666667
2228,base,7,7,4.961845129926823,1.0
2229,ber,7,3,5.809142990314028,2.3333333333333335
2230,beta-cells,7,5,5.298317366548036,1.4
2231,bioactive,7,7,4.961845129926823,1.0
2232,block,7,7,4.961845129926823,1.0
2233,bodyweight,7,5,5.298317366548036,1.4
2234,carbohydrates,7,7,4.961845129926823,1.0
2235,casein,7,4,5.521460917862246,1.75
2236,categories,7,6,5.115995809754082,1.1666666666666667
2237,causal,7,7,4.961845129926823,1.0
2238,causing,7,7,4.961845129926823,1.0
2239,cck-8,7,5,5.298317366548036,1.4
2240,cell-specific,7,5,5.298317366548036,1.4
2241,cerebellar,7,1,6.907755278982137,7.0
2242,chemistry,7,7,4.961845129926823,1.0
2243,chick,7,4,5.521460917862246,1.75
2244,chinese,7,4,5.521460917862246,1.75
2245,close,7,7,4.961845129926823,1.0
2246,closely,7,7,4.961845129926823,1.0
2247,coding,7,4,5.521460917862246,1.75
2248,coli,7,6,5.115995809754082,1.1666666666666667
2249,comorbid,7,7,4.961845129926823,1.0
2250,completed,7,7,4.961845129926823,1.0
2251,components,7,7,4.961845129926823,1.0
2252,concerning,7,7,4.961845129926823,1.0
2253,concurrent,7,7,4.961845129926823,1.0
2254,confer,7,7,4.961845129926823,1.0
2255,costs,7,7,4.961845129926823,1.0
2256,count,7,1,6.907755278982137,7.0
2257,cpe,7,1,6.907755278982137,7.0
2258,cyclase,7,6,5.115995809754082,1.1666666666666667
2259,degludec,7,5,5.298317366548036,1.4
2260,deposition,7,6,5.115995809754082,1.1666666666666667
2261,depot,7,5,5.298317366548036,1.4
2262,detail,7,7,4.961845129926823,1.0
2263,details,7,7,4.961845129926823,1.0
2264,dgat,7,1,6.907755278982137,7.0
2265,diarrhoea,7,3,5.809142990314028,2.3333333333333335
2266,differential,7,7,4.961845129926823,1.0
2267,difficult,7,6,5.115995809754082,1.1666666666666667
2268,digital,7,4,5.521460917862246,1.75
2269,display,7,7,4.961845129926823,1.0
2270,disproportionality,7,5,5.298317366548036,1.4
2271,docking,7,6,5.115995809754082,1.1666666666666667
2272,dysbiosis,7,5,5.298317366548036,1.4
2273,dysregulated,7,7,4.961845129926823,1.0
2274,efficiency,7,5,5.298317366548036,1.4
2275,elective,7,6,5.115995809754082,1.1666666666666667
2276,emergence,7,7,4.961845129926823,1.0
2277,endoscopy,7,5,5.298317366548036,1.4
2278,engagement,7,7,4.961845129926823,1.0
2279,episodes,7,6,5.115995809754082,1.1666666666666667
2280,erk,7,7,4.961845129926823,1.0
2281,errors,7,4,5.521460917862246,1.75
2282,euglycemic,7,2,6.214608098422191,3.5
2283,evidence-based,7,7,4.961845129926823,1.0
2284,examining,7,7,4.961845129926823,1.0
2285,excess,7,6,5.115995809754082,1.1666666666666667
2286,exploration,7,7,4.961845129926823,1.0
2287,expressions,7,4,5.521460917862246,1.75
2288,extraction,7,7,4.961845129926823,1.0
2289,extrapancreatic,7,7,4.961845129926823,1.0
2290,face,7,7,4.961845129926823,1.0
2291,facial,7,3,5.809142990314028,2.3333333333333335
2292,fast,7,7,4.961845129926823,1.0
2293,favourable,7,7,4.961845129926823,1.0
2294,feed,7,2,6.214608098422191,3.5
2295,females,7,4,5.521460917862246,1.75
2296,filtration,7,7,4.961845129926823,1.0
2297,find,7,7,4.961845129926823,1.0
2298,fluid,7,7,4.961845129926823,1.0
2299,foods,7,6,5.115995809754082,1.1666666666666667
2300,formed,7,6,5.115995809754082,1.1666666666666667
2301,functionally,7,7,4.961845129926823,1.0
2302,gaba,7,2,6.214608098422191,3.5
2303,gel,7,6,5.115995809754082,1.1666666666666667
2304,give,7,6,5.115995809754082,1.1666666666666667
2305,globally,7,7,4.961845129926823,1.0
2306,hd,7,1,6.907755278982137,7.0
2307,high-dose,7,4,5.521460917862246,1.75
2308,hours,7,6,5.115995809754082,1.1666666666666667
2309,hr,7,5,5.298317366548036,1.4
2310,hybrid,7,6,5.115995809754082,1.1666666666666667
2311,illustrate,7,7,4.961845129926823,1.0
2312,impairments,7,5,5.298317366548036,1.4
2313,impairs,7,7,4.961845129926823,1.0
2314,imperative,7,7,4.961845129926823,1.0
2315,ins-1,7,6,5.115995809754082,1.1666666666666667
2316,integrity,7,7,4.961845129926823,1.0
2317,intestines,7,6,5.115995809754082,1.1666666666666667
2318,involve,7,6,5.115995809754082,1.1666666666666667
2319,ip,7,5,5.298317366548036,1.4
2320,jugular,7,3,5.809142990314028,2.3333333333333335
2321,kcal,7,6,5.115995809754082,1.1666666666666667
2322,kt,7,2,6.214608098422191,3.5
2323,lacking,7,6,5.115995809754082,1.1666666666666667
2324,lactation,7,3,5.809142990314028,2.3333333333333335
2325,latter,7,7,4.961845129926823,1.0
2326,ligand,7,6,5.115995809754082,1.1666666666666667
2327,linkers,7,6,5.115995809754082,1.1666666666666667
2328,links,7,5,5.298317366548036,1.4
2329,lithium,7,4,5.521460917862246,1.75
2330,lose,7,7,4.961845129926823,1.0
2331,lot,7,7,4.961845129926823,1.0
2332,ly,7,5,5.298317366548036,1.4
2333,made,7,7,4.961845129926823,1.0
2334,matching,7,6,5.115995809754082,1.1666666666666667
2335,maternal,7,3,5.809142990314028,2.3333333333333335
2336,maximum,7,5,5.298317366548036,1.4
2337,mcas,7,1,6.907755278982137,7.0
2338,mechanical,7,5,5.298317366548036,1.4
2339,mediates,7,7,4.961845129926823,1.0
2340,modern,7,6,5.115995809754082,1.1666666666666667
2341,modifying,7,7,4.961845129926823,1.0
2342,mp,7,1,6.907755278982137,7.0
2343,msg,7,1,6.907755278982137,7.0
2344,mucosa,7,6,5.115995809754082,1.1666666666666667
2345,mucus,7,3,5.809142990314028,2.3333333333333335
2346,multidisciplinary,7,5,5.298317366548036,1.4
2347,nanoparticles,7,3,5.809142990314028,2.3333333333333335
2348,natriuresis,7,6,5.115995809754082,1.1666666666666667
2349,nature,7,7,4.961845129926823,1.0
2350,necrosis,7,6,5.115995809754082,1.1666666666666667
2351,neurobiological,7,7,4.961845129926823,1.0
2352,neuroendocrine,7,6,5.115995809754082,1.1666666666666667
2353,neuron,7,5,5.298317366548036,1.4
2354,neuropeptide,7,7,4.961845129926823,1.0
2355,nicotine,7,4,5.521460917862246,1.75
2356,non-specific,7,5,5.298317366548036,1.4
2357,nonalcoholic,7,6,5.115995809754082,1.1666666666666667
2358,none,7,5,5.298317366548036,1.4
2359,noted,7,7,4.961845129926823,1.0
2360,noteworthy,7,7,4.961845129926823,1.0
2361,nuclear,7,7,4.961845129926823,1.0
2362,oa,7,2,6.214608098422191,3.5
2363,off-label,7,6,5.115995809754082,1.1666666666666667
2364,old,7,5,5.298317366548036,1.4
2365,opportunities,7,6,5.115995809754082,1.1666666666666667
2366,opportunity,7,7,4.961845129926823,1.0
2367,osteogenic,7,3,5.809142990314028,2.3333333333333335
2368,pams,7,4,5.521460917862246,1.75
2369,paraventricular,7,7,4.961845129926823,1.0
2370,pcr,7,7,4.961845129926823,1.0
2371,pcsk,7,6,5.115995809754082,1.1666666666666667
2372,pediatric,7,5,5.298317366548036,1.4
2373,peptidase-iv,7,7,4.961845129926823,1.0
2374,perception,7,4,5.521460917862246,1.75
2375,persons,7,5,5.298317366548036,1.4
2376,pituitary,7,5,5.298317366548036,1.4
2377,pji,7,2,6.214608098422191,3.5
2378,plasticity,7,6,5.115995809754082,1.1666666666666667
2379,polypeptides,7,3,5.809142990314028,2.3333333333333335
2380,positioned,7,5,5.298317366548036,1.4
2381,positions,7,7,4.961845129926823,1.0
2382,post-prandial,7,5,5.298317366548036,1.4
2383,postoperatively,7,6,5.115995809754082,1.1666666666666667
2384,preferred,7,7,4.961845129926823,1.0
2385,prepared,7,7,4.961845129926823,1.0
2386,prominent,7,7,4.961845129926823,1.0
2387,protected,7,6,5.115995809754082,1.1666666666666667
2388,proteolytic,7,7,4.961845129926823,1.0
2389,publications,7,7,4.961845129926823,1.0
2390,putative,7,7,4.961845129926823,1.0
2391,qualitative,7,3,5.809142990314028,2.3333333333333335
2392,quinine,7,1,6.907755278982137,7.0
2393,ramadan,7,1,6.907755278982137,7.0
2394,reaching,7,4,5.521460917862246,1.75
2395,recognised,7,6,5.115995809754082,1.1666666666666667
2396,reflex,7,3,5.809142990314028,2.3333333333333335
2397,remodeling,7,6,5.115995809754082,1.1666666666666667
2398,reoperation,7,2,6.214608098422191,3.5
2399,requirements,7,6,5.115995809754082,1.1666666666666667
2400,residue,7,6,5.115995809754082,1.1666666666666667
2401,resonance,7,7,4.961845129926823,1.0
2402,responsiveness,7,7,4.961845129926823,1.0
2403,restriction,7,6,5.115995809754082,1.1666666666666667
2404,reversed,7,7,4.961845129926823,1.0
2405,rr,7,4,5.521460917862246,1.75
2406,sad,7,2,6.214608098422191,3.5
2407,scgn,7,1,6.907755278982137,7.0
2408,segments,7,4,5.521460917862246,1.75
2409,selectively,7,7,4.961845129926823,1.0
2410,sensitive,7,7,4.961845129926823,1.0
2411,separate,7,7,4.961845129926823,1.0
2412,sequences,7,6,5.115995809754082,1.1666666666666667
2413,sequencing,7,6,5.115995809754082,1.1666666666666667
2414,sham,7,5,5.298317366548036,1.4
2415,source,7,6,5.115995809754082,1.1666666666666667
2416,spectrometry,7,7,4.961845129926823,1.0
2417,spontaneous,7,6,5.115995809754082,1.1666666666666667
2418,stratified,7,7,4.961845129926823,1.0
2419,subcutaneously,7,6,5.115995809754082,1.1666666666666667
2420,sucrose,7,4,5.521460917862246,1.75
2421,surgeries,7,7,4.961845129926823,1.0
2422,surrounding,7,7,4.961845129926823,1.0
2423,swallowing,7,1,6.907755278982137,7.0
2424,sympathetic,7,6,5.115995809754082,1.1666666666666667
2425,syndromes,7,4,5.521460917862246,1.75
2426,synergistically,7,7,4.961845129926823,1.0
2427,synthesize,7,7,4.961845129926823,1.0
2428,technologies,7,3,5.809142990314028,2.3333333333333335
2429,technology,7,7,4.961845129926823,1.0
2430,temporal,7,6,5.115995809754082,1.1666666666666667
2431,terminals,7,3,5.809142990314028,2.3333333333333335
2432,tglp-1,7,3,5.809142990314028,2.3333333333333335
2433,th,7,6,5.115995809754082,1.1666666666666667
2434,third,7,7,4.961845129926823,1.0
2435,titration,7,6,5.115995809754082,1.1666666666666667
2436,tka,7,1,6.907755278982137,7.0
2437,transcription,7,5,5.298317366548036,1.4
2438,transmembrane,7,7,4.961845129926823,1.0
2439,transmission,7,6,5.115995809754082,1.1666666666666667
2440,transport,7,3,5.809142990314028,2.3333333333333335
2441,trend,7,6,5.115995809754082,1.1666666666666667
2442,tyrosine,7,5,5.298317366548036,1.4
2443,uk,7,4,5.521460917862246,1.75
2444,ultimately,7,7,4.961845129926823,1.0
2445,unlike,7,7,4.961845129926823,1.0
2446,utilizing,7,7,4.961845129926823,1.0
2447,variation,7,7,4.961845129926823,1.0
2448,varied,7,7,4.961845129926823,1.0
2449,varying,7,7,4.961845129926823,1.0
2450,vasculature,7,7,4.961845129926823,1.0
2451,visual,7,4,5.521460917862246,1.75
2452,w,7,4,5.521460917862246,1.75
2453,wd,7,1,6.907755278982137,7.0
2454,whose,7,6,5.115995809754082,1.1666666666666667
2455,x,7,6,5.115995809754082,1.1666666666666667
2456,xenin-8-gln,7,1,6.907755278982137,7.0
2457,yielded,7,7,4.961845129926823,1.0
2458,zp,7,1,6.907755278982137,7.0
2459,abnormal,6,5,5.298317366548036,1.2
2460,above,6,6,5.115995809754082,1.0
2461,accordingly,6,6,5.115995809754082,1.0
2462,accounting,6,6,5.115995809754082,1.0
2463,acidic,6,6,5.115995809754082,1.0
2464,acne,6,1,6.907755278982137,6.0
2465,added,6,6,5.115995809754082,1.0
2466,addressed,6,6,5.115995809754082,1.0
2467,advancements,6,6,5.115995809754082,1.0
2468,aes,6,2,6.214608098422191,3.0
2469,age-related,6,4,5.521460917862246,1.5
2470,algorithm,6,6,5.115995809754082,1.0
2471,allow,6,6,5.115995809754082,1.0
2472,ameliorate,6,6,5.115995809754082,1.0
2473,ameliorating,6,6,5.115995809754082,1.0
2474,analysed,6,6,5.115995809754082,1.0
2475,aneurysm,6,1,6.907755278982137,6.0
2476,anti-glp-1,6,2,6.214608098422191,3.0
2477,anti-hyperglycaemic,6,5,5.298317366548036,1.2
2478,antidepressant,6,2,6.214608098422191,3.0
2479,anxiety,6,3,5.809142990314028,2.0
2480,around,6,6,5.115995809754082,1.0
2481,astrocytes,6,3,5.809142990314028,2.0
2482,atp,6,5,5.298317366548036,1.2
2483,atrial,6,6,5.115995809754082,1.0
2484,attenuates,6,6,5.115995809754082,1.0
2485,auc,6,3,5.809142990314028,2.0
2486,average,6,6,5.115995809754082,1.0
2487,balanced,6,6,5.115995809754082,1.0
2488,behaviour,6,6,5.115995809754082,1.0
2489,behavioural,6,3,5.809142990314028,2.0
2490,bi,6,1,6.907755278982137,6.0
2491,binge,6,3,5.809142990314028,2.0
2492,bioactivity,6,5,5.298317366548036,1.2
2493,blocking,6,6,5.115995809754082,1.0
2494,bound,6,4,5.521460917862246,1.5
2495,breakdown,6,4,5.521460917862246,1.5
2496,brief,6,6,5.115995809754082,1.0
2497,btb,6,1,6.907755278982137,6.0
2498,calculated,6,6,5.115995809754082,1.0
2499,canonical,6,5,5.298317366548036,1.2
2500,carers,6,1,6.907755278982137,6.0
2501,cav,6,2,6.214608098422191,3.0
2502,centrally,6,6,5.115995809754082,1.0
2503,changed,6,6,5.115995809754082,1.0
2504,chow,6,3,5.809142990314028,2.0
2505,circumference,6,6,5.115995809754082,1.0
2506,classical,6,4,5.521460917862246,1.5
2507,clp,6,2,6.214608098422191,3.0
2508,cm,6,3,5.809142990314028,2.0
2509,cn,6,2,6.214608098422191,3.0
2510,communication,6,4,5.521460917862246,1.5
2511,concepts,6,6,5.115995809754082,1.0
2512,conclusive,6,5,5.298317366548036,1.2
2513,conflicting,6,6,5.115995809754082,1.0
2514,conjugated,6,4,5.521460917862246,1.5
2515,conjunction,6,6,5.115995809754082,1.0
2516,consensus,6,6,5.115995809754082,1.0
2517,consideration,6,5,5.298317366548036,1.2
2518,constrained,6,5,5.298317366548036,1.2
2519,contain,6,6,5.115995809754082,1.0
2520,contained,6,6,5.115995809754082,1.0
2521,contributed,6,6,5.115995809754082,1.0
2522,contributor,6,6,5.115995809754082,1.0
2523,controversial,6,6,5.115995809754082,1.0
2524,corresponding,6,6,5.115995809754082,1.0
2525,countries,6,6,5.115995809754082,1.0
2526,cre,6,2,6.214608098422191,3.0
2527,crop,6,1,6.907755278982137,6.0
2528,cutaneous,6,3,5.809142990314028,2.0
2529,cycle,6,4,5.521460917862246,1.5
2530,deleterious,6,6,5.115995809754082,1.0
2531,depletion,6,6,5.115995809754082,1.0
2532,dermatologic,6,2,6.214608098422191,3.0
2533,determinants,6,5,5.298317366548036,1.2
2534,diastolic,6,3,5.809142990314028,2.0
2535,discontinuing,6,6,5.115995809754082,1.0
2536,disease-modifying,6,5,5.298317366548036,1.2
2537,diurnal,6,2,6.214608098422191,3.0
2538,divided,6,6,5.115995809754082,1.0
2539,dn,6,1,6.907755278982137,6.0
2540,donors,6,2,6.214608098422191,3.0
2541,down,6,6,5.115995809754082,1.0
2542,dramatically,6,6,5.115995809754082,1.0
2543,drawn,6,6,5.115995809754082,1.0
2544,ds,6,1,6.907755278982137,6.0
2545,e-glp-1,6,2,6.214608098422191,3.0
2546,ed,6,2,6.214608098422191,3.0
2547,edema,6,2,6.214608098422191,3.0
2548,eds,6,2,6.214608098422191,3.0
2549,egia,6,1,6.907755278982137,6.0
2550,emphasize,6,6,5.115995809754082,1.0
2551,emphasized,6,6,5.115995809754082,1.0
2552,emphasizing,6,6,5.115995809754082,1.0
2553,enabling,6,6,5.115995809754082,1.0
2554,encounter,6,5,5.298317366548036,1.2
2555,endometrial,6,1,6.907755278982137,6.0
2556,enteral,6,6,5.115995809754082,1.0
2557,epidemiological,6,6,5.115995809754082,1.0
2558,equitable,6,6,5.115995809754082,1.0
2559,escalation,6,5,5.298317366548036,1.2
2560,every,6,6,5.115995809754082,1.0
2561,excitatory,6,5,5.298317366548036,1.2
2562,exclusively,6,6,5.115995809754082,1.0
2563,excretion,6,5,5.298317366548036,1.2
2564,excursion,6,5,5.298317366548036,1.2
2565,existence,6,6,5.115995809754082,1.0
2566,facilitates,6,6,5.115995809754082,1.0
2567,fewer,6,6,5.115995809754082,1.0
2568,fibrillation,6,6,5.115995809754082,1.0
2569,fixed,6,3,5.809142990314028,2.0
2570,fodmap,6,1,6.907755278982137,6.0
2571,fractions,6,1,6.907755278982137,6.0
2572,fragment,6,6,5.115995809754082,1.0
2573,frcs,6,2,6.214608098422191,3.0
2574,gastroenterologists,6,1,6.907755278982137,6.0
2575,genotype,6,3,5.809142990314028,2.0
2576,glands,6,5,5.298317366548036,1.2
2577,glar,6,1,6.907755278982137,6.0
2578,glomerular,6,5,5.298317366548036,1.2
2579,glp-1-immunoreactive,6,3,5.809142990314028,2.0
2580,glp-1-mediated,6,5,5.298317366548036,1.2
2581,glp-1a,6,2,6.214608098422191,3.0
2582,glp-1rx,6,1,6.907755278982137,6.0
2583,glu,6,4,5.521460917862246,1.5
2584,glucotoxicity,6,4,5.521460917862246,1.5
2585,glycosylated,6,6,5.115995809754082,1.0
2586,glypin,6,1,6.907755278982137,6.0
2587,go,6,4,5.521460917862246,1.5
2588,gq,6,3,5.809142990314028,2.0
2589,gsk-3,6,3,5.809142990314028,2.0
2590,healthier,6,4,5.521460917862246,1.5
2591,helix,6,5,5.298317366548036,1.2
2592,hgb,6,1,6.907755278982137,6.0
2593,hgpr,6,2,6.214608098422191,3.0
2594,histological,6,6,5.115995809754082,1.0
2595,historically,6,6,5.115995809754082,1.0
2596,hospitalization,6,5,5.298317366548036,1.2
2597,hsa,6,2,6.214608098422191,3.0
2598,identifies,6,6,5.115995809754082,1.0
2599,inappropriate,6,3,5.809142990314028,2.0
2600,inconsistent,6,6,5.115995809754082,1.0
2601,incorporating,6,6,5.115995809754082,1.0
2602,indication,6,3,5.809142990314028,2.0
2603,infections,6,3,5.809142990314028,2.0
2604,influences,6,6,5.115995809754082,1.0
2605,insulinomas,6,3,5.809142990314028,2.0
2606,intensive,6,6,5.115995809754082,1.0
2607,interconnected,6,6,5.115995809754082,1.0
2608,intravenously,6,6,5.115995809754082,1.0
2609,introducing,6,6,5.115995809754082,1.0
2610,invasive,6,6,5.115995809754082,1.0
2611,ion,6,6,5.115995809754082,1.0
2612,iri,6,1,6.907755278982137,6.0
2613,itself,6,6,5.115995809754082,1.0
2614,ketone,6,5,5.298317366548036,1.2
2615,knee,6,3,5.809142990314028,2.0
2616,la,6,1,6.907755278982137,6.0
2617,late,6,3,5.809142990314028,2.0
2618,layer,6,4,5.521460917862246,1.5
2619,licensed,6,6,5.115995809754082,1.0
2620,life-threatening,6,6,5.115995809754082,1.0
2621,lifespan,6,4,5.521460917862246,1.5
2622,lina,6,1,6.907755278982137,6.0
2623,linear,6,6,5.115995809754082,1.0
2624,lipolysis,6,4,5.521460917862246,1.5
2625,lipotoxicity,6,5,5.298317366548036,1.2
2626,ll-glp1,6,1,6.907755278982137,6.0
2627,loaded,6,1,6.907755278982137,6.0
2628,lymph,6,2,6.214608098422191,3.0
2629,lysosomal,6,4,5.521460917862246,1.5
2630,macrophages,6,4,5.521460917862246,1.5
2631,macrovascular,6,6,5.115995809754082,1.0
2632,mediator,6,5,5.298317366548036,1.2
2633,meet,6,6,5.115995809754082,1.0
2634,messenger,6,6,5.115995809754082,1.0
2635,metformin-treated,6,2,6.214608098422191,3.0
2636,microcirculation,6,3,5.809142990314028,2.0
2637,microdosing,6,2,6.214608098422191,3.0
2638,microscopy,6,6,5.115995809754082,1.0
2639,minimize,6,5,5.298317366548036,1.2
2640,mitigation,6,6,5.115995809754082,1.0
2641,mle,6,1,6.907755278982137,6.0
2642,mode,6,6,5.115995809754082,1.0
2643,modes,6,6,5.115995809754082,1.0
2644,modify,6,6,5.115995809754082,1.0
2645,monotherapy,6,5,5.298317366548036,1.2
2646,muscarinic,6,5,5.298317366548036,1.2
2647,nds,6,2,6.214608098422191,3.0
2648,negatively,6,6,5.115995809754082,1.0
2649,neonates,6,2,6.214608098422191,3.0
2650,neuropsychiatric,6,3,5.809142990314028,2.0
2651,nine,6,6,5.115995809754082,1.0
2652,nmr,6,6,5.115995809754082,1.0
2653,nnc,6,2,6.214608098422191,3.0
2654,non-alcoholic,6,6,5.115995809754082,1.0
2655,nt,6,1,6.907755278982137,6.0
2656,observation,6,5,5.298317366548036,1.2
2657,obstruction,6,6,5.115995809754082,1.0
2658,once-daily,6,6,5.115995809754082,1.0
2659,online,6,5,5.298317366548036,1.2
2660,orexin-a,6,1,6.907755278982137,6.0
2661,organization,6,5,5.298317366548036,1.2
2662,orlistat,6,3,5.809142990314028,2.0
2663,oxide,6,5,5.298317366548036,1.2
2664,patent,6,3,5.809142990314028,2.0
2665,perk,6,3,5.809142990314028,2.0
2666,permeability,6,6,5.115995809754082,1.0
2667,persist,6,6,5.115995809754082,1.0
2668,personalized,6,6,5.115995809754082,1.0
2669,pma,6,2,6.214608098422191,3.0
2670,pmg,6,2,6.214608098422191,3.0
2671,point,6,6,5.115995809754082,1.0
2672,popular,6,6,5.115995809754082,1.0
2673,popularity,6,6,5.115995809754082,1.0
2674,poses,6,6,5.115995809754082,1.0
2675,possibility,6,5,5.298317366548036,1.2
2676,potentiated,6,6,5.115995809754082,1.0
2677,potentiates,6,6,5.115995809754082,1.0
2678,potentiation,6,6,5.115995809754082,1.0
2679,pre,6,5,5.298317366548036,1.2
2680,preference,6,3,5.809142990314028,2.0
2681,premature,6,6,5.115995809754082,1.0
2682,preparation,6,6,5.115995809754082,1.0
2683,presentation,6,6,5.115995809754082,1.0
2684,presenting,6,6,5.115995809754082,1.0
2685,preservation,6,6,5.115995809754082,1.0
2686,preserve,6,5,5.298317366548036,1.2
2687,preserving,6,6,5.115995809754082,1.0
2688,probes,6,5,5.298317366548036,1.2
2689,probiotic,6,5,5.298317366548036,1.2
2690,procyanidins,6,3,5.809142990314028,2.0
2691,protects,6,6,5.115995809754082,1.0
2692,protocols,6,6,5.115995809754082,1.0
2693,ps,6,3,5.809142990314028,2.0
2694,ptl,6,1,6.907755278982137,6.0
2695,quantification,6,5,5.298317366548036,1.2
2696,radiolabeled,6,6,5.115995809754082,1.0
2697,raise,6,6,5.115995809754082,1.0
2698,raises,6,6,5.115995809754082,1.0
2699,randomised,6,6,5.115995809754082,1.0
2700,rational,6,6,5.115995809754082,1.0
2701,rcr,6,2,6.214608098422191,3.0
2702,receive,6,6,5.115995809754082,1.0
2703,recommend,6,6,5.115995809754082,1.0
2704,recovery,6,6,5.115995809754082,1.0
2705,recurrence,6,3,5.809142990314028,2.0
2706,reference,6,6,5.115995809754082,1.0
2707,referred,6,6,5.115995809754082,1.0
2708,repeated,6,5,5.298317366548036,1.2
2709,respect,6,6,5.115995809754082,1.0
2710,retained,6,6,5.115995809754082,1.0
2711,reveals,6,5,5.298317366548036,1.2
2712,rglp-1,6,2,6.214608098422191,3.0
2713,rna,6,6,5.115995809754082,1.0
2714,rolgg,6,1,6.907755278982137,6.0
2715,rp,6,1,6.907755278982137,6.0
2716,rt-pcr,6,6,5.115995809754082,1.0
2717,sar,6,2,6.214608098422191,3.0
2718,sarcopenia,6,4,5.521460917862246,1.5
2719,sc,6,2,6.214608098422191,3.0
2720,scale,6,6,5.115995809754082,1.0
2721,scd,6,1,6.907755278982137,6.0
2722,scn,6,2,6.214608098422191,3.0
2723,searches,6,6,5.115995809754082,1.0
2724,secreting,6,6,5.115995809754082,1.0
2725,sections,6,5,5.298317366548036,1.2
2726,self-assembling,6,1,6.907755278982137,6.0
2727,sense,6,6,5.115995809754082,1.0
2728,sensing,6,6,5.115995809754082,1.0
2729,sensory,6,6,5.115995809754082,1.0
2730,shared,6,6,5.115995809754082,1.0
2731,sheep,6,2,6.214608098422191,3.0
2732,short-acting,6,5,5.298317366548036,1.2
2733,sirt,6,3,5.809142990314028,2.0
2734,slowing,6,6,5.115995809754082,1.0
2735,society,6,6,5.115995809754082,1.0
2736,socioeconomic,6,5,5.298317366548036,1.2
2737,south,6,1,6.907755278982137,6.0
2738,specificity,6,6,5.115995809754082,1.0
2739,step,6,6,5.115995809754082,1.0
2740,strains,6,4,5.521460917862246,1.5
2741,studying,6,6,5.115995809754082,1.0
2742,successful,6,6,5.115995809754082,1.0
2743,sulfonylureas,6,3,5.809142990314028,2.0
2744,supplementation,6,2,6.214608098422191,3.0
2745,surprisingly,6,6,5.115995809754082,1.0
2746,survey,6,3,5.809142990314028,2.0
2747,susceptibility,6,5,5.298317366548036,1.2
2748,synthase,6,6,5.115995809754082,1.0
2749,systolic,6,5,5.298317366548036,1.2
2750,taurine,6,2,6.214608098422191,3.0
2751,ten,6,6,5.115995809754082,1.0
2752,testicular,6,2,6.214608098422191,3.0
2753,tfr,6,1,6.907755278982137,6.0
2754,tg,6,3,5.809142990314028,2.0
2755,thorough,6,6,5.115995809754082,1.0
2756,timing,6,4,5.521460917862246,1.5
2757,too,6,6,5.115995809754082,1.0
2758,tracer,6,5,5.298317366548036,1.2
2759,tractus,6,6,5.115995809754082,1.0
2760,training,6,6,5.115995809754082,1.0
2761,transduction,6,6,5.115995809754082,1.0
2762,translocation,6,3,5.809142990314028,2.0
2763,transporter,6,5,5.298317366548036,1.2
2764,twelve,6,6,5.115995809754082,1.0
2765,twice,6,4,5.521460917862246,1.5
2766,tzp,6,1,6.907755278982137,6.0
2767,underscore,6,6,5.115995809754082,1.0
2768,upregulated,6,6,5.115995809754082,1.0
2769,urgently,6,6,5.115995809754082,1.0
2770,usi,6,1,6.907755278982137,6.0
2771,variants,6,4,5.521460917862246,1.5
2772,vector,6,4,5.521460917862246,1.5
2773,view,6,6,5.115995809754082,1.0
2774,vildagliptin,6,1,6.907755278982137,6.0
2775,waist,6,6,5.115995809754082,1.0
2776,wat,6,1,6.907755278982137,6.0
2777,weight-lowering,6,4,5.521460917862246,1.5
2778,white,6,6,5.115995809754082,1.0
2779,wistar,6,5,5.298317366548036,1.2
2780,yields,6,6,5.115995809754082,1.0
2781,absent,5,5,5.298317366548036,1.0
2782,accidental,5,1,6.907755278982137,5.0
2783,accumulating,5,5,5.298317366548036,1.0
2784,actin,5,3,5.809142990314028,1.6666666666666667
2785,adaptive,5,4,5.521460917862246,1.25
2786,adhesion,5,5,5.298317366548036,1.0
2787,adipocytes,5,4,5.521460917862246,1.25
2788,adiponectin,5,3,5.809142990314028,1.6666666666666667
2789,adjustment,5,5,5.298317366548036,1.0
2790,adopted,5,5,5.298317366548036,1.0
2791,adrenaline,5,1,6.907755278982137,5.0
2792,adrenoceptor,5,2,6.214608098422191,2.5
2793,advantageous,5,5,5.298317366548036,1.0
2794,affinities,5,3,5.809142990314028,1.6666666666666667
2795,aged,5,5,5.298317366548036,1.0
2796,agopams,5,1,6.907755278982137,5.0
2797,alleviate,5,5,5.298317366548036,1.0
2798,alleviates,5,5,5.298317366548036,1.0
2799,alopecia,5,3,5.809142990314028,1.6666666666666667
2800,alteration,5,5,5.298317366548036,1.0
2801,alters,5,4,5.521460917862246,1.25
2802,anorexic,5,4,5.521460917862246,1.25
2803,anti-cd3,5,1,6.907755278982137,5.0
2804,antibodies,5,2,6.214608098422191,2.5
2805,anticipated,5,5,5.298317366548036,1.0
2806,antihyperglycaemic,5,5,5.298317366548036,1.0
2807,antioxidant,5,4,5.521460917862246,1.25
2808,apd,5,1,6.907755278982137,5.0
2809,ape,5,2,6.214608098422191,2.5
2810,arcuate,5,5,5.298317366548036,1.0
2811,arise,5,5,5.298317366548036,1.0
2812,arr,5,1,6.907755278982137,5.0
2813,array,5,5,5.298317366548036,1.0
2814,arrestin,5,5,5.298317366548036,1.0
2815,asian,5,3,5.809142990314028,1.6666666666666667
2816,asians,5,2,6.214608098422191,2.5
2817,assembly,5,5,5.298317366548036,1.0
2818,asymptomatic,5,3,5.809142990314028,1.6666666666666667
2819,augmented,5,4,5.521460917862246,1.25
2820,autonomic,5,5,5.298317366548036,1.0
2821,avenues,5,5,5.298317366548036,1.0
2822,avoiding,5,4,5.521460917862246,1.25
2823,avp,5,1,6.907755278982137,5.0
2824,awareness,5,5,5.298317366548036,1.0
2825,binge-eating,5,2,6.214608098422191,2.5
2826,briefly,5,5,5.298317366548036,1.0
2827,broadly,5,5,5.298317366548036,1.0
2828,buffer,5,4,5.521460917862246,1.25
2829,bw,5,1,6.907755278982137,5.0
2830,bydureon,5,3,5.809142990314028,1.6666666666666667
2831,byetta,5,5,5.298317366548036,1.0
2832,cafeteria,5,2,6.214608098422191,2.5
2833,cardiomyopathy,5,3,5.809142990314028,1.6666666666666667
2834,caregivers,5,1,6.907755278982137,5.0
2835,carriers,5,4,5.521460917862246,1.25
2836,catheter,5,4,5.521460917862246,1.25
2837,cck-1,5,1,6.907755278982137,5.0
2838,cf,5,2,6.214608098422191,2.5
2839,cfvr,5,1,6.907755278982137,5.0
2840,cgm,5,2,6.214608098422191,2.5
2841,cho,5,3,5.809142990314028,1.6666666666666667
2842,clinic,5,4,5.521460917862246,1.25
2843,clinics,5,5,5.298317366548036,1.0
2844,coagonists,5,2,6.214608098422191,2.5
2845,coffee,5,1,6.907755278982137,5.0
2846,combine,5,5,5.298317366548036,1.0
2847,comparing,5,4,5.521460917862246,1.25
2848,comparisons,5,5,5.298317366548036,1.0
2849,complement,5,5,5.298317366548036,1.0
2850,complicated,5,5,5.298317366548036,1.0
2851,composed,5,5,5.298317366548036,1.0
2852,conjugation,5,4,5.521460917862246,1.25
2853,constant,5,5,5.298317366548036,1.0
2854,constipation,5,4,5.521460917862246,1.25
2855,constitute,5,5,5.298317366548036,1.0
2856,continued,5,5,5.298317366548036,1.0
2857,contraception,5,3,5.809142990314028,1.6666666666666667
2858,contribution,5,5,5.298317366548036,1.0
2859,contributions,5,5,5.298317366548036,1.0
2860,converging,5,5,5.298317366548036,1.0
2861,corpus,5,2,6.214608098422191,2.5
2862,correlations,5,4,5.521460917862246,1.25
2863,coupling,5,5,5.298317366548036,1.0
2864,created,5,4,5.521460917862246,1.25
2865,creating,5,5,5.298317366548036,1.0
2866,crossover,5,5,5.298317366548036,1.0
2867,de,5,4,5.521460917862246,1.25
2868,decisions,5,5,5.298317366548036,1.0
2869,deeper,5,5,5.298317366548036,1.0
2870,defects,5,5,5.298317366548036,1.0
2871,deliver,5,5,5.298317366548036,1.0
2872,delivered,5,5,5.298317366548036,1.0
2873,delves,5,5,5.298317366548036,1.0
2874,depends,5,5,5.298317366548036,1.0
2875,depressive,5,2,6.214608098422191,2.5
2876,designs,5,5,5.298317366548036,1.0
2877,deterioration,5,5,5.298317366548036,1.0
2878,determination,5,5,5.298317366548036,1.0
2879,diet-fed,5,1,6.907755278982137,5.0
2880,differentiate,5,4,5.521460917862246,1.25
2881,diminished,5,5,5.298317366548036,1.0
2882,discomfort,5,5,5.298317366548036,1.0
2883,distension,5,5,5.298317366548036,1.0
2884,dl,5,4,5.521460917862246,1.25
2885,dosage,5,5,5.298317366548036,1.0
2886,double,5,5,5.298317366548036,1.0
2887,dpp-4is,5,2,6.214608098422191,2.5
2888,dramatic,5,5,5.298317366548036,1.0
2889,drive,5,5,5.298317366548036,1.0
2890,duodenum,5,5,5.298317366548036,1.0
2891,eec,5,5,5.298317366548036,1.0
2892,effectors,5,5,5.298317366548036,1.0
2893,egfr,5,3,5.809142990314028,1.6666666666666667
2894,elderly,5,4,5.521460917862246,1.25
2895,elements,5,4,5.521460917862246,1.25
2896,eli,5,4,5.521460917862246,1.25
2897,elicit,5,5,5.298317366548036,1.0
2898,eligible,5,5,5.298317366548036,1.0
2899,elimination,5,5,5.298317366548036,1.0
2900,elusive,5,5,5.298317366548036,1.0
2901,emergency,5,4,5.521460917862246,1.25
2902,emission,5,5,5.298317366548036,1.0
2903,empa,5,1,6.907755278982137,5.0
2904,enable,5,5,5.298317366548036,1.0
2905,enac,5,1,6.907755278982137,5.0
2906,encoding,5,5,5.298317366548036,1.0
2907,endorphin,5,2,6.214608098422191,2.5
2908,endosomal,5,2,6.214608098422191,2.5
2909,enhancers,5,4,5.521460917862246,1.25
2910,enzymes,5,5,5.298317366548036,1.0
2911,era,5,5,5.298317366548036,1.0
2912,eriomin,5,1,6.907755278982137,5.0
2913,establishing,5,5,5.298317366548036,1.0
2914,estrogen,5,2,6.214608098422191,2.5
2915,evolved,5,5,5.298317366548036,1.0
2916,exciting,5,5,5.298317366548036,1.0
2917,excluded,5,5,5.298317366548036,1.0
2918,experiences,5,3,5.809142990314028,1.6666666666666667
2919,explained,5,5,5.298317366548036,1.0
2920,exploited,5,5,5.298317366548036,1.0
2921,extends,5,5,5.298317366548036,1.0
2922,extension,5,5,5.298317366548036,1.0
2923,eye,5,4,5.521460917862246,1.25
2924,eyes,5,2,6.214608098422191,2.5
2925,fail,5,5,5.298317366548036,1.0
2926,fall,5,5,5.298317366548036,1.0
2927,fashion,5,5,5.298317366548036,1.0
2928,fc,5,1,6.907755278982137,5.0
2929,fertility,5,4,5.521460917862246,1.25
2930,ffas,5,2,6.214608098422191,2.5
2931,fgf,5,2,6.214608098422191,2.5
2932,fish,5,2,6.214608098422191,2.5
2933,flexibility,5,4,5.521460917862246,1.25
2934,fluorescent,5,4,5.521460917862246,1.25
2935,fundamental,5,5,5.298317366548036,1.0
2936,gabaergic,5,5,5.298317366548036,1.0
2937,gabapentin,5,2,6.214608098422191,2.5
2938,gastrectomy,5,5,5.298317366548036,1.0
2939,gcg-13,5,1,6.907755278982137,5.0
2940,generalized,5,2,6.214608098422191,2.5
2941,ghs-r1a,5,2,6.214608098422191,2.5
2942,girls,5,1,6.907755278982137,5.0
2943,gland,5,4,5.521460917862246,1.25
2944,glial,5,4,5.521460917862246,1.25
2945,glp-1-glu-pal,5,1,6.907755278982137,5.0
2946,glp-1-ir,5,1,6.907755278982137,5.0
2947,glp-1-r,5,3,5.809142990314028,1.6666666666666667
2948,glucocorticoids,5,1,6.907755278982137,5.0
2949,glutamatergic,5,5,5.298317366548036,1.0
2950,grade,5,4,5.521460917862246,1.25
2951,grp-29,5,1,6.907755278982137,5.0
2952,gs,5,3,5.809142990314028,1.6666666666666667
2953,head-to-head,5,4,5.521460917862246,1.25
2954,hip,5,2,6.214608098422191,2.5
2955,histology,5,3,5.809142990314028,1.6666666666666667
2956,host,5,3,5.809142990314028,1.6666666666666667
2957,hpvg,5,1,6.907755278982137,5.0
2958,hyperglycemic,5,5,5.298317366548036,1.0
2959,hyperlipidemia,5,4,5.521460917862246,1.25
2960,hypothesize,5,5,5.298317366548036,1.0
2961,hypoxia,5,4,5.521460917862246,1.25
2962,ibs,5,1,6.907755278982137,5.0
2963,il-1,5,3,5.809142990314028,1.6666666666666667
2964,illness,5,4,5.521460917862246,1.25
2965,ilmv,5,1,6.907755278982137,5.0
2966,immunocytochemistry,5,5,5.298317366548036,1.0
2967,immunomodulatory,5,5,5.298317366548036,1.0
2968,in-depth,5,5,5.298317366548036,1.0
2969,inactive,5,5,5.298317366548036,1.0
2970,infertility,5,4,5.521460917862246,1.25
2971,initiated,5,5,5.298317366548036,1.0
2972,insulin-producing,5,3,5.809142990314028,1.6666666666666667
2973,integrates,5,5,5.298317366548036,1.0
2974,inter-individual,5,3,5.809142990314028,1.6666666666666667
2975,intranasal,5,1,6.907755278982137,5.0
2976,ischaemia,5,3,5.809142990314028,1.6666666666666667
2977,items,5,5,5.298317366548036,1.0
2978,japanese,5,4,5.521460917862246,1.25
2979,jejunum,5,5,5.298317366548036,1.0
2980,just,5,4,5.521460917862246,1.25
2981,kinases,5,5,5.298317366548036,1.0
2982,l-phenylalanine,5,1,6.907755278982137,5.0
2983,lactobacillus,5,4,5.521460917862246,1.25
2984,lactococcus,5,5,5.298317366548036,1.0
2985,language,5,4,5.521460917862246,1.25
2986,largest,5,5,5.298317366548036,1.0
2987,lateral,5,5,5.298317366548036,1.0
2988,length,5,4,5.521460917862246,1.25
2989,libraries,5,3,5.809142990314028,1.6666666666666667
2990,lilly,5,4,5.521460917862246,1.25
2991,lipoprotein,5,4,5.521460917862246,1.25
2992,liquid,5,5,5.298317366548036,1.0
2993,ll-uk200,5,1,6.907755278982137,5.0
2994,localisation,5,2,6.214608098422191,2.5
2995,locomotor,5,2,6.214608098422191,2.5
2996,long-lasting,5,4,5.521460917862246,1.25
2997,lowest,5,4,5.521460917862246,1.25
2998,lsi,5,1,6.907755278982137,5.0
2999,lumen,5,5,5.298317366548036,1.0
3000,lysine,5,5,5.298317366548036,1.0
3001,macrophage,5,3,5.809142990314028,1.6666666666666667
3002,magnitude,5,5,5.298317366548036,1.0
3003,maintained,5,5,5.298317366548036,1.0
3004,malignancies,5,5,5.298317366548036,1.0
3005,managed,5,2,6.214608098422191,2.5
3006,manipulation,5,4,5.521460917862246,1.25
3007,mapk,5,3,5.809142990314028,1.6666666666666667
3008,mapping,5,5,5.298317366548036,1.0
3009,march,5,5,5.298317366548036,1.0
3010,marker,5,4,5.521460917862246,1.25
3011,matched,5,4,5.521460917862246,1.25
3012,mcc,5,1,6.907755278982137,5.0
3013,meaningful,5,5,5.298317366548036,1.0
3014,measure,5,5,5.298317366548036,1.0
3015,mediators,5,5,5.298317366548036,1.0
3016,member,5,5,5.298317366548036,1.0
3017,membranes,5,4,5.521460917862246,1.25
3018,microglial,5,3,5.809142990314028,1.6666666666666667
3019,migration,5,3,5.809142990314028,1.6666666666666667
3020,mild,5,5,5.298317366548036,1.0
3021,mitchell-riley,5,1,6.907755278982137,5.0
3022,mol,5,2,6.214608098422191,2.5
3023,multi-agonists,5,3,5.809142990314028,1.6666666666666667
3024,musculoskeletal,5,4,5.521460917862246,1.25
3025,myeloid,5,2,6.214608098422191,2.5
3026,ndps,5,1,6.907755278982137,5.0
3027,near,5,5,5.298317366548036,1.0
3028,nesfatin-1,5,1,6.907755278982137,5.0
3029,net,5,3,5.809142990314028,1.6666666666666667
3030,neurogenesis,5,5,5.298317366548036,1.0
3031,neuropathological,5,4,5.521460917862246,1.25
3032,neutral,5,5,5.298317366548036,1.0
3033,nevertheless,5,5,5.298317366548036,1.0
3034,next-generation,5,4,5.521460917862246,1.25
3035,ngt,5,1,6.907755278982137,5.0
3036,nifedipine,5,2,6.214608098422191,2.5
3037,nordisk,5,5,5.298317366548036,1.0
3038,normalization,5,4,5.521460917862246,1.25
3039,novo,5,5,5.298317366548036,1.0
3040,ones,5,4,5.521460917862246,1.25
3041,orthopedic,5,3,5.809142990314028,1.6666666666666667
3042,ovarian,5,4,5.521460917862246,1.25
3043,overdose,5,1,6.907755278982137,5.0
3044,papers,5,5,5.298317366548036,1.0
3045,pars,5,2,6.214608098422191,2.5
3046,particles,5,1,6.907755278982137,5.0
3047,pathologies,5,5,5.298317366548036,1.0
3048,pca,5,1,6.907755278982137,5.0
3049,peptide-based,5,4,5.521460917862246,1.25
3050,perfusate,5,4,5.521460917862246,1.25
3051,perhaps,5,5,5.298317366548036,1.0
3052,persisted,5,5,5.298317366548036,1.0
3053,phosphorylated,5,5,5.298317366548036,1.0
3054,pig,5,3,5.809142990314028,1.6666666666666667
3055,place,5,5,5.298317366548036,1.0
3056,platelet,5,1,6.907755278982137,5.0
3057,plausibility,5,4,5.521460917862246,1.25
3058,poly-gpcr,5,1,6.907755278982137,5.0
3059,positioning,5,5,5.298317366548036,1.0
3060,positron,5,5,5.298317366548036,1.0
3061,postprandially,5,5,5.298317366548036,1.0
3062,powerful,5,5,5.298317366548036,1.0
3063,preferentially,5,4,5.521460917862246,1.25
3064,prescription,5,4,5.521460917862246,1.25
3065,prevents,5,5,5.298317366548036,1.0
3066,pro,5,3,5.809142990314028,1.6666666666666667
3067,probiotic-based,5,2,6.214608098422191,2.5
3068,professionals,5,5,5.298317366548036,1.0
3069,progenitor,5,4,5.521460917862246,1.25
3070,prognosis,5,5,5.298317366548036,1.0
3071,progress,5,5,5.298317366548036,1.0
3072,prolong,5,4,5.521460917862246,1.25
3073,pronounced,5,5,5.298317366548036,1.0
3074,property,5,5,5.298317366548036,1.0
3075,proved,5,5,5.298317366548036,1.0
3076,psychological,5,5,5.298317366548036,1.0
3077,pvh,5,1,6.907755278982137,5.0
3078,pws,5,1,6.907755278982137,5.0
3079,qpcr,5,5,5.298317366548036,1.0
3080,quail,5,2,6.214608098422191,2.5
3081,quantitatively,5,5,5.298317366548036,1.0
3082,question,5,4,5.521460917862246,1.25
3083,ra-induced,5,3,5.809142990314028,1.6666666666666667
3084,raising,5,5,5.298317366548036,1.0
3085,random,5,5,5.298317366548036,1.0
3086,rapamycin,5,4,5.521460917862246,1.25
3087,re-fed,5,1,6.907755278982137,5.0
3088,reaction,5,5,5.298317366548036,1.0
3089,receptor-dependent,5,5,5.298317366548036,1.0
3090,records,5,5,5.298317366548036,1.0
3091,recruited,5,5,5.298317366548036,1.0
3092,recurrent,5,4,5.521460917862246,1.25
3093,regarded,5,5,5.298317366548036,1.0
3094,regular,5,5,5.298317366548036,1.0
3095,regulators,5,5,5.298317366548036,1.0
3096,relationships,5,5,5.298317366548036,1.0
3097,releasing,5,5,5.298317366548036,1.0
3098,reliable,5,5,5.298317366548036,1.0
3099,remarkably,5,5,5.298317366548036,1.0
3100,renoprotective,5,5,5.298317366548036,1.0
3101,replacement,5,5,5.298317366548036,1.0
3102,reprogramming,5,2,6.214608098422191,2.5
3103,restore,5,5,5.298317366548036,1.0
3104,retrieved,5,5,5.298317366548036,1.0
3105,reversing,5,5,5.298317366548036,1.0
3106,rich,5,5,5.298317366548036,1.0
3107,riper,5,1,6.907755278982137,5.0
3108,ros,5,4,5.521460917862246,1.25
3109,route,5,4,5.521460917862246,1.25
3110,sars-cov-2,5,1,6.907755278982137,5.0
3111,secretions,5,5,5.298317366548036,1.0
3112,seeking,5,4,5.521460917862246,1.25
3113,separated,5,4,5.521460917862246,1.25
3114,services,5,3,5.809142990314028,1.6666666666666667
3115,shifting,5,5,5.298317366548036,1.0
3116,short-chain,5,5,5.298317366548036,1.0
3117,sleeve,5,5,5.298317366548036,1.0
3118,slices,5,4,5.521460917862246,1.25
3119,slows,5,5,5.298317366548036,1.0
3120,solutions,5,5,5.298317366548036,1.0
3121,sp,5,1,6.907755278982137,5.0
3122,sparse,5,5,5.298317366548036,1.0
3123,spatial,5,5,5.298317366548036,1.0
3124,stem,5,5,5.298317366548036,1.0
3125,streptozotocin,5,5,5.298317366548036,1.0
3126,structure-activity,5,4,5.521460917862246,1.25
3127,subcellular,5,4,5.521460917862246,1.25
3128,subject,5,5,5.298317366548036,1.0
3129,subset,5,4,5.521460917862246,1.25
3130,substitution,5,4,5.521460917862246,1.25
3131,subunit,5,2,6.214608098422191,2.5
3132,sulfonylurea,5,5,5.298317366548036,1.0
3133,susceptible,5,5,5.298317366548036,1.0
3134,switch,5,4,5.521460917862246,1.25
3135,symptom,5,5,5.298317366548036,1.0
3136,syn,5,1,6.907755278982137,5.0
3137,tau,5,2,6.214608098422191,2.5
3138,termed,5,5,5.298317366548036,1.0
3139,therapeutically,5,5,5.298317366548036,1.0
3140,thyroiditis,5,2,6.214608098422191,2.5
3141,today,5,5,5.298317366548036,1.0
3142,tracts,5,3,5.809142990314028,1.6666666666666667
3143,traditionally,5,5,5.298317366548036,1.0
3144,transition,5,5,5.298317366548036,1.0
3145,translated,5,5,5.298317366548036,1.0
3146,transporters,5,5,5.298317366548036,1.0
3147,trigger,5,5,5.298317366548036,1.0
3148,triglycerides,5,5,5.298317366548036,1.0
3149,truncated,5,5,5.298317366548036,1.0
3150,tube,5,2,6.214608098422191,2.5
3151,tubules,5,3,5.809142990314028,1.6666666666666667
3152,underlie,5,4,5.521460917862246,1.25
3153,unlikely,5,5,5.298317366548036,1.0
3154,upregulation,5,5,5.298317366548036,1.0
3155,urgent,5,5,5.298317366548036,1.0
3156,urine,5,3,5.809142990314028,1.6666666666666667
3157,usually,5,5,5.298317366548036,1.0
3158,values,5,4,5.521460917862246,1.25
3159,vessels,5,4,5.521460917862246,1.25
3160,victoza,5,4,5.521460917862246,1.25
3161,vigibase,5,2,6.214608098422191,2.5
3162,vldl,5,1,6.907755278982137,5.0
3163,voltage-gated,5,3,5.809142990314028,1.6666666666666667
3164,vulnerable,5,5,5.298317366548036,1.0
3165,warranting,5,5,5.298317366548036,1.0
3166,well-documented,5,5,5.298317366548036,1.0
3167,whole,5,5,5.298317366548036,1.0
3168,wild,5,5,5.298317366548036,1.0
3169,window,5,3,5.809142990314028,1.6666666666666667
3170,wnt,5,3,5.809142990314028,1.6666666666666667
3171,xenopus,5,3,5.809142990314028,1.6666666666666667
3172,yielding,5,5,5.298317366548036,1.0
3173,zif-8,5,1,6.907755278982137,5.0
3174,aa,4,2,6.214608098422191,2.0
3175,aaa,4,1,6.907755278982137,4.0
3176,aberrant,4,4,5.521460917862246,1.0
3177,absolute,4,4,5.521460917862246,1.0
3178,acnes,4,1,6.907755278982137,4.0
3179,add-on,4,3,5.809142990314028,1.3333333333333333
3180,addictive,4,4,5.521460917862246,1.0
3181,adding,4,4,5.521460917862246,1.0
3182,adds,4,4,5.521460917862246,1.0
3183,adjust,4,4,5.521460917862246,1.0
3184,adoption,4,4,5.521460917862246,1.0
3185,aerobic,4,2,6.214608098422191,2.0
3186,aggressive,4,4,5.521460917862246,1.0
3187,agonist-induced,4,4,5.521460917862246,1.0
3188,ai,4,2,6.214608098422191,2.0
3189,ala,4,3,5.809142990314028,1.3333333333333333
3190,alginate-coated,4,1,6.907755278982137,4.0
3191,allowed,4,4,5.521460917862246,1.0
3192,alloxan-induced,4,2,6.214608098422191,2.0
3193,alternatives,4,4,5.521460917862246,1.0
3194,amounts,4,3,5.809142990314028,1.3333333333333333
3195,analytical,4,3,5.809142990314028,1.3333333333333333
3196,anesthesiologists,4,4,5.521460917862246,1.0
3197,angiotensin,4,3,5.809142990314028,1.3333333333333333
3198,anthropometric,4,3,5.809142990314028,1.3333333333333333
3199,anti-atherogenic,4,4,5.521460917862246,1.0
3200,antihypertensive,4,3,5.809142990314028,1.3333333333333333
3201,anxiety-like,4,1,6.907755278982137,4.0
3202,aortic,4,3,5.809142990314028,1.3333333333333333
3203,apart,4,4,5.521460917862246,1.0
3204,appeared,4,4,5.521460917862246,1.0
3205,architecture,4,3,5.809142990314028,1.3333333333333333
3206,argues,4,4,5.521460917862246,1.0
3207,arrhythmia,4,2,6.214608098422191,2.0
3208,asa,4,2,6.214608098422191,2.0
3209,ascribed,4,4,5.521460917862246,1.0
3210,assessments,4,4,5.521460917862246,1.0
3211,assist,4,4,5.521460917862246,1.0
3212,atropine,4,2,6.214608098422191,2.0
3213,attempted,4,4,5.521460917862246,1.0
3214,attempts,4,4,5.521460917862246,1.0
3215,attracted,4,4,5.521460917862246,1.0
3216,attributes,4,4,5.521460917862246,1.0
3217,augments,4,4,5.521460917862246,1.0
3218,avid,4,1,6.907755278982137,4.0
3219,avp-d,4,1,6.907755278982137,4.0
3220,aware,4,4,5.521460917862246,1.0
3221,b-cell,4,3,5.809142990314028,1.3333333333333333
3222,ba,4,2,6.214608098422191,2.0
3223,bacteria,4,2,6.214608098422191,2.0
3224,bacterial,4,4,5.521460917862246,1.0
3225,balb,4,4,5.521460917862246,1.0
3226,bc,4,1,6.907755278982137,4.0
3227,began,4,4,5.521460917862246,1.0
3228,beginning,4,4,5.521460917862246,1.0
3229,believed,4,4,5.521460917862246,1.0
3230,beta-amyloid,4,1,6.907755278982137,4.0
3231,bilateral,4,4,5.521460917862246,1.0
3232,bind,4,4,5.521460917862246,1.0
3233,binge-like,4,1,6.907755278982137,4.0
3234,bitter,4,2,6.214608098422191,2.0
3235,bodies,4,4,5.521460917862246,1.0
3236,body-composition,4,2,6.214608098422191,2.0
3237,boost,4,4,5.521460917862246,1.0
3238,br,4,1,6.907755278982137,4.0
3239,buccal,4,1,6.907755278982137,4.0
3240,burdens,4,4,5.521460917862246,1.0
3241,butyrate,4,2,6.214608098422191,2.0
3242,cadyglp,4,1,6.907755278982137,4.0
3243,called,4,4,5.521460917862246,1.0
3244,calls,4,4,5.521460917862246,1.0
3245,cardiomyocyte,4,2,6.214608098422191,2.0
3246,cardiomyocytes,4,3,5.809142990314028,1.3333333333333333
3247,carefully,4,4,5.521460917862246,1.0
3248,carry,4,4,5.521460917862246,1.0
3249,carrying,4,4,5.521460917862246,1.0
3250,category,4,4,5.521460917862246,1.0
3251,catfish,4,1,6.907755278982137,4.0
3252,cau,4,1,6.907755278982137,4.0
3253,centers,4,3,5.809142990314028,1.3333333333333333
3254,ceramide,4,2,6.214608098422191,2.0
3255,certainty,4,3,5.809142990314028,1.3333333333333333
3256,cervical,4,2,6.214608098422191,2.0
3257,chains,4,3,5.809142990314028,1.3333333333333333
3258,characterisation,4,3,5.809142990314028,1.3333333333333333
3259,child,4,1,6.907755278982137,4.0
3260,childhood,4,3,5.809142990314028,1.3333333333333333
3261,chimeras,4,2,6.214608098422191,2.0
3262,chloride,4,3,5.809142990314028,1.3333333333333333
3263,cholestatic,4,1,6.907755278982137,4.0
3264,chronically,4,3,5.809142990314028,1.3333333333333333
3265,ckd-with-sepsis,4,1,6.907755278982137,4.0
3266,cl,4,2,6.214608098422191,2.0
3267,claims,4,4,5.521460917862246,1.0
3268,classic,4,4,5.521460917862246,1.0
3269,classified,4,4,5.521460917862246,1.0
3270,clonal,4,4,5.521460917862246,1.0
3271,co-transporter,4,4,5.521460917862246,1.0
3272,co-transporter-2,4,4,5.521460917862246,1.0
3273,cocaine-induced,4,1,6.907755278982137,4.0
3274,collaborative,4,4,5.521460917862246,1.0
3275,collection,4,4,5.521460917862246,1.0
3276,commentary,4,3,5.809142990314028,1.3333333333333333
3277,community,4,4,5.521460917862246,1.0
3278,comorbidity,4,4,5.521460917862246,1.0
3279,comparators,4,3,5.809142990314028,1.3333333333333333
3280,compelling,4,4,5.521460917862246,1.0
3281,composite,4,3,5.809142990314028,1.3333333333333333
3282,compromise,4,4,5.521460917862246,1.0
3283,compromised,4,4,5.521460917862246,1.0
3284,concentration-dependent,4,4,5.521460917862246,1.0
3285,confirming,4,4,5.521460917862246,1.0
3286,conformational,4,3,5.809142990314028,1.3333333333333333
3287,congenital,4,4,5.521460917862246,1.0
3288,connections,4,3,5.809142990314028,1.3333333333333333
3289,consuming,4,3,5.809142990314028,1.3333333333333333
3290,continues,4,4,5.521460917862246,1.0
3291,contractility,4,3,5.809142990314028,1.3333333333333333
3292,contraindications,4,4,5.521460917862246,1.0
3293,counterparts,4,4,5.521460917862246,1.0
3294,covering,4,4,5.521460917862246,1.0
3295,cpap,4,4,5.521460917862246,1.0
3296,create,4,4,5.521460917862246,1.0
3297,crosstalk,4,4,5.521460917862246,1.0
3298,crypts,4,3,5.809142990314028,1.3333333333333333
3299,cultures,4,3,5.809142990314028,1.3333333333333333
3300,cumulative,4,4,5.521460917862246,1.0
3301,cycles,4,3,5.809142990314028,1.3333333333333333
3302,cysteine,4,2,6.214608098422191,2.0
3303,cytokines,4,4,5.521460917862246,1.0
3304,cytotoxicity,4,3,5.809142990314028,1.3333333333333333
3305,da,4,3,5.809142990314028,1.3333333333333333
3306,dala,4,1,6.907755278982137,4.0
3307,dcms,4,1,6.907755278982137,4.0
3308,deep,4,4,5.521460917862246,1.0
3309,defining,4,4,5.521460917862246,1.0
3310,degeneration,4,3,5.809142990314028,1.3333333333333333
3311,demographic,4,4,5.521460917862246,1.0
3312,demographics,4,4,5.521460917862246,1.0
3313,describing,4,4,5.521460917862246,1.0
3314,desirable,4,4,5.521460917862246,1.0
3315,detectable,4,4,5.521460917862246,1.0
3316,detrimental,4,4,5.521460917862246,1.0
3317,developmental,4,4,5.521460917862246,1.0
3318,diabetes-associated,4,4,5.521460917862246,1.0
3319,diabetogenic,4,3,5.809142990314028,1.3333333333333333
3320,diagnostic,4,4,5.521460917862246,1.0
3321,differentiated,4,4,5.521460917862246,1.0
3322,directed,4,4,5.521460917862246,1.0
3323,disadvantages,4,4,5.521460917862246,1.0
3324,discoveries,4,3,5.809142990314028,1.3333333333333333
3325,discrete,4,4,5.521460917862246,1.0
3326,discussing,4,4,5.521460917862246,1.0
3327,disrupt,4,4,5.521460917862246,1.0
3328,disrupted,4,4,5.521460917862246,1.0
3329,dominant,4,4,5.521460917862246,1.0
3330,dopaminergic,4,4,5.521460917862246,1.0
3331,double-blinded,4,4,5.521460917862246,1.0
3332,double-click,4,1,6.907755278982137,4.0
3333,dp,4,1,6.907755278982137,4.0
3334,dpp-4i,4,3,5.809142990314028,1.3333333333333333
3335,drug-induced,4,3,5.809142990314028,1.3333333333333333
3336,dta,4,1,6.907755278982137,4.0
3337,duodenal,4,4,5.521460917862246,1.0
3338,dyslipidaemia,4,3,5.809142990314028,1.3333333333333333
3339,earlier,4,4,5.521460917862246,1.0
3340,ec,4,4,5.521460917862246,1.0
3341,economic,4,4,5.521460917862246,1.0
3342,ectopic,4,4,5.521460917862246,1.0
3343,editorial,4,4,5.521460917862246,1.0
3344,electrophysiological,4,3,5.809142990314028,1.3333333333333333
3345,electrostatic,4,1,6.907755278982137,4.0
3346,eligibility,4,4,5.521460917862246,1.0
3347,enables,4,3,5.809142990314028,1.3333333333333333
3348,encoded,4,4,5.521460917862246,1.0
3349,encouraging,4,4,5.521460917862246,1.0
3350,engage,4,4,5.521460917862246,1.0
3351,english,4,4,5.521460917862246,1.0
3352,entered,4,4,5.521460917862246,1.0
3353,environmental,4,2,6.214608098422191,2.0
3354,equivalent,4,4,5.521460917862246,1.0
3355,erectile,4,2,6.214608098422191,2.0
3356,error,4,3,5.809142990314028,1.3333333333333333
3357,escherichia,4,4,5.521460917862246,1.0
3358,ester,4,4,5.521460917862246,1.0
3359,estrogens,4,1,6.907755278982137,4.0
3360,ethical,4,3,5.809142990314028,1.3333333333333333
3361,eustachian,4,1,6.907755278982137,4.0
3362,evident,4,4,5.521460917862246,1.0
3363,exacerbate,4,4,5.521460917862246,1.0
3364,exacerbated,4,4,5.521460917862246,1.0
3365,exactly,4,4,5.521460917862246,1.0
3366,exchange,4,4,5.521460917862246,1.0
3367,excitability,4,4,5.521460917862246,1.0
3368,exe,4,1,6.907755278982137,4.0
3369,exendin-based,4,4,5.521460917862246,1.0
3370,exerted,4,4,5.521460917862246,1.0
3371,exocrine,4,4,5.521460917862246,1.0
3372,expectancy,4,4,5.521460917862246,1.0
3373,exploratory,4,4,5.521460917862246,1.0
3374,extra-pancreatic,4,4,5.521460917862246,1.0
3375,extrasynaptic,4,1,6.907755278982137,4.0
3376,fad,4,2,6.214608098422191,2.0
3377,faecalis,4,1,6.907755278982137,4.0
3378,fbg,4,2,6.214608098422191,2.0
3379,feature,4,4,5.521460917862246,1.0
3380,fermentation,4,4,5.521460917862246,1.0
3381,fetal,4,3,5.809142990314028,1.3333333333333333
3382,firing,4,2,6.214608098422191,2.0
3383,firstly,4,4,5.521460917862246,1.0
3384,fixed-ratio,4,3,5.809142990314028,1.3333333333333333
3385,fl,4,1,6.907755278982137,4.0
3386,focal,4,3,5.809142990314028,1.3333333333333333
3387,follow,4,4,5.521460917862246,1.0
3388,forward,4,4,5.521460917862246,1.0
3389,fructus,4,2,6.214608098422191,2.0
3390,functioning,4,4,5.521460917862246,1.0
3391,gastroenterology,4,3,5.809142990314028,1.3333333333333333
3392,gastroparesis,4,4,5.521460917862246,1.0
3393,gb,4,1,6.907755278982137,4.0
3394,gcg-15,4,1,6.907755278982137,4.0
3395,gele,4,1,6.907755278982137,4.0
3396,genetically,4,3,5.809142990314028,1.3333333333333333
3397,gg,4,2,6.214608098422191,2.0
3398,gives,4,4,5.521460917862246,1.0
3399,glp-1-dependent,4,4,5.521460917862246,1.0
3400,glp-17-36,4,1,6.907755278982137,4.0
3401,glp-19-36,4,1,6.907755278982137,4.0
3402,glp-1ir,4,1,6.907755278982137,4.0
3403,glp-1r-dependent,4,4,5.521460917862246,1.0
3404,glp-1r-mediated,4,4,5.521460917862246,1.0
3405,glp-ir,4,1,6.907755278982137,4.0
3406,glucoregulatory,4,4,5.521460917862246,1.0
3407,glucose-independent,4,3,5.809142990314028,1.3333333333333333
3408,glucotoxic,4,1,6.907755278982137,4.0
3409,glupal,4,1,6.907755278982137,4.0
3410,gly,4,3,5.809142990314028,1.3333333333333333
3411,granule,4,2,6.214608098422191,2.0
3412,guided,4,4,5.521460917862246,1.0
3413,gustatory,4,1,6.907755278982137,4.0
3414,gustducin,4,1,6.907755278982137,4.0
3415,hacat,4,1,6.907755278982137,4.0
3416,haemoglobin,4,4,5.521460917862246,1.0
3417,heg,4,1,6.907755278982137,4.0
3418,helical,4,4,5.521460917862246,1.0
3419,helps,4,4,5.521460917862246,1.0
3420,hemodynamic,4,2,6.214608098422191,2.0
3421,hepatitis,4,1,6.907755278982137,4.0
3422,hepatocytes,4,4,5.521460917862246,1.0
3423,hfd-induced,4,3,5.809142990314028,1.3333333333333333
3424,hfs,4,1,6.907755278982137,4.0
3425,high-affinity,4,4,5.521460917862246,1.0
3426,highlighted,4,4,5.521460917862246,1.0
3427,hilar,4,1,6.907755278982137,4.0
3428,holds,4,4,5.521460917862246,1.0
3429,hope,4,4,5.521460917862246,1.0
3430,hormone-based,4,2,6.214608098422191,2.0
3431,hpdlscs,4,1,6.907755278982137,4.0
3432,hplc,4,4,5.521460917862246,1.0
3433,hydrogen,4,4,5.521460917862246,1.0
3434,hyperinsulinemia,4,2,6.214608098422191,2.0
3435,hypersensitivity,4,2,6.214608098422191,2.0
3436,hypoglycaemic,4,3,5.809142990314028,1.3333333333333333
3437,i-6,4,1,6.907755278982137,4.0
3438,ideal,4,4,5.521460917862246,1.0
3439,ihc,4,2,6.214608098422191,2.0
3440,ill,4,3,5.809142990314028,1.3333333333333333
3441,illustrates,4,4,5.521460917862246,1.0
3442,imbalance,4,4,5.521460917862246,1.0
3443,immediate,4,3,5.809142990314028,1.3333333333333333
3444,immunostaining,4,4,5.521460917862246,1.0
3445,impair,4,3,5.809142990314028,1.3333333333333333
3446,implicating,4,4,5.521460917862246,1.0
3447,impressive,4,4,5.521460917862246,1.0
3448,inadvertent,4,3,5.809142990314028,1.3333333333333333
3449,incorporated,4,4,5.521460917862246,1.0
3450,incremental,4,3,5.809142990314028,1.3333333333333333
3451,incubated,4,4,5.521460917862246,1.0
3452,indeed,4,4,5.521460917862246,1.0
3453,ineffective,4,3,5.809142990314028,1.3333333333333333
3454,infectious,4,3,5.809142990314028,1.3333333333333333
3455,infiltration,4,4,5.521460917862246,1.0
3456,influenza,4,1,6.907755278982137,4.0
3457,informed,4,4,5.521460917862246,1.0
3458,infusions,4,4,5.521460917862246,1.0
3459,ingestive,4,4,5.521460917862246,1.0
3460,inpatient,4,3,5.809142990314028,1.3333333333333333
3461,insulin-dependent,4,4,5.521460917862246,1.0
3462,insulin-like,4,3,5.809142990314028,1.3333333333333333
3463,insulinoma,4,3,5.809142990314028,1.3333333333333333
3464,intensification,4,2,6.214608098422191,2.0
3465,interfering,4,4,5.521460917862246,1.0
3466,interleukin-6,4,4,5.521460917862246,1.0
3467,intermittent,4,4,5.521460917862246,1.0
3468,internalisation,4,4,5.521460917862246,1.0
3469,internalized,4,1,6.907755278982137,4.0
3470,intragastric,4,3,5.809142990314028,1.3333333333333333
3471,intricate,4,3,5.809142990314028,1.3333333333333333
3472,intrinsic,4,4,5.521460917862246,1.0
3473,inverse,4,3,5.809142990314028,1.3333333333333333
3474,irrespective,4,3,5.809142990314028,1.3333333333333333
3475,ischaemic,4,2,6.214608098422191,2.0
3476,iso,4,2,6.214608098422191,2.0
3477,june,4,4,5.521460917862246,1.0
3478,k-cells,4,2,6.214608098422191,2.0
3479,kd,4,3,5.809142990314028,1.3333333333333333
3480,keywords,4,4,5.521460917862246,1.0
3481,kinetics,4,3,5.809142990314028,1.3333333333333333
3482,labeled,4,4,5.521460917862246,1.0
3483,labeling,4,3,5.809142990314028,1.3333333333333333
3484,laboratories,4,4,5.521460917862246,1.0
3485,lamina,4,3,5.809142990314028,1.3333333333333333
3486,lastly,4,4,5.521460917862246,1.0
3487,lcfas,4,3,5.809142990314028,1.3333333333333333
3488,leaves,4,3,5.809142990314028,1.3333333333333333
3489,lesion,4,3,5.809142990314028,1.3333333333333333
3490,leveraging,4,4,5.521460917862246,1.0
3491,licking,4,1,6.907755278982137,4.0
3492,ligation,4,4,5.521460917862246,1.0
3493,live,4,4,5.521460917862246,1.0
3494,location,4,4,5.521460917862246,1.0
3495,logistic,4,4,5.521460917862246,1.0
3496,long-chain,4,4,5.521460917862246,1.0
3497,loop,4,4,5.521460917862246,1.0
3498,low-fat,4,2,6.214608098422191,2.0
3499,lpl,4,1,6.907755278982137,4.0
3500,ltp,4,2,6.214608098422191,2.0
3501,lv,4,2,6.214608098422191,2.0
3502,lysinoalanine,4,1,6.907755278982137,4.0
3503,ma,4,1,6.907755278982137,4.0
3504,macronutrient,4,3,5.809142990314028,1.3333333333333333
3505,males,4,3,5.809142990314028,1.3333333333333333
3506,malignancy,4,4,5.521460917862246,1.0
3507,manuscript,4,3,5.809142990314028,1.3333333333333333
3508,map,4,4,5.521460917862246,1.0
3509,marketed,4,4,5.521460917862246,1.0
3510,marks,4,4,5.521460917862246,1.0
3511,material,4,4,5.521460917862246,1.0
3512,matter,4,2,6.214608098422191,2.0
3513,mbs,4,1,6.907755278982137,4.0
3514,mdii,4,1,6.907755278982137,4.0
3515,measurement,4,4,5.521460917862246,1.0
3516,media,4,4,5.521460917862246,1.0
3517,medial,4,3,5.809142990314028,1.3333333333333333
3518,mediation,4,4,5.521460917862246,1.0
3519,mesh,4,3,5.809142990314028,1.3333333333333333
3520,metabolically,4,4,5.521460917862246,1.0
3521,millions,4,4,5.521460917862246,1.0
3522,mimetic,4,4,5.521460917862246,1.0
3523,mini-review,4,4,5.521460917862246,1.0
3524,minor,4,4,5.521460917862246,1.0
3525,missed,4,2,6.214608098422191,2.0
3526,mitigated,4,4,5.521460917862246,1.0
3527,mmhg,4,2,6.214608098422191,2.0
3528,mnts,4,1,6.907755278982137,4.0
3529,modeling,4,3,5.809142990314028,1.3333333333333333
3530,modulator,4,4,5.521460917862246,1.0
3531,monitor,4,4,5.521460917862246,1.0
3532,morphology,4,4,5.521460917862246,1.0
3533,mrc-5,4,1,6.907755278982137,4.0
3534,mrnas,4,3,5.809142990314028,1.3333333333333333
3535,multi-organ,4,4,5.521460917862246,1.0
3536,multisystemic,4,3,5.809142990314028,1.3333333333333333
3537,myenteric,4,3,5.809142990314028,1.3333333333333333
3538,named,4,4,5.521460917862246,1.0
3539,nanomedicine,4,2,6.214608098422191,2.0
3540,narrow,4,4,5.521460917862246,1.0
3541,national,4,3,5.809142990314028,1.3333333333333333
3542,neogenesis,4,4,5.521460917862246,1.0
3543,nephropathy,4,4,5.521460917862246,1.0
3544,neurocognitive,4,3,5.809142990314028,1.3333333333333333
3545,neuropeptides,4,4,5.521460917862246,1.0
3546,neuroplasticity,4,4,5.521460917862246,1.0
3547,nigromaculata,4,1,6.907755278982137,4.0
3548,nisin,4,1,6.907755278982137,4.0
3549,nist,4,1,6.907755278982137,4.0
3550,nlc,4,1,6.907755278982137,4.0
3551,npy-y2,4,1,6.907755278982137,4.0
3552,null,4,4,5.521460917862246,1.0
3553,numbers,4,4,5.521460917862246,1.0
3554,nutrient-stimulated,4,4,5.521460917862246,1.0
3555,oa-induced,4,1,6.907755278982137,4.0
3556,ob,4,2,6.214608098422191,2.0
3557,obesity-associated,4,3,5.809142990314028,1.3333333333333333
3558,observe,4,4,5.521460917862246,1.0
3559,obstacle,4,4,5.521460917862246,1.0
3560,obvious,4,4,5.521460917862246,1.0
3561,occurrence,4,3,5.809142990314028,1.3333333333333333
3562,octreotide,4,2,6.214608098422191,2.0
3563,off-target,4,4,5.521460917862246,1.0
3564,oncology,4,3,5.809142990314028,1.3333333333333333
3565,op,4,1,6.907755278982137,4.0
3566,opposing,4,4,5.521460917862246,1.0
3567,origin,4,4,5.521460917862246,1.0
3568,outpatient,4,4,5.521460917862246,1.0
3569,outputs,4,3,5.809142990314028,1.3333333333333333
3570,overproduction,4,2,6.214608098422191,2.0
3571,pa,4,1,6.907755278982137,4.0
3572,pancreases,4,3,5.809142990314028,1.3333333333333333
3573,panel,4,4,5.521460917862246,1.0
3574,parasympathetic,4,3,5.809142990314028,1.3333333333333333
3575,parent,4,4,5.521460917862246,1.0
3576,parts,4,4,5.521460917862246,1.0
3577,pasireotide-induced,4,1,6.907755278982137,4.0
3578,patents,4,2,6.214608098422191,2.0
3579,pathogenic,4,4,5.521460917862246,1.0
3580,patient-centered,4,4,5.521460917862246,1.0
3581,pcps,4,2,6.214608098422191,2.0
3582,pcs,4,1,6.907755278982137,4.0
3583,peaks,4,3,5.809142990314028,1.3333333333333333
3584,percent,4,3,5.809142990314028,1.3333333333333333
3585,perikarya,4,3,5.809142990314028,1.3333333333333333
3586,pg,4,2,6.214608098422191,2.0
3587,pkc,4,2,6.214608098422191,2.0
3588,planning,4,4,5.521460917862246,1.0
3589,plaque,4,3,5.809142990314028,1.3333333333333333
3590,platforms,4,2,6.214608098422191,2.0
3591,playing,4,3,5.809142990314028,1.3333333333333333
3592,plc,4,3,5.809142990314028,1.3333333333333333
3593,pocket,4,2,6.214608098422191,2.0
3594,podocytes,4,1,6.907755278982137,4.0
3595,policy,4,4,5.521460917862246,1.0
3596,polyphenols,4,4,5.521460917862246,1.0
3597,pooled,4,4,5.521460917862246,1.0
3598,possesses,4,4,5.521460917862246,1.0
3599,postpartum,4,3,5.809142990314028,1.3333333333333333
3600,potato,4,2,6.214608098422191,2.0
3601,pre-proglucagon,4,1,6.907755278982137,4.0
3602,preconception,4,3,5.809142990314028,1.3333333333333333
3603,preferential,4,4,5.521460917862246,1.0
3604,pregnant,4,3,5.809142990314028,1.3333333333333333
3605,preparations,4,4,5.521460917862246,1.0
3606,preterm,4,1,6.907755278982137,4.0
3607,probable,4,4,5.521460917862246,1.0
3608,procyanidin,4,4,5.521460917862246,1.0
3609,proinflammatory,4,4,5.521460917862246,1.0
3610,prolactin,4,1,6.907755278982137,4.0
3611,promoter,4,3,5.809142990314028,1.3333333333333333
3612,prompting,4,4,5.521460917862246,1.0
3613,proper,4,4,5.521460917862246,1.0
3614,propria,4,3,5.809142990314028,1.3333333333333333
3615,prospects,4,4,5.521460917862246,1.0
3616,protecting,4,4,5.521460917862246,1.0
3617,psychotropic,4,1,6.907755278982137,4.0
3618,pups,4,2,6.214608098422191,2.0
3619,purposes,4,4,5.521460917862246,1.0
3620,pv,4,1,6.907755278982137,4.0
3621,pyrimidine,4,2,6.214608098422191,2.0
3622,qw,4,1,6.907755278982137,4.0
3623,r-ko,4,1,6.907755278982137,4.0
3624,radiation,4,2,6.214608098422191,2.0
3625,rarely,4,4,5.521460917862246,1.0
3626,reach,4,3,5.809142990314028,1.3333333333333333
3627,reasons,4,4,5.521460917862246,1.0
3628,receptor-bound,4,3,5.809142990314028,1.3333333333333333
3629,recycling,4,3,5.809142990314028,1.3333333333333333
3630,reflects,4,4,5.521460917862246,1.0
3631,regional,4,4,5.521460917862246,1.0
3632,registration,4,3,5.809142990314028,1.3333333333333333
3633,relapsing,4,4,5.521460917862246,1.0
3634,remarkable,4,4,5.521460917862246,1.0
3635,repolarization,4,2,6.214608098422191,2.0
3636,reproductive-aged,4,4,5.521460917862246,1.0
3637,repurposing,4,4,5.521460917862246,1.0
3638,resection,4,1,6.907755278982137,4.0
3639,resorption,4,3,5.809142990314028,1.3333333333333333
3640,resources,4,4,5.521460917862246,1.0
3641,respective,4,4,5.521460917862246,1.0
3642,respondents,4,2,6.214608098422191,2.0
3643,responsive,4,4,5.521460917862246,1.0
3644,revealing,4,4,5.521460917862246,1.0
3645,rflox,4,1,6.907755278982137,4.0
3646,rhein-c12-glp-1,4,1,6.907755278982137,4.0
3647,rhythms,4,3,5.809142990314028,1.3333333333333333
3648,ripre,4,1,6.907755278982137,4.0
3649,rors,4,4,5.521460917862246,1.0
3650,routes,4,3,5.809142990314028,1.3333333333333333
3651,rt,4,1,6.907755278982137,4.0
3652,rybelsus,4,4,5.521460917862246,1.0
3653,sarcopenic,4,4,5.521460917862246,1.0
3654,sbo,4,2,6.214608098422191,2.0
3655,scanning,4,4,5.521460917862246,1.0
3656,scattered,4,2,6.214608098422191,2.0
3657,scgnfl,4,1,6.907755278982137,4.0
3658,scoping,4,3,5.809142990314028,1.3333333333333333
3659,scores,4,4,5.521460917862246,1.0
3660,searching,4,4,5.521460917862246,1.0
3661,secretin,4,4,5.521460917862246,1.0
3662,secure,4,3,5.809142990314028,1.3333333333333333
3663,sedation,4,3,5.809142990314028,1.3333333333333333
3664,see,4,4,5.521460917862246,1.0
3665,seemingly,4,4,5.521460917862246,1.0
3666,selecting,4,3,5.809142990314028,1.3333333333333333
3667,senescence,4,2,6.214608098422191,2.0
3668,service,4,4,5.521460917862246,1.0
3669,sexual,4,2,6.214608098422191,2.0
3670,sg,4,2,6.214608098422191,2.0
3671,sglt-2i,4,2,6.214608098422191,2.0
3672,share,4,4,5.521460917862246,1.0
3673,shed,4,4,5.521460917862246,1.0
3674,shortly,4,4,5.521460917862246,1.0
3675,shoulder,4,1,6.907755278982137,4.0
3676,silencing,4,4,5.521460917862246,1.0
3677,silico,4,3,5.809142990314028,1.3333333333333333
3678,situations,4,2,6.214608098422191,2.0
3679,smooth,4,4,5.521460917862246,1.0
3680,snps,4,1,6.907755278982137,4.0
3681,societies,4,1,6.907755278982137,4.0
3682,solid,4,4,5.521460917862246,1.0
3683,soluble,4,4,5.521460917862246,1.0
3684,spr,4,2,6.214608098422191,2.0
3685,sprague-dawley,4,4,5.521460917862246,1.0
3686,statistical,4,4,5.521460917862246,1.0
3687,stent,4,2,6.214608098422191,2.0
3688,stimulator,4,3,5.809142990314028,1.3333333333333333
3689,stomachs,4,4,5.521460917862246,1.0
3690,stratification,4,4,5.521460917862246,1.0
3691,straw,4,1,6.907755278982137,4.0
3692,strict,4,4,5.521460917862246,1.0
3693,substances,4,4,5.521460917862246,1.0
3694,substrates,4,4,5.521460917862246,1.0
3695,summarise,4,4,5.521460917862246,1.0
3696,supernatants,4,3,5.809142990314028,1.3333333333333333
3697,suppressive,4,3,5.809142990314028,1.3333333333333333
3698,surgeons,4,3,5.809142990314028,1.3333333333333333
3699,tandem,4,3,5.809142990314028,1.3333333333333333
3700,tdtomato,4,1,6.907755278982137,4.0
3701,telencephalon,4,3,5.809142990314028,1.3333333333333333
3702,tended,4,4,5.521460917862246,1.0
3703,testosterone,4,2,6.214608098422191,2.0
3704,theoretical,4,4,5.521460917862246,1.0
3705,thoughts,4,3,5.809142990314028,1.3333333333333333
3706,timely,4,4,5.521460917862246,1.0
3707,tnf,4,4,5.521460917862246,1.0
3708,tra,4,1,6.907755278982137,4.0
3709,transcriptome,4,4,5.521460917862246,1.0
3710,transcriptomics,4,3,5.809142990314028,1.3333333333333333
3711,transformative,4,4,5.521460917862246,1.0
3712,transitions,4,2,6.214608098422191,2.0
3713,translate,4,4,5.521460917862246,1.0
3714,translation,4,4,5.521460917862246,1.0
3715,triazole,4,2,6.214608098422191,2.0
3716,typical,4,4,5.521460917862246,1.0
3717,unable,4,3,5.809142990314028,1.3333333333333333
3718,unaffected,4,4,5.521460917862246,1.0
3719,unchanged,4,4,5.521460917862246,1.0
3720,undergo,4,4,5.521460917862246,1.0
3721,unfortunately,4,4,5.521460917862246,1.0
3722,unit,4,4,5.521460917862246,1.0
3723,unsaturated,4,4,5.521460917862246,1.0
3724,up-regulated,4,3,5.809142990314028,1.3333333333333333
3725,urinary,4,4,5.521460917862246,1.0
3726,uses,4,4,5.521460917862246,1.0
3727,vagotomy,4,2,6.214608098422191,2.0
3728,validation,4,4,5.521460917862246,1.0
3729,variables,4,4,5.521460917862246,1.0
3730,ve,4,2,6.214608098422191,2.0
3731,ventromedial,4,3,5.809142990314028,1.3333333333333333
3732,verified,4,4,5.521460917862246,1.0
3733,vessel,4,2,6.214608098422191,2.0
3734,views,4,4,5.521460917862246,1.0
3735,virus,4,1,6.907755278982137,4.0
3736,vpkeg,4,1,6.907755278982137,4.0
3737,warrant,4,4,5.521460917862246,1.0
3738,washout,4,3,5.809142990314028,1.3333333333333333
3739,wegovy,4,4,5.521460917862246,1.0
3740,weight-loss,4,4,5.521460917862246,1.0
3741,well-designed,4,4,5.521460917862246,1.0
3742,well-known,4,4,5.521460917862246,1.0
3743,well-tolerated,4,3,5.809142990314028,1.3333333333333333
3744,whereby,4,3,5.809142990314028,1.3333333333333333
3745,worse,4,4,5.521460917862246,1.0
3746,zwitterionic,4,2,6.214608098422191,2.0
3747,abuse,3,3,5.809142990314028,1.0
3748,ac,3,2,6.214608098422191,1.5
3749,acceptable,3,3,5.809142990314028,1.0
3750,accepted,3,3,5.809142990314028,1.0
3751,accessible,3,3,5.809142990314028,1.0
3752,account,3,3,5.809142990314028,1.0
3753,accurately,3,3,5.809142990314028,1.0
3754,acutely,3,3,5.809142990314028,1.0
3755,acylation,3,3,5.809142990314028,1.0
3756,adenylyl,3,3,5.809142990314028,1.0
3757,adipogenesis,3,3,5.809142990314028,1.0
3758,adipokine,3,3,5.809142990314028,1.0
3759,adjuncts,3,2,6.214608098422191,1.5
3760,adjusted,3,3,5.809142990314028,1.0
3761,adjusting,3,3,5.809142990314028,1.0
3762,adjuvant,3,2,6.214608098422191,1.5
3763,administrative,3,3,5.809142990314028,1.0
3764,admission,3,3,5.809142990314028,1.0
3765,admitted,3,3,5.809142990314028,1.0
3766,adolescent,3,3,5.809142990314028,1.0
3767,adrenaline-induced,3,1,6.907755278982137,3.0
3768,adrenergic,3,1,6.907755278982137,3.0
3769,advancement,3,3,5.809142990314028,1.0
3770,aesthetic,3,2,6.214608098422191,1.5
3771,age-associated,3,2,6.214608098422191,1.5
3772,agency,3,3,5.809142990314028,1.0
3773,aggregation,3,3,5.809142990314028,1.0
3774,agonist-based,3,3,5.809142990314028,1.0
3775,ahr,3,1,6.907755278982137,3.0
3776,akt-s473,3,1,6.907755278982137,3.0
3777,albeit,3,3,5.809142990314028,1.0
3778,aldosterone,3,2,6.214608098422191,1.5
3779,algorithms,3,2,6.214608098422191,1.5
3780,allele,3,2,6.214608098422191,1.5
3781,alleviating,3,2,6.214608098422191,1.5
3782,amelioration,3,3,5.809142990314028,1.0
3783,aminotransferase,3,2,6.214608098422191,1.5
3784,amongst,3,3,5.809142990314028,1.0
3785,amphetamine,3,1,6.907755278982137,3.0
3786,amplification,3,2,6.214608098422191,1.5
3787,amplitude,3,2,6.214608098422191,1.5
3788,anastomosis,3,1,6.907755278982137,3.0
3789,androgen,3,3,5.809142990314028,1.0
3790,anekomochi,3,1,6.907755278982137,3.0
3791,anesthesiology,3,2,6.214608098422191,1.5
3792,anesthetic,3,3,5.809142990314028,1.0
3793,annual,3,3,5.809142990314028,1.0
3794,anorexia,3,2,6.214608098422191,1.5
3795,anti-atherosclerotic,3,2,6.214608098422191,1.5
3796,anti-diabetes,3,3,5.809142990314028,1.0
3797,anti-oxidant,3,2,6.214608098422191,1.5
3798,antidipsogenic,3,1,6.907755278982137,3.0
3799,antisecretory,3,2,6.214608098422191,1.5
3800,antiserum,3,2,6.214608098422191,1.5
3801,antrum,3,1,6.907755278982137,3.0
3802,aoms,3,1,6.907755278982137,3.0
3803,aorta,3,3,5.809142990314028,1.0
3804,aortas,3,1,6.907755278982137,3.0
3805,ap,3,2,6.214608098422191,1.5
3806,apds,3,1,6.907755278982137,3.0
3807,apnea-hypopnea,3,3,5.809142990314028,1.0
3808,apnoea,3,1,6.907755278982137,3.0
3809,applicability,3,3,5.809142990314028,1.0
3810,approaching,3,3,5.809142990314028,1.0
3811,appropriateness,3,1,6.907755278982137,3.0
3812,april,3,3,5.809142990314028,1.0
3813,ards,3,1,6.907755278982137,3.0
3814,arg,3,2,6.214608098422191,1.5
3815,arm,3,3,5.809142990314028,1.0
3816,arrestins,3,3,5.809142990314028,1.0
3817,ars,3,1,6.907755278982137,3.0
3818,arthritis,3,3,5.809142990314028,1.0
3819,artificial,3,3,5.809142990314028,1.0
3820,aspect,3,3,5.809142990314028,1.0
3821,asud,3,2,6.214608098422191,1.5
3822,atf,3,2,6.214608098422191,1.5
3823,attachment,3,3,5.809142990314028,1.0
3824,attenuating,3,3,5.809142990314028,1.0
3825,attributable,3,3,5.809142990314028,1.0
3826,augmenting,3,3,5.809142990314028,1.0
3827,autoradiography,3,3,5.809142990314028,1.0
3828,avoid,3,3,5.809142990314028,1.0
3829,avoided,3,3,5.809142990314028,1.0
3830,away,3,3,5.809142990314028,1.0
3831,balloon,3,2,6.214608098422191,1.5
3832,baseline-adjusted,3,1,6.907755278982137,3.0
3833,became,3,3,5.809142990314028,1.0
3834,becoming,3,3,5.809142990314028,1.0
3835,bedside,3,3,5.809142990314028,1.0
3836,behaviours,3,3,5.809142990314028,1.0
3837,believe,3,3,5.809142990314028,1.0
3838,bh-exendin,3,1,6.907755278982137,3.0
3839,biformis,3,1,6.907755278982137,3.0
3840,biliary,3,2,6.214608098422191,1.5
3841,binds,3,3,5.809142990314028,1.0
3842,bioenergetics,3,2,6.214608098422191,1.5
3843,biomarker,3,3,5.809142990314028,1.0
3844,biphasic,3,3,5.809142990314028,1.0
3845,bipolar,3,3,5.809142990314028,1.0
3846,blood-glucose,3,2,6.214608098422191,1.5
3847,bloodstream,3,3,5.809142990314028,1.0
3848,bolus,3,2,6.214608098422191,1.5
3849,bonds,3,3,5.809142990314028,1.0
3850,brains,3,3,5.809142990314028,1.0
3851,breakthrough,3,3,5.809142990314028,1.0
3852,bridge,3,3,5.809142990314028,1.0
3853,broaden,3,3,5.809142990314028,1.0
3854,browning,3,1,6.907755278982137,3.0
3855,bulb,3,3,5.809142990314028,1.0
3856,burn,3,1,6.907755278982137,3.0
3857,butyricum-pmtl007-glp-1,3,1,6.907755278982137,3.0
3858,c-terminus,3,3,5.809142990314028,1.0
3859,cacao,3,2,6.214608098422191,1.5
3860,caco-2,3,2,6.214608098422191,1.5
3861,calorie,3,2,6.214608098422191,1.5
3862,camp-dependent,3,3,5.809142990314028,1.0
3863,captured,3,3,5.809142990314028,1.0
3864,cardiology,3,2,6.214608098422191,1.5
3865,cardiomyopathies,3,2,6.214608098422191,1.5
3866,cardiopulmonary,3,1,6.907755278982137,3.0
3867,cardiovascular-kidney-metabolic,3,3,5.809142990314028,1.0
3868,caregiver,3,1,6.907755278982137,3.0
3869,carotid,3,3,5.809142990314028,1.0
3870,carried,3,3,5.809142990314028,1.0
3871,carrier,3,2,6.214608098422191,1.5
3872,cartilage,3,2,6.214608098422191,1.5
3873,cascade,3,3,5.809142990314028,1.0
3874,cascades,3,3,5.809142990314028,1.0
3875,caspase-3,3,3,5.809142990314028,1.0
3876,categorized,3,3,5.809142990314028,1.0
3877,causality,3,3,5.809142990314028,1.0
3878,cbb,3,1,6.907755278982137,3.0
3879,center,3,3,5.809142990314028,1.0
3880,centered,3,3,5.809142990314028,1.0
3881,century,3,3,5.809142990314028,1.0
3882,cerebellum,3,2,6.214608098422191,1.5
3883,changing,3,3,5.809142990314028,1.0
3884,characterised,3,3,5.809142990314028,1.0
3885,characteristic,3,3,5.809142990314028,1.0
3886,characterizing,3,3,5.809142990314028,1.0
3887,charged,3,3,5.809142990314028,1.0
3888,choosing,3,3,5.809142990314028,1.0
3889,chop,3,1,6.907755278982137,3.0
3890,circuit,3,3,5.809142990314028,1.0
3891,cirrhosis,3,2,6.214608098422191,1.5
3892,cis,3,3,5.809142990314028,1.0
3893,clearly,3,2,6.214608098422191,1.5
3894,clinician,3,3,5.809142990314028,1.0
3895,co-localized,3,2,6.214608098422191,1.5
3896,co-occurring,3,2,6.214608098422191,1.5
3897,coinciding,3,3,5.809142990314028,1.0
3898,colleagues,3,3,5.809142990314028,1.0
3899,come,3,3,5.809142990314028,1.0
3900,commercial,3,3,5.809142990314028,1.0
3901,compatible,3,3,5.809142990314028,1.0
3902,compensate,3,3,5.809142990314028,1.0
3903,competing,3,3,5.809142990314028,1.0
3904,competitive,3,3,5.809142990314028,1.0
3905,compliance,3,3,5.809142990314028,1.0
3906,comprehensively,3,3,5.809142990314028,1.0
3907,compression,3,1,6.907755278982137,3.0
3908,comprised,3,3,5.809142990314028,1.0
3909,comprises,3,3,5.809142990314028,1.0
3910,comprising,3,3,5.809142990314028,1.0
3911,compromising,3,3,5.809142990314028,1.0
3912,computational,3,3,5.809142990314028,1.0
3913,computed,3,3,5.809142990314028,1.0
3914,concluded,3,3,5.809142990314028,1.0
3915,concurrently,3,3,5.809142990314028,1.0
3916,confers,3,3,5.809142990314028,1.0
3917,confounding,3,3,5.809142990314028,1.0
3918,conjugate,3,3,5.809142990314028,1.0
3919,connected,3,3,5.809142990314028,1.0
3920,conscious,3,3,5.809142990314028,1.0
3921,consequent,3,3,5.809142990314028,1.0
3922,considers,3,1,6.907755278982137,3.0
3923,consisted,3,1,6.907755278982137,3.0
3924,constitutes,3,3,5.809142990314028,1.0
3925,contemporary,3,3,5.809142990314028,1.0
3926,contexts,3,3,5.809142990314028,1.0
3927,continuously,3,3,5.809142990314028,1.0
3928,cord,3,3,5.809142990314028,1.0
3929,corn,3,3,5.809142990314028,1.0
3930,coronavirus,3,2,6.214608098422191,1.5
3931,cost-effectiveness,3,3,5.809142990314028,1.0
3932,counter,3,3,5.809142990314028,1.0
3933,counteract,3,3,5.809142990314028,1.0
3934,counteracts,3,3,5.809142990314028,1.0
3935,covers,3,3,5.809142990314028,1.0
3936,cross-over,3,3,5.809142990314028,1.0
3937,cross-sectional,3,3,5.809142990314028,1.0
3938,cryo-em,3,2,6.214608098422191,1.5
3939,crystal,3,2,6.214608098422191,1.5
3940,csf,3,2,6.214608098422191,1.5
3941,cultivars,3,1,6.907755278982137,3.0
3942,cys,3,2,6.214608098422191,1.5
3943,cytoplasmic,3,3,5.809142990314028,1.0
3944,dark,3,3,5.809142990314028,1.0
3945,dbp,3,2,6.214608098422191,1.5
3946,debated,3,3,5.809142990314028,1.0
3947,decretin,3,1,6.907755278982137,3.0
3948,dedicated,3,3,5.809142990314028,1.0
3949,defective,3,2,6.214608098422191,1.5
3950,deficiencies,3,3,5.809142990314028,1.0
3951,deficient,3,2,6.214608098422191,1.5
3952,degrees,3,3,5.809142990314028,1.0
3953,dehydrated,3,1,6.907755278982137,3.0
3954,delivering,3,3,5.809142990314028,1.0
3955,demonstration,3,3,5.809142990314028,1.0
3956,densities,3,2,6.214608098422191,1.5
3957,department,3,2,6.214608098422191,1.5
3958,dependence,3,3,5.809142990314028,1.0
3959,depots,3,2,6.214608098422191,1.5
3960,designated,3,3,5.809142990314028,1.0
3961,detecting,3,3,5.809142990314028,1.0
3962,devices,3,3,5.809142990314028,1.0
3963,dextrin,3,1,6.907755278982137,3.0
3964,diabetes-induced,3,2,6.214608098422191,1.5
3965,differing,3,3,5.809142990314028,1.0
3966,differs,3,3,5.809142990314028,1.0
3967,digesta,3,2,6.214608098422191,1.5
3968,digestibility,3,2,6.214608098422191,1.5
3969,dimensional,3,1,6.907755278982137,3.0
3970,dimensions,3,2,6.214608098422191,1.5
3971,diminish,3,3,5.809142990314028,1.0
3972,dipeptidylpeptidase,3,3,5.809142990314028,1.0
3973,discharge,3,2,6.214608098422191,1.5
3974,discovering,3,3,5.809142990314028,1.0
3975,disposal,3,2,6.214608098422191,1.5
3976,disproportionate,3,2,6.214608098422191,1.5
3977,dmt,3,1,6.907755278982137,3.0
3978,doi,3,3,5.809142990314028,1.0
3979,done,3,3,5.809142990314028,1.0
3980,down-regulated,3,3,5.809142990314028,1.0
3981,driver,3,2,6.214608098422191,1.5
3982,drop,3,3,5.809142990314028,1.0
3983,dsm-5,3,1,6.907755278982137,3.0
3984,dual-receptor,3,2,6.214608098422191,1.5
3985,durability,3,3,5.809142990314028,1.0
3986,dvc,3,1,6.907755278982137,3.0
3987,dvt,3,1,6.907755278982137,3.0
3988,dysfunctional,3,3,5.809142990314028,1.0
3989,easd,3,3,5.809142990314028,1.0
3990,easier,3,3,5.809142990314028,1.0
3991,education,3,3,5.809142990314028,1.0
3992,effector,3,2,6.214608098422191,1.5
3993,electrical,3,3,5.809142990314028,1.0
3994,electrolyte,3,3,5.809142990314028,1.0
3995,element,3,3,5.809142990314028,1.0
3996,elicits,3,3,5.809142990314028,1.0
3997,eliminated,3,3,5.809142990314028,1.0
3998,eluted,3,2,6.214608098422191,1.5
3999,embryonic,3,3,5.809142990314028,1.0
4000,encodes,3,3,5.809142990314028,1.0
4001,encompassing,3,3,5.809142990314028,1.0
4002,end-stage,3,3,5.809142990314028,1.0
4003,endocrinologists,3,3,5.809142990314028,1.0
4004,endopeptidase,3,3,5.809142990314028,1.0
4005,endothelium,3,3,5.809142990314028,1.0
4006,engaged,3,3,5.809142990314028,1.0
4007,enriched,3,3,5.809142990314028,1.0
4008,enrolled,3,3,5.809142990314028,1.0
4009,ensuring,3,3,5.809142990314028,1.0
4010,enterogastrone,3,2,6.214608098422191,1.5
4011,epac,3,2,6.214608098422191,1.5
4012,epicardial,3,3,5.809142990314028,1.0
4013,eplerenone,3,1,6.907755278982137,3.0
4014,equivocal,3,1,6.907755278982137,3.0
4015,estimate,3,3,5.809142990314028,1.0
4016,ethnic,3,2,6.214608098422191,1.5
4017,etiologies,3,3,5.809142990314028,1.0
4018,etoac,3,1,6.907755278982137,3.0
4019,europe,3,3,5.809142990314028,1.0
4020,eventually,3,3,5.809142990314028,1.0
4021,ever,3,3,5.809142990314028,1.0
4022,evidences,3,3,5.809142990314028,1.0
4023,evolution,3,3,5.809142990314028,1.0
4024,exaggerated,3,3,5.809142990314028,1.0
4025,except,3,3,5.809142990314028,1.0
4026,excitation,3,3,5.809142990314028,1.0
4027,excitotoxicity,3,3,5.809142990314028,1.0
4028,exendin-3,3,3,5.809142990314028,1.0
4029,exendin-9,3,2,6.214608098422191,1.5
4030,exercise-induced,3,2,6.214608098422191,1.5
4031,exerting,3,3,5.809142990314028,1.0
4032,exhibiting,3,3,5.809142990314028,1.0
4033,expectations,3,3,5.809142990314028,1.0
4034,expenditure,3,3,5.809142990314028,1.0
4035,explaining,3,3,5.809142990314028,1.0
4036,explains,3,3,5.809142990314028,1.0
4037,explanation,3,3,5.809142990314028,1.0
4038,exported,3,1,6.907755278982137,3.0
4039,expresses,3,1,6.907755278982137,3.0
4040,extending,3,3,5.809142990314028,1.0
4041,extracted,3,3,5.809142990314028,1.0
4042,families,3,3,5.809142990314028,1.0
4043,farnesoid,3,3,5.809142990314028,1.0
4044,fascicles,3,1,6.907755278982137,3.0
4045,fatal,3,3,5.809142990314028,1.0
4046,ffa,3,1,6.907755278982137,3.0
4047,fibrillary,3,3,5.809142990314028,1.0
4048,fibroblast,3,3,5.809142990314028,1.0
4049,final,3,3,5.809142990314028,1.0
4050,financial,3,3,5.809142990314028,1.0
4051,fluorinated,3,1,6.907755278982137,3.0
4052,fluoxetine,3,1,6.907755278982137,3.0
4053,fmd,3,1,6.907755278982137,3.0
4054,follicular,3,3,5.809142990314028,1.0
4055,fontan,3,1,6.907755278982137,3.0
4056,food-related,3,3,5.809142990314028,1.0
4057,forensic,3,1,6.907755278982137,3.0
4058,forming,3,2,6.214608098422191,1.5
4059,foundation,3,3,5.809142990314028,1.0
4060,foxo-1,3,1,6.907755278982137,3.0
4061,fracture,3,2,6.214608098422191,1.5
4062,fragmentation,3,3,5.809142990314028,1.0
4063,fructose-induced,3,1,6.907755278982137,3.0
4064,full-length,3,3,5.809142990314028,1.0
4065,functionality,3,3,5.809142990314028,1.0
4066,funding,3,2,6.214608098422191,1.5
4067,fused,3,3,5.809142990314028,1.0
4068,fusions,3,1,6.907755278982137,3.0
4069,g-29,3,1,6.907755278982137,3.0
4070,ga-nodaga-exendin-4,3,1,6.907755278982137,3.0
4071,gad-glp-1-a,3,1,6.907755278982137,3.0
4072,gains,3,3,5.809142990314028,1.0
4073,gallbladder,3,3,5.809142990314028,1.0
4074,ganglia,3,3,5.809142990314028,1.0
4075,ganglion,3,3,5.809142990314028,1.0
4076,gargarizans,3,1,6.907755278982137,3.0
4077,gastric-emptying,3,2,6.214608098422191,1.5
4078,gelatin,3,1,6.907755278982137,3.0
4079,genai,3,1,6.907755278982137,3.0
4080,gender,3,3,5.809142990314028,1.0
4081,genomic,3,2,6.214608098422191,1.5
4082,gfap,3,3,5.809142990314028,1.0
4083,gfp,3,2,6.214608098422191,1.5
4084,gfr,3,1,6.907755278982137,3.0
4085,gila,3,2,6.214608098422191,1.5
4086,gip-r,3,2,6.214608098422191,1.5
4087,giving,3,3,5.809142990314028,1.0
4088,gla-300,3,1,6.907755278982137,3.0
4089,glaucoma,3,1,6.907755278982137,3.0
4090,gliptins,3,1,6.907755278982137,3.0
4091,glp-1-abd,3,1,6.907755278982137,3.0
4092,glp-1-containing,3,3,5.809142990314028,1.0
4093,glp-1-releasing,3,1,6.907755278982137,3.0
4094,glp-1-ssm,3,1,6.907755278982137,3.0
4095,glp-1r-expressing,3,3,5.809142990314028,1.0
4096,glp-1ra-based,3,3,5.809142990314028,1.0
4097,glucagon-induced,3,1,6.907755278982137,3.0
4098,glucokinase,3,3,5.809142990314028,1.0
4099,glucolipotoxic,3,1,6.907755278982137,3.0
4100,gluconeogenesis,3,3,5.809142990314028,1.0
4101,glucosidase,3,1,6.907755278982137,3.0
4102,glutamate,3,3,5.809142990314028,1.0
4103,glutinous,3,1,6.907755278982137,3.0
4104,glycogen,3,3,5.809142990314028,1.0
4105,glycogenolysis,3,2,6.214608098422191,1.5
4106,gm,3,1,6.907755278982137,3.0
4107,goldfish,3,1,6.907755278982137,3.0
4108,gpbar,3,3,5.809142990314028,1.0
4109,gradually,3,2,6.214608098422191,1.5
4110,grape-seed,3,2,6.214608098422191,1.5
4111,gravidarum,3,1,6.907755278982137,3.0
4112,gross,3,1,6.907755278982137,3.0
4113,grpr,3,1,6.907755278982137,3.0
4114,gs-coupled,3,1,6.907755278982137,3.0
4115,gt,3,1,6.907755278982137,3.0
4116,gynecologic,3,3,5.809142990314028,1.0
4117,habit,3,1,6.907755278982137,3.0
4118,hamster,3,2,6.214608098422191,1.5
4119,hamsters,3,1,6.907755278982137,3.0
4120,harvested,3,3,5.809142990314028,1.0
4121,hazard,3,3,5.809142990314028,1.0
4122,headache,3,3,5.809142990314028,1.0
4123,hearts,3,2,6.214608098422191,1.5
4124,heightened,3,3,5.809142990314028,1.0
4125,helicity,3,3,5.809142990314028,1.0
4126,helping,3,3,5.809142990314028,1.0
4127,hemodynamics,3,3,5.809142990314028,1.0
4128,hf-related,3,3,5.809142990314028,1.0
4129,hg,3,1,6.907755278982137,3.0
4130,hidradenitis,3,3,5.809142990314028,1.0
4131,high-throughput,3,3,5.809142990314028,1.0
4132,holistic,3,3,5.809142990314028,1.0
4133,homology,3,3,5.809142990314028,1.0
4134,hospitalizations,3,2,6.214608098422191,1.5
4135,hrecs,3,1,6.907755278982137,3.0
4136,ht,3,2,6.214608098422191,1.5
4137,humoral,3,2,6.214608098422191,1.5
4138,hydrogel,3,2,6.214608098422191,1.5
4139,hyperemesis,3,1,6.907755278982137,3.0
4140,hypersecretion,3,1,6.907755278982137,3.0
4141,hypertrophic,3,2,6.214608098422191,1.5
4142,hypogonadism,3,1,6.907755278982137,3.0
4143,hyponatremia,3,1,6.907755278982137,3.0
4144,iauc,3,1,6.907755278982137,3.0
4145,ic,3,2,6.214608098422191,1.5
4146,icr,3,3,5.809142990314028,1.0
4147,ideally,3,3,5.809142990314028,1.0
4148,ideglira,3,1,6.907755278982137,3.0
4149,identical,3,3,5.809142990314028,1.0
4150,identity,3,2,6.214608098422191,1.5
4151,iec,3,1,6.907755278982137,3.0
4152,igb,3,1,6.907755278982137,3.0
4153,imbalances,3,2,6.214608098422191,1.5
4154,imi,3,2,6.214608098422191,1.5
4155,immunoblotting,3,2,6.214608098422191,1.5
4156,impairing,3,3,5.809142990314028,1.0
4157,implementation,3,3,5.809142990314028,1.0
4158,implicate,3,2,6.214608098422191,1.5
4159,in-silico,3,1,6.907755278982137,3.0
4160,inadequately,3,3,5.809142990314028,1.0
4161,incomplete,3,3,5.809142990314028,1.0
4162,inconclusive,3,3,5.809142990314028,1.0
4163,incorporation,3,3,5.809142990314028,1.0
4164,incubating,3,3,5.809142990314028,1.0
4165,inflammation-related,3,2,6.214608098422191,1.5
4166,infused,3,2,6.214608098422191,1.5
4167,inherent,3,3,5.809142990314028,1.0
4168,initiate,3,3,5.809142990314028,1.0
4169,inspired,3,3,5.809142990314028,1.0
4170,insulin-releasing,3,2,6.214608098422191,1.5
4171,insulinotrophic,3,3,5.809142990314028,1.0
4172,integral,3,3,5.809142990314028,1.0
4173,interacting,3,3,5.809142990314028,1.0
4174,international,3,3,5.809142990314028,1.0
4175,interplay,3,3,5.809142990314028,1.0
4176,interpretation,3,3,5.809142990314028,1.0
4177,interpreted,3,3,5.809142990314028,1.0
4178,intestinofugal,3,1,6.907755278982137,3.0
4179,intracranial,3,2,6.214608098422191,1.5
4180,intraduodenal,3,3,5.809142990314028,1.0
4181,intraepithelial,3,3,5.809142990314028,1.0
4182,intralipid,3,1,6.907755278982137,3.0
4183,intriguingly,3,3,5.809142990314028,1.0
4184,introns,3,1,6.907755278982137,3.0
4185,investigational,3,3,5.809142990314028,1.0
4186,ischemia-reperfusion,3,3,5.809142990314028,1.0
4187,islet-cell,3,2,6.214608098422191,1.5
4188,isoform,3,3,5.809142990314028,1.0
4189,isolates,3,3,5.809142990314028,1.0
4190,japan,3,2,6.214608098422191,1.5
4191,jejunal,3,2,6.214608098422191,1.5
4192,joint,3,2,6.214608098422191,1.5
4193,july,3,3,5.809142990314028,1.0
4194,juvenile,3,1,6.907755278982137,3.0
4195,jwu-a021,3,1,6.907755278982137,3.0
4196,katp,3,3,5.809142990314028,1.0
4197,ketogenesis,3,2,6.214608098422191,1.5
4198,know,3,2,6.214608098422191,1.5
4199,ko,3,1,6.907755278982137,3.0
4200,lactate,3,2,6.214608098422191,1.5
4201,landmark,3,3,5.809142990314028,1.0
4202,lasted,3,2,6.214608098422191,1.5
4203,lat,3,1,6.907755278982137,3.0
4204,latency,3,3,5.809142990314028,1.0
4205,lc-ms,3,2,6.214608098422191,1.5
4206,letter,3,2,6.214608098422191,1.5
4207,lgsgpa,3,1,6.907755278982137,3.0
4208,libitum,3,3,5.809142990314028,1.0
4209,lifelong,3,3,5.809142990314028,1.0
4210,likewise,3,3,5.809142990314028,1.0
4211,limitation,3,3,5.809142990314028,1.0
4212,limits,3,3,5.809142990314028,1.0
4213,linagliptin,3,3,5.809142990314028,1.0
4214,lipodystrophy,3,3,5.809142990314028,1.0
4215,lipogenesis,3,3,5.809142990314028,1.0
4216,lipoproteins,3,1,6.907755278982137,3.0
4217,lipotoxic,3,1,6.907755278982137,3.0
4218,liquor,3,2,6.214608098422191,1.5
4219,lived,3,3,5.809142990314028,1.0
4220,lives,3,3,5.809142990314028,1.0
4221,longevity,3,3,5.809142990314028,1.0
4222,look,3,3,5.809142990314028,1.0
4223,losses,3,3,5.809142990314028,1.0
4224,luciferase,3,3,5.809142990314028,1.0
4225,lymphatic,3,3,5.809142990314028,1.0
4226,machinery,3,3,5.809142990314028,1.0
4227,mafld,3,2,6.214608098422191,1.5
4228,magnetic,3,3,5.809142990314028,1.0
4229,manifestation,3,3,5.809142990314028,1.0
4230,manifestations,3,3,5.809142990314028,1.0
4231,mature,3,3,5.809142990314028,1.0
4232,maximal,3,3,5.809142990314028,1.0
4233,maximize,3,3,5.809142990314028,1.0
4234,mazdutide,3,1,6.907755278982137,3.0
4235,mcao,3,1,6.907755278982137,3.0
4236,mcrpc,3,1,6.907755278982137,3.0
4237,mechanism-based,3,3,5.809142990314028,1.0
4238,medulla,3,3,5.809142990314028,1.0
4239,meeting,3,3,5.809142990314028,1.0
4240,melanocortin,3,3,5.809142990314028,1.0
4241,mesolimbic,3,3,5.809142990314028,1.0
4242,metabolic-associated,3,3,5.809142990314028,1.0
4243,metabolomics,3,3,5.809142990314028,1.0
4244,methodology,3,3,5.809142990314028,1.0
4245,middle,3,3,5.809142990314028,1.0
4246,misuse,3,3,5.809142990314028,1.0
4247,misused,3,3,5.809142990314028,1.0
4248,mitophagy,3,3,5.809142990314028,1.0
4249,moieties,3,3,5.809142990314028,1.0
4250,monkeys,3,2,6.214608098422191,1.5
4251,monster,3,2,6.214608098422191,1.5
4252,morphologic,3,3,5.809142990314028,1.0
4253,mosapride,3,1,6.907755278982137,3.0
4254,mostly,3,3,5.809142990314028,1.0
4255,mtorc,3,1,6.907755278982137,3.0
4256,mtt,3,2,6.214608098422191,1.5
4257,multifunctional,3,3,5.809142990314028,1.0
4258,mutations,3,2,6.214608098422191,1.5
4259,myocardium,3,2,6.214608098422191,1.5
4260,n-terminally,3,3,5.809142990314028,1.0
4261,nasal,3,2,6.214608098422191,1.5
4262,nash,3,2,6.214608098422191,1.5
4263,neoglycolipidation,3,1,6.907755278982137,3.0
4264,neoplasia,3,3,5.809142990314028,1.0
4265,neoplasm,3,2,6.214608098422191,1.5
4266,neoplasms,3,3,5.809142990314028,1.0
4267,nerves,3,3,5.809142990314028,1.0
4268,nervosa,3,2,6.214608098422191,1.5
4269,nestin-egfp-positive,3,1,6.907755278982137,3.0
4270,neurobiology,3,3,5.809142990314028,1.0
4271,neurohormonal,3,2,6.214608098422191,1.5
4272,neuroimaging,3,2,6.214608098422191,1.5
4273,neurotensin,3,3,5.809142990314028,1.0
4274,neurotransmitters,3,3,5.809142990314028,1.0
4275,neurovascular,3,2,6.214608098422191,1.5
4276,nfat,3,1,6.907755278982137,3.0
4277,nisb,3,1,6.907755278982137,3.0
4278,nlrp,3,1,6.907755278982137,3.0
4279,no-reflow,3,1,6.907755278982137,3.0
4280,non-arteritic,3,3,5.809142990314028,1.0
4281,non-peptide,3,3,5.809142990314028,1.0
4282,non-selective,3,1,6.907755278982137,3.0
4283,nonarteritic,3,3,5.809142990314028,1.0
4284,nonfatal,3,1,6.907755278982137,3.0
4285,normalize,3,3,5.809142990314028,1.0
4286,normoxia,3,1,6.907755278982137,3.0
4287,note,3,3,5.809142990314028,1.0
4288,notion,3,3,5.809142990314028,1.0
4289,nps,3,1,6.907755278982137,3.0
4290,nutritional,3,3,5.809142990314028,1.0
4291,offered,3,3,5.809142990314028,1.0
4292,oleate,3,1,6.907755278982137,3.0
4293,optimisation,3,3,5.809142990314028,1.0
4294,optimized,3,2,6.214608098422191,1.5
4295,orbitofrontal,3,1,6.907755278982137,3.0
4296,orforglipron,3,2,6.214608098422191,1.5
4297,organisms,3,3,5.809142990314028,1.0
4298,organoid,3,2,6.214608098422191,1.5
4299,original,3,3,5.809142990314028,1.0
4300,originating,3,3,5.809142990314028,1.0
4301,oro-sensory,3,3,5.809142990314028,1.0
4302,os,3,3,5.809142990314028,1.0
4303,oud,3,1,6.907755278982137,3.0
4304,overexpressed,3,3,5.809142990314028,1.0
4305,overlap,3,3,5.809142990314028,1.0
4306,ovid,3,3,5.809142990314028,1.0
4307,ovr,3,1,6.907755278982137,3.0
4308,ovulation,3,3,5.809142990314028,1.0
4309,own,3,3,5.809142990314028,1.0
4310,ozempic,3,3,5.809142990314028,1.0
4311,p-nedd4-2,3,1,6.907755278982137,3.0
4312,packing,3,2,6.214608098422191,1.5
4313,palatability,3,3,5.809142990314028,1.0
4314,paradigms,3,3,5.809142990314028,1.0
4315,parenteral,3,3,5.809142990314028,1.0
4316,participate,3,3,5.809142990314028,1.0
4317,participated,3,3,5.809142990314028,1.0
4318,parvocellular,3,1,6.907755278982137,3.0
4319,pasireotide,3,1,6.907755278982137,3.0
4320,path,3,3,5.809142990314028,1.0
4321,pathophysiologic,3,3,5.809142990314028,1.0
4322,pcb,3,1,6.907755278982137,3.0
4323,peer-reviewed,3,3,5.809142990314028,1.0
4324,pegylated,3,3,5.809142990314028,1.0
4325,peptide-2,3,3,5.809142990314028,1.0
4326,peri-operatively,3,1,6.907755278982137,3.0
4327,periodontitis,3,2,6.214608098422191,1.5
4328,peripherally,3,3,5.809142990314028,1.0
4329,periphery,3,3,5.809142990314028,1.0
4330,personal,3,3,5.809142990314028,1.0
4331,pertinent,3,3,5.809142990314028,1.0
4332,pfaa,3,1,6.907755278982137,3.0
4333,pharmacodynamics,3,3,5.809142990314028,1.0
4334,physician,3,3,5.809142990314028,1.0
4335,phytosterols,3,1,6.907755278982137,3.0
4336,pica,3,1,6.907755278982137,3.0
4337,picture,3,3,5.809142990314028,1.0
4338,pilot,3,3,5.809142990314028,1.0
4339,pioglitazone,3,1,6.907755278982137,3.0
4340,pitfalls,3,3,5.809142990314028,1.0
4341,plasmid,3,2,6.214608098422191,1.5
4342,plasmon,3,3,5.809142990314028,1.0
4343,pm,3,3,5.809142990314028,1.0
4344,pneumatosis,3,1,6.907755278982137,3.0
4345,points,3,3,5.809142990314028,1.0
4346,poisoning,3,1,6.907755278982137,3.0
4347,polymer,3,3,5.809142990314028,1.0
4348,polymicrobial,3,2,6.214608098422191,1.5
4349,polymorphism,3,2,6.214608098422191,1.5
4350,pomc,3,2,6.214608098422191,1.5
4351,pool,3,3,5.809142990314028,1.0
4352,pops,3,1,6.907755278982137,3.0
4353,porcine,3,3,5.809142990314028,1.0
4354,pose,3,3,5.809142990314028,1.0
4355,possessed,3,3,5.809142990314028,1.0
4356,post,3,3,5.809142990314028,1.0
4357,post-marketing,3,3,5.809142990314028,1.0
4358,post-treatment,3,2,6.214608098422191,1.5
4359,postulated,3,3,5.809142990314028,1.0
4360,practically,3,3,5.809142990314028,1.0
4361,practitioners,3,2,6.214608098422191,1.5
4362,pragmatic,3,3,5.809142990314028,1.0
4363,prandial,3,3,5.809142990314028,1.0
4364,pre-clinical,3,3,5.809142990314028,1.0
4365,predefined,3,3,5.809142990314028,1.0
4366,predict,3,3,5.809142990314028,1.0
4367,predicted,3,3,5.809142990314028,1.0
4368,pregnancies,3,2,6.214608098422191,1.5
4369,prehypertensive,3,1,6.907755278982137,3.0
4370,preoperatively,3,3,5.809142990314028,1.0
4371,presently,3,3,5.809142990314028,1.0
4372,pressing,3,3,5.809142990314028,1.0
4373,presumably,3,3,5.809142990314028,1.0
4374,principal,3,3,5.809142990314028,1.0
4375,principle,3,3,5.809142990314028,1.0
4376,probe,3,2,6.214608098422191,1.5
4377,probing,3,2,6.214608098422191,1.5
4378,processed,3,2,6.214608098422191,1.5
4379,profiling,3,3,5.809142990314028,1.0
4380,progresses,3,2,6.214608098422191,1.5
4381,proinsulin,3,2,6.214608098422191,1.5
4382,proliferator-activated,3,3,5.809142990314028,1.0
4383,prolonging,3,3,5.809142990314028,1.0
4384,proof,3,3,5.809142990314028,1.0
4385,properly,3,3,5.809142990314028,1.0
4386,propranolol,3,1,6.907755278982137,3.0
4387,prostaglandin,3,3,5.809142990314028,1.0
4388,protein-protein,3,3,5.809142990314028,1.0
4389,proteolysis,3,3,5.809142990314028,1.0
4390,pseudarthrosis,3,1,6.907755278982137,3.0
4391,psychiatry,3,3,5.809142990314028,1.0
4392,puncture,3,3,5.809142990314028,1.0
4393,pure,3,3,5.809142990314028,1.0
4394,purity,3,3,5.809142990314028,1.0
4395,pyroptosis,3,2,6.214608098422191,1.5
4396,pyruvate,3,3,5.809142990314028,1.0
4397,quercetin,3,1,6.907755278982137,3.0
4398,ra-related,3,3,5.809142990314028,1.0
4399,radiotracer,3,2,6.214608098422191,1.5
4400,rbp,3,1,6.907755278982137,3.0
4401,rcm-107,3,1,6.907755278982137,3.0
4402,readmissions,3,3,5.809142990314028,1.0
4403,reconstructed,3,1,6.907755278982137,3.0
4404,reflect,3,3,5.809142990314028,1.0
4405,registered,3,3,5.809142990314028,1.0
4406,regurgitation,3,2,6.214608098422191,1.5
4407,reinforced,3,3,5.809142990314028,1.0
4408,reinforcing,3,3,5.809142990314028,1.0
4409,relapse,3,2,6.214608098422191,1.5
4410,remaining,3,3,5.809142990314028,1.0
4411,remote,3,1,6.907755278982137,3.0
4412,renewed,3,3,5.809142990314028,1.0
4413,renin-angiotensin,3,3,5.809142990314028,1.0
4414,represented,3,2,6.214608098422191,1.5
4415,requirement,3,3,5.809142990314028,1.0
4416,rescue,3,3,5.809142990314028,1.0
4417,researches,3,3,5.809142990314028,1.0
4418,resolved,3,3,5.809142990314028,1.0
4419,responders,3,1,6.907755278982137,3.0
4420,resultant,3,2,6.214608098422191,1.5
4421,retatrutide,3,2,6.214608098422191,1.5
4422,retention,3,3,5.809142990314028,1.0
4423,retina,3,3,5.809142990314028,1.0
4424,retrospectively,3,3,5.809142990314028,1.0
4425,reuteri,3,1,6.907755278982137,3.0
4426,revolutionized,3,3,5.809142990314028,1.0
4427,rfx,3,1,6.907755278982137,3.0
4428,rgcs,3,1,6.907755278982137,3.0
4429,rinm,3,1,6.907755278982137,3.0
4430,rob,3,3,5.809142990314028,1.0
4431,root,3,3,5.809142990314028,1.0
4432,routine,3,2,6.214608098422191,1.5
4433,routinely,3,3,5.809142990314028,1.0
4434,rpf,3,1,6.907755278982137,3.0
4435,safflower,3,1,6.907755278982137,3.0
4436,saliva,3,2,6.214608098422191,1.5
4437,salt,3,1,6.907755278982137,3.0
4438,saxenda,3,3,5.809142990314028,1.0
4439,scarce,3,3,5.809142990314028,1.0
4440,scarring,3,1,6.907755278982137,3.0
4441,scenarios,3,3,5.809142990314028,1.0
4442,scfas,3,2,6.214608098422191,1.5
4443,schedule,3,2,6.214608098422191,1.5
4444,score-matched,3,3,5.809142990314028,1.0
4445,screen,3,3,5.809142990314028,1.0
4446,sec,3,1,6.907755278982137,3.0
4447,seeks,3,3,5.809142990314028,1.0
4448,sem,3,2,6.214608098422191,1.5
4449,september,3,3,5.809142990314028,1.0
4450,septic,3,2,6.214608098422191,1.5
4451,serves,3,3,5.809142990314028,1.0
4452,sets,3,3,5.809142990314028,1.0
4453,seventeen,3,3,5.809142990314028,1.0
4454,sex-specific,3,2,6.214608098422191,1.5
4455,shifted,3,3,5.809142990314028,1.0
4456,shifts,3,3,5.809142990314028,1.0
4457,short-linker,3,1,6.907755278982137,3.0
4458,shortage,3,3,5.809142990314028,1.0
4459,sid,3,1,6.907755278982137,3.0
4460,signal-regulated,3,3,5.809142990314028,1.0
4461,signs,3,3,5.809142990314028,1.0
4462,simultaneous,3,3,5.809142990314028,1.0
4463,single-cell,3,2,6.214608098422191,1.5
4464,sinus,3,3,5.809142990314028,1.0
4465,slowed,3,3,5.809142990314028,1.0
4466,sma,3,2,6.214608098422191,1.5
4467,smd,3,1,6.907755278982137,3.0
4468,sodium-induced,3,1,6.907755278982137,3.0
4469,softshell,3,1,6.907755278982137,3.0
4470,solitarii,3,3,5.809142990314028,1.0
4471,solubility,3,2,6.214608098422191,1.5
4472,sometimes,3,3,5.809142990314028,1.0
4473,soymilk,3,1,6.907755278982137,3.0
4474,spike,3,1,6.907755278982137,3.0
4475,spread,3,2,6.214608098422191,1.5
4476,ss-14,3,1,6.907755278982137,3.0
4477,stabilize,3,3,5.809142990314028,1.0
4478,stabilized,3,3,5.809142990314028,1.0
4479,stabilizing,3,3,5.809142990314028,1.0
4480,stained,3,3,5.809142990314028,1.0
4481,starch,3,3,5.809142990314028,1.0
4482,starved,3,1,6.907755278982137,3.0
4483,statements,3,1,6.907755278982137,3.0
4484,stems,3,3,5.809142990314028,1.0
4485,steps,3,3,5.809142990314028,1.0
4486,stigma,3,2,6.214608098422191,1.5
4487,sting,3,1,6.907755278982137,3.0
4488,stoma,3,1,6.907755278982137,3.0
4489,stopped,3,3,5.809142990314028,1.0
4490,stopping,3,3,5.809142990314028,1.0
4491,storage,3,3,5.809142990314028,1.0
4492,stores,3,3,5.809142990314028,1.0
4493,strategic,3,3,5.809142990314028,1.0
4494,strength,3,3,5.809142990314028,1.0
4495,striatal,3,1,6.907755278982137,3.0
4496,structure-based,3,2,6.214608098422191,1.5
4497,submitted,3,3,5.809142990314028,1.0
4498,suboptimal,3,2,6.214608098422191,1.5
4499,substitutes,3,3,5.809142990314028,1.0
4500,substitutions,3,1,6.907755278982137,3.0
4501,suffer,3,3,5.809142990314028,1.0
4502,summarises,3,3,5.809142990314028,1.0
4503,superiority,3,3,5.809142990314028,1.0
4504,supernatant,3,2,6.214608098422191,1.5
4505,supplement,3,2,6.214608098422191,1.5
4506,supportive,3,3,5.809142990314028,1.0
4507,suppurativa,3,3,5.809142990314028,1.0
4508,surged,3,3,5.809142990314028,1.0
4509,surmount,3,3,5.809142990314028,1.0
4510,surpass,3,3,5.809142990314028,1.0
4511,suspected,3,3,5.809142990314028,1.0
4512,switched,3,3,5.809142990314028,1.0
4513,tablets,3,2,6.214608098422191,1.5
4514,tailor,3,3,5.809142990314028,1.0
4515,taspoglutide,3,3,5.809142990314028,1.0
4516,tat,3,1,6.907755278982137,3.0
4517,tc,3,2,6.214608098422191,1.5
4518,technological,3,3,5.809142990314028,1.0
4519,termination,3,2,6.214608098422191,1.5
4520,tgfb,3,1,6.907755278982137,3.0
4521,tha,3,1,6.907755278982137,3.0
4522,thalamus,3,2,6.214608098422191,1.5
4523,thcpsi,3,1,6.907755278982137,3.0
4524,thermogenesis,3,3,5.809142990314028,1.0
4525,thirst,3,1,6.907755278982137,3.0
4526,thirteen,3,3,5.809142990314028,1.0
4527,thr,3,2,6.214608098422191,1.5
4528,threat,3,3,5.809142990314028,1.0
4529,throughput,3,2,6.214608098422191,1.5
4530,tipss,3,1,6.907755278982137,3.0
4531,tlrs,3,1,6.907755278982137,3.0
4532,tonic,3,1,6.907755278982137,3.0
4533,transcript,3,3,5.809142990314028,1.0
4534,transfer,3,2,6.214608098422191,1.5
4535,transferase,3,3,5.809142990314028,1.0
4536,transform,3,3,5.809142990314028,1.0
4537,transplant,3,2,6.214608098422191,1.5
4538,trends,3,3,5.809142990314028,1.0
4539,triacylglycerol,3,2,6.214608098422191,1.5
4540,triglyceride,3,3,5.809142990314028,1.0
4541,triphosphate-sensitive,3,1,6.907755278982137,3.0
4542,tsa,3,2,6.214608098422191,1.5
4543,turtle,3,1,6.907755278982137,3.0
4544,twice-daily,3,3,5.809142990314028,1.0
4545,twofold,3,2,6.214608098422191,1.5
4546,unaltered,3,3,5.809142990314028,1.0
4547,uncertainties,3,3,5.809142990314028,1.0
4548,uncommon,3,3,5.809142990314028,1.0
4549,uncover,3,3,5.809142990314028,1.0
4550,underexplored,3,3,5.809142990314028,1.0
4551,underpinnings,3,3,5.809142990314028,1.0
4552,underrecognized,3,3,5.809142990314028,1.0
4553,undertaken,3,3,5.809142990314028,1.0
4554,underwriting,3,1,6.907755278982137,3.0
4555,unexpected,3,3,5.809142990314028,1.0
4556,unexpectedly,3,3,5.809142990314028,1.0
4557,unintended,3,3,5.809142990314028,1.0
4558,uniquely,3,3,5.809142990314028,1.0
4559,units,3,2,6.214608098422191,1.5
4560,unlabelled,3,3,5.809142990314028,1.0
4561,unmodified,3,1,6.907755278982137,3.0
4562,unnatural,3,3,5.809142990314028,1.0
4563,unprecedented,3,3,5.809142990314028,1.0
4564,unresolved,3,3,5.809142990314028,1.0
4565,utilize,3,3,5.809142990314028,1.0
4566,validate,3,3,5.809142990314028,1.0
4567,valuation,3,1,6.907755278982137,3.0
4568,vasodilation,3,2,6.214608098422191,1.5
4569,velocity,3,3,5.809142990314028,1.0
4570,ventricle,3,3,5.809142990314028,1.0
4571,verify,3,3,5.809142990314028,1.0
4572,vgcc,3,1,6.907755278982137,3.0
4573,vigilant,3,3,5.809142990314028,1.0
4574,vip,3,2,6.214608098422191,1.5
4575,visualized,3,3,5.809142990314028,1.0
4576,vlc,3,1,6.907755278982137,3.0
4577,vmn,3,1,6.907755278982137,3.0
4578,volunteers,3,3,5.809142990314028,1.0
4579,vpgag,3,1,6.907755278982137,3.0
4580,vpreg,3,1,6.907755278982137,3.0
4581,vulgaris,3,1,6.907755278982137,3.0
4582,walls,3,1,6.907755278982137,3.0
4583,warrants,3,3,5.809142990314028,1.0
4584,ways,3,3,5.809142990314028,1.0
4585,weak,3,3,5.809142990314028,1.0
4586,weight-reducing,3,3,5.809142990314028,1.0
4587,weights,3,3,5.809142990314028,1.0
4588,whole-cell,3,3,5.809142990314028,1.0
4589,whom,3,3,5.809142990314028,1.0
4590,wiley,3,3,5.809142990314028,1.0
4591,witnessed,3,2,6.214608098422191,1.5
4592,workup,3,3,5.809142990314028,1.0
4593,wpi,3,1,6.907755278982137,3.0
4594,xaa-pro-dap,3,1,6.907755278982137,3.0
4595,y,3,3,5.809142990314028,1.0
4596,yeast,3,1,6.907755278982137,3.0
4597,zone,3,2,6.214608098422191,1.5
4598,a-treatment,2,1,6.907755278982137,2.0
4599,aapeptides,2,1,6.907755278982137,2.0
4600,abated,2,2,6.214608098422191,1.0
4601,abd,2,1,6.907755278982137,2.0
4602,abrogated,2,2,6.214608098422191,1.0
4603,abrogates,2,2,6.214608098422191,1.0
4604,abrupt,2,1,6.907755278982137,2.0
4605,abstract,2,2,6.214608098422191,1.0
4606,abstracts,2,2,6.214608098422191,1.0
4607,abundant,2,2,6.214608098422191,1.0
4608,abundantly,2,2,6.214608098422191,1.0
4609,acarbose-treated,2,1,6.907755278982137,2.0
4610,accumbens,2,2,6.214608098422191,1.0
4611,acetate,2,2,6.214608098422191,1.0
4612,ach,2,1,6.907755278982137,2.0
4613,acid-sensing,2,1,6.907755278982137,2.0
4614,acinar,2,2,6.214608098422191,1.0
4615,activations,2,2,6.214608098422191,1.0
4616,activators,2,2,6.214608098422191,1.0
4617,actively,2,2,6.214608098422191,1.0
4618,ada,2,2,6.214608098422191,1.0
4619,adaptations,2,2,6.214608098422191,1.0
4620,add,2,2,6.214608098422191,1.0
4621,adenoma,2,2,6.214608098422191,1.0
4622,adipokines,2,2,6.214608098422191,1.0
4623,adjacent,2,2,6.214608098422191,1.0
4624,adjustments,2,2,6.214608098422191,1.0
4625,adlyxin,2,2,6.214608098422191,1.0
4626,administering,2,2,6.214608098422191,1.0
4627,adopting,2,2,6.214608098422191,1.0
4628,adulthood,2,2,6.214608098422191,1.0
4629,advanced-stage,2,1,6.907755278982137,2.0
4630,advancing,2,2,6.214608098422191,1.0
4631,advent,2,2,6.214608098422191,1.0
4632,advice,2,2,6.214608098422191,1.0
4633,affective,2,2,6.214608098422191,1.0
4634,aforementioned,2,2,6.214608098422191,1.0
4635,ag,2,1,6.907755278982137,2.0
4636,age-matched,2,2,6.214608098422191,1.0
4637,agencies,2,1,6.907755278982137,2.0
4638,agenda,2,2,6.214608098422191,1.0
4639,agent-specific,2,2,6.214608098422191,1.0
4640,aggravate,2,2,6.214608098422191,1.0
4641,aging-related,2,2,6.214608098422191,1.0
4642,agonistic,2,2,6.214608098422191,1.0
4643,agopam,2,1,6.907755278982137,2.0
4644,agrp,2,1,6.907755278982137,2.0
4645,ahead,2,2,6.214608098422191,1.0
4646,ahi,2,2,6.214608098422191,1.0
4647,aki,2,1,6.907755278982137,2.0
4648,akkermansia,2,2,6.214608098422191,1.0
4649,albumin-binding,2,2,6.214608098422191,1.0
4650,albuminuria,2,2,6.214608098422191,1.0
4651,alcohol-related,2,2,6.214608098422191,1.0
4652,aldosteronism,2,1,6.907755278982137,2.0
4653,alkaline,2,2,6.214608098422191,1.0
4654,allowing,2,2,6.214608098422191,1.0
4655,alloxan,2,1,6.907755278982137,2.0
4656,alp,2,1,6.907755278982137,2.0
4657,alpha-gustducin,2,1,6.907755278982137,2.0
4658,alpha-helices,2,1,6.907755278982137,2.0
4659,alpha-mangostin,2,1,6.907755278982137,2.0
4660,altering,2,2,6.214608098422191,1.0
4661,alternation,2,1,6.907755278982137,2.0
4662,alternatively,2,2,6.214608098422191,1.0
4663,altogether,2,2,6.214608098422191,1.0
4664,always,2,2,6.214608098422191,1.0
4665,amd,2,1,6.907755278982137,2.0
4666,ameliorates,2,2,6.214608098422191,1.0
4667,amend,2,2,6.214608098422191,1.0
4668,aminobutyric,2,2,6.214608098422191,1.0
4669,amomi,2,1,6.907755278982137,2.0
4670,amovillosumins,2,1,6.907755278982137,2.0
4671,amphetamine-regulated,2,2,6.214608098422191,1.0
4672,amplified,2,2,6.214608098422191,1.0
4673,amts,2,1,6.907755278982137,2.0
4674,amygdala,2,2,6.214608098422191,1.0
4675,amylase,2,2,6.214608098422191,1.0
4676,anaesthesia,2,1,6.907755278982137,2.0
4677,anaesthesiologists,2,1,6.907755278982137,2.0
4678,anaesthetized,2,2,6.214608098422191,1.0
4679,analyse,2,1,6.907755278982137,2.0
4680,analyzer,2,2,6.214608098422191,1.0
4681,analyzing,2,2,6.214608098422191,1.0
4682,anaphylaxis,2,1,6.907755278982137,2.0
4683,anatomical,2,2,6.214608098422191,1.0
4684,ang,2,1,6.907755278982137,2.0
4685,angiogenesis,2,2,6.214608098422191,1.0
4686,anhydrase,2,1,6.907755278982137,2.0
4687,anniversary,2,2,6.214608098422191,1.0
4688,answer,2,2,6.214608098422191,1.0
4689,answers,2,2,6.214608098422191,1.0
4690,anti-fouling,2,1,6.907755278982137,2.0
4691,anti-seizure,2,1,6.907755278982137,2.0
4692,antiapoptotic,2,2,6.214608098422191,1.0
4693,antiatherogenic,2,2,6.214608098422191,1.0
4694,anticonvulsant,2,1,6.907755278982137,2.0
4695,antifibrotic,2,2,6.214608098422191,1.0
4696,antigen,2,2,6.214608098422191,1.0
4697,antipsychotics,2,2,6.214608098422191,1.0
4698,antisera,2,1,6.907755278982137,2.0
4699,anyway,2,2,6.214608098422191,1.0
4700,apelin,2,1,6.907755278982137,2.0
4701,apelin-13,2,1,6.907755278982137,2.0
4702,apoptotic,2,2,6.214608098422191,1.0
4703,appealing,2,2,6.214608098422191,1.0
4704,applies,2,2,6.214608098422191,1.0
4705,applying,2,2,6.214608098422191,1.0
4706,appraisal,2,2,6.214608098422191,1.0
4707,appraise,2,2,6.214608098422191,1.0
4708,appreciated,2,2,6.214608098422191,1.0
4709,apurinic,2,2,6.214608098422191,1.0
4710,apyrimidinic,2,2,6.214608098422191,1.0
4711,arachidonic,2,2,6.214608098422191,1.0
4712,argue,2,2,6.214608098422191,1.0
4713,arises,2,2,6.214608098422191,1.0
4714,art,2,2,6.214608098422191,1.0
4715,arterioles,2,2,6.214608098422191,1.0
4716,ascending,2,1,6.907755278982137,2.0
4717,ascvd,2,1,6.907755278982137,2.0
4718,aseptic,2,2,6.214608098422191,1.0
4719,asia,2,2,6.214608098422191,1.0
4720,aspartic,2,1,6.907755278982137,2.0
4721,assayed,2,2,6.214608098422191,1.0
4722,assumption,2,2,6.214608098422191,1.0
4723,astrocytic,2,1,6.907755278982137,2.0
4724,at-risk,2,2,6.214608098422191,1.0
4725,atiii,2,1,6.907755278982137,2.0
4726,atlas,2,1,6.907755278982137,2.0
4727,atp-sensitive,2,2,6.214608098422191,1.0
4728,atpase,2,1,6.907755278982137,2.0
4729,attained,2,2,6.214608098422191,1.0
4730,attempt,2,2,6.214608098422191,1.0
4731,attracting,2,2,6.214608098422191,1.0
4732,attraction,2,1,6.907755278982137,2.0
4733,august,2,2,6.214608098422191,1.0
4734,author,2,2,6.214608098422191,1.0
4735,autoantibodies,2,2,6.214608098422191,1.0
4736,autocrine,2,1,6.907755278982137,2.0
4737,automated,2,2,6.214608098422191,1.0
4738,autoregulation,2,1,6.907755278982137,2.0
4739,autoregulatory,2,1,6.907755278982137,2.0
4740,aversion,2,2,6.214608098422191,1.0
4741,award,2,2,6.214608098422191,1.0
4742,axon,2,1,6.907755278982137,2.0
4743,axonal,2,2,6.214608098422191,1.0
4744,axons,2,2,6.214608098422191,1.0
4745,b-17-scid,2,1,6.907755278982137,2.0
4746,bace,2,1,6.907755278982137,2.0
4747,back,2,2,6.214608098422191,1.0
4748,backbone-based,2,1,6.907755278982137,2.0
4749,bacterium,2,2,6.214608098422191,1.0
4750,bad,2,1,6.907755278982137,2.0
4751,ballooning,2,1,6.907755278982137,2.0
4752,barrett,2,2,6.214608098422191,1.0
4753,barring,2,2,6.214608098422191,1.0
4754,basal-bolus,2,2,6.214608098422191,1.0
4755,becomes,2,2,6.214608098422191,1.0
4756,behaved,2,2,6.214608098422191,1.0
4757,benchmark,2,2,6.214608098422191,1.0
4758,benefited,2,2,6.214608098422191,1.0
4759,benign,2,1,6.907755278982137,2.0
4760,bgc,2,1,6.907755278982137,2.0
4761,bgcs,2,1,6.907755278982137,2.0
4762,bidirectional,2,2,6.214608098422191,1.0
4763,bifidobacterium,2,2,6.214608098422191,1.0
4764,billion,2,2,6.214608098422191,1.0
4765,bioavailable,2,2,6.214608098422191,1.0
4766,biobehavioral,2,2,6.214608098422191,1.0
4767,bioenergetic,2,1,6.907755278982137,2.0
4768,biogrid,2,1,6.907755278982137,2.0
4769,bioinformatics,2,2,6.214608098422191,1.0
4770,biologic,2,1,6.907755278982137,2.0
4771,biopharmaceutics,2,1,6.907755278982137,2.0
4772,bjp,2,2,6.214608098422191,1.0
4773,bleomycin-induced,2,1,6.907755278982137,2.0
4774,blindness,2,2,6.214608098422191,1.0
4775,bloating,2,2,6.214608098422191,1.0
4776,blockbuster,2,2,6.214608098422191,1.0
4777,blockers,2,2,6.214608098422191,1.0
4778,bn-s,2,1,6.907755278982137,2.0
4779,bombesin,2,2,6.214608098422191,1.0
4780,boolean,2,2,6.214608098422191,1.0
4781,border,2,2,6.214608098422191,1.0
4782,born,2,1,6.907755278982137,2.0
4783,bph,2,2,6.214608098422191,1.0
4784,brain-derived,2,2,6.214608098422191,1.0
4785,breakfast,2,1,6.907755278982137,2.0
4786,breast,2,1,6.907755278982137,2.0
4787,bridges,2,2,6.214608098422191,1.0
4788,bring,2,2,6.214608098422191,1.0
4789,brown,2,2,6.214608098422191,1.0
4790,brunner,2,2,6.214608098422191,1.0
4791,bsx,2,2,6.214608098422191,1.0
4792,build,2,2,6.214608098422191,1.0
4793,bulimia,2,1,6.907755278982137,2.0
4794,bullous,2,2,6.214608098422191,1.0
4795,bupropion-naltrexone,2,2,6.214608098422191,1.0
4796,bursts,2,1,6.907755278982137,2.0
4797,c-reactive,2,2,6.214608098422191,1.0
4798,cadaveric,2,1,6.907755278982137,2.0
4799,caffeoylquinic,2,2,6.214608098422191,1.0
4800,cafraglutide,2,2,6.214608098422191,1.0
4801,cagrilintide,2,2,6.214608098422191,1.0
4802,calcium-dependent,2,2,6.214608098422191,1.0
4803,calories,2,1,6.907755278982137,2.0
4804,canceled,2,2,6.214608098422191,1.0
4805,cancer-related,2,1,6.907755278982137,2.0
4806,cannula,2,1,6.907755278982137,2.0
4807,capabilities,2,2,6.214608098422191,1.0
4808,carbon,2,2,6.214608098422191,1.0
4809,carbonic,2,1,6.907755278982137,2.0
4810,carcinoma,2,2,6.214608098422191,1.0
4811,cardio,2,2,6.214608098422191,1.0
4812,cardio-metabolic,2,2,6.214608098422191,1.0
4813,cardiologists,2,2,6.214608098422191,1.0
4814,carumbelloside,2,1,6.907755278982137,2.0
4815,casr,2,2,6.214608098422191,1.0
4816,catabolism,2,2,6.214608098422191,1.0
4817,catenin,2,2,6.214608098422191,1.0
4818,caucasians,2,1,6.907755278982137,2.0
4819,caudal,2,2,6.214608098422191,1.0
4820,caudally,2,1,6.907755278982137,2.0
4821,causation,2,2,6.214608098422191,1.0
4822,caution,2,2,6.214608098422191,1.0
4823,cautious,2,2,6.214608098422191,1.0
4824,cch,2,1,6.907755278982137,2.0
4825,ccl,2,1,6.907755278982137,2.0
4826,cea,2,1,6.907755278982137,2.0
4827,cell-derived,2,2,6.214608098422191,1.0
4828,cell-mediated,2,1,6.907755278982137,2.0
4829,ceramides,2,1,6.907755278982137,2.0
4830,cerebrovascular,2,2,6.214608098422191,1.0
4831,cfp-glp-1,2,1,6.907755278982137,2.0
4832,challenged,2,2,6.214608098422191,1.0
4833,charge,2,1,6.907755278982137,2.0
4834,chemically,2,2,6.214608098422191,1.0
4835,chemicals,2,2,6.214608098422191,1.0
4836,chemokines,2,2,6.214608098422191,1.0
4837,chief,2,2,6.214608098422191,1.0
4838,china,2,2,6.214608098422191,1.0
4839,chlorthalidone,2,1,6.907755278982137,2.0
4840,cholinergic,2,2,6.214608098422191,1.0
4841,chromanol,2,1,6.907755278982137,2.0
4842,chromatographic,2,2,6.214608098422191,1.0
4843,chronotropic,2,2,6.214608098422191,1.0
4844,cimt,2,1,6.907755278982137,2.0
4845,circumvent,2,2,6.214608098422191,1.0
4846,circumventricular,2,1,6.907755278982137,2.0
4847,ckm,2,1,6.907755278982137,2.0
4848,clearer,2,2,6.214608098422191,1.0
4849,click,2,2,6.214608098422191,1.0
4850,clinicaltrials,2,2,6.214608098422191,1.0
4851,clone,2,1,6.907755278982137,2.0
4852,cnts,2,1,6.907755278982137,2.0
4853,co,2,2,6.214608098422191,1.0
4854,co-agonist,2,2,6.214608098422191,1.0
4855,co-expressed,2,2,6.214608098422191,1.0
4856,co-immunoprecipitation,2,2,6.214608098422191,1.0
4857,co-secreted,2,1,6.907755278982137,2.0
4858,coadministration,2,2,6.214608098422191,1.0
4859,code,2,1,6.907755278982137,2.0
4860,coexisting,2,2,6.214608098422191,1.0
4861,cognizant,2,2,6.214608098422191,1.0
4862,coingestion,2,1,6.907755278982137,2.0
4863,col-iv,2,1,6.907755278982137,2.0
4864,colectomy,2,1,6.907755278982137,2.0
4865,collapse,2,2,6.214608098422191,1.0
4866,column,2,2,6.214608098422191,1.0
4867,com,2,2,6.214608098422191,1.0
4868,combat,2,2,6.214608098422191,1.0
4869,combines,2,2,6.214608098422191,1.0
4870,coming,2,2,6.214608098422191,1.0
4871,commensal,2,1,6.907755278982137,2.0
4872,commercially,2,2,6.214608098422191,1.0
4873,companion,2,2,6.214608098422191,1.0
4874,comparator,2,2,6.214608098422191,1.0
4875,compares,2,2,6.214608098422191,1.0
4876,compartment,2,1,6.907755278982137,2.0
4877,compartments,2,2,6.214608098422191,1.0
4878,competition,2,2,6.214608098422191,1.0
4879,compile,2,2,6.214608098422191,1.0
4880,complexes,2,2,6.214608098422191,1.0
4881,complexity,2,2,6.214608098422191,1.0
4882,complicate,2,2,6.214608098422191,1.0
4883,compounding,2,1,6.907755278982137,2.0
4884,conception,2,2,6.214608098422191,1.0
4885,concert,2,2,6.214608098422191,1.0
4886,concomitantly,2,2,6.214608098422191,1.0
4887,conditioning,2,1,6.907755278982137,2.0
4888,confirms,2,2,6.214608098422191,1.0
4889,confocal,2,2,6.214608098422191,1.0
4890,conformationally,2,1,6.907755278982137,2.0
4891,confounders,2,2,6.214608098422191,1.0
4892,congestion,2,1,6.907755278982137,2.0
4893,connect,2,2,6.214608098422191,1.0
4894,connection,2,2,6.214608098422191,1.0
4895,connectivity,2,2,6.214608098422191,1.0
4896,conservative,2,2,6.214608098422191,1.0
4897,conserved,2,2,6.214608098422191,1.0
4898,consistency,2,2,6.214608098422191,1.0
4899,consists,2,2,6.214608098422191,1.0
4900,constituent,2,2,6.214608098422191,1.0
4901,constitutive,2,2,6.214608098422191,1.0
4902,constitutively,2,2,6.214608098422191,1.0
4903,constraints,2,2,6.214608098422191,1.0
4904,consult,2,2,6.214608098422191,1.0
4905,consultation,2,2,6.214608098422191,1.0
4906,consumed,2,2,6.214608098422191,1.0
4907,contacts,2,2,6.214608098422191,1.0
4908,contains,2,2,6.214608098422191,1.0
4909,contextual,2,2,6.214608098422191,1.0
4910,contextualize,2,2,6.214608098422191,1.0
4911,continuation,2,2,6.214608098422191,1.0
4912,contraceptives,2,2,6.214608098422191,1.0
4913,contradictory,2,2,6.214608098422191,1.0
4914,contrary,2,2,6.214608098422191,1.0
4915,convenience,2,2,6.214608098422191,1.0
4916,convenient,2,2,6.214608098422191,1.0
4917,converge,2,2,6.214608098422191,1.0
4918,conversely,2,2,6.214608098422191,1.0
4919,coordination,2,2,6.214608098422191,1.0
4920,copd,2,2,6.214608098422191,1.0
4921,correction,2,2,6.214608098422191,1.0
4922,correlate,2,2,6.214608098422191,1.0
4923,correlates,2,2,6.214608098422191,1.0
4924,correlating,2,2,6.214608098422191,1.0
4925,corticosterone,2,2,6.214608098422191,1.0
4926,corticotropin-releasing,2,2,6.214608098422191,1.0
4927,cosmetic,2,2,6.214608098422191,1.0
4928,counseling,2,2,6.214608098422191,1.0
4929,counselling,2,2,6.214608098422191,1.0
4930,counting,2,2,6.214608098422191,1.0
4931,covalent,2,2,6.214608098422191,1.0
4932,coverage,2,2,6.214608098422191,1.0
4933,cqa,2,1,6.907755278982137,2.0
4934,craving-induced,2,1,6.907755278982137,2.0
4935,crd,2,2,6.214608098422191,1.0
4936,creation,2,2,6.214608098422191,1.0
4937,crisis,2,2,6.214608098422191,1.0
4938,criterion,2,1,6.907755278982137,2.0
4939,cross,2,2,6.214608098422191,1.0
4940,cross-talk,2,1,6.907755278982137,2.0
4941,crypt,2,2,6.214608098422191,1.0
4942,cue-induced,2,1,6.907755278982137,2.0
4943,cues,2,2,6.214608098422191,1.0
4944,cuff,2,2,6.214608098422191,1.0
4945,cultivar,2,2,6.214608098422191,1.0
4946,cure,2,2,6.214608098422191,1.0
4947,curves,2,2,6.214608098422191,1.0
4948,cvds,2,2,6.214608098422191,1.0
4949,cvot,2,2,6.214608098422191,1.0
4950,cystic,2,2,6.214608098422191,1.0
4951,d-ala,2,1,6.907755278982137,2.0
4952,d-glucose,2,1,6.907755278982137,2.0
4953,damaged,2,2,6.214608098422191,1.0
4954,dawley,2,2,6.214608098422191,1.0
4955,dealt,2,2,6.214608098422191,1.0
4956,deciphered,2,2,6.214608098422191,1.0
4957,decision,2,2,6.214608098422191,1.0
4958,declined,2,2,6.214608098422191,1.0
4959,defenses,2,2,6.214608098422191,1.0
4960,deficit,2,2,6.214608098422191,1.0
4961,definitive,2,2,6.214608098422191,1.0
4962,degradation-resistant,2,2,6.214608098422191,1.0
4963,dehiscence,2,1,6.907755278982137,2.0
4964,dehydratase,2,1,6.907755278982137,2.0
4965,delbrueckii,2,1,6.907755278982137,2.0
4966,demands,2,2,6.214608098422191,1.0
4967,dendrites,2,2,6.214608098422191,1.0
4968,denervation,2,1,6.907755278982137,2.0
4969,dentate,2,2,6.214608098422191,1.0
4970,depend,2,2,6.214608098422191,1.0
4971,depended,2,2,6.214608098422191,1.0
4972,dependence-induced,2,1,6.907755278982137,2.0
4973,depending,2,2,6.214608098422191,1.0
4974,derives,2,2,6.214608098422191,1.0
4975,dermatological,2,1,6.907755278982137,2.0
4976,dermatologists,2,2,6.214608098422191,1.0
4977,des-his,2,1,6.907755278982137,2.0
4978,descending,2,2,6.214608098422191,1.0
4979,desensitization,2,2,6.214608098422191,1.0
4980,designing,2,2,6.214608098422191,1.0
4981,desired,2,2,6.214608098422191,1.0
4982,destruction,2,2,6.214608098422191,1.0
4983,determinant,2,2,6.214608098422191,1.0
4984,determining,2,2,6.214608098422191,1.0
4985,devoted,2,2,6.214608098422191,1.0
4986,dextran,2,2,6.214608098422191,1.0
4987,dextrose,2,2,6.214608098422191,1.0
4988,difficulties,2,2,6.214608098422191,1.0
4989,dihydroethidium,2,2,6.214608098422191,1.0
4990,dilatation,2,2,6.214608098422191,1.0
4991,dilation,2,2,6.214608098422191,1.0
4992,dimension,2,2,6.214608098422191,1.0
4993,dimethyl,2,2,6.214608098422191,1.0
4994,dipeptidyl-peptidase,2,2,6.214608098422191,1.0
4995,direction,2,2,6.214608098422191,1.0
4996,disc,2,2,6.214608098422191,1.0
4997,discover,2,2,6.214608098422191,1.0
4998,disparities,2,1,6.907755278982137,2.0
4999,displaying,2,2,6.214608098422191,1.0
5000,dissociation,2,2,6.214608098422191,1.0
5001,distalis,2,1,6.907755278982137,2.0
5002,distinguishing,2,2,6.214608098422191,1.0
5003,disturbed,2,2,6.214608098422191,1.0
5004,disulfide,2,1,6.907755278982137,2.0
5005,diterpenoids,2,1,6.907755278982137,2.0
5006,diuretic,2,1,6.907755278982137,2.0
5007,document,2,2,6.214608098422191,1.0
5008,documents,2,2,6.214608098422191,1.0
5009,doing,2,2,6.214608098422191,1.0
5010,domains,2,2,6.214608098422191,1.0
5011,double-blind,2,2,6.214608098422191,1.0
5012,down-regulate,2,2,6.214608098422191,1.0
5013,downregulated,2,2,6.214608098422191,1.0
5014,drastic,2,2,6.214608098422191,1.0
5015,draws,2,2,6.214608098422191,1.0
5016,drivers,2,2,6.214608098422191,1.0
5017,driving,2,2,6.214608098422191,1.0
5018,drug-like,2,1,6.907755278982137,2.0
5019,drug-related,2,2,6.214608098422191,1.0
5020,dss,2,2,6.214608098422191,1.0
5021,dtc,2,1,6.907755278982137,2.0
5022,dual-incretin,2,2,6.214608098422191,1.0
5023,ductal,2,2,6.214608098422191,1.0
5024,dwlss,2,1,6.907755278982137,2.0
5025,dysglycemia,2,1,6.907755278982137,2.0
5026,e-selectin,2,1,6.907755278982137,2.0
5027,early-stage,2,2,6.214608098422191,1.0
5028,easy,2,2,6.214608098422191,1.0
5029,ebsco,2,2,6.214608098422191,1.0
5030,ebt,2,1,6.907755278982137,2.0
5031,ece-1,2,1,6.907755278982137,2.0
5032,ectopeptidases,2,1,6.907755278982137,2.0
5033,edible,2,2,6.214608098422191,1.0
5034,educators,2,2,6.214608098422191,1.0
5035,eg,2,2,6.214608098422191,1.0
5036,eglp,2,1,6.907755278982137,2.0
5037,electron,2,2,6.214608098422191,1.0
5038,elevates,2,2,6.214608098422191,1.0
5039,eleven,2,2,6.214608098422191,1.0
5040,elicited,2,2,6.214608098422191,1.0
5041,eliminates,2,2,6.214608098422191,1.0
5042,elongate,2,2,6.214608098422191,1.0
5043,elsewhere,2,2,6.214608098422191,1.0
5044,elucidation,2,2,6.214608098422191,1.0
5045,ema,2,2,6.214608098422191,1.0
5046,emerges,2,2,6.214608098422191,1.0
5047,empagliflozin,2,2,6.214608098422191,1.0
5048,empirical,2,2,6.214608098422191,1.0
5049,employing,2,2,6.214608098422191,1.0
5050,employment,2,2,6.214608098422191,1.0
5051,emptied,2,1,6.907755278982137,2.0
5052,empty,2,2,6.214608098422191,1.0
5053,encapsulation,2,2,6.214608098422191,1.0
5054,encompasses,2,2,6.214608098422191,1.0
5055,encountered,2,2,6.214608098422191,1.0
5056,encouraged,2,2,6.214608098422191,1.0
5057,end-organ,2,2,6.214608098422191,1.0
5058,endocannabinoid,2,2,6.214608098422191,1.0
5059,endogenously,2,2,6.214608098422191,1.0
5060,endonuclease,2,2,6.214608098422191,1.0
5061,endoproteolysis,2,1,6.907755278982137,2.0
5062,endorsing,2,2,6.214608098422191,1.0
5063,endosomes,2,2,6.214608098422191,1.0
5064,endothelial-dependent,2,1,6.907755278982137,2.0
5065,endotoxaemic,2,1,6.907755278982137,2.0
5066,enormous,2,2,6.214608098422191,1.0
5067,enrichment,2,2,6.214608098422191,1.0
5068,enter,2,2,6.214608098422191,1.0
5069,enteritis,2,1,6.907755278982137,2.0
5070,enterochromaffin,2,2,6.214608098422191,1.0
5071,enterokinase,2,2,6.214608098422191,1.0
5072,enthusiasm,2,2,6.214608098422191,1.0
5073,entire,2,2,6.214608098422191,1.0
5074,entrain,2,1,6.907755278982137,2.0
5075,environment,2,2,6.214608098422191,1.0
5076,environments,2,2,6.214608098422191,1.0
5077,enzymatically,2,2,6.214608098422191,1.0
5078,epidemiologic,2,2,6.214608098422191,1.0
5079,epitope,2,1,6.907755278982137,2.0
5080,epscs,2,1,6.907755278982137,2.0
5081,equation,2,2,6.214608098422191,1.0
5082,equity,2,1,6.907755278982137,2.0
5083,er-stressed,2,1,6.907755278982137,2.0
5084,eras,2,1,6.907755278982137,2.0
5085,eruptions,2,2,6.214608098422191,1.0
5086,eshf,2,1,6.907755278982137,2.0
5087,esophagus,2,2,6.214608098422191,1.0
5088,establishment,2,2,6.214608098422191,1.0
5089,estimates,2,2,6.214608098422191,1.0
5090,ethnicity,2,2,6.214608098422191,1.0
5091,etoh,2,1,6.907755278982137,2.0
5092,euglycemia,2,2,6.214608098422191,1.0
5093,euthanized,2,2,6.214608098422191,1.0
5094,eventual,2,2,6.214608098422191,1.0
5095,evidenced,2,2,6.214608098422191,1.0
5096,evoked,2,2,6.214608098422191,1.0
5097,evolve,2,2,6.214608098422191,1.0
5098,evolves,2,2,6.214608098422191,1.0
5099,exacerbates,2,2,6.214608098422191,1.0
5100,exacerbating,2,2,6.214608098422191,1.0
5101,exacerbations,2,2,6.214608098422191,1.0
5102,examinations,2,2,6.214608098422191,1.0
5103,example,2,2,6.214608098422191,1.0
5104,exceeds,2,2,6.214608098422191,1.0
5105,exceptional,2,2,6.214608098422191,1.0
5106,excision,2,2,6.214608098422191,1.0
5107,exclusion,2,1,6.907755278982137,2.0
5108,exenatide-treated,2,1,6.907755278982137,2.0
5109,exists,2,2,6.214608098422191,1.0
5110,exon,2,1,6.907755278982137,2.0
5111,expands,2,2,6.214608098422191,1.0
5112,experiment,2,2,6.214608098422191,1.0
5113,experts,2,2,6.214608098422191,1.0
5114,export,2,1,6.907755278982137,2.0
5115,exposures,2,1,6.907755278982137,2.0
5116,extant,2,2,6.214608098422191,1.0
5117,external,2,2,6.214608098422191,1.0
5118,extracts,2,2,6.214608098422191,1.0
5119,extrapolated,2,2,6.214608098422191,1.0
5120,extremely,2,2,6.214608098422191,1.0
5121,faces,2,2,6.214608098422191,1.0
5122,facing,2,2,6.214608098422191,1.0
5123,facs,2,2,6.214608098422191,1.0
5124,failing,2,2,6.214608098422191,1.0
5125,fair,2,2,6.214608098422191,1.0
5126,familiarity,2,2,6.214608098422191,1.0
5127,faster,2,2,6.214608098422191,1.0
5128,fatalities,2,1,6.907755278982137,2.0
5129,fats,2,2,6.214608098422191,1.0
5130,favor,2,2,6.214608098422191,1.0
5131,feasibility,2,2,6.214608098422191,1.0
5132,feasible,2,2,6.214608098422191,1.0
5133,fecal,2,2,6.214608098422191,1.0
5134,feces,2,2,6.214608098422191,1.0
5135,feeding-fasting,2,1,6.907755278982137,2.0
5136,feeds,2,1,6.907755278982137,2.0
5137,fermentable,2,2,6.214608098422191,1.0
5138,ferroptosis,2,1,6.907755278982137,2.0
5139,fetus,2,1,6.907755278982137,2.0
5140,fibronectin,2,1,6.907755278982137,2.0
5141,fifteen,2,2,6.214608098422191,1.0
5142,fifty-two,2,1,6.907755278982137,2.0
5143,figure,2,2,6.214608098422191,1.0
5144,fill,2,2,6.214608098422191,1.0
5145,films,2,1,6.907755278982137,2.0
5146,first-line,2,2,6.214608098422191,1.0
5147,fistula,2,1,6.907755278982137,2.0
5148,fit,2,1,6.907755278982137,2.0
5149,five-year,2,1,6.907755278982137,2.0
5150,flavonoids,2,1,6.907755278982137,2.0
5151,fli,2,1,6.907755278982137,2.0
5152,floxxcdh,2,1,6.907755278982137,2.0
5153,floxxlysmcre,2,1,6.907755278982137,2.0
5154,fluorescence,2,2,6.214608098422191,1.0
5155,forefront,2,2,6.214608098422191,1.0
5156,forthcoming,2,2,6.214608098422191,1.0
5157,foundational,2,2,6.214608098422191,1.0
5158,fourfold,2,2,6.214608098422191,1.0
5159,fourth,2,2,6.214608098422191,1.0
5160,foxo,2,2,6.214608098422191,1.0
5161,fpg,2,1,6.907755278982137,2.0
5162,fractures,2,2,6.214608098422191,1.0
5163,fragmented,2,2,6.214608098422191,1.0
5164,fragments,2,2,6.214608098422191,1.0
5165,frame,2,2,6.214608098422191,1.0
5166,framing,2,2,6.214608098422191,1.0
5167,fruit,2,2,6.214608098422191,1.0
5168,fulfilled,2,2,6.214608098422191,1.0
5169,full-text,2,2,6.214608098422191,1.0
5170,fullness,2,2,6.214608098422191,1.0
5171,functioned,2,2,6.214608098422191,1.0
5172,fundic,2,2,6.214608098422191,1.0
5173,furin,2,1,6.907755278982137,2.0
5174,ga-induced,2,1,6.907755278982137,2.0
5175,gaba-activated,2,1,6.907755278982137,2.0
5176,galanga,2,1,6.907755278982137,2.0
5177,gardeniae,2,1,6.907755278982137,2.0
5178,gas,2,2,6.214608098422191,1.0
5179,gastrin-releasing,2,2,6.214608098422191,1.0
5180,gastroesophageal,2,2,6.214608098422191,1.0
5181,gastroparesis-like,2,2,6.214608098422191,1.0
5182,gastroprotective,2,1,6.907755278982137,2.0
5183,gcg-creert2,2,1,6.907755278982137,2.0
5184,gcs,2,2,6.214608098422191,1.0
5185,generates,2,2,6.214608098422191,1.0
5186,generating,2,2,6.214608098422191,1.0
5187,genus,2,2,6.214608098422191,1.0
5188,geroprotective,2,1,6.907755278982137,2.0
5189,gestational,2,2,6.214608098422191,1.0
5190,getting,2,2,6.214608098422191,1.0
5191,gfp-glp-1,2,1,6.907755278982137,2.0
5192,gfp-tagged,2,1,6.907755278982137,2.0
5193,gk-it,2,1,6.907755278982137,2.0
5194,gk-sham,2,1,6.907755278982137,2.0
5195,gli,2,1,6.907755278982137,2.0
5196,glicentin,2,2,6.214608098422191,1.0
5197,glimepiride,2,2,6.214608098422191,1.0
5198,gliptin-mediated,2,1,6.907755278982137,2.0
5199,globular,2,2,6.214608098422191,1.0
5200,glp-1-elp,2,1,6.907755278982137,2.0
5201,glp-1-like,2,2,6.214608098422191,1.0
5202,glp-1-lytac,2,1,6.907755278982137,2.0
5203,glp-1-receptors,2,2,6.214608098422191,1.0
5204,glp-1-stimulated,2,2,6.214608098422191,1.0
5205,glp-1r-deficient,2,2,6.214608098422191,1.0
5206,glp-1r-immunoreactivity,2,1,6.907755278982137,2.0
5207,glp-1r-min-6,2,1,6.907755278982137,2.0
5208,glp-1ra-induced,2,2,6.214608098422191,1.0
5209,glp-1ra-mediated,2,2,6.214608098422191,1.0
5210,glucagon-like-peptide,2,2,6.214608098422191,1.0
5211,glucagon-related,2,1,6.907755278982137,2.0
5212,glucan,2,2,6.214608098422191,1.0
5213,glucocorticoid,2,1,6.907755278982137,2.0
5214,glucocorticosteroids,2,2,6.214608098422191,1.0
5215,glucose-bsa,2,1,6.907755278982137,2.0
5216,glucose-sensing,2,2,6.214608098422191,1.0
5217,glucotoxicity-induced,2,1,6.907755278982137,2.0
5218,glutamic,2,2,6.214608098422191,1.0
5219,glutamine,2,1,6.907755278982137,2.0
5220,glycation,2,2,6.214608098422191,1.0
5221,goblet,2,2,6.214608098422191,1.0
5222,gold,2,2,6.214608098422191,1.0
5223,gov,2,2,6.214608098422191,1.0
5224,gpl-1ras,2,1,6.907755278982137,2.0
5225,gq-independent,2,2,6.214608098422191,1.0
5226,gradual,2,2,6.214608098422191,1.0
5227,granular,2,2,6.214608098422191,1.0
5228,gray,2,1,6.907755278982137,2.0
5229,greatest,2,2,6.214608098422191,1.0
5230,grown,2,2,6.214608098422191,1.0
5231,grows,2,2,6.214608098422191,1.0
5232,grp,2,1,6.907755278982137,2.0
5233,guiding,2,2,6.214608098422191,1.0
5234,gust,2,1,6.907755278982137,2.0
5235,gut-expressed,2,2,6.214608098422191,1.0
5236,gyrolab,2,1,6.907755278982137,2.0
5237,gyrus,2,2,6.214608098422191,1.0
5238,h-bonds,2,1,6.907755278982137,2.0
5239,habits,2,2,6.214608098422191,1.0
5240,hallmarks,2,2,6.214608098422191,1.0
5241,hami,2,2,6.214608098422191,1.0
5242,handling,2,2,6.214608098422191,1.0
5243,harmful,2,2,6.214608098422191,1.0
5244,harnessed,2,2,6.214608098422191,1.0
5245,harnessing,2,2,6.214608098422191,1.0
5246,hcps,2,1,6.907755278982137,2.0
5247,headaches,2,1,6.907755278982137,2.0
5248,heavy,2,2,6.214608098422191,1.0
5249,hek,2,2,6.214608098422191,1.0
5250,helped,2,2,6.214608098422191,1.0
5251,hematological,2,1,6.907755278982137,2.0
5252,herbal,2,1,6.907755278982137,2.0
5253,heterotrimeric,2,2,6.214608098422191,1.0
5254,heterozygous,2,2,6.214608098422191,1.0
5255,hfd-fed,2,2,6.214608098422191,1.0
5256,hfhsd,2,1,6.907755278982137,2.0
5257,hgt-1,2,1,6.907755278982137,2.0
5258,high-sugar,2,2,6.214608098422191,1.0
5259,hill,2,2,6.214608098422191,1.0
5260,his-tag,2,1,6.907755278982137,2.0
5261,histidine,2,1,6.907755278982137,2.0
5262,histopathological,2,2,6.214608098422191,1.0
5263,hit-465,2,1,6.907755278982137,2.0
5264,hit-736,2,1,6.907755278982137,2.0
5265,hiv,2,1,6.907755278982137,2.0
5266,hmwp,2,1,6.907755278982137,2.0
5267,hoc,2,2,6.214608098422191,1.0
5268,homeostatic,2,2,6.214608098422191,1.0
5269,homologous,2,2,6.214608098422191,1.0
5270,horn,2,1,6.907755278982137,2.0
5271,hospitalisation,2,2,6.214608098422191,1.0
5272,hospitalized,2,2,6.214608098422191,1.0
5273,hrptcs,2,1,6.907755278982137,2.0
5274,http,2,2,6.214608098422191,1.0
5275,hundred,2,2,6.214608098422191,1.0
5276,hydrophobicity,2,1,6.907755278982137,2.0
5277,hyper-secretion,2,1,6.907755278982137,2.0
5278,hyperactivity,2,2,6.214608098422191,1.0
5279,hyperglucagonemia,2,2,6.214608098422191,1.0
5280,hyperglycemia-induced,2,1,6.907755278982137,2.0
5281,hyperinsulinemic,2,2,6.214608098422191,1.0
5282,hyperlocomotion,2,1,6.907755278982137,2.0
5283,hyperphosphorylation,2,1,6.907755278982137,2.0
5284,hyperplasia,2,1,6.907755278982137,2.0
5285,hyperprolactinemia,2,1,6.907755278982137,2.0
5286,hypophagic,2,1,6.907755278982137,2.0
5287,hypotension,2,2,6.214608098422191,1.0
5288,hypothesised,2,1,6.907755278982137,2.0
5289,iapp-aso,2,1,6.907755278982137,2.0
5290,ibs-sss,2,1,6.907755278982137,2.0
5291,icp,2,1,6.907755278982137,2.0
5292,idea,2,2,6.214608098422191,1.0
5293,ideation,2,2,6.214608098422191,1.0
5294,identifiable,2,2,6.214608098422191,1.0
5295,idiopathic,2,2,6.214608098422191,1.0
5296,igg,2,1,6.907755278982137,2.0
5297,ilc,2,1,6.907755278982137,2.0
5298,ileus,2,1,6.907755278982137,2.0
5299,illustrated,2,2,6.214608098422191,1.0
5300,images,2,2,6.214608098422191,1.0
5301,immediately,2,2,6.214608098422191,1.0
5302,immune-modulatory,2,1,6.907755278982137,2.0
5303,immunoreactivities,2,1,6.907755278982137,2.0
5304,immunosuppression,2,2,6.214608098422191,1.0
5305,impacted,2,2,6.214608098422191,1.0
5306,implemented,2,2,6.214608098422191,1.0
5307,implication,2,2,6.214608098422191,1.0
5308,imply,2,2,6.214608098422191,1.0
5309,in-vitro,2,2,6.214608098422191,1.0
5310,inability,2,2,6.214608098422191,1.0
5311,inactivated,2,2,6.214608098422191,1.0
5312,inc,2,2,6.214608098422191,1.0
5313,incidental,2,2,6.214608098422191,1.0
5314,incorporate,2,2,6.214608098422191,1.0
5315,increments,2,2,6.214608098422191,1.0
5316,incretin-related,2,1,6.907755278982137,2.0
5317,india,2,1,6.907755278982137,2.0
5318,indicative,2,2,6.214608098422191,1.0
5319,individually,2,1,6.907755278982137,2.0
5320,indole,2,1,6.907755278982137,2.0
5321,indoles,2,1,6.907755278982137,2.0
5322,indomethacin,2,1,6.907755278982137,2.0
5323,inducer,2,2,6.214608098422191,1.0
5324,inducible,2,2,6.214608098422191,1.0
5325,influx,2,2,6.214608098422191,1.0
5326,informing,2,2,6.214608098422191,1.0
5327,ingredients,2,1,6.907755278982137,2.0
5328,injurious,2,1,6.907755278982137,2.0
5329,innervation,2,2,6.214608098422191,1.0
5330,innovation,2,2,6.214608098422191,1.0
5331,innovations,2,2,6.214608098422191,1.0
5332,inositol,2,2,6.214608098422191,1.0
5333,inputs,2,2,6.214608098422191,1.0
5334,inside,2,2,6.214608098422191,1.0
5335,inspire,2,2,6.214608098422191,1.0
5336,instability,2,2,6.214608098422191,1.0
5337,institute,2,2,6.214608098422191,1.0
5338,institutional,2,2,6.214608098422191,1.0
5339,instructions,2,2,6.214608098422191,1.0
5340,insulin-independent,2,2,6.214608098422191,1.0
5341,insulin-induced,2,2,6.214608098422191,1.0
5342,insulin-positive,2,2,6.214608098422191,1.0
5343,insulin-resistant,2,2,6.214608098422191,1.0
5344,insulin-secreting,2,2,6.214608098422191,1.0
5345,insulinaemic,2,1,6.907755278982137,2.0
5346,insults,2,2,6.214608098422191,1.0
5347,insurance,2,2,6.214608098422191,1.0
5348,intakes,2,2,6.214608098422191,1.0
5349,intellectual,2,2,6.214608098422191,1.0
5350,intelligence,2,2,6.214608098422191,1.0
5351,intended,2,2,6.214608098422191,1.0
5352,intensity,2,2,6.214608098422191,1.0
5353,intensively,2,2,6.214608098422191,1.0
5354,intention-to-treat,2,2,6.214608098422191,1.0
5355,interacts,2,2,6.214608098422191,1.0
5356,interested,2,2,6.214608098422191,1.0
5357,interesting,2,2,6.214608098422191,1.0
5358,interface,2,2,6.214608098422191,1.0
5359,interfere,2,2,6.214608098422191,1.0
5360,interleukin,2,2,6.214608098422191,1.0
5361,internal,2,2,6.214608098422191,1.0
5362,interquartile,2,2,6.214608098422191,1.0
5363,interstitial,2,2,6.214608098422191,1.0
5364,interventional,2,2,6.214608098422191,1.0
5365,intestine-specific,2,2,6.214608098422191,1.0
5366,intra-abdominal,2,1,6.907755278982137,2.0
5367,intraarterially,2,1,6.907755278982137,2.0
5368,intracerebroventricularly,2,1,6.907755278982137,2.0
5369,intrahepatic,2,2,6.214608098422191,1.0
5370,intraoperative,2,2,6.214608098422191,1.0
5371,intraperitoneally,2,2,6.214608098422191,1.0
5372,intriguing,2,2,6.214608098422191,1.0
5373,intrinsically,2,2,6.214608098422191,1.0
5374,intron,2,1,6.907755278982137,2.0
5375,intubation,2,2,6.214608098422191,1.0
5376,inulin-enriched,2,1,6.907755278982137,2.0
5377,inversely,2,2,6.214608098422191,1.0
5378,investigator,2,1,6.907755278982137,2.0
5379,ipscs,2,1,6.907755278982137,2.0
5380,iranian,2,1,6.907755278982137,2.0
5381,irs,2,1,6.907755278982137,2.0
5382,iscd,2,1,6.907755278982137,2.0
5383,islet-derived,2,2,6.214608098422191,1.0
5384,isocaloric,2,2,6.214608098422191,1.0
5385,isoflavone,2,2,6.214608098422191,1.0
5386,issuetoc,2,2,6.214608098422191,1.0
5387,itt,2,1,6.907755278982137,2.0
5388,joints,2,2,6.214608098422191,1.0
5389,justice,2,1,6.907755278982137,2.0
5390,kappa,2,2,6.214608098422191,1.0
5391,kda,2,2,6.214608098422191,1.0
5392,kegg,2,1,6.907755278982137,2.0
5393,kept,2,2,6.214608098422191,1.0
5394,keratinocytes,2,1,6.907755278982137,2.0
5395,ketosis-prone,2,1,6.907755278982137,2.0
5396,kexin,2,2,6.214608098422191,1.0
5397,kinase-3,2,2,6.214608098422191,1.0
5398,kit,2,2,6.214608098422191,1.0
5399,kong,2,1,6.907755278982137,2.0
5400,kori-tofu,2,1,6.907755278982137,2.0
5401,labdane,2,1,6.907755278982137,2.0
5402,label,2,2,6.214608098422191,1.0
5403,lactating,2,1,6.907755278982137,2.0
5404,lactisole,2,1,6.907755278982137,2.0
5405,lad,2,1,6.907755278982137,2.0
5406,laminarin-induced,2,1,6.907755278982137,2.0
5407,laser,2,2,6.214608098422191,1.0
5408,lasting,2,2,6.214608098422191,1.0
5409,lately,2,2,6.214608098422191,1.0
5410,launched,2,2,6.214608098422191,1.0
5411,layers,2,1,6.907755278982137,2.0
5412,lc,2,1,6.907755278982137,2.0
5413,lcfa,2,2,6.214608098422191,1.0
5414,ldl-cholesterol,2,2,6.214608098422191,1.0
5415,leader,2,2,6.214608098422191,1.0
5416,leader-glp-1,2,1,6.907755278982137,2.0
5417,leaf,2,2,6.214608098422191,1.0
5418,leaving,2,2,6.214608098422191,1.0
5419,lesser,2,2,6.214608098422191,1.0
5420,leu,2,2,6.214608098422191,1.0
5421,leverage,2,2,6.214608098422191,1.0
5422,ligand-receptor,2,2,6.214608098422191,1.0
5423,ligand-specific,2,2,6.214608098422191,1.0
5424,limb,2,2,6.214608098422191,1.0
5425,lingual,2,1,6.907755278982137,2.0
5426,linoleic,2,2,6.214608098422191,1.0
5427,linolenic,2,2,6.214608098422191,1.0
5428,lipid-based,2,1,6.907755278982137,2.0
5429,lipidated,2,1,6.907755278982137,2.0
5430,lipopolysaccharides,2,2,6.214608098422191,1.0
5431,liraglutide-induced,2,1,6.907755278982137,2.0
5432,lispro,2,1,6.907755278982137,2.0
5433,lists,2,2,6.214608098422191,1.0
5434,littermates,2,2,6.214608098422191,1.0
5435,lixilan-g,2,1,6.907755278982137,2.0
5436,ll-a8sglp-1,2,1,6.907755278982137,2.0
5437,loading,2,2,6.214608098422191,1.0
5438,logistics,2,2,6.214608098422191,1.0
5439,long-standing,2,2,6.214608098422191,1.0
5440,longitudinal,2,2,6.214608098422191,1.0
5441,looking,2,2,6.214608098422191,1.0
5442,looks,2,2,6.214608098422191,1.0
5443,losing,2,2,6.214608098422191,1.0
5444,low-calorie,2,2,6.214608098422191,1.0
5445,low-dp,2,1,6.907755278982137,2.0
5446,low-grade,2,2,6.214608098422191,1.0
5447,ltrs,2,1,6.907755278982137,2.0
5448,lumbar,2,2,6.214608098422191,1.0
5449,lysinoalanine-bridged,2,1,6.907755278982137,2.0
5450,lytacs,2,1,6.907755278982137,2.0
5451,m-glp-1,2,1,6.907755278982137,2.0
5452,macronutrients,2,1,6.907755278982137,2.0
5453,mainstay,2,2,6.214608098422191,1.0
5454,maintains,2,2,6.214608098422191,1.0
5455,makes,2,2,6.214608098422191,1.0
5456,maleimidopropionic,2,1,6.907755278982137,2.0
5457,malignant,2,1,6.907755278982137,2.0
5458,mandatory,2,2,6.214608098422191,1.0
5459,maridebart,2,2,6.214608098422191,1.0
5460,mass-preserving,2,1,6.907755278982137,2.0
5461,maturation,2,2,6.214608098422191,1.0
5462,max,2,1,6.907755278982137,2.0
5463,maze,2,2,6.214608098422191,1.0
5464,mcp-1,2,2,6.214608098422191,1.0
5465,meal-induced,2,2,6.214608098422191,1.0
5466,meal-related,2,2,6.214608098422191,1.0
5467,meaningfully,2,2,6.214608098422191,1.0
5468,meanwhile,2,2,6.214608098422191,1.0
5469,measurable,2,2,6.214608098422191,1.0
5470,measuring,2,2,6.214608098422191,1.0
5471,medication-related,2,2,6.214608098422191,1.0
5472,medullary,2,2,6.214608098422191,1.0
5473,members,2,2,6.214608098422191,1.0
5474,menstrual,2,2,6.214608098422191,1.0
5475,mention,2,2,6.214608098422191,1.0
5476,merits,2,2,6.214608098422191,1.0
5477,mesenteric,2,2,6.214608098422191,1.0
5478,meta-regression,2,1,6.907755278982137,2.0
5479,metoprolol,2,1,6.907755278982137,2.0
5480,mglu-yfp,2,1,6.907755278982137,2.0
5481,michaelis-menten,2,1,6.907755278982137,2.0
5482,micro,2,2,6.214608098422191,1.0
5483,microbe,2,2,6.214608098422191,1.0
5484,microbes,2,2,6.214608098422191,1.0
5485,microenvironment,2,2,6.214608098422191,1.0
5486,micrograms,2,1,6.907755278982137,2.0
5487,microl,2,1,6.907755278982137,2.0
5488,micronutrient,2,1,6.907755278982137,2.0
5489,microscopic,2,2,6.214608098422191,1.0
5490,microvasculature,2,2,6.214608098422191,1.0
5491,microvilli,2,1,6.907755278982137,2.0
5492,mifepristone,2,2,6.214608098422191,1.0
5493,mildly,2,2,6.214608098422191,1.0
5494,milk,2,2,6.214608098422191,1.0
5495,mind,2,2,6.214608098422191,1.0
5496,mineralocorticoid,2,2,6.214608098422191,1.0
5497,minimally,2,2,6.214608098422191,1.0
5498,minimise,2,1,6.907755278982137,2.0
5499,minimizing,2,2,6.214608098422191,1.0
5500,minipeg,2,1,6.907755278982137,2.0
5501,minipig,2,1,6.907755278982137,2.0
5502,misty,2,1,6.907755278982137,2.0
5503,mitigates,2,2,6.214608098422191,1.0
5504,mitochondria,2,2,6.214608098422191,1.0
5505,mixed-meal,2,2,6.214608098422191,1.0
5506,mixtures,2,1,6.907755278982137,2.0
5507,mmp-9,2,2,6.214608098422191,1.0
5508,mobilization,2,2,6.214608098422191,1.0
5509,modality,2,2,6.214608098422191,1.0
5510,moderate-intensity,2,1,6.907755278982137,2.0
5511,modifiable,2,2,6.214608098422191,1.0
5512,monitored,2,2,6.214608098422191,1.0
5513,mono,2,2,6.214608098422191,1.0
5514,mono-agonists,2,2,6.214608098422191,1.0
5515,monolayer,2,2,6.214608098422191,1.0
5516,monophasic,2,2,6.214608098422191,1.0
5517,monosaccharides,2,2,6.214608098422191,1.0
5518,monounsaturated,2,2,6.214608098422191,1.0
5519,month-old,2,2,6.214608098422191,1.0
5520,mood,2,1,6.907755278982137,2.0
5521,morbid,2,2,6.214608098422191,1.0
5522,morbilliform,2,2,6.214608098422191,1.0
5523,mot,2,1,6.907755278982137,2.0
5524,mother,2,1,6.907755278982137,2.0
5525,motif,2,2,6.214608098422191,1.0
5526,motoneurons,2,1,6.907755278982137,2.0
5527,movement,2,2,6.214608098422191,1.0
5528,moving,2,2,6.214608098422191,1.0
5529,mpa-c12-glp-1,2,1,6.907755278982137,2.0
5530,mptp,2,1,6.907755278982137,2.0
5531,mri,2,2,6.214608098422191,1.0
5532,muc,2,1,6.907755278982137,2.0
5533,muciniphila,2,1,6.907755278982137,2.0
5534,mucous,2,2,6.214608098422191,1.0
5535,multi-dimensional,2,2,6.214608098422191,1.0
5536,multi-receptor,2,2,6.214608098422191,1.0
5537,multitude,2,2,6.214608098422191,1.0
5538,multivariable,2,2,6.214608098422191,1.0
5539,muscular,2,1,6.907755278982137,2.0
5540,mutant,2,2,6.214608098422191,1.0
5541,mutational,2,1,6.907755278982137,2.0
5542,mwm,2,1,6.907755278982137,2.0
5543,my,2,1,6.907755278982137,2.0
5544,n-acetyl-glp-1,2,1,6.907755278982137,2.0
5545,nac,2,1,6.907755278982137,2.0
5546,nae,2,1,6.907755278982137,2.0
5547,naes,2,1,6.907755278982137,2.0
5548,nanoconstructs,2,1,6.907755278982137,2.0
5549,nanomaterials,2,1,6.907755278982137,2.0
5550,navigate,2,2,6.214608098422191,1.0
5551,ne,2,1,6.907755278982137,2.0
5552,necessitates,2,2,6.214608098422191,1.0
5553,necessitating,2,2,6.214608098422191,1.0
5554,neck,2,2,6.214608098422191,1.0
5555,neo,2,2,6.214608098422191,1.0
5556,neoglycolipidated,2,1,6.907755278982137,2.0
5557,neoplastic,2,2,6.214608098422191,1.0
5558,nephrologists,2,2,6.214608098422191,1.0
5559,neprilysin,2,2,6.214608098422191,1.0
5560,nervi,2,1,6.907755278982137,2.0
5561,neurite,2,2,6.214608098422191,1.0
5562,neurologic,2,1,6.907755278982137,2.0
5563,neuromodulation,2,2,6.214608098422191,1.0
5564,neuromodulatory,2,1,6.907755278982137,2.0
5565,neuroscience,2,2,6.214608098422191,1.0
5566,neurotransmission,2,2,6.214608098422191,1.0
5567,new-onset,2,2,6.214608098422191,1.0
5568,nhe,2,1,6.907755278982137,2.0
5569,nhs,2,1,6.907755278982137,2.0
5570,niacin,2,2,6.214608098422191,1.0
5571,nickel,2,2,6.214608098422191,1.0
5572,nicotinamide,2,2,6.214608098422191,1.0
5573,nigra,2,2,6.214608098422191,1.0
5574,nitroprusside,2,2,6.214608098422191,1.0
5575,nn,2,1,6.907755278982137,2.0
5576,nodose,2,2,6.214608098422191,1.0
5577,non-canonical,2,2,6.214608098422191,1.0
5578,non-fasting,2,2,6.214608098422191,1.0
5579,non-glutinous,2,1,6.907755278982137,2.0
5580,non-insulin,2,2,6.214608098422191,1.0
5581,non-pcos,2,1,6.907755278982137,2.0
5582,non-radioactive,2,1,6.907755278982137,2.0
5583,nonapeptide,2,2,6.214608098422191,1.0
5584,noncaloric,2,2,6.214608098422191,1.0
5585,nonglucidic,2,1,6.907755278982137,2.0
5586,nonglycemic,2,2,6.214608098422191,1.0
5587,noninfectious,2,1,6.907755278982137,2.0
5588,noninsulin-dependent,2,1,6.907755278982137,2.0
5589,nonpeptide,2,2,6.214608098422191,1.0
5590,nonpeptidic,2,1,6.907755278982137,2.0
5591,normal-weight,2,2,6.214608098422191,1.0
5592,normalizing,2,2,6.214608098422191,1.0
5593,north,2,2,6.214608098422191,1.0
5594,notoriously,2,2,6.214608098422191,1.0
5595,notwithstanding,2,2,6.214608098422191,1.0
5596,november,2,2,6.214608098422191,1.0
5597,nox,2,1,6.907755278982137,2.0
5598,nppcs,2,1,6.907755278982137,2.0
5599,nrf,2,2,6.214608098422191,1.0
5600,nuanced,2,2,6.214608098422191,1.0
5601,nurse,2,2,6.214608098422191,1.0
5602,nzp,2,1,6.907755278982137,2.0
5603,o-glcnacylation,2,1,6.907755278982137,2.0
5604,oads,2,1,6.907755278982137,2.0
5605,oal,2,1,6.907755278982137,2.0
5606,obesity-induced,2,2,6.214608098422191,1.0
5607,obesogen,2,1,6.907755278982137,2.0
5608,oblongata,2,2,6.214608098422191,1.0
5609,obstetrician-gynecologists,2,2,6.214608098422191,1.0
5610,obstructions,2,2,6.214608098422191,1.0
5611,obtain,2,2,6.214608098422191,1.0
5612,obviously,2,2,6.214608098422191,1.0
5613,occupational,2,1,6.907755278982137,2.0
5614,ogia,2,1,6.907755278982137,2.0
5615,ogis,2,1,6.907755278982137,2.0
5616,oh,2,1,6.907755278982137,2.0
5617,oleic,2,2,6.214608098422191,1.0
5618,onlinelibrary,2,2,6.214608098422191,1.0
5619,open-label,2,2,6.214608098422191,1.0
5620,opened,2,2,6.214608098422191,1.0
5621,opens,2,2,6.214608098422191,1.0
5622,openvigil,2,2,6.214608098422191,1.0
5623,operative,2,1,6.907755278982137,2.0
5624,opioids,2,2,6.214608098422191,1.0
5625,oppose,2,2,6.214608098422191,1.0
5626,opposite,2,2,6.214608098422191,1.0
5627,optimalize,2,2,6.214608098422191,1.0
5628,orexigenic,2,2,6.214608098422191,1.0
5629,organic,2,2,6.214608098422191,1.0
5630,organizing,2,2,6.214608098422191,1.0
5631,orthopaedics,2,1,6.907755278982137,2.0
5632,orthosteric,2,2,6.214608098422191,1.0
5633,osas,2,1,6.907755278982137,2.0
5634,osmoregulation,2,1,6.907755278982137,2.0
5635,osmotic,2,2,6.214608098422191,1.0
5636,osteoblast,2,2,6.214608098422191,1.0
5637,otherwise,2,2,6.214608098422191,1.0
5638,outgrowth,2,2,6.214608098422191,1.0
5639,outlined,2,2,6.214608098422191,1.0
5640,outstanding,2,2,6.214608098422191,1.0
5641,ova,2,1,6.907755278982137,2.0
5642,ova-induced,2,1,6.907755278982137,2.0
5643,overconsumption,2,2,6.214608098422191,1.0
5644,overexpress,2,2,6.214608098422191,1.0
5645,overexpressing,2,2,6.214608098422191,1.0
5646,overt,2,2,6.214608098422191,1.0
5647,overwhelming,2,2,6.214608098422191,1.0
5648,ovx,2,1,6.907755278982137,2.0
5649,p-akt,2,1,6.907755278982137,2.0
5650,pacap,2,1,6.907755278982137,2.0
5651,pacing,2,1,6.907755278982137,2.0
5652,paid,2,2,6.214608098422191,1.0
5653,painless,2,1,6.907755278982137,2.0
5654,painting,2,1,6.907755278982137,2.0
5655,pairs,2,2,6.214608098422191,1.0
5656,palmitate,2,1,6.907755278982137,2.0
5657,palmitate-induced,2,2,6.214608098422191,1.0
5658,pancreas-projecting,2,1,6.907755278982137,2.0
5659,pandemic,2,2,6.214608098422191,1.0
5660,paradoxical,2,2,6.214608098422191,1.0
5661,parallels,2,2,6.214608098422191,1.0
5662,parameter,2,2,6.214608098422191,1.0
5663,participating,2,2,6.214608098422191,1.0
5664,participation,2,2,6.214608098422191,1.0
5665,patch-clamp,2,2,6.214608098422191,1.0
5666,patentscope,2,2,6.214608098422191,1.0
5667,pathhunter,2,1,6.907755278982137,2.0
5668,pathogens,2,2,6.214608098422191,1.0
5669,paths,2,1,6.907755278982137,2.0
5670,patient-specific,2,2,6.214608098422191,1.0
5671,paved,2,2,6.214608098422191,1.0
5672,pdr,2,1,6.907755278982137,2.0
5673,pdx-1,2,2,6.214608098422191,1.0
5674,pecks,2,1,6.907755278982137,2.0
5675,penetrant,2,1,6.907755278982137,2.0
5676,penetrate,2,2,6.214608098422191,1.0
5677,penetratin-glp-1,2,1,6.907755278982137,2.0
5678,penetrating,2,1,6.907755278982137,2.0
5679,penetration,2,2,6.214608098422191,1.0
5680,pens,2,2,6.214608098422191,1.0
5681,pentasaccharide,2,1,6.907755278982137,2.0
5682,peptidases,2,2,6.214608098422191,1.0
5683,peptide-albumin,2,1,6.907755278982137,2.0
5684,peptide-receptor,2,2,6.214608098422191,1.0
5685,peptideyy,2,2,6.214608098422191,1.0
5686,perceived,2,2,6.214608098422191,1.0
5687,percentage,2,2,6.214608098422191,1.0
5688,perceptions,2,2,6.214608098422191,1.0
5689,perforation,2,1,6.907755278982137,2.0
5690,performs,2,2,6.214608098422191,1.0
5691,peri-procedural,2,1,6.907755278982137,2.0
5692,periprosthetic,2,2,6.214608098422191,1.0
5693,permanent,2,2,6.214608098422191,1.0
5694,peroxisome,2,2,6.214608098422191,1.0
5695,persistence,2,1,6.907755278982137,2.0
5696,pgc,2,2,6.214608098422191,1.0
5697,pgf,2,1,6.907755278982137,2.0
5698,pgip,2,2,6.214608098422191,1.0
5699,pgs,2,1,6.907755278982137,2.0
5700,pharmaceuticals,2,2,6.214608098422191,1.0
5701,pharmacies,2,1,6.907755278982137,2.0
5702,pharmacodynamic,2,2,6.214608098422191,1.0
5703,pharmacotherapeutic,2,2,6.214608098422191,1.0
5704,phases,2,2,6.214608098422191,1.0
5705,phenomena,2,2,6.214608098422191,1.0
5706,phentermine,2,2,6.214608098422191,1.0
5707,phosphate-buffered,2,2,6.214608098422191,1.0
5708,phospholipase,2,2,6.214608098422191,1.0
5709,pigs,2,2,6.214608098422191,1.0
5710,placebo-controlled,2,2,6.214608098422191,1.0
5711,placebos,2,1,6.907755278982137,2.0
5712,plain,2,1,6.907755278982137,2.0
5713,plant,2,2,6.214608098422191,1.0
5714,plaques,2,2,6.214608098422191,1.0
5715,plausible,2,2,6.214608098422191,1.0
5716,plexus,2,2,6.214608098422191,1.0
5717,plga,2,2,6.214608098422191,1.0
5718,plwha,2,1,6.907755278982137,2.0
5719,pmc,2,2,6.214608098422191,1.0
5720,pnd,2,1,6.907755278982137,2.0
5721,pneumonia,2,2,6.214608098422191,1.0
5722,podocyte,2,1,6.907755278982137,2.0
5723,point-of-care,2,2,6.214608098422191,1.0
5724,pointed,2,2,6.214608098422191,1.0
5725,poised,2,2,6.214608098422191,1.0
5726,poison,2,1,6.907755278982137,2.0
5727,polarized,2,1,6.907755278982137,2.0
5728,poly,2,2,6.214608098422191,1.0
5729,polyphenol,2,2,6.214608098422191,1.0
5730,poorer,2,2,6.214608098422191,1.0
5731,portion,2,2,6.214608098422191,1.0
5732,possessing,2,2,6.214608098422191,1.0
5733,post-ablation,2,1,6.907755278982137,2.0
5734,post-carbohydrate,2,1,6.907755278982137,2.0
5735,post-challenge,2,1,6.907755278982137,2.0
5736,post-heparin,2,1,6.907755278982137,2.0
5737,post-injection,2,2,6.214608098422191,1.0
5738,post-mi,2,1,6.907755278982137,2.0
5739,postbariatric,2,2,6.214608098422191,1.0
5740,postcessation,2,1,6.907755278982137,2.0
5741,postcolectomy,2,1,6.907755278982137,2.0
5742,postmarketing,2,1,6.907755278982137,2.0
5743,postnatal,2,2,6.214608098422191,1.0
5744,potencies,2,2,6.214608098422191,1.0
5745,potentials,2,2,6.214608098422191,1.0
5746,powder,2,2,6.214608098422191,1.0
5747,powerfully,2,2,6.214608098422191,1.0
5748,ppg-cells,2,1,6.907755278982137,2.0
5749,ppkc,2,1,6.907755278982137,2.0
5750,practices,2,2,6.214608098422191,1.0
5751,pramlintide,2,2,6.214608098422191,1.0
5752,pre-administration,2,2,6.214608098422191,1.0
5753,pre-conception,2,1,6.907755278982137,2.0
5754,pre-diabetes,2,1,6.907755278982137,2.0
5755,pre-ingestive,2,1,6.907755278982137,2.0
5756,pre-lethal,2,1,6.907755278982137,2.0
5757,pre-treated,2,1,6.907755278982137,2.0
5758,pre-treatment,2,2,6.214608098422191,1.0
5759,preclude,2,2,6.214608098422191,1.0
5760,predictions,2,2,6.214608098422191,1.0
5761,predictive,2,2,6.214608098422191,1.0
5762,predictor,2,2,6.214608098422191,1.0
5763,predicts,2,2,6.214608098422191,1.0
5764,predominant,2,2,6.214608098422191,1.0
5765,prefrontal,2,1,6.907755278982137,2.0
5766,preload,2,1,6.907755278982137,2.0
5767,preloads,2,1,6.907755278982137,2.0
5768,prescriptions,2,2,6.214608098422191,1.0
5769,presurgical,2,2,6.214608098422191,1.0
5770,presynaptic,2,2,6.214608098422191,1.0
5771,preventative,2,2,6.214608098422191,1.0
5772,principles,2,2,6.214608098422191,1.0
5773,prioritizing,2,2,6.214608098422191,1.0
5774,procedural,2,2,6.214608098422191,1.0
5775,prognostic,2,2,6.214608098422191,1.0
5776,programme,2,2,6.214608098422191,1.0
5777,projection,2,2,6.214608098422191,1.0
5778,projections,2,2,6.214608098422191,1.0
5779,proliferative,2,2,6.214608098422191,1.0
5780,prolonged-release,2,2,6.214608098422191,1.0
5781,promises,2,2,6.214608098422191,1.0
5782,prompted,2,2,6.214608098422191,1.0
5783,prone,2,2,6.214608098422191,1.0
5784,propagation,2,1,6.907755278982137,2.0
5785,propensity-score,2,1,6.907755278982137,2.0
5786,propionate,2,2,6.214608098422191,1.0
5787,proportional,2,2,6.214608098422191,1.0
5788,proportions,2,2,6.214608098422191,1.0
5789,proposes,2,2,6.214608098422191,1.0
5790,proprotein,2,2,6.214608098422191,1.0
5791,proquest,2,1,6.907755278982137,2.0
5792,protein-free,2,2,6.214608098422191,1.0
5793,protein-induced,2,1,6.907755278982137,2.0
5794,protraction,2,1,6.907755278982137,2.0
5795,protractor,2,1,6.907755278982137,2.0
5796,prove,2,2,6.214608098422191,1.0
5797,provider,2,2,6.214608098422191,1.0
5798,provision,2,2,6.214608098422191,1.0
5799,proxied,2,1,6.907755278982137,2.0
5800,pseudocyst,2,1,6.907755278982137,2.0
5801,pseudocysts,2,1,6.907755278982137,2.0
5802,psma,2,1,6.907755278982137,2.0
5803,psma-avid,2,1,6.907755278982137,2.0
5804,psychosocial,2,2,6.214608098422191,1.0
5805,psychostimulants,2,2,6.214608098422191,1.0
5806,purification,2,2,6.214608098422191,1.0
5807,purported,2,2,6.214608098422191,1.0
5808,pursued,2,2,6.214608098422191,1.0
5809,pursuit,2,2,6.214608098422191,1.0
5810,put,2,2,6.214608098422191,1.0
5811,qsp,2,1,6.907755278982137,2.0
5812,quantify,2,2,6.214608098422191,1.0
5813,quantitation,2,2,6.214608098422191,1.0
5814,quantity,2,2,6.214608098422191,1.0
5815,questioned,2,2,6.214608098422191,1.0
5816,r-based,2,1,6.907755278982137,2.0
5817,r-expressing,2,2,6.214608098422191,1.0
5818,ra-supported,2,1,6.907755278982137,2.0
5819,racial,2,1,6.907755278982137,2.0
5820,radioactive,2,1,6.907755278982137,2.0
5821,radioactivity,2,1,6.907755278982137,2.0
5822,radiographic,2,2,6.214608098422191,1.0
5823,radioimmunoassay,2,2,6.214608098422191,1.0
5824,rage,2,1,6.907755278982137,2.0
5825,randomization,2,2,6.214608098422191,1.0
5826,randomly,2,2,6.214608098422191,1.0
5827,ranging,2,2,6.214608098422191,1.0
5828,rct,2,2,6.214608098422191,1.0
5829,re-tear,2,1,6.907755278982137,2.0
5830,re-titration,2,2,6.214608098422191,1.0
5831,reabsorption,2,2,6.214608098422191,1.0
5832,reactivity,2,2,6.214608098422191,1.0
5833,read,2,1,6.907755278982137,2.0
5834,readily,2,2,6.214608098422191,1.0
5835,real,2,2,6.214608098422191,1.0
5836,realized,2,2,6.214608098422191,1.0
5837,reason,2,2,6.214608098422191,1.0
5838,receptive,2,1,6.907755278982137,2.0
5839,receptor-based,2,1,6.907755278982137,2.0
5840,receptor-expressing,2,2,6.214608098422191,1.0
5841,receptor-mediated,2,2,6.214608098422191,1.0
5842,receptor-targeted,2,2,6.214608098422191,1.0
5843,reciprocal,2,2,6.214608098422191,1.0
5844,recognizing,2,2,6.214608098422191,1.0
5845,recombinantly,2,2,6.214608098422191,1.0
5846,recommends,2,2,6.214608098422191,1.0
5847,record,2,2,6.214608098422191,1.0
5848,recovering,2,2,6.214608098422191,1.0
5849,rectum,2,2,6.214608098422191,1.0
5850,red,2,2,6.214608098422191,1.0
5851,redefine,2,2,6.214608098422191,1.0
5852,redox,2,2,6.214608098422191,1.0
5853,references,2,2,6.214608098422191,1.0
5854,refining,2,2,6.214608098422191,1.0
5855,reflected,2,2,6.214608098422191,1.0
5856,reflux,2,2,6.214608098422191,1.0
5857,refolded,2,1,6.907755278982137,2.0
5858,reforms,2,1,6.907755278982137,2.0
5859,refractory,2,2,6.214608098422191,1.0
5860,regaining,2,2,6.214608098422191,1.0
5861,region-specific,2,2,6.214608098422191,1.0
5862,registries,2,2,6.214608098422191,1.0
5863,relay,2,2,6.214608098422191,1.0
5864,relief,2,2,6.214608098422191,1.0
5865,remodelling,2,1,6.907755278982137,2.0
5866,remove,2,2,6.214608098422191,1.0
5867,renin-angiotensin-aldosterone,2,2,6.214608098422191,1.0
5868,reorganization,2,2,6.214608098422191,1.0
5869,repeatedly,2,2,6.214608098422191,1.0
5870,repertoire,2,2,6.214608098422191,1.0
5871,replace,2,2,6.214608098422191,1.0
5872,replicate,2,2,6.214608098422191,1.0
5873,replicated,2,2,6.214608098422191,1.0
5874,representative,2,2,6.214608098422191,1.0
5875,reproducible,2,2,6.214608098422191,1.0
5876,repurposed,2,2,6.214608098422191,1.0
5877,requests,2,1,6.907755278982137,2.0
5878,reshape,2,2,6.214608098422191,1.0
5879,reshaped,2,2,6.214608098422191,1.0
5880,resolve,2,2,6.214608098422191,1.0
5881,respiration,2,1,6.907755278982137,2.0
5882,responder,2,1,6.907755278982137,2.0
5883,restarting,2,2,6.214608098422191,1.0
5884,restoration,2,2,6.214608098422191,1.0
5885,restores,2,2,6.214608098422191,1.0
5886,restrained,2,1,6.907755278982137,2.0
5887,restrictions,2,2,6.214608098422191,1.0
5888,resumed,2,2,6.214608098422191,1.0
5889,retarded,2,1,6.907755278982137,2.0
5890,retards,2,1,6.907755278982137,2.0
5891,return,2,2,6.214608098422191,1.0
5892,reversal,2,2,6.214608098422191,1.0
5893,reversible,2,2,6.214608098422191,1.0
5894,reviewers,2,2,6.214608098422191,1.0
5895,revised,2,2,6.214608098422191,1.0
5896,revolutionize,2,2,6.214608098422191,1.0
5897,reward-motivated,2,1,6.907755278982137,2.0
5898,reward-related,2,2,6.214608098422191,1.0
5899,rewarding,2,2,6.214608098422191,1.0
5900,rhein-modified,2,1,6.907755278982137,2.0
5901,ria,2,2,6.214608098422191,1.0
5902,ric,2,1,6.907755278982137,2.0
5903,rigorous,2,2,6.214608098422191,1.0
5904,ris,2,1,6.907755278982137,2.0
5905,risk-benefit,2,2,6.214608098422191,1.0
5906,risk-stratified,2,2,6.214608098422191,1.0
5907,rooted,2,2,6.214608098422191,1.0
5908,rose,2,2,6.214608098422191,1.0
5909,rotator,2,2,6.214608098422191,1.0
5910,rotenone-induced,2,1,6.907755278982137,2.0
5911,rrr,2,1,6.907755278982137,2.0
5912,rt-qpcr,2,1,6.907755278982137,2.0
5913,ruminants,2,1,6.907755278982137,2.0
5914,run,2,2,6.214608098422191,1.0
5915,rvo,2,1,6.907755278982137,2.0
5916,s-1,2,1,6.907755278982137,2.0
5917,safely,2,2,6.214608098422191,1.0
5918,sampling,2,2,6.214608098422191,1.0
5919,sat,2,1,6.907755278982137,2.0
5920,saturation,2,2,6.214608098422191,1.0
5921,savor-timi,2,1,6.907755278982137,2.0
5922,sclerosis,2,2,6.214608098422191,1.0
5923,sct,2,1,6.907755278982137,2.0
5924,sds-page,2,2,6.214608098422191,1.0
5925,se,2,2,6.214608098422191,1.0
5926,secondly,2,2,6.214608098422191,1.0
5927,section,2,2,6.214608098422191,1.0
5928,seek,2,2,6.214608098422191,1.0
5929,seemed,2,2,6.214608098422191,1.0
5930,selectivity,2,2,6.214608098422191,1.0
5931,self-administration,2,1,6.907755278982137,2.0
5932,self-assembly,2,1,6.907755278982137,2.0
5933,self-injurious,2,1,6.907755278982137,2.0
5934,sensors,2,2,6.214608098422191,1.0
5935,separation,2,2,6.214608098422191,1.0
5936,sepsis-related,2,2,6.214608098422191,1.0
5937,sequential,2,2,6.214608098422191,1.0
5938,ser,2,2,6.214608098422191,1.0
5939,serine,2,2,6.214608098422191,1.0
5940,serving,2,2,6.214608098422191,1.0
5941,sex-dependent,2,1,6.907755278982137,2.0
5942,sgas,2,1,6.907755278982137,2.0
5943,sglp-1,2,1,6.907755278982137,2.0
5944,sglt-2is,2,1,6.907755278982137,2.0
5945,shams,2,1,6.907755278982137,2.0
5946,shape,2,2,6.214608098422191,1.0
5947,shaping,2,2,6.214608098422191,1.0
5948,sheath,2,2,6.214608098422191,1.0
5949,shedding,2,2,6.214608098422191,1.0
5950,shortages,2,1,6.907755278982137,2.0
5951,side-effects,2,2,6.214608098422191,1.0
5952,sih,2,1,6.907755278982137,2.0
5953,similarities,2,2,6.214608098422191,1.0
5954,simply,2,2,6.214608098422191,1.0
5955,singleton,2,1,6.907755278982137,2.0
5956,singulex,2,1,6.907755278982137,2.0
5957,sipscs,2,2,6.214608098422191,1.0
5958,sirna,2,2,6.214608098422191,1.0
5959,site-specific,2,1,6.907755278982137,2.0
5960,sizes,2,2,6.214608098422191,1.0
5961,slightly,2,2,6.214608098422191,1.0
5962,so-called,2,2,6.214608098422191,1.0
5963,societal,2,2,6.214608098422191,1.0
5964,society-endorsed,2,1,6.907755278982137,2.0
5965,solitarius,2,2,6.214608098422191,1.0
5966,sorting,2,2,6.214608098422191,1.0
5967,soybean,2,2,6.214608098422191,1.0
5968,space,2,2,6.214608098422191,1.0
5969,span,2,2,6.214608098422191,1.0
5970,spare,2,2,6.214608098422191,1.0
5971,specialised,2,2,6.214608098422191,1.0
5972,spectroscopic,2,2,6.214608098422191,1.0
5973,speculative,2,1,6.907755278982137,2.0
5974,spexin,2,1,6.907755278982137,2.0
5975,sprague,2,2,6.214608098422191,1.0
5976,ss-28,2,1,6.907755278982137,2.0
5977,stabilization,2,2,6.214608098422191,1.0
5978,stably,2,2,6.214608098422191,1.0
5979,standardized,2,2,6.214608098422191,1.0
5980,start,2,2,6.214608098422191,1.0
5981,state-of-the-art,2,2,6.214608098422191,1.0
5982,statins,2,2,6.214608098422191,1.0
5983,stays,2,1,6.907755278982137,2.0
5984,steroid-induced,2,1,6.907755278982137,2.0
5985,steroids,2,2,6.214608098422191,1.0
5986,stiffness,2,2,6.214608098422191,1.0
5987,stimulations,2,2,6.214608098422191,1.0
5988,stockholm,2,1,6.907755278982137,2.0
5989,streptozotocin-induced,2,2,6.214608098422191,1.0
5990,stress-induced,2,2,6.214608098422191,1.0
5991,stressful,2,1,6.907755278982137,2.0
5992,stressors,2,1,6.907755278982137,2.0
5993,strips,2,1,6.907755278982137,2.0
5994,stromal,2,2,6.214608098422191,1.0
5995,stronger,2,2,6.214608098422191,1.0
5996,strongest,2,2,6.214608098422191,1.0
5997,struggling,2,2,6.214608098422191,1.0
5998,stz,2,2,6.214608098422191,1.0
5999,stz-induced,2,2,6.214608098422191,1.0
6000,sub-chronic,2,1,6.907755278982137,2.0
6001,subdiaphragmatic,2,1,6.907755278982137,2.0
6002,subeffective,2,1,6.907755278982137,2.0
6003,subgroup,2,2,6.214608098422191,1.0
6004,sublingual,2,2,6.214608098422191,1.0
6005,substantia,2,2,6.214608098422191,1.0
6006,substituted,2,2,6.214608098422191,1.0
6007,subtilisin,2,2,6.214608098422191,1.0
6008,subtle,2,2,6.214608098422191,1.0
6009,succinic,2,2,6.214608098422191,1.0
6010,sud-related,2,1,6.907755278982137,2.0
6011,suffering,2,2,6.214608098422191,1.0
6012,suggestive,2,2,6.214608098422191,1.0
6013,suicide,2,1,6.907755278982137,2.0
6014,sulfate,2,2,6.214608098422191,1.0
6015,sulfono,2,1,6.907755278982137,2.0
6016,sulphonylureas,2,2,6.214608098422191,1.0
6017,sum,2,2,6.214608098422191,1.0
6018,superficial,2,1,6.907755278982137,2.0
6019,supervision,2,2,6.214608098422191,1.0
6020,supportive-care,2,1,6.907755278982137,2.0
6021,supramolecular,2,2,6.214608098422191,1.0
6022,supraphysiological,2,2,6.214608098422191,1.0
6023,surveillance,2,2,6.214608098422191,1.0
6024,sustain-6,2,2,6.214608098422191,1.0
6025,sustainable,2,2,6.214608098422191,1.0
6026,sustaining,2,2,6.214608098422191,1.0
6027,swelling,2,2,6.214608098422191,1.0
6028,sympathomimetic,2,1,6.907755278982137,2.0
6029,synergy,2,2,6.214608098422191,1.0
6030,t-cell,2,1,6.907755278982137,2.0
6031,tachycardia,2,2,6.214608098422191,1.0
6032,tachyphylaxis,2,1,6.907755278982137,2.0
6033,tackling,2,2,6.214608098422191,1.0
6034,tags,2,2,6.214608098422191,1.0
6035,tailored,2,2,6.214608098422191,1.0
6036,take,2,2,6.214608098422191,1.0
6037,takeda,2,2,6.214608098422191,1.0
6038,tba,2,1,6.907755278982137,2.0
6039,technically,2,1,6.907755278982137,2.0
6040,tegmental,2,2,6.214608098422191,1.0
6041,tend,2,2,6.214608098422191,1.0
6042,tends,2,2,6.214608098422191,1.0
6043,testable,2,2,6.214608098422191,1.0
6044,tetrodotoxin,2,2,6.214608098422191,1.0
6045,text,2,2,6.214608098422191,1.0
6046,tgf,2,1,6.907755278982137,2.0
6047,thapsigargin,2,2,6.214608098422191,1.0
6048,themed,2,2,6.214608098422191,1.0
6049,themselves,2,2,6.214608098422191,1.0
6050,thermal,2,1,6.907755278982137,2.0
6051,thermally,2,2,6.214608098422191,1.0
6052,thiazide-like,2,1,6.907755278982137,2.0
6053,thirty,2,2,6.214608098422191,1.0
6054,thoroughly,2,2,6.214608098422191,1.0
6055,thromboembolism,2,2,6.214608098422191,1.0
6056,thrombosis,2,2,6.214608098422191,1.0
6057,time-restricted,2,1,6.907755278982137,2.0
6058,tissue-specific,2,2,6.214608098422191,1.0
6059,tmao,2,1,6.907755278982137,2.0
6060,tongue,2,1,6.907755278982137,2.0
6061,top,2,2,6.214608098422191,1.0
6062,topics,2,1,6.907755278982137,2.0
6063,toxic,2,2,6.214608098422191,1.0
6064,toxin,2,2,6.214608098422191,1.0
6065,trace,2,2,6.214608098422191,1.0
6066,track,2,2,6.214608098422191,1.0
6067,tractable,2,2,6.214608098422191,1.0
6068,trafficked,2,2,6.214608098422191,1.0
6069,trajectory,2,2,6.214608098422191,1.0
6070,transaminase,2,2,6.214608098422191,1.0
6071,transcriptomic,2,2,6.214608098422191,1.0
6072,transcripts,2,2,6.214608098422191,1.0
6073,transients,2,2,6.214608098422191,1.0
6074,transmitters,2,2,6.214608098422191,1.0
6075,transmitting,2,2,6.214608098422191,1.0
6076,tremendous,2,2,6.214608098422191,1.0
6077,tremor,2,2,6.214608098422191,1.0
6078,trf,2,1,6.907755278982137,2.0
6079,triggering,2,2,6.214608098422191,1.0
6080,trisphosphate,2,2,6.214608098422191,1.0
6081,trophic,2,1,6.907755278982137,2.0
6082,true,2,2,6.214608098422191,1.0
6083,truly,2,2,6.214608098422191,1.0
6084,tubule,2,2,6.214608098422191,1.0
6085,tumorigenesis,2,2,6.214608098422191,1.0
6086,tumours,2,2,6.214608098422191,1.0
6087,tunel,2,2,6.214608098422191,1.0
6088,turning,2,2,6.214608098422191,1.0
6089,turnover,2,2,6.214608098422191,1.0
6090,twenty-five,2,2,6.214608098422191,1.0
6091,two-fold,2,2,6.214608098422191,1.0
6092,ubiquitous,2,2,6.214608098422191,1.0
6093,ulcerative,2,1,6.907755278982137,2.0
6094,ultra-short,2,1,6.907755278982137,2.0
6095,ultrastructural,2,2,6.214608098422191,1.0
6096,uncertainty,2,2,6.214608098422191,1.0
6097,uncharged,2,1,6.907755278982137,2.0
6098,unconfirmed,2,2,6.214608098422191,1.0
6099,uncontrolled,2,2,6.214608098422191,1.0
6100,underdiagnosed,2,2,6.214608098422191,1.0
6101,underestimated,2,2,6.214608098422191,1.0
6102,undergoes,2,2,6.214608098422191,1.0
6103,underlies,2,2,6.214608098422191,1.0
6104,underpin,2,2,6.214608098422191,1.0
6105,underpinning,2,2,6.214608098422191,1.0
6106,underway,2,2,6.214608098422191,1.0
6107,undesirable,2,2,6.214608098422191,1.0
6108,undetectable,2,2,6.214608098422191,1.0
6109,unexplored,2,2,6.214608098422191,1.0
6110,unidirectional,2,1,6.907755278982137,2.0
6111,unnecessary,2,2,6.214608098422191,1.0
6112,unproven,2,2,6.214608098422191,1.0
6113,unremarkable,2,2,6.214608098422191,1.0
6114,unsatisfactory,2,1,6.907755278982137,2.0
6115,untreated,2,2,6.214608098422191,1.0
6116,unwilling,2,2,6.214608098422191,1.0
6117,up-regulation,2,2,6.214608098422191,1.0
6118,up-to-date,2,2,6.214608098422191,1.0
6119,update,2,2,6.214608098422191,1.0
6120,updates,2,2,6.214608098422191,1.0
6121,urea,2,2,6.214608098422191,1.0
6122,urologic,2,1,6.907755278982137,2.0
6123,usefulness,2,2,6.214608098422191,1.0
6124,uterine,2,2,6.214608098422191,1.0
6125,uv,2,2,6.214608098422191,1.0
6126,vagal-brainstem-hypothalamic,2,1,6.907755278982137,2.0
6127,vagotomised,2,1,6.907755278982137,2.0
6128,variably,2,2,6.214608098422191,1.0
6129,variations,2,2,6.214608098422191,1.0
6130,vary,2,2,6.214608098422191,1.0
6131,vasodilatation,2,2,6.214608098422191,1.0
6132,vasodilator,2,1,6.907755278982137,2.0
6133,vehicles,2,2,6.214608098422191,1.0
6134,venom,2,2,6.214608098422191,1.0
6135,versatile,2,2,6.214608098422191,1.0
6136,versions,2,2,6.214608098422191,1.0
6137,vertical,2,2,6.214608098422191,1.0
6138,vesicle,2,2,6.214608098422191,1.0
6139,vesicles,2,2,6.214608098422191,1.0
6140,video,2,2,6.214608098422191,1.0
6141,viewpoint,2,2,6.214608098422191,1.0
6142,vigilance,2,2,6.214608098422191,1.0
6143,vil-creert2,2,1,6.907755278982137,2.0
6144,villi,2,1,6.907755278982137,2.0
6145,viral,2,2,6.214608098422191,1.0
6146,virtual,2,2,6.214608098422191,1.0
6147,virtually,2,2,6.214608098422191,1.0
6148,vision,2,1,6.907755278982137,2.0
6149,visit,2,2,6.214608098422191,1.0
6150,vistas,2,2,6.214608098422191,1.0
6151,visualization,2,1,6.907755278982137,2.0
6152,vmh,2,1,6.907755278982137,2.0
6153,volumes,2,2,6.214608098422191,1.0
6154,voluntary,2,2,6.214608098422191,1.0
6155,vpa,2,1,6.907755278982137,2.0
6156,vta,2,1,6.907755278982137,2.0
6157,wanted,2,2,6.214608098422191,1.0
6158,warning,2,2,6.214608098422191,1.0
6159,wb,2,1,6.907755278982137,2.0
6160,weakens,2,1,6.907755278982137,2.0
6161,weakly,2,2,6.214608098422191,1.0
6162,weaning,2,2,6.214608098422191,1.0
6163,weight-related,2,2,6.214608098422191,1.0
6164,well-defined,2,2,6.214608098422191,1.0
6165,well-recognized,2,2,6.214608098422191,1.0
6166,whey,2,2,6.214608098422191,1.0
6167,whole-body,2,2,6.214608098422191,1.0
6168,why,2,2,6.214608098422191,1.0
6169,windows,2,2,6.214608098422191,1.0
6170,withdrawal,2,1,6.907755278982137,2.0
6171,withdrawn,2,2,6.214608098422191,1.0
6172,withholding,2,1,6.907755278982137,2.0
6173,within-patient,2,1,6.907755278982137,2.0
6174,ws-sham,2,1,6.907755278982137,2.0
6175,xag,2,1,6.907755278982137,2.0
6176,xbp,2,1,6.907755278982137,2.0
6177,xenin,2,1,6.907755278982137,2.0
6178,xglp-3,2,1,6.907755278982137,2.0
6179,yfp-glp-1,2,1,6.907755278982137,2.0
6180,younger,2,2,6.214608098422191,1.0
6181,zones,2,1,6.907755278982137,2.0
6182,a-ar,1,1,6.907755278982137,1.0
6183,a-e,1,1,6.907755278982137,1.0
6184,a-gad-glp-1-a,1,1,6.907755278982137,1.0
6185,a-q,1,1,6.907755278982137,1.0
6186,abbreviation,1,1,6.907755278982137,1.0
6187,abdomen,1,1,6.907755278982137,1.0
6188,abilities,1,1,6.907755278982137,1.0
6189,abnormally,1,1,6.907755278982137,1.0
6190,abp,1,1,6.907755278982137,1.0
6191,abruptly,1,1,6.907755278982137,1.0
6192,absorbed,1,1,6.907755278982137,1.0
6193,absorptiometry,1,1,6.907755278982137,1.0
6194,abstaining,1,1,6.907755278982137,1.0
6195,abstracted,1,1,6.907755278982137,1.0
6196,academy,1,1,6.907755278982137,1.0
6197,acanthosis,1,1,6.907755278982137,1.0
6198,acarbose-induced,1,1,6.907755278982137,1.0
6199,accelerates,1,1,6.907755278982137,1.0
6200,accelerating,1,1,6.907755278982137,1.0
6201,acceptability,1,1,6.907755278982137,1.0
6202,accommodate,1,1,6.907755278982137,1.0
6203,accompanies,1,1,6.907755278982137,1.0
6204,accomplished,1,1,6.907755278982137,1.0
6205,accordance,1,1,6.907755278982137,1.0
6206,accounted,1,1,6.907755278982137,1.0
6207,accounts,1,1,6.907755278982137,1.0
6208,accumulate,1,1,6.907755278982137,1.0
6209,accumulated,1,1,6.907755278982137,1.0
6210,accuracy,1,1,6.907755278982137,1.0
6211,acer,1,1,6.907755278982137,1.0
6212,acetaminophen,1,1,6.907755278982137,1.0
6213,acetazolamide,1,1,6.907755278982137,1.0
6214,acetyl,1,1,6.907755278982137,1.0
6215,acetylcholine-stimulated,1,1,6.907755278982137,1.0
6216,acetylcholinesterases,1,1,6.907755278982137,1.0
6217,achd,1,1,6.907755278982137,1.0
6218,ache,1,1,6.907755278982137,1.0
6219,achievable,1,1,6.907755278982137,1.0
6220,achievement,1,1,6.907755278982137,1.0
6221,acid-mutated,1,1,6.907755278982137,1.0
6222,acid-tgr5,1,1,6.907755278982137,1.0
6223,acidification,1,1,6.907755278982137,1.0
6224,acidosis,1,1,6.907755278982137,1.0
6225,acinus,1,1,6.907755278982137,1.0
6226,acne-related,1,1,6.907755278982137,1.0
6227,acquired,1,1,6.907755278982137,1.0
6228,acquiring,1,1,6.907755278982137,1.0
6229,acquisition,1,1,6.907755278982137,1.0
6230,acromegaly,1,1,6.907755278982137,1.0
6231,acsl,1,1,6.907755278982137,1.0
6232,acta,1,1,6.907755278982137,1.0
6233,acted,1,1,6.907755278982137,1.0
6234,acth,1,1,6.907755278982137,1.0
6235,actin-binding,1,1,6.907755278982137,1.0
6236,activation-induced,1,1,6.907755278982137,1.0
6237,activator,1,1,6.907755278982137,1.0
6238,active-substance,1,1,6.907755278982137,1.0
6239,activin,1,1,6.907755278982137,1.0
6240,activity-rest,1,1,6.907755278982137,1.0
6241,actual,1,1,6.907755278982137,1.0
6242,acuity,1,1,6.907755278982137,1.0
6243,acylated,1,1,6.907755278982137,1.0
6244,acyltransferase,1,1,6.907755278982137,1.0
6245,adapt,1,1,6.907755278982137,1.0
6246,adapting,1,1,6.907755278982137,1.0
6247,adapts,1,1,6.907755278982137,1.0
6248,addiction-like,1,1,6.907755278982137,1.0
6249,addictions,1,1,6.907755278982137,1.0
6250,adenine,1,1,6.907755278982137,1.0
6251,adenotonsillectomy,1,1,6.907755278982137,1.0
6252,adenoviral,1,1,6.907755278982137,1.0
6253,adequacy,1,1,6.907755278982137,1.0
6254,adequately,1,1,6.907755278982137,1.0
6255,adherent,1,1,6.907755278982137,1.0
6256,adheres,1,1,6.907755278982137,1.0
6257,adhesions,1,1,6.907755278982137,1.0
6258,adipocyte,1,1,6.907755278982137,1.0
6259,adipocytokine,1,1,6.907755278982137,1.0
6260,adipogenic,1,1,6.907755278982137,1.0
6261,adiponectin-glucagon-like,1,1,6.907755278982137,1.0
6262,adipostatic,1,1,6.907755278982137,1.0
6263,adjustable,1,1,6.907755278982137,1.0
6264,administer,1,1,6.907755278982137,1.0
6265,administrated,1,1,6.907755278982137,1.0
6266,administrations,1,1,6.907755278982137,1.0
6267,adrenal,1,1,6.907755278982137,1.0
6268,adrenalectomy,1,1,6.907755278982137,1.0
6269,advertised,1,1,6.907755278982137,1.0
6270,advertising,1,1,6.907755278982137,1.0
6271,advise,1,1,6.907755278982137,1.0
6272,advocacy,1,1,6.907755278982137,1.0
6273,advocate,1,1,6.907755278982137,1.0
6274,advocates,1,1,6.907755278982137,1.0
6275,advocating,1,1,6.907755278982137,1.0
6276,ae,1,1,6.907755278982137,1.0
6277,aed,1,1,6.907755278982137,1.0
6278,aerial,1,1,6.907755278982137,1.0
6279,affairs,1,1,6.907755278982137,1.0
6280,afferents,1,1,6.907755278982137,1.0
6281,affinity-selection,1,1,6.907755278982137,1.0
6282,affordability,1,1,6.907755278982137,1.0
6283,affordable,1,1,6.907755278982137,1.0
6284,affording,1,1,6.907755278982137,1.0
6285,african,1,1,6.907755278982137,1.0
6286,after-hyperpolarizing,1,1,6.907755278982137,1.0
6287,after-meal,1,1,6.907755278982137,1.0
6288,aga,1,1,6.907755278982137,1.0
6289,age-at-diagnosis,1,1,6.907755278982137,1.0
6290,age-dependent,1,1,6.907755278982137,1.0
6291,ageing,1,1,6.907755278982137,1.0
6292,agglomeration,1,1,6.907755278982137,1.0
6293,aggregate,1,1,6.907755278982137,1.0
6294,aggression,1,1,6.907755278982137,1.0
6295,agonise,1,1,6.907755278982137,1.0
6296,agonist-binding,1,1,6.907755278982137,1.0
6297,agonist-bound,1,1,6.907755278982137,1.0
6298,agonistsassociated,1,1,6.907755278982137,1.0
6299,agreement,1,1,6.907755278982137,1.0
6300,agtr,1,1,6.907755278982137,1.0
6301,ai-driven,1,1,6.907755278982137,1.0
6302,aib,1,1,6.907755278982137,1.0
6303,aiding,1,1,6.907755278982137,1.0
6304,aids,1,1,6.907755278982137,1.0
6305,aimemerging,1,1,6.907755278982137,1.0
6306,ain-93g,1,1,6.907755278982137,1.0
6307,aki-related,1,1,6.907755278982137,1.0
6308,akt-activating,1,1,6.907755278982137,1.0
6309,akt-glycogen,1,1,6.907755278982137,1.0
6310,alarming,1,1,6.907755278982137,1.0
6311,albiglutide-treated,1,1,6.907755278982137,1.0
6312,albumin-conjugating,1,1,6.907755278982137,1.0
6313,albuminuric,1,1,6.907755278982137,1.0
6314,alcohol-dependent,1,1,6.907755278982137,1.0
6315,alcohol-naive,1,1,6.907755278982137,1.0
6316,alcoholic,1,1,6.907755278982137,1.0
6317,ald,1,1,6.907755278982137,1.0
6318,alert,1,1,6.907755278982137,1.0
6319,align,1,1,6.907755278982137,1.0
6320,aligned,1,1,6.907755278982137,1.0
6321,alignment,1,1,6.907755278982137,1.0
6322,alike,1,1,6.907755278982137,1.0
6323,alizarin,1,1,6.907755278982137,1.0
6324,alkylation,1,1,6.907755278982137,1.0
6325,alleles,1,1,6.907755278982137,1.0
6326,allergic,1,1,6.907755278982137,1.0
6327,alleviation,1,1,6.907755278982137,1.0
6328,allied,1,1,6.907755278982137,1.0
6329,allocation,1,1,6.907755278982137,1.0
6330,allodynia,1,1,6.907755278982137,1.0
6331,allude,1,1,6.907755278982137,1.0
6332,alogliptin,1,1,6.907755278982137,1.0
6333,alpha-amino,1,1,6.907755278982137,1.0
6334,alpha-cell,1,1,6.907755278982137,1.0
6335,alpha-glucosidase,1,1,6.907755278982137,1.0
6336,alpha-helical,1,1,6.907755278982137,1.0
6337,alpha-helix,1,1,6.907755278982137,1.0
6338,alpha-linolenic,1,1,6.907755278982137,1.0
6339,alpigalangols,1,1,6.907755278982137,1.0
6340,alpinia,1,1,6.907755278982137,1.0
6341,als-specific,1,1,6.907755278982137,1.0
6342,alt,1,1,6.907755278982137,1.0
6343,alternate,1,1,6.907755278982137,1.0
6344,alveolar,1,1,6.907755278982137,1.0
6345,am,1,1,6.907755278982137,1.0
6346,amaryl,1,1,6.907755278982137,1.0
6347,america,1,1,6.907755278982137,1.0
6348,americans,1,1,6.907755278982137,1.0
6349,amgpssgapggggs,1,1,6.907755278982137,1.0
6350,amid,1,1,6.907755278982137,1.0
6351,amide-derived,1,1,6.907755278982137,1.0
6352,amide-induced,1,1,6.907755278982137,1.0
6353,amide-mediated,1,1,6.907755278982137,1.0
6354,amidst,1,1,6.907755278982137,1.0
6355,amino-3,1,1,6.907755278982137,1.0
6356,amino-sulfonic,1,1,6.907755278982137,1.0
6357,aminolauric,1,1,6.907755278982137,1.0
6358,aminopeptidase,1,1,6.907755278982137,1.0
6359,amnesia,1,1,6.907755278982137,1.0
6360,amomum,1,1,6.907755278982137,1.0
6361,amorphous,1,1,6.907755278982137,1.0
6362,ampa,1,1,6.907755278982137,1.0
6363,amphetamine-addiction,1,1,6.907755278982137,1.0
6364,amplifies,1,1,6.907755278982137,1.0
6365,amplify,1,1,6.907755278982137,1.0
6366,amplifying,1,1,6.907755278982137,1.0
6367,amstar,1,1,6.907755278982137,1.0
6368,amyloid-beta,1,1,6.907755278982137,1.0
6369,amyotrophic,1,1,6.907755278982137,1.0
6370,anabolism,1,1,6.907755278982137,1.0
6371,analgesic,1,1,6.907755278982137,1.0
6372,analog-regulated,1,1,6.907755278982137,1.0
6373,analyzes,1,1,6.907755278982137,1.0
6374,anatomic,1,1,6.907755278982137,1.0
6375,anatomically,1,1,6.907755278982137,1.0
6376,anatomy,1,1,6.907755278982137,1.0
6377,ancestry,1,1,6.907755278982137,1.0
6378,ancillary,1,1,6.907755278982137,1.0
6379,androgenetic,1,1,6.907755278982137,1.0
6380,android,1,1,6.907755278982137,1.0
6381,android-type,1,1,6.907755278982137,1.0
6382,anecdotal,1,1,6.907755278982137,1.0
6383,anecdotes,1,1,6.907755278982137,1.0
6384,anesthesia-related,1,1,6.907755278982137,1.0
6385,angiogenic,1,1,6.907755278982137,1.0
6386,angiotensinogen,1,1,6.907755278982137,1.0
6387,anglerfish,1,1,6.907755278982137,1.0
6388,anion,1,1,6.907755278982137,1.0
6389,anna,1,1,6.907755278982137,1.0
6390,anne,1,1,6.907755278982137,1.0
6391,annulation,1,1,6.907755278982137,1.0
6392,annulled,1,1,6.907755278982137,1.0
6393,annum,1,1,6.907755278982137,1.0
6394,anonymized,1,1,6.907755278982137,1.0
6395,anorexigens,1,1,6.907755278982137,1.0
6396,anovulatory,1,1,6.907755278982137,1.0
6397,antagonise,1,1,6.907755278982137,1.0
6398,antagonist-exn9-treated,1,1,6.907755278982137,1.0
6399,antagonistic,1,1,6.907755278982137,1.0
6400,antagonizing,1,1,6.907755278982137,1.0
6401,anthropometry,1,1,6.907755278982137,1.0
6402,anti-apoptosis,1,1,6.907755278982137,1.0
6403,anti-glp1r,1,1,6.907755278982137,1.0
6404,anti-glycaemic,1,1,6.907755278982137,1.0
6405,anti-infectious,1,1,6.907755278982137,1.0
6406,anti-inflammation,1,1,6.907755278982137,1.0
6407,anti-insulin-resistant,1,1,6.907755278982137,1.0
6408,anti-matrix,1,1,6.907755278982137,1.0
6409,anti-neoplastic,1,1,6.907755278982137,1.0
6410,anti-type,1,1,6.907755278982137,1.0
6411,antiallodynia,1,1,6.907755278982137,1.0
6412,antiapoptosis,1,1,6.907755278982137,1.0
6413,antibiotic-induced,1,1,6.907755278982137,1.0
6414,antibiotic-treated,1,1,6.907755278982137,1.0
6415,anticholinergic,1,1,6.907755278982137,1.0
6416,anticipate,1,1,6.907755278982137,1.0
6417,anticipation,1,1,6.907755278982137,1.0
6418,anticoagulation,1,1,6.907755278982137,1.0
6419,anticonvulsants,1,1,6.907755278982137,1.0
6420,antidepressant-like,1,1,6.907755278982137,1.0
6421,antidiabetogenic,1,1,6.907755278982137,1.0
6422,antidiarrhoeal,1,1,6.907755278982137,1.0
6423,antiemetic,1,1,6.907755278982137,1.0
6424,antiemetics,1,1,6.907755278982137,1.0
6425,antiepileptic,1,1,6.907755278982137,1.0
6426,antihypersensitive,1,1,6.907755278982137,1.0
6427,antiinflammatory,1,1,6.907755278982137,1.0
6428,antimicrobial,1,1,6.907755278982137,1.0
6429,antimotility,1,1,6.907755278982137,1.0
6430,antiplatelet,1,1,6.907755278982137,1.0
6431,antipsychotic,1,1,6.907755278982137,1.0
6432,antiresorptive,1,1,6.907755278982137,1.0
6433,antiretroviral,1,1,6.907755278982137,1.0
6434,antisense,1,1,6.907755278982137,1.0
6435,antistroke,1,1,6.907755278982137,1.0
6436,antithrombin,1,1,6.907755278982137,1.0
6437,antithrombotic,1,1,6.907755278982137,1.0
6438,antitumor,1,1,6.907755278982137,1.0
6439,antral,1,1,6.907755278982137,1.0
6440,aortae,1,1,6.907755278982137,1.0
6441,aortal,1,1,6.907755278982137,1.0
6442,apa,1,1,6.907755278982137,1.0
6443,apd-induced,1,1,6.907755278982137,1.0
6444,apelin-induced,1,1,6.907755278982137,1.0
6445,apical,1,1,6.907755278982137,1.0
6446,apo,1,1,6.907755278982137,1.0
6447,apob,1,1,6.907755278982137,1.0
6448,apparent,1,1,6.907755278982137,1.0
6449,appearance,1,1,6.907755278982137,1.0
6450,apperloo,1,1,6.907755278982137,1.0
6451,appetite-increasing,1,1,6.907755278982137,1.0
6452,appetite-inhibiting,1,1,6.907755278982137,1.0
6453,appetite-inhibitors,1,1,6.907755278982137,1.0
6454,appetite-reducing,1,1,6.907755278982137,1.0
6455,appetite-suppressive,1,1,6.907755278982137,1.0
6456,appetitive,1,1,6.907755278982137,1.0
6457,applicable,1,1,6.907755278982137,1.0
6458,apply,1,1,6.907755278982137,1.0
6459,apposition,1,1,6.907755278982137,1.0
6460,approached,1,1,6.907755278982137,1.0
6461,appropriately,1,1,6.907755278982137,1.0
6462,appropriately-could,1,1,6.907755278982137,1.0
6463,approvals,1,1,6.907755278982137,1.0
6464,approximated,1,1,6.907755278982137,1.0
6465,aquatic,1,1,6.907755278982137,1.0
6466,arachidonoylglycerol,1,1,6.907755278982137,1.0
6467,area-under-the-curve,1,1,6.907755278982137,1.0
6468,areata,1,1,6.907755278982137,1.0
6469,arginine-induced,1,1,6.907755278982137,1.0
6470,arglp-1,1,1,6.907755278982137,1.0
6471,arguably,1,1,6.907755278982137,1.0
6472,arip,1,1,6.907755278982137,1.0
6473,arisen,1,1,6.907755278982137,1.0
6474,arising,1,1,6.907755278982137,1.0
6475,arose,1,1,6.907755278982137,1.0
6476,arranged,1,1,6.907755278982137,1.0
6477,arranging,1,1,6.907755278982137,1.0
6478,arrhythmic,1,1,6.907755278982137,1.0
6479,arrive,1,1,6.907755278982137,1.0
6480,arrived,1,1,6.907755278982137,1.0
6481,arrs,1,1,6.907755278982137,1.0
6482,arteries-is,1,1,6.907755278982137,1.0
6483,arteriolar,1,1,6.907755278982137,1.0
6484,articulates,1,1,6.907755278982137,1.0
6485,ascertain,1,1,6.907755278982137,1.0
6486,ascertained,1,1,6.907755278982137,1.0
6487,ascertainment,1,1,6.907755278982137,1.0
6488,asenapine,1,1,6.907755278982137,1.0
6489,asgpr,1,1,6.907755278982137,1.0
6490,ashitaba,1,1,6.907755278982137,1.0
6491,asialoglycoprotein,1,1,6.907755278982137,1.0
6492,ask,1,1,6.907755278982137,1.0
6493,asked,1,1,6.907755278982137,1.0
6494,asn-65,1,1,6.907755278982137,1.0
6495,asp-15,1,1,6.907755278982137,1.0
6496,aspartate,1,1,6.907755278982137,1.0
6497,aspiration-related,1,1,6.907755278982137,1.0
6498,assaying,1,1,6.907755278982137,1.0
6499,assesses,1,1,6.907755278982137,1.0
6500,assigned,1,1,6.907755278982137,1.0
6501,assistance,1,1,6.907755278982137,1.0
6502,assoc,1,1,6.907755278982137,1.0
6503,associate,1,1,6.907755278982137,1.0
6504,assortment,1,1,6.907755278982137,1.0
6505,assume,1,1,6.907755278982137,1.0
6506,assumes,1,1,6.907755278982137,1.0
6507,assumptions,1,1,6.907755278982137,1.0
6508,assurance,1,1,6.907755278982137,1.0
6509,astype,1,1,6.907755278982137,1.0
6510,asud-related,1,1,6.907755278982137,1.0
6511,atgl,1,1,6.907755278982137,1.0
6512,atherothrombotic,1,1,6.907755278982137,1.0
6513,atmospheric,1,1,6.907755278982137,1.0
6514,atomic,1,1,6.907755278982137,1.0
6515,atoms,1,1,6.907755278982137,1.0
6516,atresia,1,1,6.907755278982137,1.0
6517,atria,1,1,6.907755278982137,1.0
6518,atropine-mediated,1,1,6.907755278982137,1.0
6519,attached,1,1,6.907755278982137,1.0
6520,attaining,1,1,6.907755278982137,1.0
6521,attempting,1,1,6.907755278982137,1.0
6522,attendant,1,1,6.907755278982137,1.0
6523,attending,1,1,6.907755278982137,1.0
6524,attribute,1,1,6.907755278982137,1.0
6525,attributing,1,1,6.907755278982137,1.0
6526,atypical,1,1,6.907755278982137,1.0
6527,au,1,1,6.907755278982137,1.0
6528,aucglp-1,1,1,6.907755278982137,1.0
6529,audited,1,1,6.907755278982137,1.0
6530,auditing,1,1,6.907755278982137,1.0
6531,aural,1,1,6.907755278982137,1.0
6532,auratus,1,1,6.907755278982137,1.0
6533,australia,1,1,6.907755278982137,1.0
6534,authorities,1,1,6.907755278982137,1.0
6535,authority,1,1,6.907755278982137,1.0
6536,authorized,1,1,6.907755278982137,1.0
6537,autoanalyzer,1,1,6.907755278982137,1.0
6538,autodigestion,1,1,6.907755278982137,1.0
6539,autoinhibitory,1,1,6.907755278982137,1.0
6540,autophagosome,1,1,6.907755278982137,1.0
6541,autophony,1,1,6.907755278982137,1.0
6542,autoradiographic,1,1,6.907755278982137,1.0
6543,auxiliary,1,1,6.907755278982137,1.0
6544,avascular,1,1,6.907755278982137,1.0
6545,avenue,1,1,6.907755278982137,1.0
6546,avert,1,1,6.907755278982137,1.0
6547,avian,1,1,6.907755278982137,1.0
6548,avidin-biotin-peroxidase,1,1,6.907755278982137,1.0
6549,axcess,1,1,6.907755278982137,1.0
6550,axin,1,1,6.907755278982137,1.0
6551,axis-independent,1,1,6.907755278982137,1.0
6552,azacytidine,1,1,6.907755278982137,1.0
6553,azc,1,1,6.907755278982137,1.0
6554,azelaic,1,1,6.907755278982137,1.0
6555,azidohomoalanine,1,1,6.907755278982137,1.0
6556,b-mediated,1,1,6.907755278982137,1.0
6557,backbone,1,1,6.907755278982137,1.0
6558,backbones,1,1,6.907755278982137,1.0
6559,backup,1,1,6.907755278982137,1.0
6560,bacteroides,1,1,6.907755278982137,1.0
6561,balances,1,1,6.907755278982137,1.0
6562,balancing,1,1,6.907755278982137,1.0
6563,balf,1,1,6.907755278982137,1.0
6564,baml,1,1,6.907755278982137,1.0
6565,bandage,1,1,6.907755278982137,1.0
6566,banding,1,1,6.907755278982137,1.0
6567,bapta-am,1,1,6.907755278982137,1.0
6568,barely,1,1,6.907755278982137,1.0
6569,barley,1,1,6.907755278982137,1.0
6570,barrier-promoting,1,1,6.907755278982137,1.0
6571,basing,1,1,6.907755278982137,1.0
6572,basolateral,1,1,6.907755278982137,1.0
6573,batatas,1,1,6.907755278982137,1.0
6574,bath,1,1,6.907755278982137,1.0
6575,baths,1,1,6.907755278982137,1.0
6576,bayes,1,1,6.907755278982137,1.0
6577,bbb,1,1,6.907755278982137,1.0
6578,bcise,1,1,6.907755278982137,1.0
6579,bcl-2,1,1,6.907755278982137,1.0
6580,bcm,1,1,6.907755278982137,1.0
6581,bd,1,1,6.907755278982137,1.0
6582,bdnf,1,1,6.907755278982137,1.0
6583,bdnf-trkb,1,1,6.907755278982137,1.0
6584,be-informed,1,1,6.907755278982137,1.0
6585,beckman,1,1,6.907755278982137,1.0
6586,beclin-1,1,1,6.907755278982137,1.0
6587,beds,1,1,6.907755278982137,1.0
6588,beforehand,1,1,6.907755278982137,1.0
6589,begin,1,1,6.907755278982137,1.0
6590,behavior-lifestyle,1,1,6.907755278982137,1.0
6591,belong,1,1,6.907755278982137,1.0
6592,belonged,1,1,6.907755278982137,1.0
6593,belongs,1,1,6.907755278982137,1.0
6594,bench,1,1,6.907755278982137,1.0
6595,benchside,1,1,6.907755278982137,1.0
6596,beneath,1,1,6.907755278982137,1.0
6597,beneficially,1,1,6.907755278982137,1.0
6598,benefit-to-risk,1,1,6.907755278982137,1.0
6599,benefitial,1,1,6.907755278982137,1.0
6600,benefitted,1,1,6.907755278982137,1.0
6601,benefitting,1,1,6.907755278982137,1.0
6602,bes,1,1,6.907755278982137,1.0
6603,beside,1,1,6.907755278982137,1.0
6604,bestow,1,1,6.907755278982137,1.0
6605,beta-adrenergic,1,1,6.907755278982137,1.0
6606,beta-cell-associated,1,1,6.907755278982137,1.0
6607,beta-cell-preserving,1,1,6.907755278982137,1.0
6608,between-group,1,1,6.907755278982137,1.0
6609,bia,1,1,6.907755278982137,1.0
6610,bian,1,1,6.907755278982137,1.0
6611,biases,1,1,6.907755278982137,1.0
6612,bibliographic,1,1,6.907755278982137,1.0
6613,bibliographically,1,1,6.907755278982137,1.0
6614,bibliographies,1,1,6.907755278982137,1.0
6615,bicarbonate-containing,1,1,6.907755278982137,1.0
6616,bicuculline,1,1,6.907755278982137,1.0
6617,bicyclic,1,1,6.907755278982137,1.0
6618,bifidobacteria,1,1,6.907755278982137,1.0
6619,bighead,1,1,6.907755278982137,1.0
6620,biguanide,1,1,6.907755278982137,1.0
6621,biguanides,1,1,6.907755278982137,1.0
6622,biie,1,1,6.907755278982137,1.0
6623,bilaterally,1,1,6.907755278982137,1.0
6624,binary,1,1,6.907755278982137,1.0
6625,binder,1,1,6.907755278982137,1.0
6626,binge-episode,1,1,6.907755278982137,1.0
6627,binocular,1,1,6.907755278982137,1.0
6628,bio-efficacy,1,1,6.907755278982137,1.0
6629,bioaccessibility,1,1,6.907755278982137,1.0
6630,bioactives,1,1,6.907755278982137,1.0
6631,bioactivities,1,1,6.907755278982137,1.0
6632,bioanalytical,1,1,6.907755278982137,1.0
6633,biochemistry,1,1,6.907755278982137,1.0
6634,bioconjugation,1,1,6.907755278982137,1.0
6635,biodistribution,1,1,6.907755278982137,1.0
6636,bioelectrical,1,1,6.907755278982137,1.0
6637,biogenesis,1,1,6.907755278982137,1.0
6638,bioimaging,1,1,6.907755278982137,1.0
6639,bioimpedance,1,1,6.907755278982137,1.0
6640,biologics,1,1,6.907755278982137,1.0
6641,bioluminescence,1,1,6.907755278982137,1.0
6642,biomarker-guided,1,1,6.907755278982137,1.0
6643,biomaterial,1,1,6.907755278982137,1.0
6644,biomed,1,1,6.907755278982137,1.0
6645,biomolecular,1,1,6.907755278982137,1.0
6646,bioorthogonal,1,1,6.907755278982137,1.0
6647,biopharmaceutical,1,1,6.907755278982137,1.0
6648,biopotencies,1,1,6.907755278982137,1.0
6649,biopsies,1,1,6.907755278982137,1.0
6650,biopsy,1,1,6.907755278982137,1.0
6651,biorelevant,1,1,6.907755278982137,1.0
6652,biorthogonal,1,1,6.907755278982137,1.0
6653,biotech,1,1,6.907755278982137,1.0
6654,biotherapeutic,1,1,6.907755278982137,1.0
6655,bip,1,1,6.907755278982137,1.0
6656,biphenylalanine,1,1,6.907755278982137,1.0
6657,bir,1,1,6.907755278982137,1.0
6658,birth,1,1,6.907755278982137,1.0
6659,bitterdb,1,1,6.907755278982137,1.0
6660,bitterx,1,1,6.907755278982137,1.0
6661,bjerre,1,1,6.907755278982137,1.0
6662,black-box,1,1,6.907755278982137,1.0
6663,blanket,1,1,6.907755278982137,1.0
6664,bleeding,1,1,6.907755278982137,1.0
6665,blockage,1,1,6.907755278982137,1.0
6666,blonde,1,1,6.907755278982137,1.0
6667,blood-glucose-improving,1,1,6.907755278982137,1.0
6668,blood-testis,1,1,6.907755278982137,1.0
6669,blue,1,1,6.907755278982137,1.0
6670,blunting,1,1,6.907755278982137,1.0
6671,blurring,1,1,6.907755278982137,1.0
6672,bmis,1,1,6.907755278982137,1.0
6673,bmj,1,1,6.907755278982137,1.0
6674,boarder,1,1,6.907755278982137,1.0
6675,bode,1,1,6.907755278982137,1.0
6676,body-mediated,1,1,6.907755278982137,1.0
6677,boiled,1,1,6.907755278982137,1.0
6678,boiling,1,1,6.907755278982137,1.0
6679,bond,1,1,6.907755278982137,1.0
6680,bonding,1,1,6.907755278982137,1.0
6681,box,1,1,6.907755278982137,1.0
6682,boxed,1,1,6.907755278982137,1.0
6683,bradford,1,1,6.907755278982137,1.0
6684,bradykinesia,1,1,6.907755278982137,1.0
6685,brain-gut,1,1,6.907755278982137,1.0
6686,brain-gut-heart,1,1,6.907755278982137,1.0
6687,brain-imaging,1,1,6.907755278982137,1.0
6688,brain-liver,1,1,6.907755278982137,1.0
6689,brain-mediated,1,1,6.907755278982137,1.0
6690,brainstem-hypothalamic,1,1,6.907755278982137,1.0
6691,branch,1,1,6.907755278982137,1.0
6692,branded,1,1,6.907755278982137,1.0
6693,breaking,1,1,6.907755278982137,1.0
6694,breakthroughs,1,1,6.907755278982137,1.0
6695,breastfeeding,1,1,6.907755278982137,1.0
6696,briggs,1,1,6.907755278982137,1.0
6697,bright,1,1,6.907755278982137,1.0
6698,brilliant,1,1,6.907755278982137,1.0
6699,brin,1,1,6.907755278982137,1.0
6700,bringing,1,1,6.907755278982137,1.0
6701,brings,1,1,6.907755278982137,1.0
6702,broadened,1,1,6.907755278982137,1.0
6703,broadening,1,1,6.907755278982137,1.0
6704,brominated,1,1,6.907755278982137,1.0
6705,bronchi,1,1,6.907755278982137,1.0
6706,bronchoalveolar,1,1,6.907755278982137,1.0
6707,bronchoscopy,1,1,6.907755278982137,1.0
6708,brought,1,1,6.907755278982137,1.0
6709,brown-egg,1,1,6.907755278982137,1.0
6710,brush,1,1,6.907755278982137,1.0
6711,brush-border,1,1,6.907755278982137,1.0
6712,bsa,1,1,6.907755278982137,1.0
6713,bsp,1,1,6.907755278982137,1.0
6714,bucked,1,1,6.907755278982137,1.0
6715,bud,1,1,6.907755278982137,1.0
6716,budesonide,1,1,6.907755278982137,1.0
6717,buds,1,1,6.907755278982137,1.0
6718,buffering,1,1,6.907755278982137,1.0
6719,buffers,1,1,6.907755278982137,1.0
6720,bufo,1,1,6.907755278982137,1.0
6721,building,1,1,6.907755278982137,1.0
6722,built,1,1,6.907755278982137,1.0
6723,bullets,1,1,6.907755278982137,1.0
6724,bullfrog,1,1,6.907755278982137,1.0
6725,burdensome,1,1,6.907755278982137,1.0
6726,burgeoning,1,1,6.907755278982137,1.0
6727,burns,1,1,6.907755278982137,1.0
6728,burst,1,1,6.907755278982137,1.0
6729,butyricum-pmtl007-glucagon-like,1,1,6.907755278982137,1.0
6730,byproducts,1,1,6.907755278982137,1.0
6731,c-16,1,1,6.907755278982137,1.0
6732,c-21,1,1,6.907755278982137,1.0
6733,c-cell,1,1,6.907755278982137,1.0
6734,c-glucose,1,1,6.907755278982137,1.0
6735,cabg,1,1,6.907755278982137,1.0
6736,cacna,1,1,6.907755278982137,1.0
6737,cafeteria-fed,1,1,6.907755278982137,1.0
6738,cag-cat-glp1r,1,1,6.907755278982137,1.0
6739,calcium-chelating,1,1,6.907755278982137,1.0
6740,calcium-sensing,1,1,6.907755278982137,1.0
6741,calculating,1,1,6.907755278982137,1.0
6742,calculation,1,1,6.907755278982137,1.0
6743,calculations,1,1,6.907755278982137,1.0
6744,calibration,1,1,6.907755278982137,1.0
6745,calorically,1,1,6.907755278982137,1.0
6746,calorically-restricted,1,1,6.907755278982137,1.0
6747,calorimetry,1,1,6.907755278982137,1.0
6748,came,1,1,6.907755278982137,1.0
6749,camkii,1,1,6.907755278982137,1.0
6750,camp-creb,1,1,6.907755278982137,1.0
6751,camp-responsive,1,1,6.907755278982137,1.0
6752,camp-stimulated,1,1,6.907755278982137,1.0
6753,canada,1,1,6.907755278982137,1.0
6754,cancellation,1,1,6.907755278982137,1.0
6755,candidacy,1,1,6.907755278982137,1.0
6756,cannabinoids,1,1,6.907755278982137,1.0
6757,cannulation,1,1,6.907755278982137,1.0
6758,canonically,1,1,6.907755278982137,1.0
6759,capability,1,1,6.907755278982137,1.0
6760,capillaries,1,1,6.907755278982137,1.0
6761,capillary,1,1,6.907755278982137,1.0
6762,caprylate,1,1,6.907755278982137,1.0
6763,captivated,1,1,6.907755278982137,1.0
6764,capturing,1,1,6.907755278982137,1.0
6765,carassius,1,1,6.907755278982137,1.0
6766,carboxybetaine,1,1,6.907755278982137,1.0
6767,carboxyl-terminal,1,1,6.907755278982137,1.0
6768,cardinal,1,1,6.907755278982137,1.0
6769,cardiometabolically,1,1,6.907755278982137,1.0
6770,cardiomyoblast,1,1,6.907755278982137,1.0
6771,cardiomyopathic,1,1,6.907755278982137,1.0
6772,cardiovasc,1,1,6.907755278982137,1.0
6773,cardiovascular-renal,1,1,6.907755278982137,1.0
6774,cardioversion,1,1,6.907755278982137,1.0
6775,caring,1,1,6.907755278982137,1.0
6776,carp,1,1,6.907755278982137,1.0
6777,carries,1,1,6.907755278982137,1.0
6778,case-control,1,1,6.907755278982137,1.0
6779,caseinate,1,1,6.907755278982137,1.0
6780,casework,1,1,6.907755278982137,1.0
6781,casp,1,1,6.907755278982137,1.0
6782,cassette,1,1,6.907755278982137,1.0
6783,castrate-resistant,1,1,6.907755278982137,1.0
6784,catalyst,1,1,6.907755278982137,1.0
6785,catalysts,1,1,6.907755278982137,1.0
6786,catalyzes,1,1,6.907755278982137,1.0
6787,catecholaminergic,1,1,6.907755278982137,1.0
6788,categorizing,1,1,6.907755278982137,1.0
6789,cation,1,1,6.907755278982137,1.0
6790,cation-independent,1,1,6.907755278982137,1.0
6791,caucasian,1,1,6.907755278982137,1.0
6792,caught,1,1,6.907755278982137,1.0
6793,causally,1,1,6.907755278982137,1.0
6794,causative,1,1,6.907755278982137,1.0
6795,cbp,1,1,6.907755278982137,1.0
6796,cc,1,1,6.907755278982137,1.0
6797,cdahfd,1,1,6.907755278982137,1.0
6798,cdahfd-induced,1,1,6.907755278982137,1.0
6799,cecum,1,1,6.907755278982137,1.0
6800,cell-based,1,1,6.907755278982137,1.0
6801,cell-survival,1,1,6.907755278982137,1.0
6802,cells-derived,1,1,6.907755278982137,1.0
6803,cellular-level,1,1,6.907755278982137,1.0
6804,centrifugation,1,1,6.907755278982137,1.0
6805,cephalic,1,1,6.907755278982137,1.0
6806,ceramidase,1,1,6.907755278982137,1.0
6807,cerebrometabolic,1,1,6.907755278982137,1.0
6808,cerebrospinal,1,1,6.907755278982137,1.0
6809,cerebrovasc,1,1,6.907755278982137,1.0
6810,cetsa,1,1,6.907755278982137,1.0
6811,cf-related,1,1,6.907755278982137,1.0
6812,cfos,1,1,6.907755278982137,1.0
6813,cfos-expression,1,1,6.907755278982137,1.0
6814,cfp-tagged,1,1,6.907755278982137,1.0
6815,cftr,1,1,6.907755278982137,1.0
6816,cgm-derived,1,1,6.907755278982137,1.0
6817,chalcones,1,1,6.907755278982137,1.0
6818,chamber-specific,1,1,6.907755278982137,1.0
6819,champion,1,1,6.907755278982137,1.0
6820,chance,1,1,6.907755278982137,1.0
6821,chances,1,1,6.907755278982137,1.0
6822,chaperone-mediated,1,1,6.907755278982137,1.0
6823,chaperones,1,1,6.907755278982137,1.0
6824,chapter,1,1,6.907755278982137,1.0
6825,character,1,1,6.907755278982137,1.0
6826,characterising,1,1,6.907755278982137,1.0
6827,characterizes,1,1,6.907755278982137,1.0
6828,charges,1,1,6.907755278982137,1.0
6829,charted,1,1,6.907755278982137,1.0
6830,check,1,1,6.907755278982137,1.0
6831,cheeks,1,1,6.907755278982137,1.0
6832,chemo,1,1,6.907755278982137,1.0
6833,chemo-sensors,1,1,6.907755278982137,1.0
6834,chemoresistance,1,1,6.907755278982137,1.0
6835,chemosensing,1,1,6.907755278982137,1.0
6836,chemosensors,1,1,6.907755278982137,1.0
6837,chemosensory,1,1,6.907755278982137,1.0
6838,chemotherapy,1,1,6.907755278982137,1.0
6839,chemotypes,1,1,6.907755278982137,1.0
6840,chest,1,1,6.907755278982137,1.0
6841,chi,1,1,6.907755278982137,1.0
6842,chickens,1,1,6.907755278982137,1.0
6843,childbearing,1,1,6.907755278982137,1.0
6844,chimera,1,1,6.907755278982137,1.0
6845,chin,1,1,6.907755278982137,1.0
6846,chiral,1,1,6.907755278982137,1.0
6847,chlorinated,1,1,6.907755278982137,1.0
6848,cho-k1,1,1,6.907755278982137,1.0
6849,chol,1,1,6.907755278982137,1.0
6850,cholesteryl,1,1,6.907755278982137,1.0
6851,choline,1,1,6.907755278982137,1.0
6852,choline-deficient,1,1,6.907755278982137,1.0
6853,chondrocytes,1,1,6.907755278982137,1.0
6854,chondroprotective,1,1,6.907755278982137,1.0
6855,choroid,1,1,6.907755278982137,1.0
6856,chose,1,1,6.907755278982137,1.0
6857,chosen,1,1,6.907755278982137,1.0
6858,chow-fed,1,1,6.907755278982137,1.0
6859,chromatin,1,1,6.907755278982137,1.0
6860,chromatography-mass,1,1,6.907755278982137,1.0
6861,chromogranin,1,1,6.907755278982137,1.0
6862,chrono-entrainment,1,1,6.907755278982137,1.0
6863,chub,1,1,6.907755278982137,1.0
6864,chyme,1,1,6.907755278982137,1.0
6865,ci-m6pr,1,1,6.907755278982137,1.0
6866,cinahl,1,1,6.907755278982137,1.0
6867,circuitry,1,1,6.907755278982137,1.0
6868,circumstances,1,1,6.907755278982137,1.0
6869,circumvallate,1,1,6.907755278982137,1.0
6870,cis-unsaturated,1,1,6.907755278982137,1.0
6871,citation,1,1,6.907755278982137,1.0
6872,citations,1,1,6.907755278982137,1.0
6873,citrate,1,1,6.907755278982137,1.0
6874,citric,1,1,6.907755278982137,1.0
6875,claiming,1,1,6.907755278982137,1.0
6876,clamp,1,1,6.907755278982137,1.0
6877,clamps,1,1,6.907755278982137,1.0
6878,clarification,1,1,6.907755278982137,1.0
6879,clarifies,1,1,6.907755278982137,1.0
6880,class-wide,1,1,6.907755278982137,1.0
6881,cleave,1,1,6.907755278982137,1.0
6882,cleaved,1,1,6.907755278982137,1.0
6883,cleaves,1,1,6.907755278982137,1.0
6884,clocks,1,1,6.907755278982137,1.0
6885,closed-loop,1,1,6.907755278982137,1.0
6886,closer,1,1,6.907755278982137,1.0
6887,closing,1,1,6.907755278982137,1.0
6888,clostridium,1,1,6.907755278982137,1.0
6889,closure,1,1,6.907755278982137,1.0
6890,clozapine,1,1,6.907755278982137,1.0
6891,clpr-increased,1,1,6.907755278982137,1.0
6892,clpr-induced,1,1,6.907755278982137,1.0
6893,cnki,1,1,6.907755278982137,1.0
6894,co-activate,1,1,6.907755278982137,1.0
6895,co-activation,1,1,6.907755278982137,1.0
6896,co-exist,1,1,6.907755278982137,1.0
6897,co-existence,1,1,6.907755278982137,1.0
6898,co-formulations,1,1,6.907755278982137,1.0
6899,co-infusion,1,1,6.907755278982137,1.0
6900,co-ip,1,1,6.907755278982137,1.0
6901,co-labeling,1,1,6.907755278982137,1.0
6902,co-labelled,1,1,6.907755278982137,1.0
6903,co-localisation,1,1,6.907755278982137,1.0
6904,co-localization,1,1,6.907755278982137,1.0
6905,co-localize,1,1,6.907755278982137,1.0
6906,co-medications,1,1,6.907755278982137,1.0
6907,co-morbid,1,1,6.907755278982137,1.0
6908,co-occur,1,1,6.907755278982137,1.0
6909,co-releases,1,1,6.907755278982137,1.0
6910,co-secretes,1,1,6.907755278982137,1.0
6911,co-stored,1,1,6.907755278982137,1.0
6912,co-structures,1,1,6.907755278982137,1.0
6913,co-transporters,1,1,6.907755278982137,1.0
6914,co-treatment,1,1,6.907755278982137,1.0
6915,coactivator,1,1,6.907755278982137,1.0
6916,coagulation,1,1,6.907755278982137,1.0
6917,coated,1,1,6.907755278982137,1.0
6918,coded,1,1,6.907755278982137,1.0
6919,codominant,1,1,6.907755278982137,1.0
6920,codon-optimized,1,1,6.907755278982137,1.0
6921,coefficient,1,1,6.907755278982137,1.0
6922,coeliac,1,1,6.907755278982137,1.0
6923,coexist,1,1,6.907755278982137,1.0
6924,coexpression,1,1,6.907755278982137,1.0
6925,coformulated,1,1,6.907755278982137,1.0
6926,cognitively,1,1,6.907755278982137,1.0
6927,cohesion,1,1,6.907755278982137,1.0
6928,coincides,1,1,6.907755278982137,1.0
6929,coingested,1,1,6.907755278982137,1.0
6930,col,1,1,6.907755278982137,1.0
6931,cold,1,1,6.907755278982137,1.0
6932,cold-chain,1,1,6.907755278982137,1.0
6933,collaborators,1,1,6.907755278982137,1.0
6934,collate,1,1,6.907755278982137,1.0
6935,collated,1,1,6.907755278982137,1.0
6936,collecting,1,1,6.907755278982137,1.0
6937,collective,1,1,6.907755278982137,1.0
6938,college,1,1,6.907755278982137,1.0
6939,colocalization,1,1,6.907755278982137,1.0
6940,colocalized,1,1,6.907755278982137,1.0
6941,colon-rectal,1,1,6.907755278982137,1.0
6942,colonization,1,1,6.907755278982137,1.0
6943,colonocytes,1,1,6.907755278982137,1.0
6944,colons,1,1,6.907755278982137,1.0
6945,colony-initiating,1,1,6.907755278982137,1.0
6946,colorectal,1,1,6.907755278982137,1.0
6947,columnar,1,1,6.907755278982137,1.0
6948,combating,1,1,6.907755278982137,1.0
6949,combats,1,1,6.907755278982137,1.0
6950,combatting,1,1,6.907755278982137,1.0
6951,combinatorial,1,1,6.907755278982137,1.0
6952,combinatory,1,1,6.907755278982137,1.0
6953,comes,1,1,6.907755278982137,1.0
6954,commandeered,1,1,6.907755278982137,1.0
6955,commenced,1,1,6.907755278982137,1.0
6956,commencement,1,1,6.907755278982137,1.0
6957,commendable,1,1,6.907755278982137,1.0
6958,comment,1,1,6.907755278982137,1.0
6959,commissural,1,1,6.907755278982137,1.0
6960,commissure,1,1,6.907755278982137,1.0
6961,committed,1,1,6.907755278982137,1.0
6962,committee,1,1,6.907755278982137,1.0
6963,commonalities,1,1,6.907755278982137,1.0
6964,communities,1,1,6.907755278982137,1.0
6965,community-based,1,1,6.907755278982137,1.0
6966,companies,1,1,6.907755278982137,1.0
6967,company,1,1,6.907755278982137,1.0
6968,compensated,1,1,6.907755278982137,1.0
6969,compensatory,1,1,6.907755278982137,1.0
6970,competence,1,1,6.907755278982137,1.0
6971,competes,1,1,6.907755278982137,1.0
6972,complaints,1,1,6.907755278982137,1.0
6973,complementing,1,1,6.907755278982137,1.0
6974,complements,1,1,6.907755278982137,1.0
6975,complexities,1,1,6.907755278982137,1.0
6976,compliance-limiting,1,1,6.907755278982137,1.0
6977,compliant,1,1,6.907755278982137,1.0
6978,composition-of-matter,1,1,6.907755278982137,1.0
6979,compounded,1,1,6.907755278982137,1.0
6980,comprehending,1,1,6.907755278982137,1.0
6981,comprehension,1,1,6.907755278982137,1.0
6982,compulsive,1,1,6.907755278982137,1.0
6983,concentrate,1,1,6.907755278982137,1.0
6984,concentrates,1,1,6.907755278982137,1.0
6985,concentrating,1,1,6.907755278982137,1.0
6986,conceptual,1,1,6.907755278982137,1.0
6987,conceptualized,1,1,6.907755278982137,1.0
6988,conceptually,1,1,6.907755278982137,1.0
6989,concerned,1,1,6.907755278982137,1.0
6990,concise,1,1,6.907755278982137,1.0
6991,concludes,1,1,6.907755278982137,1.0
6992,conclusionscertain,1,1,6.907755278982137,1.0
6993,conclusively,1,1,6.907755278982137,1.0
6994,concrete,1,1,6.907755278982137,1.0
6995,condensed,1,1,6.907755278982137,1.0
6996,conditional,1,1,6.907755278982137,1.0
6997,conditioned,1,1,6.907755278982137,1.0
6998,conductance,1,1,6.907755278982137,1.0
6999,conducting,1,1,6.907755278982137,1.0
7000,conduction,1,1,6.907755278982137,1.0
7001,conferred,1,1,6.907755278982137,1.0
7002,confidentiality,1,1,6.907755278982137,1.0
7003,configuration,1,1,6.907755278982137,1.0
7004,confined,1,1,6.907755278982137,1.0
7005,confirmation,1,1,6.907755278982137,1.0
7006,conformationally-constrained,1,1,6.907755278982137,1.0
7007,conformations,1,1,6.907755278982137,1.0
7008,confronted,1,1,6.907755278982137,1.0
7009,confusion,1,1,6.907755278982137,1.0
7010,conjectures,1,1,6.907755278982137,1.0
7011,conjugating,1,1,6.907755278982137,1.0
7012,connectedness,1,1,6.907755278982137,1.0
7013,connects,1,1,6.907755278982137,1.0
7014,consecutive,1,1,6.907755278982137,1.0
7015,consensus-based,1,1,6.907755278982137,1.0
7016,considerably,1,1,6.907755278982137,1.0
7017,consolidate,1,1,6.907755278982137,1.0
7018,constantly,1,1,6.907755278982137,1.0
7019,constants,1,1,6.907755278982137,1.0
7020,constellation,1,1,6.907755278982137,1.0
7021,constituents,1,1,6.907755278982137,1.0
7022,constrict,1,1,6.907755278982137,1.0
7023,construction,1,1,6.907755278982137,1.0
7024,constructs,1,1,6.907755278982137,1.0
7025,consultations,1,1,6.907755278982137,1.0
7026,consummatory,1,1,6.907755278982137,1.0
7027,contact,1,1,6.907755278982137,1.0
7028,containment,1,1,6.907755278982137,1.0
7029,contend,1,1,6.907755278982137,1.0
7030,contentious,1,1,6.907755278982137,1.0
7031,context-dependent,1,1,6.907755278982137,1.0
7032,continuing,1,1,6.907755278982137,1.0
7033,continuity,1,1,6.907755278982137,1.0
7034,continuum,1,1,6.907755278982137,1.0
7035,contouring,1,1,6.907755278982137,1.0
7036,contraceptive,1,1,6.907755278982137,1.0
7037,contraction,1,1,6.907755278982137,1.0
7038,contraindicated,1,1,6.907755278982137,1.0
7039,contrasts,1,1,6.907755278982137,1.0
7040,contributors,1,1,6.907755278982137,1.0
7041,contributory,1,1,6.907755278982137,1.0
7042,controversies,1,1,6.907755278982137,1.0
7043,convened,1,1,6.907755278982137,1.0
7044,convergence,1,1,6.907755278982137,1.0
7045,conversion,1,1,6.907755278982137,1.0
7046,convert,1,1,6.907755278982137,1.0
7047,conveys,1,1,6.907755278982137,1.0
7048,convincing,1,1,6.907755278982137,1.0
7049,coomassie,1,1,6.907755278982137,1.0
7050,coomatide,1,1,6.907755278982137,1.0
7051,cooperates,1,1,6.907755278982137,1.0
7052,cooperative,1,1,6.907755278982137,1.0
7053,coordinates,1,1,6.907755278982137,1.0
7054,coordinating,1,1,6.907755278982137,1.0
7055,coprescribed,1,1,6.907755278982137,1.0
7056,coreleased,1,1,6.907755278982137,1.0
7057,corner,1,1,6.907755278982137,1.0
7058,correct,1,1,6.907755278982137,1.0
7059,corrects,1,1,6.907755278982137,1.0
7060,corresponded,1,1,6.907755278982137,1.0
7061,correspondence,1,1,6.907755278982137,1.0
7062,correspondent,1,1,6.907755278982137,1.0
7063,correspondingly,1,1,6.907755278982137,1.0
7064,corroborated,1,1,6.907755278982137,1.0
7065,corroborating,1,1,6.907755278982137,1.0
7066,corticosteroids,1,1,6.907755278982137,1.0
7067,corticotropin,1,1,6.907755278982137,1.0
7068,cotadutide,1,1,6.907755278982137,1.0
7069,cotreatment,1,1,6.907755278982137,1.0
7070,coturnix,1,1,6.907755278982137,1.0
7071,coulter,1,1,6.907755278982137,1.0
7072,counter-regulatory,1,1,6.907755278982137,1.0
7073,countermeasures,1,1,6.907755278982137,1.0
7074,counterregulatory,1,1,6.907755278982137,1.0
7075,counts,1,1,6.907755278982137,1.0
7076,couple,1,1,6.907755278982137,1.0
7077,couples,1,1,6.907755278982137,1.0
7078,courses,1,1,6.907755278982137,1.0
7079,cousin,1,1,6.907755278982137,1.0
7080,covalently,1,1,6.907755278982137,1.0
7081,covariates,1,1,6.907755278982137,1.0
7082,cover,1,1,6.907755278982137,1.0
7083,cox,1,1,6.907755278982137,1.0
7084,cp,1,1,6.907755278982137,1.0
7085,cr-edta,1,1,6.907755278982137,1.0
7086,craniofacial,1,1,6.907755278982137,1.0
7087,cravings,1,1,6.907755278982137,1.0
7088,creasing,1,1,6.907755278982137,1.0
7089,creates,1,1,6.907755278982137,1.0
7090,creatinine,1,1,6.907755278982137,1.0
7091,creative,1,1,6.907755278982137,1.0
7092,crebbp,1,1,6.907755278982137,1.0
7093,creer,1,1,6.907755278982137,1.0
7094,crispr-cas9,1,1,6.907755278982137,1.0
7095,critique,1,1,6.907755278982137,1.0
7096,crnp,1,1,6.907755278982137,1.0
7097,crocin,1,1,6.907755278982137,1.0
7098,cross-disorder,1,1,6.907755278982137,1.0
7099,cross-linking,1,1,6.907755278982137,1.0
7100,cross-react,1,1,6.907755278982137,1.0
7101,cross-reactivity,1,1,6.907755278982137,1.0
7102,cross-referencing,1,1,6.907755278982137,1.0
7103,crossed,1,1,6.907755278982137,1.0
7104,crossroads,1,1,6.907755278982137,1.0
7105,crp,1,1,6.907755278982137,1.0
7106,crude,1,1,6.907755278982137,1.0
7107,crush,1,1,6.907755278982137,1.0
7108,cryoelectron,1,1,6.907755278982137,1.0
7109,cryogenic,1,1,6.907755278982137,1.0
7110,cryptic,1,1,6.907755278982137,1.0
7111,cue,1,1,6.907755278982137,1.0
7112,cui,1,1,6.907755278982137,1.0
7113,culminating,1,1,6.907755278982137,1.0
7114,culprit,1,1,6.907755278982137,1.0
7115,curative,1,1,6.907755278982137,1.0
7116,curcumin,1,1,6.907755278982137,1.0
7117,curiosity,1,1,6.907755278982137,1.0
7118,curtail,1,1,6.907755278982137,1.0
7119,customized,1,1,6.907755278982137,1.0
7120,cut-off,1,1,6.907755278982137,1.0
7121,cvps,1,1,6.907755278982137,1.0
7122,cyclase-activating,1,1,6.907755278982137,1.0
7123,cyclase-camp,1,1,6.907755278982137,1.0
7124,cyclase-mediated,1,1,6.907755278982137,1.0
7125,cyclization,1,1,6.907755278982137,1.0
7126,cyclohepta,1,1,6.907755278982137,1.0
7127,cyclopenta,1,1,6.907755278982137,1.0
7128,cynanchum,1,1,6.907755278982137,1.0
7129,cynomolgus,1,1,6.907755278982137,1.0
7130,cysteine-mediated,1,1,6.907755278982137,1.0
7131,cysteines,1,1,6.907755278982137,1.0
7132,cytometry,1,1,6.907755278982137,1.0
7133,cytoprotection,1,1,6.907755278982137,1.0
7134,cytoprotective,1,1,6.907755278982137,1.0
7135,cytosol,1,1,6.907755278982137,1.0
7136,cytosolic,1,1,6.907755278982137,1.0
7137,cytotoxic,1,1,6.907755278982137,1.0
7138,d-cells,1,1,6.907755278982137,1.0
7139,d-galactoside,1,1,6.907755278982137,1.0
7140,d-lys3,1,1,6.907755278982137,1.0
7141,d-old,1,1,6.907755278982137,1.0
7142,d-sim,1,1,6.907755278982137,1.0
7143,d-specific,1,1,6.907755278982137,1.0
7144,d-xylose,1,1,6.907755278982137,1.0
7145,da-15864,1,1,6.907755278982137,1.0
7146,daergic,1,1,6.907755278982137,1.0
7147,dairy,1,1,6.907755278982137,1.0
7148,daizein,1,1,6.907755278982137,1.0
7149,dampened,1,1,6.907755278982137,1.0
7150,dampening,1,1,6.907755278982137,1.0
7151,dams,1,1,6.907755278982137,1.0
7152,dapagliflozin,1,1,6.907755278982137,1.0
7153,dat,1,1,6.907755278982137,1.0
7154,dates,1,1,6.907755278982137,1.0
7155,dating,1,1,6.907755278982137,1.0
7156,davalintide,1,1,6.907755278982137,1.0
7157,dawn,1,1,6.907755278982137,1.0
7158,day-old,1,1,6.907755278982137,1.0
7159,de-duplication,1,1,6.907755278982137,1.0
7160,de-identified,1,1,6.907755278982137,1.0
7161,de-sensitization,1,1,6.907755278982137,1.0
7162,deacetylase,1,1,6.907755278982137,1.0
7163,deal,1,1,6.907755278982137,1.0
7164,dealing,1,1,6.907755278982137,1.0
7165,debilitating,1,1,6.907755278982137,1.0
7166,decade-long,1,1,6.907755278982137,1.0
7167,deceleration,1,1,6.907755278982137,1.0
7168,decent,1,1,6.907755278982137,1.0
7169,decide,1,1,6.907755278982137,1.0
7170,decided,1,1,6.907755278982137,1.0
7171,deciphering,1,1,6.907755278982137,1.0
7172,decision-support,1,1,6.907755278982137,1.0
7173,decisive,1,1,6.907755278982137,1.0
7174,declines,1,1,6.907755278982137,1.0
7175,decodes,1,1,6.907755278982137,1.0
7176,deconditioning,1,1,6.907755278982137,1.0
7177,decrements,1,1,6.907755278982137,1.0
7178,dectin-1,1,1,6.907755278982137,1.0
7179,deepens,1,1,6.907755278982137,1.0
7180,defaults,1,1,6.907755278982137,1.0
7181,defect,1,1,6.907755278982137,1.0
7182,deficiency-the,1,1,6.907755278982137,1.0
7183,defines,1,1,6.907755278982137,1.0
7184,degenerative,1,1,6.907755278982137,1.0
7185,degradative,1,1,6.907755278982137,1.0
7186,degrade,1,1,6.907755278982137,1.0
7187,degrading,1,1,6.907755278982137,1.0
7188,dehydroalanine,1,1,6.907755278982137,1.0
7189,delimited,1,1,6.907755278982137,1.0
7190,delineate,1,1,6.907755278982137,1.0
7191,delta,1,1,6.907755278982137,1.0
7192,delve,1,1,6.907755278982137,1.0
7193,demanded,1,1,6.907755278982137,1.0
7194,demanding,1,1,6.907755278982137,1.0
7195,demonstrably,1,1,6.907755278982137,1.0
7196,demonstratethat,1,1,6.907755278982137,1.0
7197,dendritic,1,1,6.907755278982137,1.0
7198,denervating,1,1,6.907755278982137,1.0
7199,dense,1,1,6.907755278982137,1.0
7200,densely,1,1,6.907755278982137,1.0
7201,deoxy-d-glucose,1,1,6.907755278982137,1.0
7202,deoxycorticosterone,1,1,6.907755278982137,1.0
7203,deoxyglucose,1,1,6.907755278982137,1.0
7204,dependability,1,1,6.907755278982137,1.0
7205,dependency,1,1,6.907755278982137,1.0
7206,dependent-insulinotropic,1,1,6.907755278982137,1.0
7207,depleted,1,1,6.907755278982137,1.0
7208,deployment,1,1,6.907755278982137,1.0
7209,depolarisation,1,1,6.907755278982137,1.0
7210,depolarized,1,1,6.907755278982137,1.0
7211,deposits,1,1,6.907755278982137,1.0
7212,depressant,1,1,6.907755278982137,1.0
7213,depressed,1,1,6.907755278982137,1.0
7214,depth,1,1,6.907755278982137,1.0
7215,derivative,1,1,6.907755278982137,1.0
7216,derive,1,1,6.907755278982137,1.0
7217,dermal,1,1,6.907755278982137,1.0
7218,dermatology,1,1,6.907755278982137,1.0
7219,dersimonian-laird,1,1,6.907755278982137,1.0
7220,desaturase,1,1,6.907755278982137,1.0
7221,desciptionthe,1,1,6.907755278982137,1.0
7222,descriptions,1,1,6.907755278982137,1.0
7223,desensitisation,1,1,6.907755278982137,1.0
7224,desiring,1,1,6.907755278982137,1.0
7225,desorption,1,1,6.907755278982137,1.0
7226,destroy,1,1,6.907755278982137,1.0
7227,detachment,1,1,6.907755278982137,1.0
7228,detailing,1,1,6.907755278982137,1.0
7229,deteriorated,1,1,6.907755278982137,1.0
7230,determines,1,1,6.907755278982137,1.0
7231,develops,1,1,6.907755278982137,1.0
7232,device,1,1,6.907755278982137,1.0
7233,dexamethasone,1,1,6.907755278982137,1.0
7234,diabesity,1,1,6.907755278982137,1.0
7235,diabetes-obesity,1,1,6.907755278982137,1.0
7236,diabetes-prone,1,1,6.907755278982137,1.0
7237,diacylglycerol,1,1,6.907755278982137,1.0
7238,diagnose,1,1,6.907755278982137,1.0
7239,diagnoses,1,1,6.907755278982137,1.0
7240,dialkyne,1,1,6.907755278982137,1.0
7241,diaphoresis,1,1,6.907755278982137,1.0
7242,diarrhoea-reported,1,1,6.907755278982137,1.0
7243,diarrhoeal,1,1,6.907755278982137,1.0
7244,diazoxide,1,1,6.907755278982137,1.0
7245,dictates,1,1,6.907755278982137,1.0
7246,diencephalic,1,1,6.907755278982137,1.0
7247,diencephalon,1,1,6.907755278982137,1.0
7248,diet-related,1,1,6.907755278982137,1.0
7249,dietetic,1,1,6.907755278982137,1.0
7250,dietitian-led,1,1,6.907755278982137,1.0
7251,dietitians,1,1,6.907755278982137,1.0
7252,differentiates,1,1,6.907755278982137,1.0
7253,differentiating,1,1,6.907755278982137,1.0
7254,differently,1,1,6.907755278982137,1.0
7255,difficulty,1,1,6.907755278982137,1.0
7256,diffusely,1,1,6.907755278982137,1.0
7257,diffusion,1,1,6.907755278982137,1.0
7258,digitonin-collagenase,1,1,6.907755278982137,1.0
7259,dihydroxy-4,1,1,6.907755278982137,1.0
7260,dilated,1,1,6.907755278982137,1.0
7261,dilemma,1,1,6.907755278982137,1.0
7262,diligence,1,1,6.907755278982137,1.0
7263,dimerization-dependent,1,1,6.907755278982137,1.0
7264,dimethoxychalcone,1,1,6.907755278982137,1.0
7265,dimethyl-peptidyl-peptidase-iv,1,1,6.907755278982137,1.0
7266,diminishes,1,1,6.907755278982137,1.0
7267,dinucleotide,1,1,6.907755278982137,1.0
7268,dioxaoctanoic,1,1,6.907755278982137,1.0
7269,dipeptide,1,1,6.907755278982137,1.0
7270,dipeptidyl-peptidase-4,1,1,6.907755278982137,1.0
7271,dipeptidyl-peptidase-iv,1,1,6.907755278982137,1.0
7272,dipeptidylpeptidase-4,1,1,6.907755278982137,1.0
7273,dipeptydil-peptidase-4,1,1,6.907755278982137,1.0
7274,diphtheria,1,1,6.907755278982137,1.0
7275,diplopia,1,1,6.907755278982137,1.0
7276,direct-to-consumer,1,1,6.907755278982137,1.0
7277,dis,1,1,6.907755278982137,1.0
7278,disabilities,1,1,6.907755278982137,1.0
7279,disability,1,1,6.907755278982137,1.0
7280,disaccharides,1,1,6.907755278982137,1.0
7281,disadvantage,1,1,6.907755278982137,1.0
7282,disadvantaged,1,1,6.907755278982137,1.0
7283,disappointingly,1,1,6.907755278982137,1.0
7284,discernable,1,1,6.907755278982137,1.0
7285,discerned,1,1,6.907755278982137,1.0
7286,discernible,1,1,6.907755278982137,1.0
7287,discharged,1,1,6.907755278982137,1.0
7288,discharges,1,1,6.907755278982137,1.0
7289,disclosed,1,1,6.907755278982137,1.0
7290,disclosure,1,1,6.907755278982137,1.0
7291,discontinue,1,1,6.907755278982137,1.0
7292,discontinuers,1,1,6.907755278982137,1.0
7293,discordant,1,1,6.907755278982137,1.0
7294,discrepancy,1,1,6.907755278982137,1.0
7295,discrimination,1,1,6.907755278982137,1.0
7296,discussionalthough,1,1,6.907755278982137,1.0
7297,disease-related,1,1,6.907755278982137,1.0
7298,dislocation,1,1,6.907755278982137,1.0
7299,disorders-both,1,1,6.907755278982137,1.0
7300,disparate,1,1,6.907755278982137,1.0
7301,disparity,1,1,6.907755278982137,1.0
7302,dispensable,1,1,6.907755278982137,1.0
7303,dispersed,1,1,6.907755278982137,1.0
7304,displace,1,1,6.907755278982137,1.0
7305,displaceable,1,1,6.907755278982137,1.0
7306,displacement,1,1,6.907755278982137,1.0
7307,displacing,1,1,6.907755278982137,1.0
7308,displays,1,1,6.907755278982137,1.0
7309,disrupting,1,1,6.907755278982137,1.0
7310,disruptions,1,1,6.907755278982137,1.0
7311,disruptive,1,1,6.907755278982137,1.0
7312,disrupts,1,1,6.907755278982137,1.0
7313,dissect,1,1,6.907755278982137,1.0
7314,dissertations,1,1,6.907755278982137,1.0
7315,dissociated,1,1,6.907755278982137,1.0
7316,dissociating,1,1,6.907755278982137,1.0
7317,dissolve,1,1,6.907755278982137,1.0
7318,distant,1,1,6.907755278982137,1.0
7319,distinctive,1,1,6.907755278982137,1.0
7320,distinctively,1,1,6.907755278982137,1.0
7321,disulfide-binding,1,1,6.907755278982137,1.0
7322,diuresis,1,1,6.907755278982137,1.0
7323,diversity-notably,1,1,6.907755278982137,1.0
7324,diverts,1,1,6.907755278982137,1.0
7325,division,1,1,6.907755278982137,1.0
7326,divisions,1,1,6.907755278982137,1.0
7327,dizziness,1,1,6.907755278982137,1.0
7328,dm-related,1,1,6.907755278982137,1.0
7329,dmh,1,1,6.907755278982137,1.0
7330,dobutamine,1,1,6.907755278982137,1.0
7331,docked,1,1,6.907755278982137,1.0
7332,documentation,1,1,6.907755278982137,1.0
7333,documenting,1,1,6.907755278982137,1.0
7334,does-dependent,1,1,6.907755278982137,1.0
7335,domain-g-protein-coupled,1,1,6.907755278982137,1.0
7336,dominantly,1,1,6.907755278982137,1.0
7337,donor,1,1,6.907755278982137,1.0
7338,dopamine-transporter,1,1,6.907755278982137,1.0
7339,doppler,1,1,6.907755278982137,1.0
7340,dorothy,1,1,6.907755278982137,1.0
7341,dorsal-ventral,1,1,6.907755278982137,1.0
7342,dorsalis,1,1,6.907755278982137,1.0
7343,dorso-ventral,1,1,6.907755278982137,1.0
7344,dorsocaudally,1,1,6.907755278982137,1.0
7345,dorsomedial,1,1,6.907755278982137,1.0
7346,dosages,1,1,6.907755278982137,1.0
7347,dosalis,1,1,6.907755278982137,1.0
7348,dose-escalation,1,1,6.907755278982137,1.0
7349,dose-related,1,1,6.907755278982137,1.0
7350,dosimetry,1,1,6.907755278982137,1.0
7351,dosing-cycle,1,1,6.907755278982137,1.0
7352,dota-exendin-4,1,1,6.907755278982137,1.0
7353,double-edged,1,1,6.907755278982137,1.0
7354,double-immunofluorescence,1,1,6.907755278982137,1.0
7355,double-independent,1,1,6.907755278982137,1.0
7356,double-labelled,1,1,6.907755278982137,1.0
7357,doubled,1,1,6.907755278982137,1.0
7358,down-regulation,1,1,6.907755278982137,1.0
7359,downs,1,1,6.907755278982137,1.0
7360,doxorubicin-induced,1,1,6.907755278982137,1.0
7361,dpp-4-modulating,1,1,6.907755278982137,1.0
7362,dpp-4-resistant,1,1,6.907755278982137,1.0
7363,dpta-exendin-4,1,1,6.907755278982137,1.0
7364,dra,1,1,6.907755278982137,1.0
7365,draining,1,1,6.907755278982137,1.0
7366,drastically,1,1,6.907755278982137,1.0
7367,draw,1,1,6.907755278982137,1.0
7368,drawback,1,1,6.907755278982137,1.0
7369,drawbacks,1,1,6.907755278982137,1.0
7370,drawing,1,1,6.907755278982137,1.0
7371,dried,1,1,6.907755278982137,1.0
7372,drink,1,1,6.907755278982137,1.0
7373,drinking-in-the-dark,1,1,6.907755278982137,1.0
7374,drives,1,1,6.907755278982137,1.0
7375,dropped,1,1,6.907755278982137,1.0
7376,drp-1,1,1,6.907755278982137,1.0
7377,drug-drug,1,1,6.907755278982137,1.0
7378,drug-microbe-host,1,1,6.907755278982137,1.0
7379,drug-specific,1,1,6.907755278982137,1.0
7380,dry,1,1,6.907755278982137,1.0
7381,dual-acting,1,1,6.907755278982137,1.0
7382,dual-energy,1,1,6.907755278982137,1.0
7383,dual-luciferase,1,1,6.907755278982137,1.0
7384,dual-targeted,1,1,6.907755278982137,1.0
7385,duct,1,1,6.907755278982137,1.0
7386,ducts,1,1,6.907755278982137,1.0
7387,dulaglutide-induced,1,1,6.907755278982137,1.0
7388,dulaglutide-morbilliform,1,1,6.907755278982137,1.0
7389,dulaglutide-related,1,1,6.907755278982137,1.0
7390,dumping,1,1,6.907755278982137,1.0
7391,dunedin,1,1,6.907755278982137,1.0
7392,duraglutide,1,1,6.907755278982137,1.0
7393,dusk,1,1,6.907755278982137,1.0
7394,dwls,1,1,6.907755278982137,1.0
7395,dxa,1,1,6.907755278982137,1.0
7396,dysbiotic,1,1,6.907755278982137,1.0
7397,dyscrasias,1,1,6.907755278982137,1.0
7398,dysfunctions,1,1,6.907755278982137,1.0
7399,dysgeusia,1,1,6.907755278982137,1.0
7400,dysglycaemia,1,1,6.907755278982137,1.0
7401,dysmenorrhea,1,1,6.907755278982137,1.0
7402,dysmetabolic,1,1,6.907755278982137,1.0
7403,dysmetabolism,1,1,6.907755278982137,1.0
7404,dysmorphic,1,1,6.907755278982137,1.0
7405,dysmotility,1,1,6.907755278982137,1.0
7406,dyspepsia,1,1,6.907755278982137,1.0
7407,dyspeptic,1,1,6.907755278982137,1.0
7408,dysplastic,1,1,6.907755278982137,1.0
7409,dystrophic,1,1,6.907755278982137,1.0
7410,dysuria,1,1,6.907755278982137,1.0
7411,e-value,1,1,6.907755278982137,1.0
7412,eagerly,1,1,6.907755278982137,1.0
7413,early-phase,1,1,6.907755278982137,1.0
7414,early-pregnancy,1,1,6.907755278982137,1.0
7415,earned,1,1,6.907755278982137,1.0
7416,ease,1,1,6.907755278982137,1.0
7417,easily,1,1,6.907755278982137,1.0
7418,eastern,1,1,6.907755278982137,1.0
7419,eb,1,1,6.907755278982137,1.0
7420,eb-treated,1,1,6.907755278982137,1.0
7421,ebgms,1,1,6.907755278982137,1.0
7422,ebscohost,1,1,6.907755278982137,1.0
7423,ebts,1,1,6.907755278982137,1.0
7424,ecc,1,1,6.907755278982137,1.0
7425,ecd,1,1,6.907755278982137,1.0
7426,echocardiographic,1,1,6.907755278982137,1.0
7427,echotexture,1,1,6.907755278982137,1.0
7428,ecological,1,1,6.907755278982137,1.0
7429,economics,1,1,6.907755278982137,1.0
7430,economies,1,1,6.907755278982137,1.0
7431,effect-the,1,1,6.907755278982137,1.0
7432,effects-beyond,1,1,6.907755278982137,1.0
7433,effects-including,1,1,6.907755278982137,1.0
7434,efficacies,1,1,6.907755278982137,1.0
7435,efficaciously,1,1,6.907755278982137,1.0
7436,effluvium,1,1,6.907755278982137,1.0
7437,efflux,1,1,6.907755278982137,1.0
7438,effort-based,1,1,6.907755278982137,1.0
7439,efpeglenatide,1,1,6.907755278982137,1.0
7440,egcg,1,1,6.907755278982137,1.0
7441,eightfold,1,1,6.907755278982137,1.0
7442,eighty-nine,1,1,6.907755278982137,1.0
7443,eighty-one,1,1,6.907755278982137,1.0
7444,elaborate,1,1,6.907755278982137,1.0
7445,elaborated,1,1,6.907755278982137,1.0
7446,elaborates,1,1,6.907755278982137,1.0
7447,elastin-like-polypeptide,1,1,6.907755278982137,1.0
7448,electric,1,1,6.907755278982137,1.0
7449,electrically,1,1,6.907755278982137,1.0
7450,electrochemiluminescence,1,1,6.907755278982137,1.0
7451,electrogenic,1,1,6.907755278982137,1.0
7452,electromyographic,1,1,6.907755278982137,1.0
7453,electrophilic,1,1,6.907755278982137,1.0
7454,electrophoresis,1,1,6.907755278982137,1.0
7455,element-binding,1,1,6.907755278982137,1.0
7456,elevate,1,1,6.907755278982137,1.0
7457,elevating,1,1,6.907755278982137,1.0
7458,elevations,1,1,6.907755278982137,1.0
7459,eliciting,1,1,6.907755278982137,1.0
7460,elp,1,1,6.907755278982137,1.0
7461,elps,1,1,6.907755278982137,1.0
7462,elucidates,1,1,6.907755278982137,1.0
7463,em,1,1,6.907755278982137,1.0
7464,embedding,1,1,6.907755278982137,1.0
7465,embolism,1,1,6.907755278982137,1.0
7466,embracing,1,1,6.907755278982137,1.0
7467,emea,1,1,6.907755278982137,1.0
7468,emerge,1,1,6.907755278982137,1.0
7469,emesis,1,1,6.907755278982137,1.0
7470,emg,1,1,6.907755278982137,1.0
7471,emotional,1,1,6.907755278982137,1.0
7472,emphasising,1,1,6.907755278982137,1.0
7473,employs,1,1,6.907755278982137,1.0
7474,emptiness,1,1,6.907755278982137,1.0
7475,emptying-altogether,1,1,6.907755278982137,1.0
7476,ena,1,1,6.907755278982137,1.0
7477,enactive,1,1,6.907755278982137,1.0
7478,enacts,1,1,6.907755278982137,1.0
7479,enantiomers,1,1,6.907755278982137,1.0
7480,encasing,1,1,6.907755278982137,1.0
7481,encephalopathy,1,1,6.907755278982137,1.0
7482,encompass,1,1,6.907755278982137,1.0
7483,encourage,1,1,6.907755278982137,1.0
7484,encourages,1,1,6.907755278982137,1.0
7485,endeavors,1,1,6.907755278982137,1.0
7486,endeavours,1,1,6.907755278982137,1.0
7487,ended,1,1,6.907755278982137,1.0
7488,endo-pancreatic,1,1,6.907755278982137,1.0
7489,endobariatric,1,1,6.907755278982137,1.0
7490,endobariatrics,1,1,6.907755278982137,1.0
7491,endocardium,1,1,6.907755278982137,1.0
7492,endocrinol,1,1,6.907755278982137,1.0
7493,endocrinology,1,1,6.907755278982137,1.0
7494,endocrinopathy,1,1,6.907755278982137,1.0
7495,endometrium,1,1,6.907755278982137,1.0
7496,endorsed,1,1,6.907755278982137,1.0
7497,endorses,1,1,6.907755278982137,1.0
7498,endoscope,1,1,6.907755278982137,1.0
7499,endothelial-protective,1,1,6.907755278982137,1.0
7500,endothelin-converting,1,1,6.907755278982137,1.0
7501,endothelium-dependent,1,1,6.907755278982137,1.0
7502,endothelium-independent,1,1,6.907755278982137,1.0
7503,endotoxemia,1,1,6.907755278982137,1.0
7504,endotracheal,1,1,6.907755278982137,1.0
7505,endowed,1,1,6.907755278982137,1.0
7506,endpoint,1,1,6.907755278982137,1.0
7507,enduring,1,1,6.907755278982137,1.0
7508,energetics,1,1,6.907755278982137,1.0
7509,energies,1,1,6.907755278982137,1.0
7510,energy-dense,1,1,6.907755278982137,1.0
7511,energy-saving,1,1,6.907755278982137,1.0
7512,eneteroendocrine,1,1,6.907755278982137,1.0
7513,enforced,1,1,6.907755278982137,1.0
7514,engages,1,1,6.907755278982137,1.0
7515,engendered,1,1,6.907755278982137,1.0
7516,enho,1,1,6.907755278982137,1.0
7517,enjoy,1,1,6.907755278982137,1.0
7518,enjoyed,1,1,6.907755278982137,1.0
7519,enjoyment,1,1,6.907755278982137,1.0
7520,enlarged,1,1,6.907755278982137,1.0
7521,enlarges,1,1,6.907755278982137,1.0
7522,enos,1,1,6.907755278982137,1.0
7523,enterally,1,1,6.907755278982137,1.0
7524,entering,1,1,6.907755278982137,1.0
7525,entero-endocrine,1,1,6.907755278982137,1.0
7526,enterobacteriaceae,1,1,6.907755278982137,1.0
7527,enterococcus,1,1,6.907755278982137,1.0
7528,enterocytes,1,1,6.907755278982137,1.0
7529,enteroendoceine,1,1,6.907755278982137,1.0
7530,enteroendocrine-specific,1,1,6.907755278982137,1.0
7531,enterogastrons,1,1,6.907755278982137,1.0
7532,enteropeptide,1,1,6.907755278982137,1.0
7533,enters,1,1,6.907755278982137,1.0
7534,enthalpy,1,1,6.907755278982137,1.0
7535,entirely,1,1,6.907755278982137,1.0
7536,entraining,1,1,6.907755278982137,1.0
7537,entrapment,1,1,6.907755278982137,1.0
7538,entropic,1,1,6.907755278982137,1.0
7539,entry,1,1,6.907755278982137,1.0
7540,environmentally,1,1,6.907755278982137,1.0
7541,envisaged,1,1,6.907755278982137,1.0
7542,enzyme-1,1,1,6.907755278982137,1.0
7543,enzyme-resistant,1,1,6.907755278982137,1.0
7544,eosinophilic,1,1,6.907755278982137,1.0
7545,ep,1,1,6.907755278982137,1.0
7546,epeg,1,1,6.907755278982137,1.0
7547,epidemics,1,1,6.907755278982137,1.0
7548,epidemiology,1,1,6.907755278982137,1.0
7549,epidermal,1,1,6.907755278982137,1.0
7550,epigallocatechin,1,1,6.907755278982137,1.0
7551,epigastric,1,1,6.907755278982137,1.0
7552,epigenetics,1,1,6.907755278982137,1.0
7553,epinephrine,1,1,6.907755278982137,1.0
7554,epioleanolic,1,1,6.907755278982137,1.0
7555,episode,1,1,6.907755278982137,1.0
7556,equilibrium,1,1,6.907755278982137,1.0
7557,equimolar,1,1,6.907755278982137,1.0
7558,equipotent,1,1,6.907755278982137,1.0
7559,equipped,1,1,6.907755278982137,1.0
7560,equivalency,1,1,6.907755278982137,1.0
7561,equivalents,1,1,6.907755278982137,1.0
7562,eradicate,1,1,6.907755278982137,1.0
7563,eruption,1,1,6.907755278982137,1.0
7564,erysipelotrichaceae,1,1,6.907755278982137,1.0
7565,erythroid,1,1,6.907755278982137,1.0
7566,escalate,1,1,6.907755278982137,1.0
7567,escalating,1,1,6.907755278982137,1.0
7568,escape,1,1,6.907755278982137,1.0
7569,essence,1,1,6.907755278982137,1.0
7570,essentially,1,1,6.907755278982137,1.0
7571,establishes,1,1,6.907755278982137,1.0
7572,esterification,1,1,6.907755278982137,1.0
7573,estradiol,1,1,6.907755278982137,1.0
7574,estradiol-3-benzoate,1,1,6.907755278982137,1.0
7575,estradiol-progesterone,1,1,6.907755278982137,1.0
7576,etabolic,1,1,6.907755278982137,1.0
7577,etc,1,1,6.907755278982137,1.0
7578,ethic,1,1,6.907755278982137,1.0
7579,etiologic,1,1,6.907755278982137,1.0
7580,etiology,1,1,6.907755278982137,1.0
7581,etomoxir,1,1,6.907755278982137,1.0
7582,eu-dka,1,1,6.907755278982137,1.0
7583,euglycaemic,1,1,6.907755278982137,1.0
7584,ever-evolving,1,1,6.907755278982137,1.0
7585,ever-growing,1,1,6.907755278982137,1.0
7586,evoke,1,1,6.907755278982137,1.0
7587,ewca,1,1,6.907755278982137,1.0
7588,exacerbation,1,1,6.907755278982137,1.0
7589,examples,1,1,6.907755278982137,1.0
7590,exanthematous,1,1,6.907755278982137,1.0
7591,exceeding,1,1,6.907755278982137,1.0
7592,exception,1,1,6.907755278982137,1.0
7593,excerpta,1,1,6.907755278982137,1.0
7594,excessively,1,1,6.907755278982137,1.0
7595,exchanger,1,1,6.907755278982137,1.0
7596,excite,1,1,6.907755278982137,1.0
7597,excited,1,1,6.907755278982137,1.0
7598,exclude,1,1,6.907755278982137,1.0
7599,exclusivity,1,1,6.907755278982137,1.0
7600,executed,1,1,6.907755278982137,1.0
7601,exemplar,1,1,6.907755278982137,1.0
7602,exemplified,1,1,6.907755278982137,1.0
7603,exemplify,1,1,6.907755278982137,1.0
7604,exenatide-based,1,1,6.907755278982137,1.0
7605,exendin-4-based,1,1,6.907755278982137,1.0
7606,exendin-4-like,1,1,6.907755278982137,1.0
7607,exendin-9-39,1,1,6.907755278982137,1.0
7608,exendin-avid,1,1,6.907755278982137,1.0
7609,exendins-3,1,1,6.907755278982137,1.0
7610,exentin-4,1,1,6.907755278982137,1.0
7611,exercising,1,1,6.907755278982137,1.0
7612,exertion,1,1,6.907755278982137,1.0
7613,exhaustion,1,1,6.907755278982137,1.0
7614,existed,1,1,6.907755278982137,1.0
7615,exogenously,1,1,6.907755278982137,1.0
7616,exons,1,1,6.907755278982137,1.0
7617,expectation,1,1,6.907755278982137,1.0
7618,expediting,1,1,6.907755278982137,1.0
7619,expense,1,1,6.907755278982137,1.0
7620,expenses,1,1,6.907755278982137,1.0
7621,experiencing,1,1,6.907755278982137,1.0
7622,expirations,1,1,6.907755278982137,1.0
7623,explant,1,1,6.907755278982137,1.0
7624,explicable,1,1,6.907755278982137,1.0
7625,explicit,1,1,6.907755278982137,1.0
7626,exploit,1,1,6.907755278982137,1.0
7627,exploitation,1,1,6.907755278982137,1.0
7628,exploiting,1,1,6.907755278982137,1.0
7629,exponentiate,1,1,6.907755278982137,1.0
7630,expose,1,1,6.907755278982137,1.0
7631,extended-interval,1,1,6.907755278982137,1.0
7632,extended-release,1,1,6.907755278982137,1.0
7633,extensions,1,1,6.907755278982137,1.0
7634,extra-glycaemic,1,1,6.907755278982137,1.0
7635,extra-glycemic,1,1,6.907755278982137,1.0
7636,extrabulbar,1,1,6.907755278982137,1.0
7637,extractable,1,1,6.907755278982137,1.0
7638,extrahepatic,1,1,6.907755278982137,1.0
7639,extraislet,1,1,6.907755278982137,1.0
7640,extranuclear,1,1,6.907755278982137,1.0
7641,extremity,1,1,6.907755278982137,1.0
7642,extubated,1,1,6.907755278982137,1.0
7643,eye-related,1,1,6.907755278982137,1.0
7644,f-fluoro-2-deoxy-glucose,1,1,6.907755278982137,1.0
7645,faced,1,1,6.907755278982137,1.0
7646,facialis,1,1,6.907755278982137,1.0
7647,facilitated,1,1,6.907755278982137,1.0
7648,facilitation,1,1,6.907755278982137,1.0
7649,facility,1,1,6.907755278982137,1.0
7650,facp,1,1,6.907755278982137,1.0
7651,factor-8,1,1,6.907755278982137,1.0
7652,factor-a,1,1,6.907755278982137,1.0
7653,failures,1,1,6.907755278982137,1.0
7654,fallen,1,1,6.907755278982137,1.0
7655,falsifiable,1,1,6.907755278982137,1.0
7656,family-centered,1,1,6.907755278982137,1.0
7657,family-level,1,1,6.907755278982137,1.0
7658,fas,1,1,6.907755278982137,1.0
7659,fascinating,1,1,6.907755278982137,1.0
7660,fast-clearing,1,1,6.907755278982137,1.0
7661,fasting-based,1,1,6.907755278982137,1.0
7662,fate,1,1,6.907755278982137,1.0
7663,fatness,1,1,6.907755278982137,1.0
7664,fatty-acylated,1,1,6.907755278982137,1.0
7665,favorably,1,1,6.907755278982137,1.0
7666,favoring,1,1,6.907755278982137,1.0
7667,fb,1,1,6.907755278982137,1.0
7668,fda-approved,1,1,6.907755278982137,1.0
7669,fdg,1,1,6.907755278982137,1.0
7670,fear,1,1,6.907755278982137,1.0
7671,featured,1,1,6.907755278982137,1.0
7672,february,1,1,6.907755278982137,1.0
7673,federally,1,1,6.907755278982137,1.0
7674,federation,1,1,6.907755278982137,1.0
7675,feed-forward,1,1,6.907755278982137,1.0
7676,feeding-relevant,1,1,6.907755278982137,1.0
7677,feel,1,1,6.907755278982137,1.0
7678,feeling,1,1,6.907755278982137,1.0
7679,femoral,1,1,6.907755278982137,1.0
7680,fermentative,1,1,6.907755278982137,1.0
7681,fertilization,1,1,6.907755278982137,1.0
7682,fevers,1,1,6.907755278982137,1.0
7683,ffar,1,1,6.907755278982137,1.0
7684,fi,1,1,6.907755278982137,1.0
7685,fiber-deprived,1,1,6.907755278982137,1.0
7686,fibriallary,1,1,6.907755278982137,1.0
7687,fibroblasts,1,1,6.907755278982137,1.0
7688,fibroids,1,1,6.907755278982137,1.0
7689,fibrosis-related,1,1,6.907755278982137,1.0
7690,fibrovascular,1,1,6.907755278982137,1.0
7691,fiddle,1,1,6.907755278982137,1.0
7692,fight,1,1,6.907755278982137,1.0
7693,figured,1,1,6.907755278982137,1.0
7694,filaments,1,1,6.907755278982137,1.0
7695,filings,1,1,6.907755278982137,1.0
7696,fills,1,1,6.907755278982137,1.0
7697,fine-tuning,1,1,6.907755278982137,1.0
7698,fine-turning,1,1,6.907755278982137,1.0
7699,finerenone,1,1,6.907755278982137,1.0
7700,finger,1,1,6.907755278982137,1.0
7701,fingerprints,1,1,6.907755278982137,1.0
7702,finished,1,1,6.907755278982137,1.0
7703,first-approved,1,1,6.907755278982137,1.0
7704,first-in-class,1,1,6.907755278982137,1.0
7705,fits,1,1,6.907755278982137,1.0
7706,fitted,1,1,6.907755278982137,1.0
7707,fivefold,1,1,6.907755278982137,1.0
7708,fixed-dose,1,1,6.907755278982137,1.0
7709,fixed-effect,1,1,6.907755278982137,1.0
7710,fizz,1,1,6.907755278982137,1.0
7711,flares,1,1,6.907755278982137,1.0
7712,flatbush,1,1,6.907755278982137,1.0
7713,flattened,1,1,6.907755278982137,1.0
7714,flavokawain,1,1,6.907755278982137,1.0
7715,flavonoid,1,1,6.907755278982137,1.0
7716,flavor-nutrient,1,1,6.907755278982137,1.0
7717,fletcher,1,1,6.907755278982137,1.0
7718,flexible,1,1,6.907755278982137,1.0
7719,flight,1,1,6.907755278982137,1.0
7720,floors,1,1,6.907755278982137,1.0
7721,flora,1,1,6.907755278982137,1.0
7722,fluctuations,1,1,6.907755278982137,1.0
7723,fluids,1,1,6.907755278982137,1.0
7724,fluorescence-activated,1,1,6.907755278982137,1.0
7725,fluorescent-activated,1,1,6.907755278982137,1.0
7726,fluorescently-tagged,1,1,6.907755278982137,1.0
7727,fluoro-exendin-4,1,1,6.907755278982137,1.0
7728,flux,1,1,6.907755278982137,1.0
7729,fmol,1,1,6.907755278982137,1.0
7730,focussed,1,1,6.907755278982137,1.0
7731,focusses,1,1,6.907755278982137,1.0
7732,folate,1,1,6.907755278982137,1.0
7733,folding,1,1,6.907755278982137,1.0
7734,folds,1,1,6.907755278982137,1.0
7735,foley,1,1,6.907755278982137,1.0
7736,follicle,1,1,6.907755278982137,1.0
7737,follow-ups,1,1,6.907755278982137,1.0
7738,food-based,1,1,6.907755278982137,1.0
7739,food-motivated,1,1,6.907755278982137,1.0
7740,food-seeking,1,1,6.907755278982137,1.0
7741,forced,1,1,6.907755278982137,1.0
7742,forces,1,1,6.907755278982137,1.0
7743,foremost,1,1,6.907755278982137,1.0
7744,forerunner,1,1,6.907755278982137,1.0
7745,forkhead,1,1,6.907755278982137,1.0
7746,formal,1,1,6.907755278982137,1.0
7747,formalin,1,1,6.907755278982137,1.0
7748,formats,1,1,6.907755278982137,1.0
7749,formula,1,1,6.907755278982137,1.0
7750,formulary,1,1,6.907755278982137,1.0
7751,forskolin,1,1,6.907755278982137,1.0
7752,forth,1,1,6.907755278982137,1.0
7753,forty-nine,1,1,6.907755278982137,1.0
7754,fos-like,1,1,6.907755278982137,1.0
7755,fossa,1,1,6.907755278982137,1.0
7756,fostered,1,1,6.907755278982137,1.0
7757,fourteen,1,1,6.907755278982137,1.0
7758,fphys,1,1,6.907755278982137,1.0
7759,fractional,1,1,6.907755278982137,1.0
7760,frail,1,1,6.907755278982137,1.0
7761,frameworks,1,1,6.907755278982137,1.0
7762,frank,1,1,6.907755278982137,1.0
7763,frc,1,1,6.907755278982137,1.0
7764,frcs-insulin,1,1,6.907755278982137,1.0
7765,freedom,1,1,6.907755278982137,1.0
7766,frees,1,1,6.907755278982137,1.0
7767,freshly,1,1,6.907755278982137,1.0
7768,friendly,1,1,6.907755278982137,1.0
7769,frontline,1,1,6.907755278982137,1.0
7770,fructooligosaccharides,1,1,6.907755278982137,1.0
7771,fructose,1,1,6.907755278982137,1.0
7772,fructose-fed,1,1,6.907755278982137,1.0
7773,fruitless,1,1,6.907755278982137,1.0
7774,fruits,1,1,6.907755278982137,1.0
7775,fsp,1,1,6.907755278982137,1.0
7776,ft-ir,1,1,6.907755278982137,1.0
7777,fu,1,1,6.907755278982137,1.0
7778,fuel,1,1,6.907755278982137,1.0
7779,fueled,1,1,6.907755278982137,1.0
7780,fulfil,1,1,6.907755278982137,1.0
7781,fulfill,1,1,6.907755278982137,1.0
7782,function-a,1,1,6.907755278982137,1.0
7783,function-related,1,1,6.907755278982137,1.0
7784,functionalized,1,1,6.907755278982137,1.0
7785,fundamentally,1,1,6.907755278982137,1.0
7786,funded,1,1,6.907755278982137,1.0
7787,fundoscopy,1,1,6.907755278982137,1.0
7788,furthest,1,1,6.907755278982137,1.0
7789,fusion-protein,1,1,6.907755278982137,1.0
7790,fxr-creb,1,1,6.907755278982137,1.0
7791,g-cells,1,1,6.907755278982137,1.0
7792,g-ly6c,1,1,6.907755278982137,1.0
7793,g-proteins,1,1,6.907755278982137,1.0
7794,g-to-a,1,1,6.907755278982137,1.0
7795,gabaa,1,1,6.907755278982137,1.0
7796,gabaar,1,1,6.907755278982137,1.0
7797,gaining,1,1,6.907755278982137,1.0
7798,gallate,1,1,6.907755278982137,1.0
7799,gallium,1,1,6.907755278982137,1.0
7800,gallstones,1,1,6.907755278982137,1.0
7801,game-changers,1,1,6.907755278982137,1.0
7802,gamma,1,1,6.907755278982137,1.0
7803,garment,1,1,6.907755278982137,1.0
7804,garnered,1,1,6.907755278982137,1.0
7805,gasseri,1,1,6.907755278982137,1.0
7806,gastrin-17,1,1,6.907755278982137,1.0
7807,gastrin-mediated,1,1,6.907755278982137,1.0
7808,gastritis,1,1,6.907755278982137,1.0
7809,gastroinhibitory,1,1,6.907755278982137,1.0
7810,gastrointestinal-derived,1,1,6.907755278982137,1.0
7811,gastrointestinal-released,1,1,6.907755278982137,1.0
7812,gastroprokinetic,1,1,6.907755278982137,1.0
7813,gathered,1,1,6.907755278982137,1.0
7814,gavage,1,1,6.907755278982137,1.0
7815,gazdar,1,1,6.907755278982137,1.0
7816,gbp,1,1,6.907755278982137,1.0
7817,gc-ms,1,1,6.907755278982137,1.0
7818,gdf,1,1,6.907755278982137,1.0
7819,gele-dependent,1,1,6.907755278982137,1.0
7820,generalised,1,1,6.907755278982137,1.0
7821,generations,1,1,6.907755278982137,1.0
7822,generative,1,1,6.907755278982137,1.0
7823,generic,1,1,6.907755278982137,1.0
7824,genetics,1,1,6.907755278982137,1.0
7825,genomics,1,1,6.907755278982137,1.0
7826,genotype-specific,1,1,6.907755278982137,1.0
7827,genotypes,1,1,6.907755278982137,1.0
7828,genuine,1,1,6.907755278982137,1.0
7829,geographic,1,1,6.907755278982137,1.0
7830,geometric,1,1,6.907755278982137,1.0
7831,gerd,1,1,6.907755278982137,1.0
7832,germ-free,1,1,6.907755278982137,1.0
7833,geroprotectors,1,1,6.907755278982137,1.0
7834,gf,1,1,6.907755278982137,1.0
7835,ghba,1,1,6.907755278982137,1.0
7836,ghrp-6,1,1,6.907755278982137,1.0
7837,gi-dependent,1,1,6.907755278982137,1.0
7838,gia,1,1,6.907755278982137,1.0
7839,gila-monster,1,1,6.907755278982137,1.0
7840,gip-induced,1,1,6.907755278982137,1.0
7841,giprs,1,1,6.907755278982137,1.0
7842,girl,1,1,6.907755278982137,1.0
7843,girth,1,1,6.907755278982137,1.0
7844,gis,1,1,6.907755278982137,1.0
7845,gl-1,1,1,6.907755278982137,1.0
7846,glia,1,1,6.907755278982137,1.0
7847,glimpse,1,1,6.907755278982137,1.0
7848,gliptin,1,1,6.907755278982137,1.0
7849,globe,1,1,6.907755278982137,1.0
7850,globesity,1,1,6.907755278982137,1.0
7851,glp-1-activated,1,1,6.907755278982137,1.0
7852,glp-1-derived,1,1,6.907755278982137,1.0
7853,glp-1-docked,1,1,6.907755278982137,1.0
7854,glp-1-dominant,1,1,6.907755278982137,1.0
7855,glp-1-expressing,1,1,6.907755278982137,1.0
7856,glp-1-immunopositive,1,1,6.907755278982137,1.0
7857,glp-1-independent,1,1,6.907755278982137,1.0
7858,glp-1-inducing,1,1,6.907755278982137,1.0
7859,glp-1-lytacs,1,1,6.907755278982137,1.0
7860,glp-1-ptd-abp,1,1,6.907755278982137,1.0
7861,glp-1-resistant,1,1,6.907755278982137,1.0
7862,glp-1-rs,1,1,6.907755278982137,1.0
7863,glp-1-when,1,1,6.907755278982137,1.0
7864,glp-1derivatives,1,1,6.907755278982137,1.0
7865,glp-1exerts,1,1,6.907755278982137,1.0
7866,glp-1r-gs,1,1,6.907755278982137,1.0
7867,glp-1r-immunreactive,1,1,6.907755278982137,1.0
7868,glp-1r-ir,1,1,6.907755278982137,1.0
7869,glp-1r-profiles,1,1,6.907755278982137,1.0
7870,glp-1r-targeted,1,1,6.907755278982137,1.0
7871,glp-1ra-stimulated,1,1,6.907755278982137,1.0
7872,glp-iras,1,1,6.907755278982137,1.0
7873,glp-l,1,1,6.907755278982137,1.0
7874,glp-r,1,1,6.907755278982137,1.0
7875,glp-ras,1,1,6.907755278982137,1.0
7876,glu-9,1,1,6.907755278982137,1.0
7877,glua,1,1,6.907755278982137,1.0
7878,glucagon-based,1,1,6.907755278982137,1.0
7879,glucagon-glp-1,1,1,6.907755278982137,1.0
7880,glucagone-like,1,1,6.907755278982137,1.0
7881,glucagonemia,1,1,6.907755278982137,1.0
7882,glucagonotropically,1,1,6.907755278982137,1.0
7883,gluco-sensitive,1,1,6.907755278982137,1.0
7884,glucocentric,1,1,6.907755278982137,1.0
7885,glucogen,1,1,6.907755278982137,1.0
7886,glucoincretin,1,1,6.907755278982137,1.0
7887,glucometabolic,1,1,6.907755278982137,1.0
7888,gluconeogenic,1,1,6.907755278982137,1.0
7889,glucophage,1,1,6.907755278982137,1.0
7890,glucose-bovine,1,1,6.907755278982137,1.0
7891,glucose-dependant,1,1,6.907755278982137,1.0
7892,glucose-dependently,1,1,6.907755278982137,1.0
7893,glucose-intolerant,1,1,6.907755278982137,1.0
7894,glucose-mediated,1,1,6.907755278982137,1.0
7895,glucose-reduction,1,1,6.907755278982137,1.0
7896,glucose-resistant,1,1,6.907755278982137,1.0
7897,glucose-responsive,1,1,6.907755278982137,1.0
7898,glucose-tolerance,1,1,6.907755278982137,1.0
7899,glucoseproduction,1,1,6.907755278982137,1.0
7900,glucosyl-isoquercitrin,1,1,6.907755278982137,1.0
7901,glucotoxiciy,1,1,6.907755278982137,1.0
7902,glue,1,1,6.907755278982137,1.0
7903,glur,1,1,6.907755278982137,1.0
7904,glutamyl,1,1,6.907755278982137,1.0
7905,glutamyltransferase,1,1,6.907755278982137,1.0
7906,gly-pro,1,1,6.907755278982137,1.0
7907,glyceryl,1,1,6.907755278982137,1.0
7908,glycine,1,1,6.907755278982137,1.0
7909,glycoaldehyde-bsa,1,1,6.907755278982137,1.0
7910,glycoborinine,1,1,6.907755278982137,1.0
7911,glycol,1,1,6.907755278982137,1.0
7912,glycopeptides,1,1,6.907755278982137,1.0
7913,glycosides,1,1,6.907755278982137,1.0
7914,glycosmis,1,1,6.907755278982137,1.0
7915,glycosphingolipid,1,1,6.907755278982137,1.0
7916,glycosphingolipids,1,1,6.907755278982137,1.0
7917,glycosylation,1,1,6.907755278982137,1.0
7918,glycyrrhizic,1,1,6.907755278982137,1.0
7919,glyfuran,1,1,6.907755278982137,1.0
7920,glyphyllamide,1,1,6.907755278982137,1.0
7921,glyphyllazole,1,1,6.907755278982137,1.0
7922,golden,1,1,6.907755278982137,1.0
7923,gonadotropins,1,1,6.907755278982137,1.0
7924,gong,1,1,6.907755278982137,1.0
7925,govern,1,1,6.907755278982137,1.0
7926,governed,1,1,6.907755278982137,1.0
7927,governing,1,1,6.907755278982137,1.0
7928,government,1,1,6.907755278982137,1.0
7929,governs,1,1,6.907755278982137,1.0
7930,gpa,1,1,6.907755278982137,1.0
7931,gpcr-based,1,1,6.907755278982137,1.0
7932,gpl-1,1,1,6.907755278982137,1.0
7933,gpvrgpfpiiv,1,1,6.907755278982137,1.0
7934,gpx,1,1,6.907755278982137,1.0
7935,gq-coupled,1,1,6.907755278982137,1.0
7936,graded,1,1,6.907755278982137,1.0
7937,gradient,1,1,6.907755278982137,1.0
7938,graft,1,1,6.907755278982137,1.0
7939,grant,1,1,6.907755278982137,1.0
7940,granules,1,1,6.907755278982137,1.0
7941,granulosa,1,1,6.907755278982137,1.0
7942,gratitude,1,1,6.907755278982137,1.0
7943,gravida,1,1,6.907755278982137,1.0
7944,grey,1,1,6.907755278982137,1.0
7945,grks,1,1,6.907755278982137,1.0
7946,ground-breaking,1,1,6.907755278982137,1.0
7947,groundbreaking,1,1,6.907755278982137,1.0
7948,group-those,1,1,6.907755278982137,1.0
7949,grouping,1,1,6.907755278982137,1.0
7950,growth-factor-like,1,1,6.907755278982137,1.0
7951,gsea,1,1,6.907755278982137,1.0
7952,gsk,1,1,6.907755278982137,1.0
7953,gst,1,1,6.907755278982137,1.0
7954,gt-ag,1,1,6.907755278982137,1.0
7955,gtpases,1,1,6.907755278982137,1.0
7956,guanidinium-solubilized,1,1,6.907755278982137,1.0
7957,guanosine,1,1,6.907755278982137,1.0
7958,guarantee,1,1,6.907755278982137,1.0
7959,guideline,1,1,6.907755278982137,1.0
7960,guideline-directed,1,1,6.907755278982137,1.0
7961,guideline-informed,1,1,6.907755278982137,1.0
7962,guideline-recommended,1,1,6.907755278982137,1.0
7963,gurmarin,1,1,6.907755278982137,1.0
7964,gustducin-deficient,1,1,6.907755278982137,1.0
7965,gut-associated,1,1,6.907755278982137,1.0
7966,gut-bone,1,1,6.907755278982137,1.0
7967,gut-mediated,1,1,6.907755278982137,1.0
7968,gut-pancreas-liver,1,1,6.907755278982137,1.0
7969,gut-produced,1,1,6.907755278982137,1.0
7970,gut-secreted,1,1,6.907755278982137,1.0
7971,gut-to-brain,1,1,6.907755278982137,1.0
7972,gynecoid,1,1,6.907755278982137,1.0
7973,gynecologists,1,1,6.907755278982137,1.0
7974,gynecology,1,1,6.907755278982137,1.0
7975,h-89,1,1,6.907755278982137,1.0
7976,h-his-aib-glu-gly-thr-phe-thr-ser-asp-bip-bip-nh2,1,1,6.907755278982137,1.0
7977,habener,1,1,6.907755278982137,1.0
7978,haemostasis,1,1,6.907755278982137,1.0
7979,hailey-hailey,1,1,6.907755278982137,1.0
7980,half-lives,1,1,6.907755278982137,1.0
7981,half-time,1,1,6.907755278982137,1.0
7982,hallmark,1,1,6.907755278982137,1.0
7983,halt,1,1,6.907755278982137,1.0
7984,halted,1,1,6.907755278982137,1.0
7985,halting,1,1,6.907755278982137,1.0
7986,hamper,1,1,6.907755278982137,1.0
7987,hampered,1,1,6.907755278982137,1.0
7988,happens,1,1,6.907755278982137,1.0
7989,harboring,1,1,6.907755278982137,1.0
7990,hard,1,1,6.907755278982137,1.0
7991,harm,1,1,6.907755278982137,1.0
7992,harmonized,1,1,6.907755278982137,1.0
7993,hashimoto,1,1,6.907755278982137,1.0
7994,hazards,1,1,6.907755278982137,1.0
7995,hca,1,1,6.907755278982137,1.0
7996,hco,1,1,6.907755278982137,1.0
7997,hd-caused,1,1,6.907755278982137,1.0
7998,hd-induced,1,1,6.907755278982137,1.0
7999,hdl,1,1,6.907755278982137,1.0
8000,hdl-cholesterol,1,1,6.907755278982137,1.0
8001,headings,1,1,6.907755278982137,1.0
8002,health-care,1,1,6.907755278982137,1.0
8003,healthspan,1,1,6.907755278982137,1.0
8004,hear,1,1,6.907755278982137,1.0
8005,heaves,1,1,6.907755278982137,1.0
8006,hedonic,1,1,6.907755278982137,1.0
8007,height,1,1,6.907755278982137,1.0
8008,heights,1,1,6.907755278982137,1.0
8009,held,1,1,6.907755278982137,1.0
8010,helices,1,1,6.907755278982137,1.0
8011,helix-stabilizing,1,1,6.907755278982137,1.0
8012,hematoma,1,1,6.907755278982137,1.0
8013,hematopoietic,1,1,6.907755278982137,1.0
8014,hemorrhagic,1,1,6.907755278982137,1.0
8015,hemostatic,1,1,6.907755278982137,1.0
8016,hepatocellular,1,1,6.907755278982137,1.0
8017,hepatogenous,1,1,6.907755278982137,1.0
8018,hepatologic,1,1,6.907755278982137,1.0
8019,hepatology,1,1,6.907755278982137,1.0
8020,hepatoportal,1,1,6.907755278982137,1.0
8021,hepatotoxicity,1,1,6.907755278982137,1.0
8022,hepg,1,1,6.907755278982137,1.0
8023,herald,1,1,6.907755278982137,1.0
8024,herbs,1,1,6.907755278982137,1.0
8025,hernias,1,1,6.907755278982137,1.0
8026,heterocycle,1,1,6.907755278982137,1.0
8027,heterologous,1,1,6.907755278982137,1.0
8028,hexokinase,1,1,6.907755278982137,1.0
8029,hg-challenged,1,1,6.907755278982137,1.0
8030,hg-induced,1,1,6.907755278982137,1.0
8031,hiatal,1,1,6.907755278982137,1.0
8032,hidden,1,1,6.907755278982137,1.0
8033,high-dp,1,1,6.907755278982137,1.0
8034,high-fat-diet-induced,1,1,6.907755278982137,1.0
8035,high-fiber,1,1,6.907755278982137,1.0
8036,high-glucose,1,1,6.907755278982137,1.0
8037,high-glucose-induced,1,1,6.907755278982137,1.0
8038,high-mortality,1,1,6.907755278982137,1.0
8039,high-potency,1,1,6.907755278982137,1.0
8040,high-pressure,1,1,6.907755278982137,1.0
8041,high-resolution,1,1,6.907755278982137,1.0
8042,high-sodium,1,1,6.907755278982137,1.0
8043,high-sucrose,1,1,6.907755278982137,1.0
8044,high-valued,1,1,6.907755278982137,1.0
8045,high-yield,1,1,6.907755278982137,1.0
8046,highest-risk,1,1,6.907755278982137,1.0
8047,hinder,1,1,6.907755278982137,1.0
8048,hindered,1,1,6.907755278982137,1.0
8049,hinders,1,1,6.907755278982137,1.0
8050,hindgut,1,1,6.907755278982137,1.0
8051,hippocampal-dependent,1,1,6.907755278982137,1.0
8052,his-7,1,1,6.907755278982137,1.0
8053,his-tagged,1,1,6.907755278982137,1.0
8054,histologically,1,1,6.907755278982137,1.0
8055,histone,1,1,6.907755278982137,1.0
8056,histopathology,1,1,6.907755278982137,1.0
8057,historial,1,1,6.907755278982137,1.0
8058,historical,1,1,6.907755278982137,1.0
8059,history-taking,1,1,6.907755278982137,1.0
8060,hitherto,1,1,6.907755278982137,1.0
8061,hiv-associated,1,1,6.907755278982137,1.0
8062,hodgkin,1,1,6.907755278982137,1.0
8063,holdemanella,1,1,6.907755278982137,1.0
8064,holidays,1,1,6.907755278982137,1.0
8065,hollowing,1,1,6.907755278982137,1.0
8066,homa,1,1,6.907755278982137,1.0
8067,homa-ir,1,1,6.907755278982137,1.0
8068,home,1,1,6.907755278982137,1.0
8069,homoeostasis,1,1,6.907755278982137,1.0
8070,homologs,1,1,6.907755278982137,1.0
8071,homologue,1,1,6.907755278982137,1.0
8072,homozygosity,1,1,6.907755278982137,1.0
8073,homozygous,1,1,6.907755278982137,1.0
8074,hopeful,1,1,6.907755278982137,1.0
8075,hormone-derived,1,1,6.907755278982137,1.0
8076,hormones-mainly,1,1,6.907755278982137,1.0
8077,hospitalisations,1,1,6.907755278982137,1.0
8078,host-microbiome,1,1,6.907755278982137,1.0
8079,hosts,1,1,6.907755278982137,1.0
8080,hot,1,1,6.907755278982137,1.0
8081,hrec,1,1,6.907755278982137,1.0
8082,hresims,1,1,6.907755278982137,1.0
8083,hrv,1,1,6.907755278982137,1.0
8084,hts,1,1,6.907755278982137,1.0
8085,hu,1,1,6.907755278982137,1.0
8086,huang,1,1,6.907755278982137,1.0
8087,hugely,1,1,6.907755278982137,1.0
8088,human-derived,1,1,6.907755278982137,1.0
8089,human-induced,1,1,6.907755278982137,1.0
8090,humankind,1,1,6.907755278982137,1.0
8091,hundreds,1,1,6.907755278982137,1.0
8092,hurdles,1,1,6.907755278982137,1.0
8093,husbandry,1,1,6.907755278982137,1.0
8094,huvec,1,1,6.907755278982137,1.0
8095,hybridized,1,1,6.907755278982137,1.0
8096,hydration,1,1,6.907755278982137,1.0
8097,hydrocarbonized,1,1,6.907755278982137,1.0
8098,hydrogel-based,1,1,6.907755278982137,1.0
8099,hydrogels,1,1,6.907755278982137,1.0
8100,hydrophilic,1,1,6.907755278982137,1.0
8101,hydroxybenzoyl,1,1,6.907755278982137,1.0
8102,hydroxydeoxyguanosine,1,1,6.907755278982137,1.0
8103,hydroxyderricin,1,1,6.907755278982137,1.0
8104,hydroxylase,1,1,6.907755278982137,1.0
8105,hydroxytryptamine,1,1,6.907755278982137,1.0
8106,hyperactivation,1,1,6.907755278982137,1.0
8107,hypergastrinemia,1,1,6.907755278982137,1.0
8108,hypergly-cemia,1,1,6.907755278982137,1.0
8109,hyperglycaemic,1,1,6.907755278982137,1.0
8110,hyperhydration,1,1,6.907755278982137,1.0
8111,hyperinsulinaemia,1,1,6.907755278982137,1.0
8112,hyperinsulinism,1,1,6.907755278982137,1.0
8113,hyperkalemia,1,1,6.907755278982137,1.0
8114,hyperlipidaemia,1,1,6.907755278982137,1.0
8115,hypermetabolism,1,1,6.907755278982137,1.0
8116,hypermetric,1,1,6.907755278982137,1.0
8117,hypernutrition,1,1,6.907755278982137,1.0
8118,hyperphagia,1,1,6.907755278982137,1.0
8119,hyperplasias,1,1,6.907755278982137,1.0
8120,hyperpolarization,1,1,6.907755278982137,1.0
8121,hyperpolarization-activated,1,1,6.907755278982137,1.0
8122,hyperpolarized,1,1,6.907755278982137,1.0
8123,hypertensive,1,1,6.907755278982137,1.0
8124,hypertriglyceridemia,1,1,6.907755278982137,1.0
8125,hyperuricemia,1,1,6.907755278982137,1.0
8126,hypo,1,1,6.907755278982137,1.0
8127,hypogonadal,1,1,6.907755278982137,1.0
8128,hypoperfusion,1,1,6.907755278982137,1.0
8129,hypoperfusion-induced,1,1,6.907755278982137,1.0
8130,hypophagia,1,1,6.907755278982137,1.0
8131,hypophysiotropic,1,1,6.907755278982137,1.0
8132,hypothalamic-pituitary,1,1,6.907755278982137,1.0
8133,hypothalamic-pituitary-gonadal,1,1,6.907755278982137,1.0
8134,hypotheses,1,1,6.907755278982137,1.0
8135,hypothesis-generating,1,1,6.907755278982137,1.0
8136,hypothyroidism,1,1,6.907755278982137,1.0
8137,hysterectomy,1,1,6.907755278982137,1.0
8138,i-exendin,1,1,6.907755278982137,1.0
8139,i-hippuran,1,1,6.907755278982137,1.0
8140,i-insulin,1,1,6.907755278982137,1.0
8141,i-tail,1,1,6.907755278982137,1.0
8142,ibd-related,1,1,6.907755278982137,1.0
8143,ibts,1,1,6.907755278982137,1.0
8144,icam,1,1,6.907755278982137,1.0
8145,icd-10,1,1,6.907755278982137,1.0
8146,icd-11,1,1,6.907755278982137,1.0
8147,ics,1,1,6.907755278982137,1.0
8148,icu,1,1,6.907755278982137,1.0
8149,igf-1r,1,1,6.907755278982137,1.0
8150,iggs,1,1,6.907755278982137,1.0
8151,iglar,1,1,6.907755278982137,1.0
8152,ignite,1,1,6.907755278982137,1.0
8153,ih-induced,1,1,6.907755278982137,1.0
8154,iic,1,1,6.907755278982137,1.0
8155,iihwop,1,1,6.907755278982137,1.0
8156,iko,1,1,6.907755278982137,1.0
8157,il-10,1,1,6.907755278982137,1.0
8158,ileostomy,1,1,6.907755278982137,1.0
8159,illegal,1,1,6.907755278982137,1.0
8160,illnesses,1,1,6.907755278982137,1.0
8161,illuminate,1,1,6.907755278982137,1.0
8162,illustrating,1,1,6.907755278982137,1.0
8163,illustration,1,1,6.907755278982137,1.0
8164,image,1,1,6.907755278982137,1.0
8165,imaged,1,1,6.907755278982137,1.0
8166,imidazole,1,1,6.907755278982137,1.0
8167,iminodiacetic,1,1,6.907755278982137,1.0
8168,immature,1,1,6.907755278982137,1.0
8169,immediate-release,1,1,6.907755278982137,1.0
8170,immensely,1,1,6.907755278982137,1.0
8171,imminent,1,1,6.907755278982137,1.0
8172,immobilised,1,1,6.907755278982137,1.0
8173,immortal,1,1,6.907755278982137,1.0
8174,immortalized,1,1,6.907755278982137,1.0
8175,immune-inflammatory,1,1,6.907755278982137,1.0
8176,immune-mediated,1,1,6.907755278982137,1.0
8177,immune-modulation,1,1,6.907755278982137,1.0
8178,immunity,1,1,6.907755278982137,1.0
8179,immuno-expression,1,1,6.907755278982137,1.0
8180,immuno-metabolism,1,1,6.907755278982137,1.0
8181,immunoblots,1,1,6.907755278982137,1.0
8182,immunofluorescent,1,1,6.907755278982137,1.0
8183,immunofluorescently-labelled,1,1,6.907755278982137,1.0
8184,immunogenic,1,1,6.907755278982137,1.0
8185,immunogenicity,1,1,6.907755278982137,1.0
8186,immunoglobulin,1,1,6.907755278982137,1.0
8187,immunohistochemically,1,1,6.907755278982137,1.0
8188,immunolabelling,1,1,6.907755278982137,1.0
8189,immunologically,1,1,6.907755278982137,1.0
8190,immunology,1,1,6.907755278982137,1.0
8191,immunomagnetic,1,1,6.907755278982137,1.0
8192,immunometabolic,1,1,6.907755278982137,1.0
8193,immunomodulation,1,1,6.907755278982137,1.0
8194,immunosuppressive,1,1,6.907755278982137,1.0
8195,impacting,1,1,6.907755278982137,1.0
8196,impairedoxidation,1,1,6.907755278982137,1.0
8197,impedance,1,1,6.907755278982137,1.0
8198,impetus,1,1,6.907755278982137,1.0
8199,implant,1,1,6.907755278982137,1.0
8200,implantation,1,1,6.907755278982137,1.0
8201,implanted,1,1,6.907755278982137,1.0
8202,implementing,1,1,6.907755278982137,1.0
8203,implicates,1,1,6.907755278982137,1.0
8204,importancealbeit,1,1,6.907755278982137,1.0
8205,importanceit,1,1,6.907755278982137,1.0
8206,impossible,1,1,6.907755278982137,1.0
8207,impure,1,1,6.907755278982137,1.0
8208,in-dota,1,1,6.907755278982137,1.0
8209,in-house,1,1,6.907755278982137,1.0
8210,in-person,1,1,6.907755278982137,1.0
8211,in-vivo,1,1,6.907755278982137,1.0
8212,inactivating,1,1,6.907755278982137,1.0
8213,inadequacies,1,1,6.907755278982137,1.0
8214,inauspicious,1,1,6.907755278982137,1.0
8215,incentives,1,1,6.907755278982137,1.0
8216,incidences,1,1,6.907755278982137,1.0
8217,inconsistencies,1,1,6.907755278982137,1.0
8218,inconsistently,1,1,6.907755278982137,1.0
8219,incretin-associated,1,1,6.907755278982137,1.0
8220,incretin-axis,1,1,6.907755278982137,1.0
8221,incretin-degrading,1,1,6.907755278982137,1.0
8222,incretin-derived,1,1,6.907755278982137,1.0
8223,incretin-mediated,1,1,6.907755278982137,1.0
8224,incretin-releasing,1,1,6.907755278982137,1.0
8225,incretin-stimulated,1,1,6.907755278982137,1.0
8226,incretinbased,1,1,6.907755278982137,1.0
8227,incretinisation,1,1,6.907755278982137,1.0
8228,indexed,1,1,6.907755278982137,1.0
8229,indexes,1,1,6.907755278982137,1.0
8230,indian,1,1,6.907755278982137,1.0
8231,indication-expansion,1,1,6.907755278982137,1.0
8232,indices,1,1,6.907755278982137,1.0
8233,indispensable,1,1,6.907755278982137,1.0
8234,individualize,1,1,6.907755278982137,1.0
8235,individualizing,1,1,6.907755278982137,1.0
8236,induced-serotonin,1,1,6.907755278982137,1.0
8237,inducibility,1,1,6.907755278982137,1.0
8238,inducting,1,1,6.907755278982137,1.0
8239,inefficient,1,1,6.907755278982137,1.0
8240,inequalities,1,1,6.907755278982137,1.0
8241,inequities,1,1,6.907755278982137,1.0
8242,inertia,1,1,6.907755278982137,1.0
8243,inevitably,1,1,6.907755278982137,1.0
8244,infants,1,1,6.907755278982137,1.0
8245,infected,1,1,6.907755278982137,1.0
8246,infection-related,1,1,6.907755278982137,1.0
8247,inference,1,1,6.907755278982137,1.0
8248,infestation,1,1,6.907755278982137,1.0
8249,infiltrating,1,1,6.907755278982137,1.0
8250,infiltrative,1,1,6.907755278982137,1.0
8251,inflame,1,1,6.907755278982137,1.0
8252,inflamed,1,1,6.907755278982137,1.0
8253,inflammation-mediated,1,1,6.907755278982137,1.0
8254,inflating,1,1,6.907755278982137,1.0
8255,infliximab,1,1,6.907755278982137,1.0
8256,infographics,1,1,6.907755278982137,1.0
8257,infraction,1,1,6.907755278982137,1.0
8258,infralimbic,1,1,6.907755278982137,1.0
8259,infrastructure,1,1,6.907755278982137,1.0
8260,infusing,1,1,6.907755278982137,1.0
8261,ingeniously,1,1,6.907755278982137,1.0
8262,ingest,1,1,6.907755278982137,1.0
8263,ingesting,1,1,6.907755278982137,1.0
8264,inhibitor-1,1,1,6.907755278982137,1.0
8265,inhibitor-treated,1,1,6.907755278982137,1.0
8266,inhibtors,1,1,6.907755278982137,1.0
8267,initiative,1,1,6.907755278982137,1.0
8268,injectables,1,1,6.907755278982137,1.0
8269,injection-related,1,1,6.907755278982137,1.0
8270,injection-site,1,1,6.907755278982137,1.0
8271,injuries,1,1,6.907755278982137,1.0
8272,innate,1,1,6.907755278982137,1.0
8273,inner,1,1,6.907755278982137,1.0
8274,innervate,1,1,6.907755278982137,1.0
8275,innervates,1,1,6.907755278982137,1.0
8276,innervating,1,1,6.907755278982137,1.0
8277,innovent,1,1,6.907755278982137,1.0
8278,inotropic,1,1,6.907755278982137,1.0
8279,input,1,1,6.907755278982137,1.0
8280,inquiry,1,1,6.907755278982137,1.0
8281,inroads,1,1,6.907755278982137,1.0
8282,inserted,1,1,6.907755278982137,1.0
8283,insightful,1,1,6.907755278982137,1.0
8284,inspection,1,1,6.907755278982137,1.0
8285,instance,1,1,6.907755278982137,1.0
8286,instances,1,1,6.907755278982137,1.0
8287,instant,1,1,6.907755278982137,1.0
8288,instillation,1,1,6.907755278982137,1.0
8289,instrumental,1,1,6.907755278982137,1.0
8290,instrumentation,1,1,6.907755278982137,1.0
8291,insulin-glp-1,1,1,6.907755278982137,1.0
8292,insulin-glucose,1,1,6.907755278982137,1.0
8293,insulin-mediated,1,1,6.907755278982137,1.0
8294,insulin-requiring,1,1,6.907755278982137,1.0
8295,insulin-responsive,1,1,6.907755278982137,1.0
8296,insulin-secretion,1,1,6.907755278982137,1.0
8297,insulinomimetic,1,1,6.907755278982137,1.0
8298,insulinopenic,1,1,6.907755278982137,1.0
8299,insurers,1,1,6.907755278982137,1.0
8300,intake-reducing,1,1,6.907755278982137,1.0
8301,integrate,1,1,6.907755278982137,1.0
8302,intensify,1,1,6.907755278982137,1.0
8303,intensifying,1,1,6.907755278982137,1.0
8304,intent,1,1,6.907755278982137,1.0
8305,intention,1,1,6.907755278982137,1.0
8306,interactome,1,1,6.907755278982137,1.0
8307,interbody,1,1,6.907755278982137,1.0
8308,intercept,1,1,6.907755278982137,1.0
8309,interdisciplinary,1,1,6.907755278982137,1.0
8310,interfacing,1,1,6.907755278982137,1.0
8311,interferon-inducible,1,1,6.907755278982137,1.0
8312,interleuin-6,1,1,6.907755278982137,1.0
8313,interleukin-1,1,1,6.907755278982137,1.0
8314,intermeal,1,1,6.907755278982137,1.0
8315,intermedia,1,1,6.907755278982137,1.0
8316,intermediate,1,1,6.907755278982137,1.0
8317,internet,1,1,6.907755278982137,1.0
8318,internists,1,1,6.907755278982137,1.0
8319,interpenduncular,1,1,6.907755278982137,1.0
8320,interplays,1,1,6.907755278982137,1.0
8321,interposition,1,1,6.907755278982137,1.0
8322,interpret,1,1,6.907755278982137,1.0
8323,interpreting,1,1,6.907755278982137,1.0
8324,interpretive,1,1,6.907755278982137,1.0
8325,interprofessional,1,1,6.907755278982137,1.0
8326,interrogate,1,1,6.907755278982137,1.0
8327,interrupted,1,1,6.907755278982137,1.0
8328,interrupting,1,1,6.907755278982137,1.0
8329,interruption,1,1,6.907755278982137,1.0
8330,intersection,1,1,6.907755278982137,1.0
8331,intersects,1,1,6.907755278982137,1.0
8332,intertriginous,1,1,6.907755278982137,1.0
8333,intertwined,1,1,6.907755278982137,1.0
8334,intervene,1,1,6.907755278982137,1.0
8335,interviews,1,1,6.907755278982137,1.0
8336,intestinal-secreted,1,1,6.907755278982137,1.0
8337,intestinal-specific,1,1,6.907755278982137,1.0
8338,intestinally,1,1,6.907755278982137,1.0
8339,intestinimonas,1,1,6.907755278982137,1.0
8340,intestinotrophic,1,1,6.907755278982137,1.0
8341,intima,1,1,6.907755278982137,1.0
8342,intolerant,1,1,6.907755278982137,1.0
8343,intoxications,1,1,6.907755278982137,1.0
8344,intra-arterial,1,1,6.907755278982137,1.0
8345,intra-cerebral,1,1,6.907755278982137,1.0
8346,intra-endosomal,1,1,6.907755278982137,1.0
8347,intra-islet,1,1,6.907755278982137,1.0
8348,intra-nacc,1,1,6.907755278982137,1.0
8349,intracerebral,1,1,6.907755278982137,1.0
8350,intractable,1,1,6.907755278982137,1.0
8351,intraportal,1,1,6.907755278982137,1.0
8352,intrathecal,1,1,6.907755278982137,1.0
8353,intrauterine,1,1,6.907755278982137,1.0
8354,introduce,1,1,6.907755278982137,1.0
8355,introduces,1,1,6.907755278982137,1.0
8356,introductionthe,1,1,6.907755278982137,1.0
8357,inulin,1,1,6.907755278982137,1.0
8358,invasions,1,1,6.907755278982137,1.0
8359,investigators,1,1,6.907755278982137,1.0
8360,invisible,1,1,6.907755278982137,1.0
8361,ionization,1,1,6.907755278982137,1.0
8362,ionotropic,1,1,6.907755278982137,1.0
8363,ipomoea,1,1,6.907755278982137,1.0
8364,ipsc,1,1,6.907755278982137,1.0
8365,iptg,1,1,6.907755278982137,1.0
8366,ir-specific,1,1,6.907755278982137,1.0
8367,irb-approved,1,1,6.907755278982137,1.0
8368,iron,1,1,6.907755278982137,1.0
8369,irritability,1,1,6.907755278982137,1.0
8370,irritable,1,1,6.907755278982137,1.0
8371,irritation,1,1,6.907755278982137,1.0
8372,irritative,1,1,6.907755278982137,1.0
8373,irs-1,1,1,6.907755278982137,1.0
8374,ischaemia-induced,1,1,6.907755278982137,1.0
8375,ischaemia-reperfusion,1,1,6.907755278982137,1.0
8376,ischemia-induced,1,1,6.907755278982137,1.0
8377,islet-specific,1,1,6.907755278982137,1.0
8378,isoaltholacton,1,1,6.907755278982137,1.0
8379,isoelectric,1,1,6.907755278982137,1.0
8380,isolate,1,1,6.907755278982137,1.0
8381,isolation,1,1,6.907755278982137,1.0
8382,isoleucine,1,1,6.907755278982137,1.0
8383,isopropylthio,1,1,6.907755278982137,1.0
8384,isoproterenol,1,1,6.907755278982137,1.0
8385,isothermal,1,1,6.907755278982137,1.0
8386,isovolumetric,1,1,6.907755278982137,1.0
8387,issuing,1,1,6.907755278982137,1.0
8388,italian,1,1,6.907755278982137,1.0
8389,iv-related,1,1,6.907755278982137,1.0
8390,iv-resistant,1,1,6.907755278982137,1.0
8391,j-mono,1,1,6.907755278982137,1.0
8392,james,1,1,6.907755278982137,1.0
8393,japonica,1,1,6.907755278982137,1.0
8394,jaundice,1,1,6.907755278982137,1.0
8395,jin,1,1,6.907755278982137,1.0
8396,jmir,1,1,6.907755278982137,1.0
8397,jnj,1,1,6.907755278982137,1.0
8398,joanna,1,1,6.907755278982137,1.0
8399,joel,1,1,6.907755278982137,1.0
8400,john,1,1,6.907755278982137,1.0
8401,jointly,1,1,6.907755278982137,1.0
8402,journal,1,1,6.907755278982137,1.0
8403,judgment,1,1,6.907755278982137,1.0
8404,juice,1,1,6.907755278982137,1.0
8405,jumps,1,1,6.907755278982137,1.0
8406,junction,1,1,6.907755278982137,1.0
8407,junctions,1,1,6.907755278982137,1.0
8408,juxtamedullary,1,1,6.907755278982137,1.0
8409,k-akt,1,1,6.907755278982137,1.0
8410,k-cell,1,1,6.907755278982137,1.0
8411,kakotrichi,1,1,6.907755278982137,1.0
8412,kanie,1,1,6.907755278982137,1.0
8413,karagiannis,1,1,6.907755278982137,1.0
8414,kb,1,1,6.907755278982137,1.0
8415,keap,1,1,6.907755278982137,1.0
8416,keeping,1,1,6.907755278982137,1.0
8417,keratinocyte,1,1,6.907755278982137,1.0
8418,ketonemia,1,1,6.907755278982137,1.0
8419,keyword,1,1,6.907755278982137,1.0
8420,kglp-1-loaded,1,1,6.907755278982137,1.0
8421,kinetic,1,1,6.907755278982137,1.0
8422,kinetochore,1,1,6.907755278982137,1.0
8423,kingdom,1,1,6.907755278982137,1.0
8424,kir,1,1,6.907755278982137,1.0
8425,kiss-1,1,1,6.907755278982137,1.0
8426,kiss-1r,1,1,6.907755278982137,1.0
8427,kisspeptin-1,1,1,6.907755278982137,1.0
8428,kit-8,1,1,6.907755278982137,1.0
8429,kits,1,1,6.907755278982137,1.0
8430,kj,1,1,6.907755278982137,1.0
8431,kk,1,1,6.907755278982137,1.0
8432,kkay,1,1,6.907755278982137,1.0
8433,km,1,1,6.907755278982137,1.0
8434,knock,1,1,6.907755278982137,1.0
8435,knock-out,1,1,6.907755278982137,1.0
8436,knowledge-based,1,1,6.907755278982137,1.0
8437,knudsen,1,1,6.907755278982137,1.0
8438,kqt,1,1,6.907755278982137,1.0
8439,kt-derived,1,1,6.907755278982137,1.0
8440,kunming,1,1,6.907755278982137,1.0
8441,kv,1,1,6.907755278982137,1.0
8442,kynurenic,1,1,6.907755278982137,1.0
8443,l-alanine,1,1,6.907755278982137,1.0
8444,l-amino-acid-defined,1,1,6.907755278982137,1.0
8445,l-lactic-co-glycolic,1,1,6.907755278982137,1.0
8446,l-lysine,1,1,6.907755278982137,1.0
8447,l-proline,1,1,6.907755278982137,1.0
8448,l-type,1,1,6.907755278982137,1.0
8449,labelling,1,1,6.907755278982137,1.0
8450,lability,1,1,6.907755278982137,1.0
8451,labor,1,1,6.907755278982137,1.0
8452,labs,1,1,6.907755278982137,1.0
8453,lacks,1,1,6.907755278982137,1.0
8454,lactam,1,1,6.907755278982137,1.0
8455,lactiplantibacillus,1,1,6.907755278982137,1.0
8456,lancet,1,1,6.907755278982137,1.0
8457,lang,1,1,6.907755278982137,1.0
8458,langerhans,1,1,6.907755278982137,1.0
8459,lanterns,1,1,6.907755278982137,1.0
8460,laparoscopic,1,1,6.907755278982137,1.0
8461,laparotomy,1,1,6.907755278982137,1.0
8462,laryngeal,1,1,6.907755278982137,1.0
8463,lasalle,1,1,6.907755278982137,1.0
8464,lasker,1,1,6.907755278982137,1.0
8465,late-phase,1,1,6.907755278982137,1.0
8466,lavage,1,1,6.907755278982137,1.0
8467,lawrence,1,1,6.907755278982137,1.0
8468,laxity,1,1,6.907755278982137,1.0
8469,lay,1,1,6.907755278982137,1.0
8470,layer-type,1,1,6.907755278982137,1.0
8471,layered,1,1,6.907755278982137,1.0
8472,lays,1,1,6.907755278982137,1.0
8473,lcfa-gpr120,1,1,6.907755278982137,1.0
8474,lcfa-induced,1,1,6.907755278982137,1.0
8475,leaked,1,1,6.907755278982137,1.0
8476,lecture,1,1,6.907755278982137,1.0
8477,lehrskov,1,1,6.907755278982137,1.0
8478,lengths,1,1,6.907755278982137,1.0
8479,lentiviral,1,1,6.907755278982137,1.0
8480,lentivirus,1,1,6.907755278982137,1.0
8481,leptin-spexin,1,1,6.907755278982137,1.0
8482,lesion-based,1,1,6.907755278982137,1.0
8483,lethargy,1,1,6.907755278982137,1.0
8484,leucine,1,1,6.907755278982137,1.0
8485,leukemia,1,1,6.907755278982137,1.0
8486,leukocyte,1,1,6.907755278982137,1.0
8487,lever,1,1,6.907755278982137,1.0
8488,leveraged,1,1,6.907755278982137,1.0
8489,lha,1,1,6.907755278982137,1.0
8490,li,1,1,6.907755278982137,1.0
8491,lib,1,1,6.907755278982137,1.0
8492,liberal,1,1,6.907755278982137,1.0
8493,licenced,1,1,6.907755278982137,1.0
8494,license,1,1,6.907755278982137,1.0
8495,lick,1,1,6.907755278982137,1.0
8496,licl,1,1,6.907755278982137,1.0
8497,licorice,1,1,6.907755278982137,1.0
8498,lie,1,1,6.907755278982137,1.0
8499,life-debilitating,1,1,6.907755278982137,1.0
8500,life-long,1,1,6.907755278982137,1.0
8501,lifetime,1,1,6.907755278982137,1.0
8502,ligament,1,1,6.907755278982137,1.0
8503,ligand-dependent,1,1,6.907755278982137,1.0
8504,ligand-directed,1,1,6.907755278982137,1.0
8505,ligand-glucagon,1,1,6.907755278982137,1.0
8506,likelihood,1,1,6.907755278982137,1.0
8507,lilacs,1,1,6.907755278982137,1.0
8508,linagliptin-mediated,1,1,6.907755278982137,1.0
8509,linchpin,1,1,6.907755278982137,1.0
8510,liner,1,1,6.907755278982137,1.0
8511,lining,1,1,6.907755278982137,1.0
8512,linkage,1,1,6.907755278982137,1.0
8513,lipase,1,1,6.907755278982137,1.0
8514,lipid-lowering,1,1,6.907755278982137,1.0
8515,lipidation,1,1,6.907755278982137,1.0
8516,lipophilicity,1,1,6.907755278982137,1.0
8517,lipopolysaccharide,1,1,6.907755278982137,1.0
8518,liposomes,1,1,6.907755278982137,1.0
8519,liquids,1,1,6.907755278982137,1.0
8520,liraglutide-inhibited,1,1,6.907755278982137,1.0
8521,liraglutide-treated,1,1,6.907755278982137,1.0
8522,list,1,1,6.907755278982137,1.0
8523,listing,1,1,6.907755278982137,1.0
8524,liter,1,1,6.907755278982137,1.0
8525,liu,1,1,6.907755278982137,1.0
8526,live-cell,1,1,6.907755278982137,1.0
8527,lixi,1,1,6.907755278982137,1.0
8528,lixisenatide-have,1,1,6.907755278982137,1.0
8529,lkb-1,1,1,6.907755278982137,1.0
8530,ll,1,1,6.907755278982137,1.0
8531,lnc,1,1,6.907755278982137,1.0
8532,loads,1,1,6.907755278982137,1.0
8533,lobular,1,1,6.907755278982137,1.0
8534,localize,1,1,6.907755278982137,1.0
8535,locally,1,1,6.907755278982137,1.0
8536,location-specific,1,1,6.907755278982137,1.0
8537,locus,1,1,6.907755278982137,1.0
8538,long-sought-after,1,1,6.907755278982137,1.0
8539,longer-term,1,1,6.907755278982137,1.0
8540,longest,1,1,6.907755278982137,1.0
8541,longevity-promoting,1,1,6.907755278982137,1.0
8542,longum,1,1,6.907755278982137,1.0
8543,loop-contributed,1,1,6.907755278982137,1.0
8544,loops,1,1,6.907755278982137,1.0
8545,loose,1,1,6.907755278982137,1.0
8546,loosening,1,1,6.907755278982137,1.0
8547,lorcaserin,1,1,6.907755278982137,1.0
8548,loses,1,1,6.907755278982137,1.0
8549,loss-dependent,1,1,6.907755278982137,1.0
8550,loss-include,1,1,6.907755278982137,1.0
8551,loss-independent,1,1,6.907755278982137,1.0
8552,lotte,1,1,6.907755278982137,1.0
8553,low-affinity,1,1,6.907755278982137,1.0
8554,low-density,1,1,6.907755278982137,1.0
8555,low-glycemic,1,1,6.907755278982137,1.0
8556,lps-cascade,1,1,6.907755278982137,1.0
8557,ltd,1,1,6.907755278982137,1.0
8558,ltr,1,1,6.907755278982137,1.0
8559,lucia,1,1,6.907755278982137,1.0
8560,lumen-apposing,1,1,6.907755278982137,1.0
8561,luminescence,1,1,6.907755278982137,1.0
8562,lunar,1,1,6.907755278982137,1.0
8563,lung-targeted,1,1,6.907755278982137,1.0
8564,luteinizing,1,1,6.907755278982137,1.0
8565,lyerly,1,1,6.907755278982137,1.0
8566,lymphedema-specific,1,1,6.907755278982137,1.0
8567,lymphocyte,1,1,6.907755278982137,1.0
8568,lymphoma,1,1,6.907755278982137,1.0
8569,lymphovenous,1,1,6.907755278982137,1.0
8570,lypotoxicity,1,1,6.907755278982137,1.0
8571,lys-288,1,1,6.907755278982137,1.0
8572,lys-induced,1,1,6.907755278982137,1.0
8573,lysine-288,1,1,6.907755278982137,1.0
8574,lysosome-targeting,1,1,6.907755278982137,1.0
8575,lysozyme,1,1,6.907755278982137,1.0
8576,lytac,1,1,6.907755278982137,1.0
8577,m-1,1,1,6.907755278982137,1.0
8578,macaque,1,1,6.907755278982137,1.0
8579,maces,1,1,6.907755278982137,1.0
8580,macroalbuminuria,1,1,6.907755278982137,1.0
8581,macromolecules,1,1,6.907755278982137,1.0
8582,macropinocytosis,1,1,6.907755278982137,1.0
8583,macular,1,1,6.907755278982137,1.0
8584,mafb,1,1,6.907755278982137,1.0
8585,magnocellular,1,1,6.907755278982137,1.0
8586,mainlythrough,1,1,6.907755278982137,1.0
8587,maintenance-oriented,1,1,6.907755278982137,1.0
8588,makeup,1,1,6.907755278982137,1.0
8589,mal-pegs,1,1,6.907755278982137,1.0
8590,maldi-tof-ms,1,1,6.907755278982137,1.0
8591,males-though,1,1,6.907755278982137,1.0
8592,malformations,1,1,6.907755278982137,1.0
8593,malic,1,1,6.907755278982137,1.0
8594,malnutrition,1,1,6.907755278982137,1.0
8595,mamillary,1,1,6.907755278982137,1.0
8596,mammals,1,1,6.907755278982137,1.0
8597,manageable,1,1,6.907755278982137,1.0
8598,manager,1,1,6.907755278982137,1.0
8599,mandated,1,1,6.907755278982137,1.0
8600,mangiferin,1,1,6.907755278982137,1.0
8601,mango,1,1,6.907755278982137,1.0
8602,manifested,1,1,6.907755278982137,1.0
8603,manifesting,1,1,6.907755278982137,1.0
8604,manifests,1,1,6.907755278982137,1.0
8605,manifold,1,1,6.907755278982137,1.0
8606,manners,1,1,6.907755278982137,1.0
8607,mannose,1,1,6.907755278982137,1.0
8608,mantsiou,1,1,6.907755278982137,1.0
8609,manual,1,1,6.907755278982137,1.0
8610,manufacturability,1,1,6.907755278982137,1.0
8611,manufacture,1,1,6.907755278982137,1.0
8612,manufactured,1,1,6.907755278982137,1.0
8613,manufacturer,1,1,6.907755278982137,1.0
8614,manufacturer-recommended,1,1,6.907755278982137,1.0
8615,manufacturing,1,1,6.907755278982137,1.0
8616,mapks,1,1,6.907755278982137,1.0
8617,mapped,1,1,6.907755278982137,1.0
8618,marginal,1,1,6.907755278982137,1.0
8619,maritide,1,1,6.907755278982137,1.0
8620,marking,1,1,6.907755278982137,1.0
8621,marred,1,1,6.907755278982137,1.0
8622,marrow,1,1,6.907755278982137,1.0
8623,masld-related,1,1,6.907755278982137,1.0
8624,massive,1,1,6.907755278982137,1.0
8625,mast,1,1,6.907755278982137,1.0
8626,master,1,1,6.907755278982137,1.0
8627,mastery,1,1,6.907755278982137,1.0
8628,mastocytosis,1,1,6.907755278982137,1.0
8629,match,1,1,6.907755278982137,1.0
8630,materials-methods,1,1,6.907755278982137,1.0
8631,matrices,1,1,6.907755278982137,1.0
8632,matrix-assisted,1,1,6.907755278982137,1.0
8633,matrix-receptor,1,1,6.907755278982137,1.0
8634,matsuda,1,1,6.907755278982137,1.0
8635,maximally,1,1,6.907755278982137,1.0
8636,maximizing,1,1,6.907755278982137,1.0
8637,mci,1,1,6.907755278982137,1.0
8638,mcprc,1,1,6.907755278982137,1.0
8639,mda,1,1,6.907755278982137,1.0
8640,mdd,1,1,6.907755278982137,1.0
8641,mds,1,1,6.907755278982137,1.0
8642,meal-stimulated,1,1,6.907755278982137,1.0
8643,meal-wise,1,1,6.907755278982137,1.0
8644,meaning,1,1,6.907755278982137,1.0
8645,meat,1,1,6.907755278982137,1.0
8646,mechanism-informed,1,1,6.907755278982137,1.0
8647,medi,1,1,6.907755278982137,1.0
8648,medica,1,1,6.907755278982137,1.0
8649,medicalization,1,1,6.907755278982137,1.0
8650,medicalizing,1,1,6.907755278982137,1.0
8651,medically,1,1,6.907755278982137,1.0
8652,medicaments,1,1,6.907755278982137,1.0
8653,medication-date,1,1,6.907755278982137,1.0
8654,medication-specific,1,1,6.907755278982137,1.0
8655,medications-whether,1,1,6.907755278982137,1.0
8656,medicolegal,1,1,6.907755278982137,1.0
8657,mediterranean,1,1,6.907755278982137,1.0
8658,medrxiv,1,1,6.907755278982137,1.0
8659,meetings,1,1,6.907755278982137,1.0
8660,mek,1,1,6.907755278982137,1.0
8661,melanocortin-4,1,1,6.907755278982137,1.0
8662,melastatin,1,1,6.907755278982137,1.0
8663,membership,1,1,6.907755278982137,1.0
8664,membrane-anchored,1,1,6.907755278982137,1.0
8665,menadione,1,1,6.907755278982137,1.0
8666,menarandrense,1,1,6.907755278982137,1.0
8667,menarandrosides,1,1,6.907755278982137,1.0
8668,meng,1,1,6.907755278982137,1.0
8669,menopause,1,1,6.907755278982137,1.0
8670,mentioned,1,1,6.907755278982137,1.0
8671,mer,1,1,6.907755278982137,1.0
8672,merger,1,1,6.907755278982137,1.0
8673,merit,1,1,6.907755278982137,1.0
8674,mesencephalon,1,1,6.907755278982137,1.0
8675,mesoporous,1,1,6.907755278982137,1.0
8676,message,1,1,6.907755278982137,1.0
8677,meta-inflammation,1,1,6.907755278982137,1.0
8678,metab,1,1,6.907755278982137,1.0
8679,metabolic-inflammatory-aging,1,1,6.907755278982137,1.0
8680,metabolically-inactive,1,1,6.907755278982137,1.0
8681,metabolism-regulating,1,1,6.907755278982137,1.0
8682,metabolized,1,1,6.907755278982137,1.0
8683,metabolome,1,1,6.907755278982137,1.0
8684,metal,1,1,6.907755278982137,1.0
8685,metald,1,1,6.907755278982137,1.0
8686,metalloproteinase,1,1,6.907755278982137,1.0
8687,metalloproteinases,1,1,6.907755278982137,1.0
8688,metastatic,1,1,6.907755278982137,1.0
8689,metformin-induced,1,1,6.907755278982137,1.0
8690,methadone,1,1,6.907755278982137,1.0
8691,methodswe,1,1,6.907755278982137,1.0
8692,methyl,1,1,6.907755278982137,1.0
8693,methyl-4-phenyl-1,1,1,6.907755278982137,1.0
8694,methylation,1,1,6.907755278982137,1.0
8695,metric,1,1,6.907755278982137,1.0
8696,metrics,1,1,6.907755278982137,1.0
8697,mets,1,1,6.907755278982137,1.0
8698,mgcs,1,1,6.907755278982137,1.0
8699,mglutag,1,1,6.907755278982137,1.0
8700,mi-induced,1,1,6.907755278982137,1.0
8701,micellar,1,1,6.907755278982137,1.0
8702,micelles,1,1,6.907755278982137,1.0
8703,microbial-induced,1,1,6.907755278982137,1.0
8704,microbiomes,1,1,6.907755278982137,1.0
8705,microbiota-derived,1,1,6.907755278982137,1.0
8706,microbiota-endocannabinoid,1,1,6.907755278982137,1.0
8707,microbiota-gut-brain,1,1,6.907755278982137,1.0
8708,microcarrier-based,1,1,6.907755278982137,1.0
8709,microcirculatory,1,1,6.907755278982137,1.0
8710,microdialysis,1,1,6.907755278982137,1.0
8711,microenvironments,1,1,6.907755278982137,1.0
8712,microg,1,1,6.907755278982137,1.0
8713,microglia,1,1,6.907755278982137,1.0
8714,microgram,1,1,6.907755278982137,1.0
8715,microinjection,1,1,6.907755278982137,1.0
8716,microneedles,1,1,6.907755278982137,1.0
8717,microrna-27a,1,1,6.907755278982137,1.0
8718,microscopy-based,1,1,6.907755278982137,1.0
8719,microspheres,1,1,6.907755278982137,1.0
8720,microstructural,1,1,6.907755278982137,1.0
8721,microstructure,1,1,6.907755278982137,1.0
8722,microvillus,1,1,6.907755278982137,1.0
8723,mid,1,1,6.907755278982137,1.0
8724,mid-life,1,1,6.907755278982137,1.0
8725,middle-aged,1,1,6.907755278982137,1.0
8726,middle-income,1,1,6.907755278982137,1.0
8727,milestone,1,1,6.907755278982137,1.0
8728,milestones,1,1,6.907755278982137,1.0
8729,milieu,1,1,6.907755278982137,1.0
8730,mimics,1,1,6.907755278982137,1.0
8731,min-6,1,1,6.907755278982137,1.0
8732,mindful,1,1,6.907755278982137,1.0
8733,mineral,1,1,6.907755278982137,1.0
8734,mineralization,1,1,6.907755278982137,1.0
8735,mini,1,1,6.907755278982137,1.0
8736,mini-mental,1,1,6.907755278982137,1.0
8737,mini-osmotic,1,1,6.907755278982137,1.0
8738,minimized,1,1,6.907755278982137,1.0
8739,minimum,1,1,6.907755278982137,1.0
8740,mining,1,1,6.907755278982137,1.0
8741,minipigs,1,1,6.907755278982137,1.0
8742,minocycline,1,1,6.907755278982137,1.0
8743,minus,1,1,6.907755278982137,1.0
8744,minute,1,1,6.907755278982137,1.0
8745,miranda,1,1,6.907755278982137,1.0
8746,mirrored,1,1,6.907755278982137,1.0
8747,misdiagnosis,1,1,6.907755278982137,1.0
8748,misfolded,1,1,6.907755278982137,1.0
8749,misfolding,1,1,6.907755278982137,1.0
8750,mismatch,1,1,6.907755278982137,1.0
8751,mission,1,1,6.907755278982137,1.0
8752,mitochondrial-circadian,1,1,6.907755278982137,1.0
8753,mitochondrial-derived,1,1,6.907755278982137,1.0
8754,mitogen-activated,1,1,6.907755278982137,1.0
8755,mitotic,1,1,6.907755278982137,1.0
8756,mitral,1,1,6.907755278982137,1.0
8757,mixed-design,1,1,6.907755278982137,1.0
8758,mixed-effects,1,1,6.907755278982137,1.0
8759,mixed-methods,1,1,6.907755278982137,1.0
8760,mizuno,1,1,6.907755278982137,1.0
8761,mmh,1,1,6.907755278982137,1.0
8762,mmp,1,1,6.907755278982137,1.0
8763,mmp-2,1,1,6.907755278982137,1.0
8764,mnemonic,1,1,6.907755278982137,1.0
8765,mobility,1,1,6.907755278982137,1.0
8766,mobilize,1,1,6.907755278982137,1.0
8767,mochi,1,1,6.907755278982137,1.0
8768,modelled,1,1,6.907755278982137,1.0
8769,moderate-severe,1,1,6.907755278982137,1.0
8770,moderately,1,1,6.907755278982137,1.0
8771,moderating,1,1,6.907755278982137,1.0
8772,moderation,1,1,6.907755278982137,1.0
8773,modestly,1,1,6.907755278982137,1.0
8774,modifier,1,1,6.907755278982137,1.0
8775,modulatory,1,1,6.907755278982137,1.0
8776,mofs,1,1,6.907755278982137,1.0
8777,mojsov,1,1,6.907755278982137,1.0
8778,molecular-level,1,1,6.907755278982137,1.0
8779,molecularly,1,1,6.907755278982137,1.0
8780,moment,1,1,6.907755278982137,1.0
8781,mono-125i-iodinated,1,1,6.907755278982137,1.0
8782,mono-125i-tglp-1,1,1,6.907755278982137,1.0
8783,mono-gpcr,1,1,6.907755278982137,1.0
8784,monoamine,1,1,6.907755278982137,1.0
8785,monocular,1,1,6.907755278982137,1.0
8786,monocytes,1,1,6.907755278982137,1.0
8787,monosodium,1,1,6.907755278982137,1.0
8788,months-long,1,1,6.907755278982137,1.0
8789,morbidly,1,1,6.907755278982137,1.0
8790,morphometrical,1,1,6.907755278982137,1.0
8791,morris,1,1,6.907755278982137,1.0
8792,mossy,1,1,6.907755278982137,1.0
8793,motifs,1,1,6.907755278982137,1.0
8794,motions,1,1,6.907755278982137,1.0
8795,motivated,1,1,6.907755278982137,1.0
8796,motivation,1,1,6.907755278982137,1.0
8797,motoris,1,1,6.907755278982137,1.0
8798,motorius,1,1,6.907755278982137,1.0
8799,mounjaro,1,1,6.907755278982137,1.0
8800,mounting,1,1,6.907755278982137,1.0
8801,mounts,1,1,6.907755278982137,1.0
8802,mouth,1,1,6.907755278982137,1.0
8803,move,1,1,6.907755278982137,1.0
8804,movements,1,1,6.907755278982137,1.0
8805,mpn,1,1,6.907755278982137,1.0
8806,mptp-induced,1,1,6.907755278982137,1.0
8807,mra,1,1,6.907755278982137,1.0
8808,msh,1,1,6.907755278982137,1.0
8809,mtc,1,1,6.907755278982137,1.0
8810,mucin,1,1,6.907755278982137,1.0
8811,mucoadhesive,1,1,6.907755278982137,1.0
8812,mucosae,1,1,6.907755278982137,1.0
8813,multi-component,1,1,6.907755278982137,1.0
8814,multi-disciplinary,1,1,6.907755278982137,1.0
8815,multi-function,1,1,6.907755278982137,1.0
8816,multi-ingredient,1,1,6.907755278982137,1.0
8817,multi-level,1,1,6.907755278982137,1.0
8818,multi-omics,1,1,6.907755278982137,1.0
8819,multi-site,1,1,6.907755278982137,1.0
8820,multi-targeting,1,1,6.907755278982137,1.0
8821,multi-visit,1,1,6.907755278982137,1.0
8822,multi-year,1,1,6.907755278982137,1.0
8823,multicenter,1,1,6.907755278982137,1.0
8824,multidose,1,1,6.907755278982137,1.0
8825,multihormonal,1,1,6.907755278982137,1.0
8826,multilevel,1,1,6.907755278982137,1.0
8827,multimers,1,1,6.907755278982137,1.0
8828,multimodal,1,1,6.907755278982137,1.0
8829,multireceptor,1,1,6.907755278982137,1.0
8830,multisystem,1,1,6.907755278982137,1.0
8831,multitarget,1,1,6.907755278982137,1.0
8832,multivariate,1,1,6.907755278982137,1.0
8833,muscularis,1,1,6.907755278982137,1.0
8834,muslims,1,1,6.907755278982137,1.0
8835,mutants,1,1,6.907755278982137,1.0
8836,mutation,1,1,6.907755278982137,1.0
8837,mutual,1,1,6.907755278982137,1.0
8838,myd,1,1,6.907755278982137,1.0
8839,myelin,1,1,6.907755278982137,1.0
8840,myelination,1,1,6.907755278982137,1.0
8841,myelodysplastic,1,1,6.907755278982137,1.0
8842,myeloproliferative,1,1,6.907755278982137,1.0
8843,mykiss,1,1,6.907755278982137,1.0
8844,mylohyoid,1,1,6.907755278982137,1.0
8845,myogenic,1,1,6.907755278982137,1.0
8846,myography,1,1,6.907755278982137,1.0
8847,myriad,1,1,6.907755278982137,1.0
8848,n-acetylglucosamine,1,1,6.907755278982137,1.0
8849,n-containing,1,1,6.907755278982137,1.0
8850,n-methylated,1,1,6.907755278982137,1.0
8851,n-palmitoyl,1,1,6.907755278982137,1.0
8852,n-pga,1,1,6.907755278982137,1.0
8853,n-termini,1,1,6.907755278982137,1.0
8854,n-truncated,1,1,6.907755278982137,1.0
8855,n-type,1,1,6.907755278982137,1.0
8856,nad,1,1,6.907755278982137,1.0
8857,nadirs,1,1,6.907755278982137,1.0
8858,naloxone,1,1,6.907755278982137,1.0
8859,namgok,1,1,6.907755278982137,1.0
8860,nano,1,1,6.907755278982137,1.0
8861,nano-formulated,1,1,6.907755278982137,1.0
8862,nanoassemblies,1,1,6.907755278982137,1.0
8863,nanocapsules,1,1,6.907755278982137,1.0
8864,nanocarrier,1,1,6.907755278982137,1.0
8865,nanodevices,1,1,6.907755278982137,1.0
8866,nanomolar,1,1,6.907755278982137,1.0
8867,nanoshapes,1,1,6.907755278982137,1.0
8868,nanostructured,1,1,6.907755278982137,1.0
8869,nanostructures,1,1,6.907755278982137,1.0
8870,narrow-therapeutic,1,1,6.907755278982137,1.0
8871,nascent,1,1,6.907755278982137,1.0
8872,nausea-related,1,1,6.907755278982137,1.0
8873,ncl-h716,1,1,6.907755278982137,1.0
8874,nct,1,1,6.907755278982137,1.0
8875,ndd,1,1,6.907755278982137,1.0
8876,ndgs,1,1,6.907755278982137,1.0
8877,ndp,1,1,6.907755278982137,1.0
8878,ndp-based,1,1,6.907755278982137,1.0
8879,ndp-promoted,1,1,6.907755278982137,1.0
8880,necessarily,1,1,6.907755278982137,1.0
8881,necessitate,1,1,6.907755278982137,1.0
8882,necessitated,1,1,6.907755278982137,1.0
8883,nedd,1,1,6.907755278982137,1.0
8884,nefas,1,1,6.907755278982137,1.0
8885,negated,1,1,6.907755278982137,1.0
8886,negligible,1,1,6.907755278982137,1.0
8887,nep,1,1,6.907755278982137,1.0
8888,nephrectomy,1,1,6.907755278982137,1.0
8889,nephron,1,1,6.907755278982137,1.0
8890,nesfatin,1,1,6.907755278982137,1.0
8891,nesfatin-1-producing,1,1,6.907755278982137,1.0
8892,neuen,1,1,6.907755278982137,1.0
8893,neun-positive,1,1,6.907755278982137,1.0
8894,neuro-anatomical,1,1,6.907755278982137,1.0
8895,neuro-immuno-hormonal,1,1,6.907755278982137,1.0
8896,neuro-ophthalmology,1,1,6.907755278982137,1.0
8897,neurobehavioral,1,1,6.907755278982137,1.0
8898,neurochemical,1,1,6.907755278982137,1.0
8899,neurocircuitry,1,1,6.907755278982137,1.0
8900,neurocircuits,1,1,6.907755278982137,1.0
8901,neurodiverse,1,1,6.907755278982137,1.0
8902,neuroincretin,1,1,6.907755278982137,1.0
8903,neuroinflammatory,1,1,6.907755278982137,1.0
8904,neurologists,1,1,6.907755278982137,1.0
8905,neuromedin,1,1,6.907755278982137,1.0
8906,neurometabolic,1,1,6.907755278982137,1.0
8907,neuromodulator,1,1,6.907755278982137,1.0
8908,neuron-activity,1,1,6.907755278982137,1.0
8909,neuron-derived,1,1,6.907755278982137,1.0
8910,neuronally-produced,1,1,6.907755278982137,1.0
8911,neurones,1,1,6.907755278982137,1.0
8912,neuropathic,1,1,6.907755278982137,1.0
8913,neuropathology,1,1,6.907755278982137,1.0
8914,neuropsychiatry,1,1,6.907755278982137,1.0
8915,neurotoxic,1,1,6.907755278982137,1.0
8916,neurotoxicity,1,1,6.907755278982137,1.0
8917,neutravidin,1,1,6.907755278982137,1.0
8918,never,1,1,6.907755278982137,1.0
8919,never-fed,1,1,6.907755278982137,1.0
8920,news,1,1,6.907755278982137,1.0
8921,ni-nta,1,1,6.907755278982137,1.0
8922,nickname,1,1,6.907755278982137,1.0
8923,niddm,1,1,6.907755278982137,1.0
8924,nigricans,1,1,6.907755278982137,1.0
8925,nil,1,1,6.907755278982137,1.0
8926,ninety-seven,1,1,6.907755278982137,1.0
8927,ninth,1,1,6.907755278982137,1.0
8928,nlrp-3,1,1,6.907755278982137,1.0
8929,nma,1,1,6.907755278982137,1.0
8930,nmr-determined,1,1,6.907755278982137,1.0
8931,nn-2211,1,1,6.907755278982137,1.0
8932,no-cf,1,1,6.907755278982137,1.0
8933,no-cgmp,1,1,6.907755278982137,1.0
8934,no-diabetes,1,1,6.907755278982137,1.0
8935,no-go,1,1,6.907755278982137,1.0
8936,nociceptive,1,1,6.907755278982137,1.0
8937,nodaga-exendin,1,1,6.907755278982137,1.0
8938,node,1,1,6.907755278982137,1.0
8939,node-specific,1,1,6.907755278982137,1.0
8940,nodules,1,1,6.907755278982137,1.0
8941,non-adherence,1,1,6.907755278982137,1.0
8942,non-asians,1,1,6.907755278982137,1.0
8943,non-biased,1,1,6.907755278982137,1.0
8944,non-carriers,1,1,6.907755278982137,1.0
8945,non-digestible,1,1,6.907755278982137,1.0
8946,non-electrophilic,1,1,6.907755278982137,1.0
8947,non-fatal,1,1,6.907755278982137,1.0
8948,non-genomic,1,1,6.907755278982137,1.0
8949,non-gfap,1,1,6.907755278982137,1.0
8950,non-glp-1,1,1,6.907755278982137,1.0
8951,non-glucidic,1,1,6.907755278982137,1.0
8952,non-glycaemic,1,1,6.907755278982137,1.0
8953,non-glycemic,1,1,6.907755278982137,1.0
8954,non-human,1,1,6.907755278982137,1.0
8955,non-hypothalamic,1,1,6.907755278982137,1.0
8956,non-immunomodulatory,1,1,6.907755278982137,1.0
8957,non-incretin,1,1,6.907755278982137,1.0
8958,non-inferiority,1,1,6.907755278982137,1.0
8959,non-insulin-based,1,1,6.907755278982137,1.0
8960,non-insulin-dependent,1,1,6.907755278982137,1.0
8961,non-invasive,1,1,6.907755278982137,1.0
8962,non-ischemic,1,1,6.907755278982137,1.0
8963,non-neural,1,1,6.907755278982137,1.0
8964,non-nutrient,1,1,6.907755278982137,1.0
8965,non-oncology,1,1,6.907755278982137,1.0
8966,non-responders,1,1,6.907755278982137,1.0
8967,non-significant,1,1,6.907755278982137,1.0
8968,non-steroidal,1,1,6.907755278982137,1.0
8969,non-t1d,1,1,6.907755278982137,1.0
8970,non-t2dm,1,1,6.907755278982137,1.0
8971,non-toxic,1,1,6.907755278982137,1.0
8972,non-users,1,1,6.907755278982137,1.0
8973,non-weight-bearing,1,1,6.907755278982137,1.0
8974,noncovalent,1,1,6.907755278982137,1.0
8975,nonetheless,1,1,6.907755278982137,1.0
8976,nonfood,1,1,6.907755278982137,1.0
8977,noninferior,1,1,6.907755278982137,1.0
8978,noninferiority,1,1,6.907755278982137,1.0
8979,noninflamed,1,1,6.907755278982137,1.0
8980,nonmetabolizable,1,1,6.907755278982137,1.0
8981,nonnutritive,1,1,6.907755278982137,1.0
8982,nonoverlapping,1,1,6.907755278982137,1.0
8983,nonrandomized,1,1,6.907755278982137,1.0
8984,nonredundant,1,1,6.907755278982137,1.0
8985,nonrenal,1,1,6.907755278982137,1.0
8986,nonselective,1,1,6.907755278982137,1.0
8987,nonstandard,1,1,6.907755278982137,1.0
8988,nonsteroidal,1,1,6.907755278982137,1.0
8989,nor-labdane,1,1,6.907755278982137,1.0
8990,noradrenergic,1,1,6.907755278982137,1.0
8991,norepinephrine,1,1,6.907755278982137,1.0
8992,norlignans,1,1,6.907755278982137,1.0
8993,normalizes,1,1,6.907755278982137,1.0
8994,normally,1,1,6.907755278982137,1.0
8995,normoglycaemia,1,1,6.907755278982137,1.0
8996,normotensive,1,1,6.907755278982137,1.0
8997,normoxic,1,1,6.907755278982137,1.0
8998,nose,1,1,6.907755278982137,1.0
8999,noticing,1,1,6.907755278982137,1.0
9000,notifications,1,1,6.907755278982137,1.0
9001,notified,1,1,6.907755278982137,1.0
9002,novak,1,1,6.907755278982137,1.0
9003,npo,1,1,6.907755278982137,1.0
9004,npy,1,1,6.907755278982137,1.0
9005,npy-y2-receptor,1,1,6.907755278982137,1.0
9006,ns,1,1,6.907755278982137,1.0
9007,ntr-mediated,1,1,6.907755278982137,1.0
9008,ntrk,1,1,6.907755278982137,1.0
9009,nuance,1,1,6.907755278982137,1.0
9010,nuances,1,1,6.907755278982137,1.0
9011,nucleic,1,1,6.907755278982137,1.0
9012,nurses,1,1,6.907755278982137,1.0
9013,nutraceuticals,1,1,6.907755278982137,1.0
9014,nutrient-activated,1,1,6.907755278982137,1.0
9015,nutrient-dependent,1,1,6.907755278982137,1.0
9016,nutrient-driven,1,1,6.907755278982137,1.0
9017,nutrient-rich,1,1,6.907755278982137,1.0
9018,nutrient-sensing,1,1,6.907755278982137,1.0
9019,nutriments,1,1,6.907755278982137,1.0
9020,nutritionally,1,1,6.907755278982137,1.0
9021,nz,1,1,6.907755278982137,1.0
9022,o-glcnacylated,1,1,6.907755278982137,1.0
9023,o-linked,1,1,6.907755278982137,1.0
9024,ob-rb,1,1,6.907755278982137,1.0
9025,obes,1,1,6.907755278982137,1.0
9026,obesity-focused,1,1,6.907755278982137,1.0
9027,obesity-mediated,1,1,6.907755278982137,1.0
9028,obesogenic,1,1,6.907755278982137,1.0
9029,objects,1,1,6.907755278982137,1.0
9030,obscurus,1,1,6.907755278982137,1.0
9031,observable,1,1,6.907755278982137,1.0
9032,obstetricians,1,1,6.907755278982137,1.0
9033,obstipation,1,1,6.907755278982137,1.0
9034,obtaining,1,1,6.907755278982137,1.0
9035,occasion,1,1,6.907755278982137,1.0
9036,occasions,1,1,6.907755278982137,1.0
9037,occupied,1,1,6.907755278982137,1.0
9038,occuring,1,1,6.907755278982137,1.0
9039,october,1,1,6.907755278982137,1.0
9040,oea-mediated,1,1,6.907755278982137,1.0
9041,offending,1,1,6.907755278982137,1.0
9042,offset,1,1,6.907755278982137,1.0
9043,ogt,1,1,6.907755278982137,1.0
9044,ogtts,1,1,6.907755278982137,1.0
9045,ohdg,1,1,6.907755278982137,1.0
9046,ohdg-positive,1,1,6.907755278982137,1.0
9047,oil-treated,1,1,6.907755278982137,1.0
9048,olanzapine,1,1,6.907755278982137,1.0
9049,oleoylethanolamide,1,1,6.907755278982137,1.0
9050,oligomers,1,1,6.907755278982137,1.0
9051,oligonucleotide,1,1,6.907755278982137,1.0
9052,oligosaccharide,1,1,6.907755278982137,1.0
9053,oligosaccharides,1,1,6.907755278982137,1.0
9054,once-every-4-months,1,1,6.907755278982137,1.0
9055,oncologic,1,1,6.907755278982137,1.0
9056,oncoming,1,1,6.907755278982137,1.0
9057,oncorhynchus,1,1,6.907755278982137,1.0
9058,one-quarter,1,1,6.907755278982137,1.0
9059,one-third,1,1,6.907755278982137,1.0
9060,one-to-one,1,1,6.907755278982137,1.0
9061,onto,1,1,6.907755278982137,1.0
9062,ontology,1,1,6.907755278982137,1.0
9063,oocyte,1,1,6.907755278982137,1.0
9064,open-chest,1,1,6.907755278982137,1.0
9065,open-type,1,1,6.907755278982137,1.0
9066,opening,1,1,6.907755278982137,1.0
9067,openion,1,1,6.907755278982137,1.0
9068,operates,1,1,6.907755278982137,1.0
9069,operators,1,1,6.907755278982137,1.0
9070,ophthalmologic,1,1,6.907755278982137,1.0
9071,ophthalmological,1,1,6.907755278982137,1.0
9072,ophthalmologists,1,1,6.907755278982137,1.0
9073,ophthalmology,1,1,6.907755278982137,1.0
9074,opn,1,1,6.907755278982137,1.0
9075,opposed,1,1,6.907755278982137,1.0
9076,opposes,1,1,6.907755278982137,1.0
9077,optimally,1,1,6.907755278982137,1.0
9078,optimise,1,1,6.907755278982137,1.0
9079,optimised,1,1,6.907755278982137,1.0
9080,optimistic,1,1,6.907755278982137,1.0
9081,optimizes,1,1,6.907755278982137,1.0
9082,opting,1,1,6.907755278982137,1.0
9083,optional,1,1,6.907755278982137,1.0
9084,orchestrated,1,1,6.907755278982137,1.0
9085,orchestration,1,1,6.907755278982137,1.0
9086,ordered,1,1,6.907755278982137,1.0
9087,ordering,1,1,6.907755278982137,1.0
9088,orders,1,1,6.907755278982137,1.0
9089,orexin-1,1,1,6.907755278982137,1.0
9090,organ-damaging,1,1,6.907755278982137,1.0
9091,organ-wide,1,1,6.907755278982137,1.0
9092,organism,1,1,6.907755278982137,1.0
9093,organoid-derived,1,1,6.907755278982137,1.0
9094,organophosphate,1,1,6.907755278982137,1.0
9095,orient,1,1,6.907755278982137,1.0
9096,oriented,1,1,6.907755278982137,1.0
9097,originates,1,1,6.907755278982137,1.0
9098,orphan,1,1,6.907755278982137,1.0
9099,os-glp1r-egfp,1,1,6.907755278982137,1.0
9100,oscillospira,1,1,6.907755278982137,1.0
9101,osmolality,1,1,6.907755278982137,1.0
9102,osseous,1,1,6.907755278982137,1.0
9103,osteoarthritis,1,1,6.907755278982137,1.0
9104,osteoblasts,1,1,6.907755278982137,1.0
9105,osteoclast,1,1,6.907755278982137,1.0
9106,osteoclasts,1,1,6.907755278982137,1.0
9107,osteogenesis,1,1,6.907755278982137,1.0
9108,osteoprotective,1,1,6.907755278982137,1.0
9109,otalgia,1,1,6.907755278982137,1.0
9110,outcomes-based,1,1,6.907755278982137,1.0
9111,outlook,1,1,6.907755278982137,1.0
9112,outpatients,1,1,6.907755278982137,1.0
9113,outperform,1,1,6.907755278982137,1.0
9114,outside,1,1,6.907755278982137,1.0
9115,outspreading,1,1,6.907755278982137,1.0
9116,outward,1,1,6.907755278982137,1.0
9117,ova-enhanced,1,1,6.907755278982137,1.0
9118,ova-reduced,1,1,6.907755278982137,1.0
9119,ovalbumin,1,1,6.907755278982137,1.0
9120,ovariectomized,1,1,6.907755278982137,1.0
9121,ovariectomy,1,1,6.907755278982137,1.0
9122,ovaries,1,1,6.907755278982137,1.0
9123,over-expression,1,1,6.907755278982137,1.0
9124,overburdened,1,1,6.907755278982137,1.0
9125,overcame,1,1,6.907755278982137,1.0
9126,overcoming,1,1,6.907755278982137,1.0
9127,overlapping,1,1,6.907755278982137,1.0
9128,overlaps,1,1,6.907755278982137,1.0
9129,overload-mediated,1,1,6.907755278982137,1.0
9130,overlook,1,1,6.907755278982137,1.0
9131,overlooked,1,1,6.907755278982137,1.0
9132,overly,1,1,6.907755278982137,1.0
9133,overrepresented,1,1,6.907755278982137,1.0
9134,overstressed,1,1,6.907755278982137,1.0
9135,overviews,1,1,6.907755278982137,1.0
9136,overwhelm,1,1,6.907755278982137,1.0
9137,overwhelmed,1,1,6.907755278982137,1.0
9138,ovulatory,1,1,6.907755278982137,1.0
9139,oxidative-stress,1,1,6.907755278982137,1.0
9140,oxide-cyclic,1,1,6.907755278982137,1.0
9141,oxide-positive,1,1,6.907755278982137,1.0
9142,oxm,1,1,6.907755278982137,1.0
9143,oxoguanine,1,1,6.907755278982137,1.0
9144,oxytocin,1,1,6.907755278982137,1.0
9145,p-c-jun,1,1,6.907755278982137,1.0
9146,p-erk1,1,1,6.907755278982137,1.0
9147,p-nf,1,1,6.907755278982137,1.0
9148,p-p38,1,1,6.907755278982137,1.0
9149,p-stat3,1,1,6.907755278982137,1.0
9150,packaged,1,1,6.907755278982137,1.0
9151,paediatric,1,1,6.907755278982137,1.0
9152,pain-modulating,1,1,6.907755278982137,1.0
9153,painful,1,1,6.907755278982137,1.0
9154,pair-wise,1,1,6.907755278982137,1.0
9155,paired-pulse,1,1,6.907755278982137,1.0
9156,pairwise,1,1,6.907755278982137,1.0
9157,pakt-s473,1,1,6.907755278982137,1.0
9158,palatable,1,1,6.907755278982137,1.0
9159,palliated,1,1,6.907755278982137,1.0
9160,palpitations,1,1,6.907755278982137,1.0
9161,pam,1,1,6.907755278982137,1.0
9162,pamps,1,1,6.907755278982137,1.0
9163,pan-binders,1,1,6.907755278982137,1.0
9164,pan-interaction,1,1,6.907755278982137,1.0
9165,pancreas-specific,1,1,6.907755278982137,1.0
9166,pancreatic-derived,1,1,6.907755278982137,1.0
9167,panniculitis,1,1,6.907755278982137,1.0
9168,panvascular,1,1,6.907755278982137,1.0
9169,papillae,1,1,6.907755278982137,1.0
9170,papilledema,1,1,6.907755278982137,1.0
9171,paraclinical,1,1,6.907755278982137,1.0
9172,parafollicular,1,1,6.907755278982137,1.0
9173,paralleled,1,1,6.907755278982137,1.0
9174,parental,1,1,6.907755278982137,1.0
9175,parietal,1,1,6.907755278982137,1.0
9176,parity,1,1,6.907755278982137,1.0
9177,parkin,1,1,6.907755278982137,1.0
9178,parkinsonism,1,1,6.907755278982137,1.0
9179,parosmia,1,1,6.907755278982137,1.0
9180,parse,1,1,6.907755278982137,1.0
9181,parthenolide,1,1,6.907755278982137,1.0
9182,participant,1,1,6.907755278982137,1.0
9183,participates,1,1,6.907755278982137,1.0
9184,particulate,1,1,6.907755278982137,1.0
9185,partitioning,1,1,6.907755278982137,1.0
9186,partners,1,1,6.907755278982137,1.0
9187,pasi,1,1,6.907755278982137,1.0
9188,pass,1,1,6.907755278982137,1.0
9189,pastoris,1,1,6.907755278982137,1.0
9190,patency,1,1,6.907755278982137,1.0
9191,pathobiological,1,1,6.907755278982137,1.0
9192,pathogen,1,1,6.907755278982137,1.0
9193,pathogen-associated,1,1,6.907755278982137,1.0
9194,pathognomic,1,1,6.907755278982137,1.0
9195,pathologically,1,1,6.907755278982137,1.0
9196,patient-centred,1,1,6.907755278982137,1.0
9197,patient-friendly,1,1,6.907755278982137,1.0
9198,patients-a,1,1,6.907755278982137,1.0
9199,patulous,1,1,6.907755278982137,1.0
9200,paucity,1,1,6.907755278982137,1.0
9201,pave,1,1,6.907755278982137,1.0
9202,paving,1,1,6.907755278982137,1.0
9203,pax,1,1,6.907755278982137,1.0
9204,paying,1,1,6.907755278982137,1.0
9205,pb,1,1,6.907755278982137,1.0
9206,pba,1,1,6.907755278982137,1.0
9207,pbbm,1,1,6.907755278982137,1.0
9208,pcos-related,1,1,6.907755278982137,1.0
9209,pcp,1,1,6.907755278982137,1.0
9210,pd-l1,1,1,6.907755278982137,1.0
9211,pdd,1,1,6.907755278982137,1.0
9212,pdx,1,1,6.907755278982137,1.0
9213,peaked,1,1,6.907755278982137,1.0
9214,pediatrician,1,1,6.907755278982137,1.0
9215,peg,1,1,6.907755278982137,1.0
9216,pegylation,1,1,6.907755278982137,1.0
9217,pelvic,1,1,6.907755278982137,1.0
9218,pemphigoid,1,1,6.907755278982137,1.0
9219,penetrants,1,1,6.907755278982137,1.0
9220,penetratin-glp-1fusion,1,1,6.907755278982137,1.0
9221,penile,1,1,6.907755278982137,1.0
9222,pentapeptides,1,1,6.907755278982137,1.0
9223,pentaphylla,1,1,6.907755278982137,1.0
9224,pepck,1,1,6.907755278982137,1.0
9225,pepsin,1,1,6.907755278982137,1.0
9226,peptide-1-based,1,1,6.907755278982137,1.0
9227,peptide-1-immunoreactivity,1,1,6.907755278982137,1.0
9228,peptide-1-receptor,1,1,6.907755278982137,1.0
9229,peptide-1-related,1,1,6.907755278982137,1.0
9230,peptide-29,1,1,6.907755278982137,1.0
9231,peptide-5,1,1,6.907755278982137,1.0
9232,peptide-elp,1,1,6.907755278982137,1.0
9233,peptide-expressing,1,1,6.907755278982137,1.0
9234,peptide-hormones,1,1,6.907755278982137,1.0
9235,peptide-protein,1,1,6.907755278982137,1.0
9236,peptide-secreting,1,1,6.907755278982137,1.0
9237,peptide-yy,1,1,6.907755278982137,1.0
9238,peptidomics,1,1,6.907755278982137,1.0
9239,perconditioning,1,1,6.907755278982137,1.0
9240,perfluorinated,1,1,6.907755278982137,1.0
9241,perform,1,1,6.907755278982137,1.0
9242,performances,1,1,6.907755278982137,1.0
9243,performing,1,1,6.907755278982137,1.0
9244,periconception,1,1,6.907755278982137,1.0
9245,pericyte,1,1,6.907755278982137,1.0
9246,pericytes,1,1,6.907755278982137,1.0
9247,perifusion,1,1,6.907755278982137,1.0
9248,perifusions,1,1,6.907755278982137,1.0
9249,perikaryonal,1,1,6.907755278982137,1.0
9250,perilous,1,1,6.907755278982137,1.0
9251,perinatal,1,1,6.907755278982137,1.0
9252,perineal,1,1,6.907755278982137,1.0
9253,periodically,1,1,6.907755278982137,1.0
9254,periorbital,1,1,6.907755278982137,1.0
9255,periportal,1,1,6.907755278982137,1.0
9256,perirenal,1,1,6.907755278982137,1.0
9257,peristalsis,1,1,6.907755278982137,1.0
9258,perisurgically,1,1,6.907755278982137,1.0
9259,peritoneal,1,1,6.907755278982137,1.0
9260,perivenous,1,1,6.907755278982137,1.0
9261,permeable,1,1,6.907755278982137,1.0
9262,permeation,1,1,6.907755278982137,1.0
9263,permits,1,1,6.907755278982137,1.0
9264,peroxide-induced,1,1,6.907755278982137,1.0
9265,perpetuate,1,1,6.907755278982137,1.0
9266,persists,1,1,6.907755278982137,1.0
9267,person,1,1,6.907755278982137,1.0
9268,person-centered,1,1,6.907755278982137,1.0
9269,personalised,1,1,6.907755278982137,1.0
9270,personally,1,1,6.907755278982137,1.0
9271,persuade,1,1,6.907755278982137,1.0
9272,persuasive,1,1,6.907755278982137,1.0
9273,pertain,1,1,6.907755278982137,1.0
9274,pertained,1,1,6.907755278982137,1.0
9275,pertains,1,1,6.907755278982137,1.0
9276,perturbation,1,1,6.907755278982137,1.0
9277,pesticides,1,1,6.907755278982137,1.0
9278,phage,1,1,6.907755278982137,1.0
9279,pharmacoepidemiologic,1,1,6.907755278982137,1.0
9280,pharmacogenetics,1,1,6.907755278982137,1.0
9281,pharmacophore,1,1,6.907755278982137,1.0
9282,pharmacotherapeutics,1,1,6.907755278982137,1.0
9283,pharmacy,1,1,6.907755278982137,1.0
9284,phasic,1,1,6.907755278982137,1.0
9285,phe-62,1,1,6.907755278982137,1.0
9286,phe-88,1,1,6.907755278982137,1.0
9287,phenolic,1,1,6.907755278982137,1.0
9288,phenotype-based,1,1,6.907755278982137,1.0
9289,phenotype-specific,1,1,6.907755278982137,1.0
9290,phenotypic,1,1,6.907755278982137,1.0
9291,phentolamine,1,1,6.907755278982137,1.0
9292,phenylephrine,1,1,6.907755278982137,1.0
9293,phenylephrine-induced,1,1,6.907755278982137,1.0
9294,phloridzin,1,1,6.907755278982137,1.0
9295,phosphatase,1,1,6.907755278982137,1.0
9296,phosphate,1,1,6.907755278982137,1.0
9297,phosphatidylcholine,1,1,6.907755278982137,1.0
9298,phosphatidylinositol,1,1,6.907755278982137,1.0
9299,phosphatidylinositol-3,1,1,6.907755278982137,1.0
9300,phospho-ikk,1,1,6.907755278982137,1.0
9301,phospho-jak2,1,1,6.907755278982137,1.0
9302,phospho-nf,1,1,6.907755278982137,1.0
9303,phospho-stat3,1,1,6.907755278982137,1.0
9304,phosphoinositide,1,1,6.907755278982137,1.0
9305,phosphoinositide-3-kinase,1,1,6.907755278982137,1.0
9306,phospholipid,1,1,6.907755278982137,1.0
9307,phosphorylate,1,1,6.907755278982137,1.0
9308,phosphorylation-dependent,1,1,6.907755278982137,1.0
9309,phosphorylation-independent,1,1,6.907755278982137,1.0
9310,physicochemical,1,1,6.907755278982137,1.0
9311,physiologic-dose,1,1,6.907755278982137,1.0
9312,physiology-informed,1,1,6.907755278982137,1.0
9313,phytochemical,1,1,6.907755278982137,1.0
9314,phytochemicals,1,1,6.907755278982137,1.0
9315,pichia,1,1,6.907755278982137,1.0
9316,picomolar,1,1,6.907755278982137,1.0
9317,picos-defined,1,1,6.907755278982137,1.0
9318,piglets,1,1,6.907755278982137,1.0
9319,pills,1,1,6.907755278982137,1.0
9320,pink,1,1,6.907755278982137,1.0
9321,pinpointed,1,1,6.907755278982137,1.0
9322,pinpointing,1,1,6.907755278982137,1.0
9323,pioneer,1,1,6.907755278982137,1.0
9324,pipeline,1,1,6.907755278982137,1.0
9325,piqued,1,1,6.907755278982137,1.0
9326,pituitary-adrenocortical,1,1,6.907755278982137,1.0
9327,pka-dependent,1,1,6.907755278982137,1.0
9328,placebo-treated,1,1,6.907755278982137,1.0
9329,placed,1,1,6.907755278982137,1.0
9330,placement,1,1,6.907755278982137,1.0
9331,plagued,1,1,6.907755278982137,1.0
9332,plan,1,1,6.907755278982137,1.0
9333,planned,1,1,6.907755278982137,1.0
9334,plans,1,1,6.907755278982137,1.0
9335,plant-derived,1,1,6.907755278982137,1.0
9336,plantarum,1,1,6.907755278982137,1.0
9337,plaque-modifying,1,1,6.907755278982137,1.0
9338,plasmas,1,1,6.907755278982137,1.0
9339,plasmids,1,1,6.907755278982137,1.0
9340,plasminogen,1,1,6.907755278982137,1.0
9341,plastic,1,1,6.907755278982137,1.0
9342,played,1,1,6.907755278982137,1.0
9343,player,1,1,6.907755278982137,1.0
9344,pleiotropy,1,1,6.907755278982137,1.0
9345,pleotropic,1,1,6.907755278982137,1.0
9346,plethora,1,1,6.907755278982137,1.0
9347,plexuses,1,1,6.907755278982137,1.0
9348,pluripotent,1,1,6.907755278982137,1.0
9349,pmos,1,1,6.907755278982137,1.0
9350,pneumocytes,1,1,6.907755278982137,1.0
9351,polar,1,1,6.907755278982137,1.0
9352,polarization,1,1,6.907755278982137,1.0
9353,policies,1,1,6.907755278982137,1.0
9354,polish,1,1,6.907755278982137,1.0
9355,pollutants,1,1,6.907755278982137,1.0
9356,poly-incretin-agonist,1,1,6.907755278982137,1.0
9357,polyendocrine,1,1,6.907755278982137,1.0
9358,polymerase,1,1,6.907755278982137,1.0
9359,polymerisation,1,1,6.907755278982137,1.0
9360,polymerization,1,1,6.907755278982137,1.0
9361,polymers,1,1,6.907755278982137,1.0
9362,polymorbidity,1,1,6.907755278982137,1.0
9363,polymorphisms,1,1,6.907755278982137,1.0
9364,polyols,1,1,6.907755278982137,1.0
9365,polypeptide-gip,1,1,6.907755278982137,1.0
9366,polypharmacy,1,1,6.907755278982137,1.0
9367,polysaccharide,1,1,6.907755278982137,1.0
9368,polysaccharides,1,1,6.907755278982137,1.0
9369,polysomnograms,1,1,6.907755278982137,1.0
9370,pons,1,1,6.907755278982137,1.0
9371,pools,1,1,6.907755278982137,1.0
9372,populace,1,1,6.907755278982137,1.0
9373,porous,1,1,6.907755278982137,1.0
9374,porta,1,1,6.907755278982137,1.0
9375,portalvenous,1,1,6.907755278982137,1.0
9376,portosystemic,1,1,6.907755278982137,1.0
9377,portrayal,1,1,6.907755278982137,1.0
9378,posing,1,1,6.907755278982137,1.0
9379,posit,1,1,6.907755278982137,1.0
9380,positional,1,1,6.907755278982137,1.0
9381,possibilities,1,1,6.907755278982137,1.0
9382,post-bariatric,1,1,6.907755278982137,1.0
9383,post-discontinuation,1,1,6.907755278982137,1.0
9384,post-endocytic,1,1,6.907755278982137,1.0
9385,post-gastrectomy,1,1,6.907755278982137,1.0
9386,post-hoc,1,1,6.907755278982137,1.0
9387,post-hospitalization,1,1,6.907755278982137,1.0
9388,post-infarct,1,1,6.907755278982137,1.0
9389,post-meal,1,1,6.907755278982137,1.0
9390,post-myocardial,1,1,6.907755278982137,1.0
9391,post-secretory,1,1,6.907755278982137,1.0
9392,post-surgery,1,1,6.907755278982137,1.0
9393,post-surgical,1,1,6.907755278982137,1.0
9394,post-test,1,1,6.907755278982137,1.0
9395,post-transcriptional,1,1,6.907755278982137,1.0
9396,postabsorptive,1,1,6.907755278982137,1.0
9397,postmeal,1,1,6.907755278982137,1.0
9398,postmenstrual,1,1,6.907755278982137,1.0
9399,postmortem,1,1,6.907755278982137,1.0
9400,potassium,1,1,6.907755278982137,1.0
9401,potassium-induced,1,1,6.907755278982137,1.0
9402,potential-evoked,1,1,6.907755278982137,1.0
9403,potentiating,1,1,6.907755278982137,1.0
9404,pp,1,1,6.907755278982137,1.0
9405,pparg,1,1,6.907755278982137,1.0
9406,practicing,1,1,6.907755278982137,1.0
9407,prader-willi,1,1,6.907755278982137,1.0
9408,pre-approval,1,1,6.907755278982137,1.0
9409,pre-defined,1,1,6.907755278982137,1.0
9410,pre-endoscopic,1,1,6.907755278982137,1.0
9411,pre-glp-1,1,1,6.907755278982137,1.0
9412,pre-menopausal,1,1,6.907755278982137,1.0
9413,pre-obesity,1,1,6.907755278982137,1.0
9414,pre-ogtt,1,1,6.907755278982137,1.0
9415,pre-print,1,1,6.907755278982137,1.0
9416,precautions,1,1,6.907755278982137,1.0
9417,preceding,1,1,6.907755278982137,1.0
9418,precipitated,1,1,6.907755278982137,1.0
9419,precipitating,1,1,6.907755278982137,1.0
9420,precisely,1,1,6.907755278982137,1.0
9421,precursors,1,1,6.907755278982137,1.0
9422,prediabetic,1,1,6.907755278982137,1.0
9423,predictable,1,1,6.907755278982137,1.0
9424,prediction,1,1,6.907755278982137,1.0
9425,predictors,1,1,6.907755278982137,1.0
9426,predispose,1,1,6.907755278982137,1.0
9427,predisposes,1,1,6.907755278982137,1.0
9428,predominates,1,1,6.907755278982137,1.0
9429,preexisting,1,1,6.907755278982137,1.0
9430,prefer,1,1,6.907755278982137,1.0
9431,preferences,1,1,6.907755278982137,1.0
9432,preglucagonergic,1,1,6.907755278982137,1.0
9433,pregnancy-related,1,1,6.907755278982137,1.0
9434,pregnane-type,1,1,6.907755278982137,1.0
9435,pregnanes,1,1,6.907755278982137,1.0
9436,pregnenolone-3-o-gentiobioside,1,1,6.907755278982137,1.0
9437,preincubation,1,1,6.907755278982137,1.0
9438,preoptic,1,1,6.907755278982137,1.0
9439,prepare,1,1,6.907755278982137,1.0
9440,prepro-cck,1,1,6.907755278982137,1.0
9441,prepro-pyy,1,1,6.907755278982137,1.0
9442,prerequisite,1,1,6.907755278982137,1.0
9443,prescribe,1,1,6.907755278982137,1.0
9444,prescription-record,1,1,6.907755278982137,1.0
9445,presenilin,1,1,6.907755278982137,1.0
9446,presentations,1,1,6.907755278982137,1.0
9447,preserves,1,1,6.907755278982137,1.0
9448,prespecified,1,1,6.907755278982137,1.0
9449,pressure-lowering,1,1,6.907755278982137,1.0
9450,pressures,1,1,6.907755278982137,1.0
9451,prestigious,1,1,6.907755278982137,1.0
9452,presumed,1,1,6.907755278982137,1.0
9453,presyncope,1,1,6.907755278982137,1.0
9454,pretectal,1,1,6.907755278982137,1.0
9455,pretreated,1,1,6.907755278982137,1.0
9456,pretreating,1,1,6.907755278982137,1.0
9457,prevailing,1,1,6.907755278982137,1.0
9458,preventable,1,1,6.907755278982137,1.0
9459,previewed,1,1,6.907755278982137,1.0
9460,previews,1,1,6.907755278982137,1.0
9461,prevotella,1,1,6.907755278982137,1.0
9462,primacy,1,1,6.907755278982137,1.0
9463,primate,1,1,6.907755278982137,1.0
9464,primed,1,1,6.907755278982137,1.0
9465,priorities,1,1,6.907755278982137,1.0
9466,prioritising,1,1,6.907755278982137,1.0
9467,prioritization,1,1,6.907755278982137,1.0
9468,prioritize,1,1,6.907755278982137,1.0
9469,prioritized,1,1,6.907755278982137,1.0
9470,prisma-scr,1,1,6.907755278982137,1.0
9471,private,1,1,6.907755278982137,1.0
9472,privilege,1,1,6.907755278982137,1.0
9473,privileged,1,1,6.907755278982137,1.0
9474,pro-apoptotic,1,1,6.907755278982137,1.0
9475,pro-cognitive,1,1,6.907755278982137,1.0
9476,pro-fibrotic,1,1,6.907755278982137,1.0
9477,pro-insulin,1,1,6.907755278982137,1.0
9478,pro-opiomelanocortin,1,1,6.907755278982137,1.0
9479,pro-survival,1,1,6.907755278982137,1.0
9480,proactive,1,1,6.907755278982137,1.0
9481,proapoptotic,1,1,6.907755278982137,1.0
9482,probability,1,1,6.907755278982137,1.0
9483,probe-dependence,1,1,6.907755278982137,1.0
9484,probe-dependent,1,1,6.907755278982137,1.0
9485,probiotic-mediated,1,1,6.907755278982137,1.0
9486,probiotics,1,1,6.907755278982137,1.0
9487,procaspase-3,1,1,6.907755278982137,1.0
9488,procedure-related,1,1,6.907755278982137,1.0
9489,proceed,1,1,6.907755278982137,1.0
9490,proconvertase,1,1,6.907755278982137,1.0
9491,procyanidin-rich,1,1,6.907755278982137,1.0
9492,produces,1,1,6.907755278982137,1.0
9493,productive,1,1,6.907755278982137,1.0
9494,professional,1,1,6.907755278982137,1.0
9495,profoundly,1,1,6.907755278982137,1.0
9496,progesterone,1,1,6.907755278982137,1.0
9497,proglucagon-expressing,1,1,6.907755278982137,1.0
9498,progressed,1,1,6.907755278982137,1.0
9499,progressing,1,1,6.907755278982137,1.0
9500,progressively,1,1,6.907755278982137,1.0
9501,projected,1,1,6.907755278982137,1.0
9502,projecting,1,1,6.907755278982137,1.0
9503,projects,1,1,6.907755278982137,1.0
9504,prokaryotic,1,1,6.907755278982137,1.0
9505,prokinetic,1,1,6.907755278982137,1.0
9506,prolactin-releasing,1,1,6.907755278982137,1.0
9507,prolongs,1,1,6.907755278982137,1.0
9508,prom,1,1,6.907755278982137,1.0
9509,prominence,1,1,6.907755278982137,1.0
9510,promotive,1,1,6.907755278982137,1.0
9511,prompt,1,1,6.907755278982137,1.0
9512,proof-of-concept,1,1,6.907755278982137,1.0
9513,proopiomelanocortin,1,1,6.907755278982137,1.0
9514,prophylactic,1,1,6.907755278982137,1.0
9515,prophylaxes,1,1,6.907755278982137,1.0
9516,proposing,1,1,6.907755278982137,1.0
9517,proprietary,1,1,6.907755278982137,1.0
9518,prosenescent,1,1,6.907755278982137,1.0
9519,prospect,1,1,6.907755278982137,1.0
9520,prospectively,1,1,6.907755278982137,1.0
9521,prospero,1,1,6.907755278982137,1.0
9522,prostaglandins,1,1,6.907755278982137,1.0
9523,prostate-specific,1,1,6.907755278982137,1.0
9524,prosthetic,1,1,6.907755278982137,1.0
9525,protease-resistant,1,1,6.907755278982137,1.0
9526,proteases,1,1,6.907755278982137,1.0
9527,proteasome-mediated,1,1,6.907755278982137,1.0
9528,protectionist,1,1,6.907755278982137,1.0
9529,protein-based,1,1,6.907755278982137,1.0
9530,protein-biased,1,1,6.907755278982137,1.0
9531,protein-enriched,1,1,6.907755278982137,1.0
9532,proteome,1,1,6.907755278982137,1.0
9533,proteosome,1,1,6.907755278982137,1.0
9534,protocol-driven,1,1,6.907755278982137,1.0
9535,proton,1,1,6.907755278982137,1.0
9536,protract,1,1,6.907755278982137,1.0
9537,provoke,1,1,6.907755278982137,1.0
9538,provoked,1,1,6.907755278982137,1.0
9539,provokes,1,1,6.907755278982137,1.0
9540,proximities,1,1,6.907755278982137,1.0
9541,proximity,1,1,6.907755278982137,1.0
9542,prrp,1,1,6.907755278982137,1.0
9543,prrs,1,1,6.907755278982137,1.0
9544,prudent,1,1,6.907755278982137,1.0
9545,pruritus,1,1,6.907755278982137,1.0
9546,psoriatic,1,1,6.907755278982137,1.0
9547,psychinfo,1,1,6.907755278982137,1.0
9548,psychology,1,1,6.907755278982137,1.0
9549,psychopathological,1,1,6.907755278982137,1.0
9550,psychopathology,1,1,6.907755278982137,1.0
9551,psychopharmacological,1,1,6.907755278982137,1.0
9552,psycinfo,1,1,6.907755278982137,1.0
9553,ptau,1,1,6.907755278982137,1.0
9554,ptd,1,1,6.907755278982137,1.0
9555,puberty,1,1,6.907755278982137,1.0
9556,publication,1,1,6.907755278982137,1.0
9557,puk,1,1,6.907755278982137,1.0
9558,pull-down,1,1,6.907755278982137,1.0
9559,pump,1,1,6.907755278982137,1.0
9560,pumping,1,1,6.907755278982137,1.0
9561,pumps,1,1,6.907755278982137,1.0
9562,purely,1,1,6.907755278982137,1.0
9563,purkinje,1,1,6.907755278982137,1.0
9564,pursue,1,1,6.907755278982137,1.0
9565,putatively,1,1,6.907755278982137,1.0
9566,puts,1,1,6.907755278982137,1.0
9567,putting,1,1,6.907755278982137,1.0
9568,pyloric,1,1,6.907755278982137,1.0
9569,pylorus-ligated,1,1,6.907755278982137,1.0
9570,pyrimidines,1,1,6.907755278982137,1.0
9571,pyroptosis-related,1,1,6.907755278982137,1.0
9572,pyy-dependent,1,1,6.907755278982137,1.0
9573,qd,1,1,6.907755278982137,1.0
9574,qrt-pcr,1,1,6.907755278982137,1.0
9575,qsar,1,1,6.907755278982137,1.0
9576,qualities,1,1,6.907755278982137,1.0
9577,quantities,1,1,6.907755278982137,1.0
9578,queried,1,1,6.907755278982137,1.0
9579,query,1,1,6.907755278982137,1.0
9580,quick,1,1,6.907755278982137,1.0
9581,quickly,1,1,6.907755278982137,1.0
9582,quiescence,1,1,6.907755278982137,1.0
9583,r-dependent,1,1,6.907755278982137,1.0
9584,r-ires-cre,1,1,6.907755278982137,1.0
9585,r-specific,1,1,6.907755278982137,1.0
9586,ra-based,1,1,6.907755278982137,1.0
9587,ra-treated,1,1,6.907755278982137,1.0
9588,raas,1,1,6.907755278982137,1.0
9589,rab,1,1,6.907755278982137,1.0
9590,rabbit,1,1,6.907755278982137,1.0
9591,race,1,1,6.907755278982137,1.0
9592,radicals,1,1,6.907755278982137,1.0
9593,radiolabeling,1,1,6.907755278982137,1.0
9594,radiological,1,1,6.907755278982137,1.0
9595,radiologists,1,1,6.907755278982137,1.0
9596,radioscintigraphy,1,1,6.907755278982137,1.0
9597,radiotheranostics,1,1,6.907755278982137,1.0
9598,radiotherapeutic,1,1,6.907755278982137,1.0
9599,radiotherapy,1,1,6.907755278982137,1.0
9600,rainbow,1,1,6.907755278982137,1.0
9601,ramifications,1,1,6.907755278982137,1.0
9602,rana,1,1,6.907755278982137,1.0
9603,random-effects,1,1,6.907755278982137,1.0
9604,ranked,1,1,6.907755278982137,1.0
9605,rapamycin-insensitive,1,1,6.907755278982137,1.0
9606,raphe,1,1,6.907755278982137,1.0
9607,rash,1,1,6.907755278982137,1.0
9608,rasrole,1,1,6.907755278982137,1.0
9609,rate-limiting,1,1,6.907755278982137,1.0
9610,rationally,1,1,6.907755278982137,1.0
9611,raw,1,1,6.907755278982137,1.0
9612,rd,1,1,6.907755278982137,1.0
9613,re-analysis,1,1,6.907755278982137,1.0
9614,re-direct,1,1,6.907755278982137,1.0
9615,re-elevation,1,1,6.907755278982137,1.0
9616,re-emerge,1,1,6.907755278982137,1.0
9617,re-purposed,1,1,6.907755278982137,1.0
9618,re-purposing,1,1,6.907755278982137,1.0
9619,reacts,1,1,6.907755278982137,1.0
9620,reading,1,1,6.907755278982137,1.0
9621,readings,1,1,6.907755278982137,1.0
9622,realize,1,1,6.907755278982137,1.0
9623,realm,1,1,6.907755278982137,1.0
9624,reasonable,1,1,6.907755278982137,1.0
9625,reassess,1,1,6.907755278982137,1.0
9626,reassurance,1,1,6.907755278982137,1.0
9627,rebaudiana,1,1,6.907755278982137,1.0
9628,rebound,1,1,6.907755278982137,1.0
9629,recapitulate,1,1,6.907755278982137,1.0
9630,recapitulated,1,1,6.907755278982137,1.0
9631,receives,1,1,6.907755278982137,1.0
9632,receptor-93,1,1,6.907755278982137,1.0
9633,receptor-binding,1,1,6.907755278982137,1.0
9634,receptor-deficient,1,1,6.907755278982137,1.0
9635,receptor-gamma,1,1,6.907755278982137,1.0
9636,receptor-independent,1,1,6.907755278982137,1.0
9637,receptor-null,1,1,6.907755278982137,1.0
9638,receptor-targeting,1,1,6.907755278982137,1.0
9639,recesses,1,1,6.907755278982137,1.0
9640,recessive,1,1,6.907755278982137,1.0
9641,recognize,1,1,6.907755278982137,1.0
9642,recombinase-mediated,1,1,6.907755278982137,1.0
9643,reconcile,1,1,6.907755278982137,1.0
9644,reconciliation,1,1,6.907755278982137,1.0
9645,reconciling,1,1,6.907755278982137,1.0
9646,reconstituted,1,1,6.907755278982137,1.0
9647,reconstitution,1,1,6.907755278982137,1.0
9648,reconstructive,1,1,6.907755278982137,1.0
9649,reconstructs,1,1,6.907755278982137,1.0
9650,recording,1,1,6.907755278982137,1.0
9651,recordings,1,1,6.907755278982137,1.0
9652,recount,1,1,6.907755278982137,1.0
9653,recover,1,1,6.907755278982137,1.0
9654,rectal,1,1,6.907755278982137,1.0
9655,rectifying,1,1,6.907755278982137,1.0
9656,recur,1,1,6.907755278982137,1.0
9657,recurring,1,1,6.907755278982137,1.0
9658,redistribution,1,1,6.907755278982137,1.0
9659,redressing,1,1,6.907755278982137,1.0
9660,reduced-calorie,1,1,6.907755278982137,1.0
9661,reevaluated,1,1,6.907755278982137,1.0
9662,refers,1,1,6.907755278982137,1.0
9663,reflection,1,1,6.907755278982137,1.0
9664,refolding,1,1,6.907755278982137,1.0
9665,refrigerated,1,1,6.907755278982137,1.0
9666,regained,1,1,6.907755278982137,1.0
9667,regards,1,1,6.907755278982137,1.0
9668,regeneration,1,1,6.907755278982137,1.0
9669,region-dependent,1,1,6.907755278982137,1.0
9670,register-based,1,1,6.907755278982137,1.0
9671,registry,1,1,6.907755278982137,1.0
9672,regressing,1,1,6.907755278982137,1.0
9673,regrowth,1,1,6.907755278982137,1.0
9674,regulatory-approved,1,1,6.907755278982137,1.0
9675,reimbursement,1,1,6.907755278982137,1.0
9676,reinforce,1,1,6.907755278982137,1.0
9677,reinforcement,1,1,6.907755278982137,1.0
9678,reinitiating,1,1,6.907755278982137,1.0
9679,reinitiation,1,1,6.907755278982137,1.0
9680,reinstating,1,1,6.907755278982137,1.0
9681,reintroducing,1,1,6.907755278982137,1.0
9682,reintroduction,1,1,6.907755278982137,1.0
9683,rejection,1,1,6.907755278982137,1.0
9684,relate,1,1,6.907755278982137,1.0
9685,relates,1,1,6.907755278982137,1.0
9686,releasable,1,1,6.907755278982137,1.0
9687,releases,1,1,6.907755278982137,1.0
9688,reliability,1,1,6.907755278982137,1.0
9689,reliance,1,1,6.907755278982137,1.0
9690,relied,1,1,6.907755278982137,1.0
9691,relies,1,1,6.907755278982137,1.0
9692,relieve,1,1,6.907755278982137,1.0
9693,religious,1,1,6.907755278982137,1.0
9694,relocating,1,1,6.907755278982137,1.0
9695,rely,1,1,6.907755278982137,1.0
9696,relying,1,1,6.907755278982137,1.0
9697,remap,1,1,6.907755278982137,1.0
9698,reminiscent,1,1,6.907755278982137,1.0
9699,removed,1,1,6.907755278982137,1.0
9700,removing,1,1,6.907755278982137,1.0
9701,renal-cardiac,1,1,6.907755278982137,1.0
9702,renaturation,1,1,6.907755278982137,1.0
9703,rendered,1,1,6.907755278982137,1.0
9704,rendering,1,1,6.907755278982137,1.0
9705,renin,1,1,6.907755278982137,1.0
9706,renoprotection,1,1,6.907755278982137,1.0
9707,renowned,1,1,6.907755278982137,1.0
9708,reordering,1,1,6.907755278982137,1.0
9709,reperfuse,1,1,6.907755278982137,1.0
9710,repetitive,1,1,6.907755278982137,1.0
9711,replacing,1,1,6.907755278982137,1.0
9712,replenishment,1,1,6.907755278982137,1.0
9713,replication,1,1,6.907755278982137,1.0
9714,repressive,1,1,6.907755278982137,1.0
9715,reproduced,1,1,6.907755278982137,1.0
9716,reproducibility,1,1,6.907755278982137,1.0
9717,reproducibly,1,1,6.907755278982137,1.0
9718,reproduction,1,1,6.907755278982137,1.0
9719,reproductive-age,1,1,6.907755278982137,1.0
9720,reprogram,1,1,6.907755278982137,1.0
9721,repurpose,1,1,6.907755278982137,1.0
9722,reputation,1,1,6.907755278982137,1.0
9723,rer,1,1,6.907755278982137,1.0
9724,rescuing,1,1,6.907755278982137,1.0
9725,researched,1,1,6.907755278982137,1.0
9726,resembles,1,1,6.907755278982137,1.0
9727,reserpine,1,1,6.907755278982137,1.0
9728,reserve,1,1,6.907755278982137,1.0
9729,reserves,1,1,6.907755278982137,1.0
9730,reset,1,1,6.907755278982137,1.0
9731,reshaping,1,1,6.907755278982137,1.0
9732,residue-residue,1,1,6.907755278982137,1.0
9733,resilience,1,1,6.907755278982137,1.0
9734,resilient,1,1,6.907755278982137,1.0
9735,resin,1,1,6.907755278982137,1.0
9736,resistin,1,1,6.907755278982137,1.0
9737,resisting,1,1,6.907755278982137,1.0
9738,resolving,1,1,6.907755278982137,1.0
9739,resource,1,1,6.907755278982137,1.0
9740,resourced,1,1,6.907755278982137,1.0
9741,restarted,1,1,6.907755278982137,1.0
9742,resting,1,1,6.907755278982137,1.0
9743,restorative,1,1,6.907755278982137,1.0
9744,restrains,1,1,6.907755278982137,1.0
9745,restricting,1,1,6.907755278982137,1.0
9746,resultsa,1,1,6.907755278982137,1.0
9747,retain,1,1,6.907755278982137,1.0
9748,retaining,1,1,6.907755278982137,1.0
9749,retains,1,1,6.907755278982137,1.0
9750,retinol-binding,1,1,6.907755278982137,1.0
9751,retrieve,1,1,6.907755278982137,1.0
9752,returned,1,1,6.907755278982137,1.0
9753,reuptake,1,1,6.907755278982137,1.0
9754,rev,1,1,6.907755278982137,1.0
9755,revascularization,1,1,6.907755278982137,1.0
9756,reverse-phase,1,1,6.907755278982137,1.0
9757,reversed-phase,1,1,6.907755278982137,1.0
9758,reverses,1,1,6.907755278982137,1.0
9759,revert,1,1,6.907755278982137,1.0
9760,reviewmanger,1,1,6.907755278982137,1.0
9761,revisiting,1,1,6.907755278982137,1.0
9762,revisits,1,1,6.907755278982137,1.0
9763,revolutionary,1,1,6.907755278982137,1.0
9764,rewind,1,1,6.907755278982137,1.0
9765,rg,1,1,6.907755278982137,1.0
9766,rgc,1,1,6.907755278982137,1.0
9767,rgc-5,1,1,6.907755278982137,1.0
9768,rhein,1,1,6.907755278982137,1.0
9769,rhesus,1,1,6.907755278982137,1.0
9770,rheumatic,1,1,6.907755278982137,1.0
9771,rhythmic,1,1,6.907755278982137,1.0
9772,rias,1,1,6.907755278982137,1.0
9773,riddled,1,1,6.907755278982137,1.0
9774,rigid,1,1,6.907755278982137,1.0
9775,rigidity,1,1,6.907755278982137,1.0
9776,rigorously,1,1,6.907755278982137,1.0
9777,ring,1,1,6.907755278982137,1.0
9778,rings,1,1,6.907755278982137,1.0
9779,ripre-induced,1,1,6.907755278982137,1.0
9780,rises,1,1,6.907755278982137,1.0
9781,risk-reducing,1,1,6.907755278982137,1.0
9782,risk-reduction,1,1,6.907755278982137,1.0
9783,rivaling,1,1,6.907755278982137,1.0
9784,rna-sequencing,1,1,6.907755278982137,1.0
9785,rnas,1,1,6.907755278982137,1.0
9786,rnascope,1,1,6.907755278982137,1.0
9787,roadmap,1,1,6.907755278982137,1.0
9788,robins-e,1,1,6.907755278982137,1.0
9789,robustly,1,1,6.907755278982137,1.0
9790,robustness,1,1,6.907755278982137,1.0
9791,rolling,1,1,6.907755278982137,1.0
9792,room,1,1,6.907755278982137,1.0
9793,rostral,1,1,6.907755278982137,1.0
9794,rotenone,1,1,6.907755278982137,1.0
9795,rough,1,1,6.907755278982137,1.0
9796,roughly,1,1,6.907755278982137,1.0
9797,rounds,1,1,6.907755278982137,1.0
9798,roundtable,1,1,6.907755278982137,1.0
9799,routines,1,1,6.907755278982137,1.0
9800,rrna,1,1,6.907755278982137,1.0
9801,rrs,1,1,6.907755278982137,1.0
9802,rs-fed,1,1,6.907755278982137,1.0
9803,rtta,1,1,6.907755278982137,1.0
9804,rule,1,1,6.907755278982137,1.0
9805,rules,1,1,6.907755278982137,1.0
9806,ruminant,1,1,6.907755278982137,1.0
9807,runx,1,1,6.907755278982137,1.0
9808,rutaceae,1,1,6.907755278982137,1.0
9809,rygb-induced,1,1,6.907755278982137,1.0
9810,rygb-regulated,1,1,6.907755278982137,1.0
9811,rylg,1,1,6.907755278982137,1.0
9812,s-glutathionylation,1,1,6.907755278982137,1.0
9813,saccharides,1,1,6.907755278982137,1.0
9814,saccharin,1,1,6.907755278982137,1.0
9815,sacrifice,1,1,6.907755278982137,1.0
9816,safeguarding,1,1,6.907755278982137,1.0
9817,safer,1,1,6.907755278982137,1.0
9818,salient,1,1,6.907755278982137,1.0
9819,salivary,1,1,6.907755278982137,1.0
9820,salpingectomy,1,1,6.907755278982137,1.0
9821,salt-treated,1,1,6.907755278982137,1.0
9822,sandwich,1,1,6.907755278982137,1.0
9823,sanger,1,1,6.907755278982137,1.0
9824,saponin,1,1,6.907755278982137,1.0
9825,satiety-promoting,1,1,6.907755278982137,1.0
9826,satisfaction,1,1,6.907755278982137,1.0
9827,satisfactorily,1,1,6.907755278982137,1.0
9828,satisfied,1,1,6.907755278982137,1.0
9829,saturable,1,1,6.907755278982137,1.0
9830,saturated,1,1,6.907755278982137,1.0
9831,saxagliptin,1,1,6.907755278982137,1.0
9832,sb,1,1,6.907755278982137,1.0
9833,scaffolds,1,1,6.907755278982137,1.0
9834,scale-up,1,1,6.907755278982137,1.0
9835,scales,1,1,6.907755278982137,1.0
9836,scalp,1,1,6.907755278982137,1.0
9837,scarcity,1,1,6.907755278982137,1.0
9838,scatchard,1,1,6.907755278982137,1.0
9839,scheduled,1,1,6.907755278982137,1.0
9840,schedules,1,1,6.907755278982137,1.0
9841,schiff,1,1,6.907755278982137,1.0
9842,sciencedirect,1,1,6.907755278982137,1.0
9843,scientists,1,1,6.907755278982137,1.0
9844,scintillation,1,1,6.907755278982137,1.0
9845,scios,1,1,6.907755278982137,1.0
9846,score-weighted,1,1,6.907755278982137,1.0
9847,score-weighting,1,1,6.907755278982137,1.0
9848,scored,1,1,6.907755278982137,1.0
9849,scoring,1,1,6.907755278982137,1.0
9850,scrutinized,1,1,6.907755278982137,1.0
9851,sd,1,1,6.907755278982137,1.0
9852,seahorse,1,1,6.907755278982137,1.0
9853,seaweeds,1,1,6.907755278982137,1.0
9854,second-generation,1,1,6.907755278982137,1.0
9855,second-line,1,1,6.907755278982137,1.0
9856,secretagogin,1,1,6.907755278982137,1.0
9857,secretagogs,1,1,6.907755278982137,1.0
9858,secretion-stimulating,1,1,6.907755278982137,1.0
9859,secretogogues,1,1,6.907755278982137,1.0
9860,secrets,1,1,6.907755278982137,1.0
9861,sedentary,1,1,6.907755278982137,1.0
9862,segment,1,1,6.907755278982137,1.0
9863,segmental,1,1,6.907755278982137,1.0
9864,self-control,1,1,6.907755278982137,1.0
9865,self-efficacy,1,1,6.907755278982137,1.0
9866,self-limiting,1,1,6.907755278982137,1.0
9867,self-report,1,1,6.907755278982137,1.0
9868,self-reported,1,1,6.907755278982137,1.0
9869,self-restraint,1,1,6.907755278982137,1.0
9870,sella,1,1,6.907755278982137,1.0
9871,send,1,1,6.907755278982137,1.0
9872,senescent,1,1,6.907755278982137,1.0
9873,senolytics,1,1,6.907755278982137,1.0
9874,senomorphics,1,1,6.907755278982137,1.0
9875,sensed,1,1,6.907755278982137,1.0
9876,sensitized,1,1,6.907755278982137,1.0
9877,sensor,1,1,6.907755278982137,1.0
9878,sensory-driven,1,1,6.907755278982137,1.0
9879,separable,1,1,6.907755278982137,1.0
9880,separately,1,1,6.907755278982137,1.0
9881,sepsis-induced,1,1,6.907755278982137,1.0
9882,septal,1,1,6.907755278982137,1.0
9883,septum,1,1,6.907755278982137,1.0
9884,sequelae,1,1,6.907755278982137,1.0
9885,sequenced,1,1,6.907755278982137,1.0
9886,sequestrants,1,1,6.907755278982137,1.0
9887,ser-14,1,1,6.907755278982137,1.0
9888,ser-8-glp-1,1,1,6.907755278982137,1.0
9889,serendipitous,1,1,6.907755278982137,1.0
9890,serial,1,1,6.907755278982137,1.0
9891,serines,1,1,6.907755278982137,1.0
9892,seriously,1,1,6.907755278982137,1.0
9893,serotonergic,1,1,6.907755278982137,1.0
9894,serotonin-induced,1,1,6.907755278982137,1.0
9895,served,1,1,6.907755278982137,1.0
9896,server,1,1,6.907755278982137,1.0
9897,setup-the,1,1,6.907755278982137,1.0
9898,sex-4,1,1,6.907755278982137,1.0
9899,sg-1,1,1,6.907755278982137,1.0
9900,sh-sy5y,1,1,6.907755278982137,1.0
9901,shall,1,1,6.907755278982137,1.0
9902,shaped,1,1,6.907755278982137,1.0
9903,shares,1,1,6.907755278982137,1.0
9904,sharply,1,1,6.907755278982137,1.0
9905,shear-stress,1,1,6.907755278982137,1.0
9906,sheds,1,1,6.907755278982137,1.0
9907,shelf-stable,1,1,6.907755278982137,1.0
9908,shell,1,1,6.907755278982137,1.0
9909,shells,1,1,6.907755278982137,1.0
9910,short-bowel,1,1,6.907755278982137,1.0
9911,short-duration,1,1,6.907755278982137,1.0
9912,short-lived,1,1,6.907755278982137,1.0
9913,shortens,1,1,6.907755278982137,1.0
9914,shortlisted,1,1,6.907755278982137,1.0
9915,shrinkage,1,1,6.907755278982137,1.0
9916,shunt,1,1,6.907755278982137,1.0
9917,shutdown,1,1,6.907755278982137,1.0
9918,sialic,1,1,6.907755278982137,1.0
9919,side-effect,1,1,6.907755278982137,1.0
9920,signalling-wnt,1,1,6.907755278982137,1.0
9921,signals-such,1,1,6.907755278982137,1.0
9922,signatures,1,1,6.907755278982137,1.0
9923,significancetirzepatide,1,1,6.907755278982137,1.0
9924,silent,1,1,6.907755278982137,1.0
9925,silicon,1,1,6.907755278982137,1.0
9926,silver,1,1,6.907755278982137,1.0
9927,simplicity,1,1,6.907755278982137,1.0
9928,simplify,1,1,6.907755278982137,1.0
9929,simulated,1,1,6.907755278982137,1.0
9930,simulates,1,1,6.907755278982137,1.0
9931,simvastatin,1,1,6.907755278982137,1.0
9932,single-day,1,1,6.907755278982137,1.0
9933,single-dose,1,1,6.907755278982137,1.0
9934,single-nucleotide,1,1,6.907755278982137,1.0
9935,single-substance,1,1,6.907755278982137,1.0
9936,sipsc,1,1,6.907755278982137,1.0
9937,sirna-mediated,1,1,6.907755278982137,1.0
9938,sirnas,1,1,6.907755278982137,1.0
9939,sirtuin,1,1,6.907755278982137,1.0
9940,sister,1,1,6.907755278982137,1.0
9941,site-directed,1,1,6.907755278982137,1.0
9942,sitting,1,1,6.907755278982137,1.0
9943,situ-perfused,1,1,6.907755278982137,1.0
9944,situated,1,1,6.907755278982137,1.0
9945,situation,1,1,6.907755278982137,1.0
9946,sixteen,1,1,6.907755278982137,1.0
9947,sixth,1,1,6.907755278982137,1.0
9948,sixty,1,1,6.907755278982137,1.0
9949,size-suppressive,1,1,6.907755278982137,1.0
9950,skills,1,1,6.907755278982137,1.0
9951,skin-related,1,1,6.907755278982137,1.0
9952,sle,1,1,6.907755278982137,1.0
9953,sli,1,1,6.907755278982137,1.0
9954,slice,1,1,6.907755278982137,1.0
9955,sln,1,1,6.907755278982137,1.0
9956,slope,1,1,6.907755278982137,1.0
9957,slopes,1,1,6.907755278982137,1.0
9958,slower,1,1,6.907755278982137,1.0
9959,slower-clearing,1,1,6.907755278982137,1.0
9960,small-scale,1,1,6.907755278982137,1.0
9961,smaller,1,1,6.907755278982137,1.0
9962,smallest,1,1,6.907755278982137,1.0
9963,smart,1,1,6.907755278982137,1.0
9964,smart-c,1,1,6.907755278982137,1.0
9965,smell,1,1,6.907755278982137,1.0
9966,smes,1,1,6.907755278982137,1.0
9967,smoking,1,1,6.907755278982137,1.0
9968,sn,1,1,6.907755278982137,1.0
9969,snac,1,1,6.907755278982137,1.0
9970,snakehead,1,1,6.907755278982137,1.0
9971,socio-economic,1,1,6.907755278982137,1.0
9972,socs,1,1,6.907755278982137,1.0
9973,softened,1,1,6.907755278982137,1.0
9974,sojourn,1,1,6.907755278982137,1.0
9975,solely,1,1,6.907755278982137,1.0
9976,solidify,1,1,6.907755278982137,1.0
9977,solitaries,1,1,6.907755278982137,1.0
9978,soluble-insoluble,1,1,6.907755278982137,1.0
9979,solve,1,1,6.907755278982137,1.0
9980,solvent,1,1,6.907755278982137,1.0
9981,somatostatin-14,1,1,6.907755278982137,1.0
9982,somatostatin-like,1,1,6.907755278982137,1.0
9983,somehow,1,1,6.907755278982137,1.0
9984,somewhat,1,1,6.907755278982137,1.0
9985,sons,1,1,6.907755278982137,1.0
9986,soon,1,1,6.907755278982137,1.0
9987,sophisticated,1,1,6.907755278982137,1.0
9988,sourced,1,1,6.907755278982137,1.0
9989,southeast,1,1,6.907755278982137,1.0
9990,southern,1,1,6.907755278982137,1.0
9991,spanning,1,1,6.907755278982137,1.0
9992,sparing,1,1,6.907755278982137,1.0
9993,sparked,1,1,6.907755278982137,1.0
9994,spatially,1,1,6.907755278982137,1.0
9995,specialist,1,1,6.907755278982137,1.0
9996,specialized,1,1,6.907755278982137,1.0
9997,specially,1,1,6.907755278982137,1.0
9998,specificities,1,1,6.907755278982137,1.0
9999,specimens,1,1,6.907755278982137,1.0
10000,spect,1,1,6.907755278982137,1.0
10001,spectra,1,1,6.907755278982137,1.0
10002,spectroscopies,1,1,6.907755278982137,1.0
10003,spectroscopy,1,1,6.907755278982137,1.0
10004,speculate,1,1,6.907755278982137,1.0
10005,speeds,1,1,6.907755278982137,1.0
10006,spent,1,1,6.907755278982137,1.0
10007,sperm,1,1,6.907755278982137,1.0
10008,spermatogenesis,1,1,6.907755278982137,1.0
10009,spermidine,1,1,6.907755278982137,1.0
10010,spices,1,1,6.907755278982137,1.0
10011,spikes,1,1,6.907755278982137,1.0
10012,spillover,1,1,6.907755278982137,1.0
10013,splenic,1,1,6.907755278982137,1.0
10014,splenocytes,1,1,6.907755278982137,1.0
10015,splice,1,1,6.907755278982137,1.0
10016,spotlight,1,1,6.907755278982137,1.0
10017,sprays,1,1,6.907755278982137,1.0
10018,spreading,1,1,6.907755278982137,1.0
10019,spurring,1,1,6.907755278982137,1.0
10020,src,1,1,6.907755278982137,1.0
10021,sryps,1,1,6.907755278982137,1.0
10022,sstr,1,1,6.907755278982137,1.0
10023,st-segment,1,1,6.907755278982137,1.0
10024,stabilisation,1,1,6.907755278982137,1.0
10025,stabilities,1,1,6.907755278982137,1.0
10026,stabilizer,1,1,6.907755278982137,1.0
10027,stable-peptide-based,1,1,6.907755278982137,1.0
10028,stage-targeted,1,1,6.907755278982137,1.0
10029,stain,1,1,6.907755278982137,1.0
10030,stand,1,1,6.907755278982137,1.0
10031,standards,1,1,6.907755278982137,1.0
10032,stands,1,1,6.907755278982137,1.0
10033,stat,1,1,6.907755278982137,1.0
10034,stated,1,1,6.907755278982137,1.0
10035,statement,1,1,6.907755278982137,1.0
10036,static,1,1,6.907755278982137,1.0
10037,station,1,1,6.907755278982137,1.0
10038,stations,1,1,6.907755278982137,1.0
10039,statistic,1,1,6.907755278982137,1.0
10040,statuses,1,1,6.907755278982137,1.0
10041,stay,1,1,6.907755278982137,1.0
10042,steadily,1,1,6.907755278982137,1.0
10043,steady,1,1,6.907755278982137,1.0
10044,stearic,1,1,6.907755278982137,1.0
10045,stearoyl-coa,1,1,6.907755278982137,1.0
10046,steepness,1,1,6.907755278982137,1.0
10047,stemmed,1,1,6.907755278982137,1.0
10048,stemming,1,1,6.907755278982137,1.0
10049,sterically,1,1,6.907755278982137,1.0
10050,steroid,1,1,6.907755278982137,1.0
10051,steroid-refractory,1,1,6.907755278982137,1.0
10052,steroidal,1,1,6.907755278982137,1.0
10053,stevia,1,1,6.907755278982137,1.0
10054,stifling,1,1,6.907755278982137,1.0
10055,stigmatized,1,1,6.907755278982137,1.0
10056,stimuli-responsive,1,1,6.907755278982137,1.0
10057,stimulus,1,1,6.907755278982137,1.0
10058,sting-elicited,1,1,6.907755278982137,1.0
10059,stirred,1,1,6.907755278982137,1.0
10060,stones,1,1,6.907755278982137,1.0
10061,stories,1,1,6.907755278982137,1.0
10062,stream,1,1,6.907755278982137,1.0
10063,streamlined,1,1,6.907755278982137,1.0
10064,strengthening,1,1,6.907755278982137,1.0
10065,streptococcal,1,1,6.907755278982137,1.0
10066,streptozocin-induced,1,1,6.907755278982137,1.0
10067,stress-activated,1,1,6.907755278982137,1.0
10068,stress-associated,1,1,6.907755278982137,1.0
10069,stressor,1,1,6.907755278982137,1.0
10070,strictly,1,1,6.907755278982137,1.0
10071,strikingly,1,1,6.907755278982137,1.0
10072,strobe,1,1,6.907755278982137,1.0
10073,structure-activity-relationship,1,1,6.907755278982137,1.0
10074,structure-function,1,1,6.907755278982137,1.0
10075,students,1,1,6.907755278982137,1.0
10076,stunning,1,1,6.907755278982137,1.0
10077,style,1,1,6.907755278982137,1.0
10078,stz-treated,1,1,6.907755278982137,1.0
10079,su,1,1,6.907755278982137,1.0
10080,sub-diaphragmatic,1,1,6.907755278982137,1.0
10081,sub-mixtures,1,1,6.907755278982137,1.0
10082,sub-picomolar,1,1,6.907755278982137,1.0
10083,subclass,1,1,6.907755278982137,1.0
10084,subclinical,1,1,6.907755278982137,1.0
10085,subcutaneoussemaglutide,1,1,6.907755278982137,1.0
10086,subdivision,1,1,6.907755278982137,1.0
10087,subdivisions,1,1,6.907755278982137,1.0
10088,subepithelial,1,1,6.907755278982137,1.0
10089,subfamily,1,1,6.907755278982137,1.0
10090,subjective,1,1,6.907755278982137,1.0
10091,subpopulation,1,1,6.907755278982137,1.0
10092,subpopulations,1,1,6.907755278982137,1.0
10093,subserve,1,1,6.907755278982137,1.0
10094,substantiate,1,1,6.907755278982137,1.0
10095,substantiated,1,1,6.907755278982137,1.0
10096,substantive,1,1,6.907755278982137,1.0
10097,substituting,1,1,6.907755278982137,1.0
10098,substudies,1,1,6.907755278982137,1.0
10099,substudy,1,1,6.907755278982137,1.0
10100,subtotal,1,1,6.907755278982137,1.0
10101,subtypes,1,1,6.907755278982137,1.0
10102,subunits,1,1,6.907755278982137,1.0
10103,subventricular,1,1,6.907755278982137,1.0
10104,successes,1,1,6.907755278982137,1.0
10105,successive,1,1,6.907755278982137,1.0
10106,suctioned,1,1,6.907755278982137,1.0
10107,suffered,1,1,6.907755278982137,1.0
10108,sugar-lowering,1,1,6.907755278982137,1.0
10109,sugars,1,1,6.907755278982137,1.0
10110,suggestion,1,1,6.907755278982137,1.0
10111,suggestions,1,1,6.907755278982137,1.0
10112,suioh,1,1,6.907755278982137,1.0
10113,suited,1,1,6.907755278982137,1.0
10114,suits,1,1,6.907755278982137,1.0
10115,sulfated,1,1,6.907755278982137,1.0
10116,summit,1,1,6.907755278982137,1.0
10117,sunitinib,1,1,6.907755278982137,1.0
10118,sunred,1,1,6.907755278982137,1.0
10119,superimposed,1,1,6.907755278982137,1.0
10120,supplemented,1,1,6.907755278982137,1.0
10121,supra-physiological,1,1,6.907755278982137,1.0
10122,suprachiasmatic,1,1,6.907755278982137,1.0
10123,supracommissuralis,1,1,6.907755278982137,1.0
10124,supraglottic,1,1,6.907755278982137,1.0
10125,surfaces,1,1,6.907755278982137,1.0
10126,surmount-osa,1,1,6.907755278982137,1.0
10127,surpass-cvot,1,1,6.907755278982137,1.0
10128,surpassed,1,1,6.907755278982137,1.0
10129,surplus,1,1,6.907755278982137,1.0
10130,surprise,1,1,6.907755278982137,1.0
10131,surprising,1,1,6.907755278982137,1.0
10132,surrogate,1,1,6.907755278982137,1.0
10133,surround,1,1,6.907755278982137,1.0
10134,surveyed,1,1,6.907755278982137,1.0
10135,surveys,1,1,6.907755278982137,1.0
10136,surviving,1,1,6.907755278982137,1.0
10137,survivors,1,1,6.907755278982137,1.0
10138,survivorship,1,1,6.907755278982137,1.0
10139,suspect,1,1,6.907755278982137,1.0
10140,suspectum,1,1,6.907755278982137,1.0
10141,suspicion,1,1,6.907755278982137,1.0
10142,sustainability,1,1,6.907755278982137,1.0
10143,sustains,1,1,6.907755278982137,1.0
10144,sutterella,1,1,6.907755278982137,1.0
10145,svetlana,1,1,6.907755278982137,1.0
10146,swallow,1,1,6.907755278982137,1.0
10147,sweden,1,1,6.907755278982137,1.0
10148,sweet-taste,1,1,6.907755278982137,1.0
10149,sweetened,1,1,6.907755278982137,1.0
10150,sweetener,1,1,6.907755278982137,1.0
10151,sweeteners,1,1,6.907755278982137,1.0
10152,swing,1,1,6.907755278982137,1.0
10153,sword,1,1,6.907755278982137,1.0
10154,sympatho-gastro-spinal-reticular-hypothalamic,1,1,6.907755278982137,1.0
10155,symptom-based,1,1,6.907755278982137,1.0
10156,symptom-focused,1,1,6.907755278982137,1.0
10157,synapse,1,1,6.907755278982137,1.0
10158,synapses,1,1,6.907755278982137,1.0
10159,synaptosome,1,1,6.907755278982137,1.0
10160,synchronization,1,1,6.907755278982137,1.0
10161,synchronously,1,1,6.907755278982137,1.0
10162,synergic,1,1,6.907755278982137,1.0
10163,synergism,1,1,6.907755278982137,1.0
10164,synergy-nash,1,1,6.907755278982137,1.0
10165,synphase,1,1,6.907755278982137,1.0
10166,synthesise,1,1,6.907755278982137,1.0
10167,synthesised,1,1,6.907755278982137,1.0
10168,synthetically,1,1,6.907755278982137,1.0
10169,synuclein,1,1,6.907755278982137,1.0
10170,syrcle,1,1,6.907755278982137,1.0
10171,syrian,1,1,6.907755278982137,1.0
10172,syringaldehyde,1,1,6.907755278982137,1.0
10173,syst,1,1,6.907755278982137,1.0
10174,systemically,1,1,6.907755278982137,1.0
10175,table,1,1,6.907755278982137,1.0
10176,tackle,1,1,6.907755278982137,1.0
10177,tag,1,1,6.907755278982137,1.0
10178,tagged,1,1,6.907755278982137,1.0
10179,tail,1,1,6.907755278982137,1.0
10180,takaoka,1,1,6.907755278982137,1.0
10181,take-home,1,1,6.907755278982137,1.0
10182,takes,1,1,6.907755278982137,1.0
10183,tapering,1,1,6.907755278982137,1.0
10184,target-mediates,1,1,6.907755278982137,1.0
10185,target-to-background,1,1,6.907755278982137,1.0
10186,targetable,1,1,6.907755278982137,1.0
10187,targetscan,1,1,6.907755278982137,1.0
10188,tasks,1,1,6.907755278982137,1.0
10189,taspoglutide-bound,1,1,6.907755278982137,1.0
10190,tastant,1,1,6.907755278982137,1.0
10191,taste-signaling,1,1,6.907755278982137,1.0
10192,tbas,1,1,6.907755278982137,1.0
10193,tctr,1,1,6.907755278982137,1.0
10194,tdtomato-fluorescence,1,1,6.907755278982137,1.0
10195,tdtomato-positive,1,1,6.907755278982137,1.0
10196,team,1,1,6.907755278982137,1.0
10197,teams,1,1,6.907755278982137,1.0
10198,technical,1,1,6.907755278982137,1.0
10199,telemedicine-based,1,1,6.907755278982137,1.0
10200,telemeters,1,1,6.907755278982137,1.0
10201,telencephali,1,1,6.907755278982137,1.0
10202,telencephalic,1,1,6.907755278982137,1.0
10203,tell,1,1,6.907755278982137,1.0
10204,telogen,1,1,6.907755278982137,1.0
10205,telomerase,1,1,6.907755278982137,1.0
10206,temper,1,1,6.907755278982137,1.0
10207,temperatures,1,1,6.907755278982137,1.0
10208,tempered,1,1,6.907755278982137,1.0
10209,template,1,1,6.907755278982137,1.0
10210,templates,1,1,6.907755278982137,1.0
10211,temples,1,1,6.907755278982137,1.0
10212,temporally,1,1,6.907755278982137,1.0
10213,tendencies,1,1,6.907755278982137,1.0
10214,tendency,1,1,6.907755278982137,1.0
10215,tendon,1,1,6.907755278982137,1.0
10216,teratogenicity,1,1,6.907755278982137,1.0
10217,terminal,1,1,6.907755278982137,1.0
10218,terminated,1,1,6.907755278982137,1.0
10219,tertiary,1,1,6.907755278982137,1.0
10220,testicles,1,1,6.907755278982137,1.0
10221,testosterone-stimulated,1,1,6.907755278982137,1.0
10222,tet-reporter,1,1,6.907755278982137,1.0
10223,tethered,1,1,6.907755278982137,1.0
10224,tetrachloride,1,1,6.907755278982137,1.0
10225,tetraethylene,1,1,6.907755278982137,1.0
10226,tetrahydropyridine,1,1,6.907755278982137,1.0
10227,textbook,1,1,6.907755278982137,1.0
10228,tgs,1,1,6.907755278982137,1.0
10229,thai,1,1,6.907755278982137,1.0
10230,themanagement,1,1,6.907755278982137,1.0
10231,theorizes,1,1,6.907755278982137,1.0
10232,theory,1,1,6.907755278982137,1.0
10233,theory-based,1,1,6.907755278982137,1.0
10234,theranostics,1,1,6.907755278982137,1.0
10235,thereof,1,1,6.907755278982137,1.0
10236,thermodynamic,1,1,6.907755278982137,1.0
10237,thermodynamics,1,1,6.907755278982137,1.0
10238,theses,1,1,6.907755278982137,1.0
10239,thiamine,1,1,6.907755278982137,1.0
10240,thiazolidinedione,1,1,6.907755278982137,1.0
10241,thick,1,1,6.907755278982137,1.0
10242,thickness,1,1,6.907755278982137,1.0
10243,think,1,1,6.907755278982137,1.0
10244,thioredoxin-modified,1,1,6.907755278982137,1.0
10245,thoracic,1,1,6.907755278982137,1.0
10246,thousand-fold,1,1,6.907755278982137,1.0
10247,threats,1,1,6.907755278982137,1.0
10248,threonine,1,1,6.907755278982137,1.0
10249,threonines,1,1,6.907755278982137,1.0
10250,threshold,1,1,6.907755278982137,1.0
10251,thresholds,1,1,6.907755278982137,1.0
10252,thrice-daily,1,1,6.907755278982137,1.0
10253,thromboembolic,1,1,6.907755278982137,1.0
10254,thrombogenicity,1,1,6.907755278982137,1.0
10255,thromboprophylactic,1,1,6.907755278982137,1.0
10256,thromboxane-mediated,1,1,6.907755278982137,1.0
10257,thyroid-related,1,1,6.907755278982137,1.0
10258,thyrotoxicosis,1,1,6.907755278982137,1.0
10259,tide,1,1,6.907755278982137,1.0
10260,tight,1,1,6.907755278982137,1.0
10261,time-based,1,1,6.907755278982137,1.0
10262,time-driven,1,1,6.907755278982137,1.0
10263,time-lagged,1,1,6.907755278982137,1.0
10264,time-to-onset,1,1,6.907755278982137,1.0
10265,timed,1,1,6.907755278982137,1.0
10266,timepoint,1,1,6.907755278982137,1.0
10267,timescales,1,1,6.907755278982137,1.0
10268,timp-1,1,1,6.907755278982137,1.0
10269,timp-2,1,1,6.907755278982137,1.0
10270,title,1,1,6.907755278982137,1.0
10271,titles,1,1,6.907755278982137,1.0
10272,titratable,1,1,6.907755278982137,1.0
10273,titrated,1,1,6.907755278982137,1.0
10274,tms,1,1,6.907755278982137,1.0
10275,to-date,1,1,6.907755278982137,1.0
10276,tolerable,1,1,6.907755278982137,1.0
10277,tolerance-was,1,1,6.907755278982137,1.0
10278,tolerating,1,1,6.907755278982137,1.0
10279,toll-like,1,1,6.907755278982137,1.0
10280,tone,1,1,6.907755278982137,1.0
10281,topical,1,1,6.907755278982137,1.0
10282,topiramate,1,1,6.907755278982137,1.0
10283,tortuosity,1,1,6.907755278982137,1.0
10284,totally,1,1,6.907755278982137,1.0
10285,touted,1,1,6.907755278982137,1.0
10286,toxicants,1,1,6.907755278982137,1.0
10287,toxicities,1,1,6.907755278982137,1.0
10288,toxicology,1,1,6.907755278982137,1.0
10289,toxsentryweb,1,1,6.907755278982137,1.0
10290,traceable,1,1,6.907755278982137,1.0
10291,tracers,1,1,6.907755278982137,1.0
10292,traces,1,1,6.907755278982137,1.0
10293,trachea,1,1,6.907755278982137,1.0
10294,tracheal,1,1,6.907755278982137,1.0
10295,traction,1,1,6.907755278982137,1.0
10296,traits,1,1,6.907755278982137,1.0
10297,trajectories,1,1,6.907755278982137,1.0
10298,trans-differentiation,1,1,6.907755278982137,1.0
10299,trans-well,1,1,6.907755278982137,1.0
10300,transaminases,1,1,6.907755278982137,1.0
10301,transcription-polymerase,1,1,6.907755278982137,1.0
10302,transcytosis,1,1,6.907755278982137,1.0
10303,transdifferentiate,1,1,6.907755278982137,1.0
10304,transduced,1,1,6.907755278982137,1.0
10305,transducing,1,1,6.907755278982137,1.0
10306,transectioning,1,1,6.907755278982137,1.0
10307,transfected,1,1,6.907755278982137,1.0
10308,transformation,1,1,6.907755278982137,1.0
10309,transgastric,1,1,6.907755278982137,1.0
10310,transiently,1,1,6.907755278982137,1.0
10311,transitioning,1,1,6.907755278982137,1.0
10312,transjugular,1,1,6.907755278982137,1.0
10313,translatable,1,1,6.907755278982137,1.0
10314,translates,1,1,6.907755278982137,1.0
10315,translating,1,1,6.907755278982137,1.0
10316,transmembraneous,1,1,6.907755278982137,1.0
10317,transmitter,1,1,6.907755278982137,1.0
10318,transplant-listed,1,1,6.907755278982137,1.0
10319,transplants,1,1,6.907755278982137,1.0
10320,transporter-mediated,1,1,6.907755278982137,1.0
10321,trapped,1,1,6.907755278982137,1.0
10322,traumatic,1,1,6.907755278982137,1.0
10323,traverse,1,1,6.907755278982137,1.0
10324,treatable,1,1,6.907755278982137,1.0
10325,treatment-adherent,1,1,6.907755278982137,1.0
10326,treatment-induced,1,1,6.907755278982137,1.0
10327,treatment-limiting,1,1,6.907755278982137,1.0
10328,trending,1,1,6.907755278982137,1.0
10329,tri-agonism,1,1,6.907755278982137,1.0
10330,tri-agonists,1,1,6.907755278982137,1.0
10331,triamterene,1,1,6.907755278982137,1.0
10332,trichostatin,1,1,6.907755278982137,1.0
10333,tried,1,1,6.907755278982137,1.0
10334,trifluoroethanol,1,1,6.907755278982137,1.0
10335,trifunctional,1,1,6.907755278982137,1.0
10336,triggers,1,1,6.907755278982137,1.0
10337,trimester,1,1,6.907755278982137,1.0
10338,trimethylamine-n-oxide,1,1,6.907755278982137,1.0
10339,trioleate,1,1,6.907755278982137,1.0
10340,trip,1,1,6.907755278982137,1.0
10341,triphosphate,1,1,6.907755278982137,1.0
10342,triphosphate-sensor,1,1,6.907755278982137,1.0
10343,triple-acting,1,1,6.907755278982137,1.0
10344,triterpenoid,1,1,6.907755278982137,1.0
10345,triumvirate,1,1,6.907755278982137,1.0
10346,trizepatide,1,1,6.907755278982137,1.0
10347,trough,1,1,6.907755278982137,1.0
10348,trout,1,1,6.907755278982137,1.0
10349,trp-ile,1,1,6.907755278982137,1.0
10350,trpa,1,1,6.907755278982137,1.0
10351,trpa-1,1,1,6.907755278982137,1.0
10352,trpm,1,1,6.907755278982137,1.0
10353,trulicity,1,1,6.907755278982137,1.0
10354,truncal,1,1,6.907755278982137,1.0
10355,tryptophan,1,1,6.907755278982137,1.0
10356,tryptophan-cage,1,1,6.907755278982137,1.0
10357,tryptophan-selective,1,1,6.907755278982137,1.0
10358,ttx,1,1,6.907755278982137,1.0
10359,tubular,1,1,6.907755278982137,1.0
10360,tudca,1,1,6.907755278982137,1.0
10361,tumour,1,1,6.907755278982137,1.0
10362,tunable,1,1,6.907755278982137,1.0
10363,tunica,1,1,6.907755278982137,1.0
10364,turned,1,1,6.907755278982137,1.0
10365,twenty,1,1,6.907755278982137,1.0
10366,twenty-four,1,1,6.907755278982137,1.0
10367,twenty-six,1,1,6.907755278982137,1.0
10368,twenty-three,1,1,6.907755278982137,1.0
10369,twigs,1,1,6.907755278982137,1.0
10370,twincretin,1,1,6.907755278982137,1.0
10371,two-channel,1,1,6.907755278982137,1.0
10372,two-dimensional,1,1,6.907755278982137,1.0
10373,two-thirds,1,1,6.907755278982137,1.0
10374,two-year,1,1,6.907755278982137,1.0
10375,type-1,1,1,6.907755278982137,1.0
10376,type-ii,1,1,6.907755278982137,1.0
10377,tyr,1,1,6.907755278982137,1.0
10378,ubiquitously,1,1,6.907755278982137,1.0
10379,ucp,1,1,6.907755278982137,1.0
10380,udekem,1,1,6.907755278982137,1.0
10381,ultimate,1,1,6.907755278982137,1.0
10382,umbrella,1,1,6.907755278982137,1.0
10383,unabated,1,1,6.907755278982137,1.0
10384,unacceptable,1,1,6.907755278982137,1.0
10385,unaddressed,1,1,6.907755278982137,1.0
10386,unadjusted,1,1,6.907755278982137,1.0
10387,unappealing,1,1,6.907755278982137,1.0
10388,unattempted,1,1,6.907755278982137,1.0
10389,unblocking,1,1,6.907755278982137,1.0
10390,uncharted,1,1,6.907755278982137,1.0
10391,unclassified,1,1,6.907755278982137,1.0
10392,uncompensated,1,1,6.907755278982137,1.0
10393,uncomplicated,1,1,6.907755278982137,1.0
10394,unconjugated,1,1,6.907755278982137,1.0
10395,unconnected,1,1,6.907755278982137,1.0
10396,unconsciousness,1,1,6.907755278982137,1.0
10397,uncoupling,1,1,6.907755278982137,1.0
10398,undefined,1,1,6.907755278982137,1.0
10399,under-described,1,1,6.907755278982137,1.0
10400,under-recognized,1,1,6.907755278982137,1.0
10401,underappreciated,1,1,6.907755278982137,1.0
10402,underlines,1,1,6.907755278982137,1.0
10403,undermine,1,1,6.907755278982137,1.0
10404,undernutrition,1,1,6.907755278982137,1.0
10405,underpins,1,1,6.907755278982137,1.0
10406,underrepresented,1,1,6.907755278982137,1.0
10407,undertook,1,1,6.907755278982137,1.0
10408,underweight,1,1,6.907755278982137,1.0
10409,undescribed,1,1,6.907755278982137,1.0
10410,undetermined,1,1,6.907755278982137,1.0
10411,undiagnosed,1,1,6.907755278982137,1.0
10412,undoubtedly,1,1,6.907755278982137,1.0
10413,uneven,1,1,6.907755278982137,1.0
10414,unevenly,1,1,6.907755278982137,1.0
10415,unexplained,1,1,6.907755278982137,1.0
10416,unexposed,1,1,6.907755278982137,1.0
10417,unfavorable,1,1,6.907755278982137,1.0
10418,unfolded,1,1,6.907755278982137,1.0
10419,unfused,1,1,6.907755278982137,1.0
10420,unhealthy,1,1,6.907755278982137,1.0
10421,uniform,1,1,6.907755278982137,1.0
10422,uniformly,1,1,6.907755278982137,1.0
10423,unifying,1,1,6.907755278982137,1.0
10424,unintentional,1,1,6.907755278982137,1.0
10425,unity,1,1,6.907755278982137,1.0
10426,univariate,1,1,6.907755278982137,1.0
10427,unmeasured,1,1,6.907755278982137,1.0
10428,unobserved,1,1,6.907755278982137,1.0
10429,unplanned,1,1,6.907755278982137,1.0
10430,unrecognized,1,1,6.907755278982137,1.0
10431,unregulated,1,1,6.907755278982137,1.0
10432,unrelated,1,1,6.907755278982137,1.0
10433,unreported,1,1,6.907755278982137,1.0
10434,unrestrained,1,1,6.907755278982137,1.0
10435,unrestricted,1,1,6.907755278982137,1.0
10436,unsettled,1,1,6.907755278982137,1.0
10437,unstable,1,1,6.907755278982137,1.0
10438,unstandardised,1,1,6.907755278982137,1.0
10439,unsuccessful,1,1,6.907755278982137,1.0
10440,unsuitable,1,1,6.907755278982137,1.0
10441,untargeted,1,1,6.907755278982137,1.0
10442,untoward,1,1,6.907755278982137,1.0
10443,unusual,1,1,6.907755278982137,1.0
10444,unveil,1,1,6.907755278982137,1.0
10445,unveiled,1,1,6.907755278982137,1.0
10446,unwanted,1,1,6.907755278982137,1.0
10447,unwelcome,1,1,6.907755278982137,1.0
10448,up-regulate,1,1,6.907755278982137,1.0
10449,up-regulating,1,1,6.907755278982137,1.0
10450,up-take,1,1,6.907755278982137,1.0
10451,upadacitinib,1,1,6.907755278982137,1.0
10452,upcoming,1,1,6.907755278982137,1.0
10453,updated,1,1,6.907755278982137,1.0
10454,upregulates,1,1,6.907755278982137,1.0
10455,upregulating,1,1,6.907755278982137,1.0
10456,upregulations,1,1,6.907755278982137,1.0
10457,ups,1,1,6.907755278982137,1.0
10458,upstream,1,1,6.907755278982137,1.0
10459,upward,1,1,6.907755278982137,1.0
10460,urethane,1,1,6.907755278982137,1.0
10461,urethane-chloralose,1,1,6.907755278982137,1.0
10462,urogenital,1,1,6.907755278982137,1.0
10463,urticaria,1,1,6.907755278982137,1.0
10464,uruchi,1,1,6.907755278982137,1.0
10465,uscn,1,1,6.907755278982137,1.0
10466,use-related,1,1,6.907755278982137,1.0
10467,usefully,1,1,6.907755278982137,1.0
10468,user,1,1,6.907755278982137,1.0
10469,ushered,1,1,6.907755278982137,1.0
10470,usp,1,1,6.907755278982137,1.0
10471,ustekinumab,1,1,6.907755278982137,1.0
10472,uterus,1,1,6.907755278982137,1.0
10473,utilisation,1,1,6.907755278982137,1.0
10474,utilising,1,1,6.907755278982137,1.0
10475,utilities,1,1,6.907755278982137,1.0
10476,utmost,1,1,6.907755278982137,1.0
10477,utr,1,1,6.907755278982137,1.0
10478,uv-visible,1,1,6.907755278982137,1.0
10479,vaccine,1,1,6.907755278982137,1.0
10480,vagally,1,1,6.907755278982137,1.0
10481,vagally-mediated,1,1,6.907755278982137,1.0
10482,vagi,1,1,6.907755278982137,1.0
10483,vago-vagal,1,1,6.907755278982137,1.0
10484,valid,1,1,6.907755278982137,1.0
10485,valproic,1,1,6.907755278982137,1.0
10486,valve,1,1,6.907755278982137,1.0
10487,vans,1,1,6.907755278982137,1.0
10488,varicosities,1,1,6.907755278982137,1.0
10489,varies,1,1,6.907755278982137,1.0
10490,vascularity,1,1,6.907755278982137,1.0
10491,vascularized,1,1,6.907755278982137,1.0
10492,vascularly,1,1,6.907755278982137,1.0
10493,vasculitic,1,1,6.907755278982137,1.0
10494,vasoactive,1,1,6.907755278982137,1.0
10495,vasoactivity,1,1,6.907755278982137,1.0
10496,vasoconstriction,1,1,6.907755278982137,1.0
10497,vasopressin,1,1,6.907755278982137,1.0
10498,vasoprotective,1,1,6.907755278982137,1.0
10499,vast,1,1,6.907755278982137,1.0
10500,vastly,1,1,6.907755278982137,1.0
10501,vectorial,1,1,6.907755278982137,1.0
10502,vectors,1,1,6.907755278982137,1.0
10503,vegan,1,1,6.907755278982137,1.0
10504,vegetables,1,1,6.907755278982137,1.0
10505,vegetarian,1,1,6.907755278982137,1.0
10506,vegf,1,1,6.907755278982137,1.0
10507,vegf-a,1,1,6.907755278982137,1.0
10508,vehicle-infused,1,1,6.907755278982137,1.0
10509,vehicle-treated,1,1,6.907755278982137,1.0
10510,veins,1,1,6.907755278982137,1.0
10511,vena,1,1,6.907755278982137,1.0
10512,ventralis,1,1,6.907755278982137,1.0
10513,ventrolateral,1,1,6.907755278982137,1.0
10514,venus,1,1,6.907755278982137,1.0
10515,verapamil,1,1,6.907755278982137,1.0
10516,verifying,1,1,6.907755278982137,1.0
10517,verity,1,1,6.907755278982137,1.0
10518,vertebrates,1,1,6.907755278982137,1.0
10519,vesicular,1,1,6.907755278982137,1.0
10520,veterans,1,1,6.907755278982137,1.0
10521,vi,1,1,6.907755278982137,1.0
10522,viable,1,1,6.907755278982137,1.0
10523,vicinity,1,1,6.907755278982137,1.0
10524,vicious,1,1,6.907755278982137,1.0
10525,victoza-novo,1,1,6.907755278982137,1.0
10526,videomicroscopy,1,1,6.907755278982137,1.0
10527,vietnam,1,1,6.907755278982137,1.0
10528,viewed,1,1,6.907755278982137,1.0
10529,viewpoints,1,1,6.907755278982137,1.0
10530,vii,1,1,6.907755278982137,1.0
10531,villosum,1,1,6.907755278982137,1.0
10532,villus,1,1,6.907755278982137,1.0
10533,vilsb,1,1,6.907755278982137,1.0
10534,vimentin,1,1,6.907755278982137,1.0
10535,virtue,1,1,6.907755278982137,1.0
10536,virulence,1,1,6.907755278982137,1.0
10537,visits,1,1,6.907755278982137,1.0
10538,visualizing,1,1,6.907755278982137,1.0
10539,vitro-maturated,1,1,6.907755278982137,1.0
10540,vldl-tg,1,1,6.907755278982137,1.0
10541,void,1,1,6.907755278982137,1.0
10542,voltage-sensitive,1,1,6.907755278982137,1.0
10543,volumetric,1,1,6.907755278982137,1.0
10544,volunteer,1,1,6.907755278982137,1.0
10545,vpa-therapy,1,1,6.907755278982137,1.0
10546,vulnerabilities,1,1,6.907755278982137,1.0
10547,waggoner,1,1,6.907755278982137,1.0
10548,waist-to-hip,1,1,6.907755278982137,1.0
10549,wake,1,1,6.907755278982137,1.0
10550,wall,1,1,6.907755278982137,1.0
10551,wanfang,1,1,6.907755278982137,1.0
10552,wasting,1,1,6.907755278982137,1.0
10553,water-salt,1,1,6.907755278982137,1.0
10554,wave,1,1,6.907755278982137,1.0
10555,wdl,1,1,6.907755278982137,1.0
10556,weakened,1,1,6.907755278982137,1.0
10557,weaker,1,1,6.907755278982137,1.0
10558,wealth,1,1,6.907755278982137,1.0
10559,web-based,1,1,6.907755278982137,1.0
10560,websites,1,1,6.907755278982137,1.0
10561,weight-bearing,1,1,6.907755278982137,1.0
10562,weight-centered,1,1,6.907755278982137,1.0
10563,weight-control,1,1,6.907755278982137,1.0
10564,weight-defense,1,1,6.907755278982137,1.0
10565,weight-inclusive,1,1,6.907755278982137,1.0
10566,weight-mediated,1,1,6.907755278982137,1.0
10567,weight-modifying,1,1,6.907755278982137,1.0
10568,weight-targeted,1,1,6.907755278982137,1.0
10569,well-being,1,1,6.907755278982137,1.0
10570,well-characterised,1,1,6.907755278982137,1.0
10571,well-conserved,1,1,6.907755278982137,1.0
10572,well-controlled,1,1,6.907755278982137,1.0
10573,well-informed,1,1,6.907755278982137,1.0
10574,wherein,1,1,6.907755278982137,1.0
10575,wholegrain,1,1,6.907755278982137,1.0
10576,wider,1,1,6.907755278982137,1.0
10577,wire,1,1,6.907755278982137,1.0
10578,wired,1,1,6.907755278982137,1.0
10579,wirgcrl,1,1,6.907755278982137,1.0
10580,wisdom,1,1,6.907755278982137,1.0
10581,withdrawing,1,1,6.907755278982137,1.0
10582,within-person,1,1,6.907755278982137,1.0
10583,wonderful,1,1,6.907755278982137,1.0
10584,words,1,1,6.907755278982137,1.0
10585,workforce,1,1,6.907755278982137,1.0
10586,working,1,1,6.907755278982137,1.0
10587,workload,1,1,6.907755278982137,1.0
10588,worsen,1,1,6.907755278982137,1.0
10589,worsened,1,1,6.907755278982137,1.0
10590,worsens,1,1,6.907755278982137,1.0
10591,worth,1,1,6.907755278982137,1.0
10592,worthwhile,1,1,6.907755278982137,1.0
10593,x-box,1,1,6.907755278982137,1.0
10594,x-ray,1,1,6.907755278982137,1.0
10595,xaa-pro,1,1,6.907755278982137,1.0
10596,xanthoangelol,1,1,6.907755278982137,1.0
10597,xglp-1,1,1,6.907755278982137,1.0
10598,xu,1,1,6.907755278982137,1.0
10599,y-maze,1,1,6.907755278982137,1.0
10600,yearly,1,1,6.907755278982137,1.0
10601,yes,1,1,6.907755278982137,1.0
10602,yfp-tagged,1,1,6.907755278982137,1.0
10603,yi,1,1,6.907755278982137,1.0
10604,yogeswaran,1,1,6.907755278982137,1.0
10605,yogurt,1,1,6.907755278982137,1.0
10606,young-onset,1,1,6.907755278982137,1.0
10607,youth,1,1,6.907755278982137,1.0
10608,yr-old,1,1,6.907755278982137,1.0
10609,zd,1,1,6.907755278982137,1.0
10610,zealand,1,1,6.907755278982137,1.0
10611,zeitgeber,1,1,6.907755278982137,1.0
10612,zepbound,1,1,6.907755278982137,1.0
10613,zhang,1,1,6.907755278982137,1.0
10614,zinc,1,1,6.907755278982137,1.0
10615,zucker,1,1,6.907755278982137,1.0
