rank,term,CF,DF,IDF,CF_per_DF
1,",",8842,988,0.01207258123426924,8.949392712550607
2,.,7418,1000,0.0,7.418
3,the,6727,976,0.024292692569044483,6.892418032786885
4,and,6530,982,0.01816397062767112,6.64969450101833
5,of,6015,980,0.02020270731751947,6.137755102040816
6,in,4617,957,0.04395188752918277,4.824451410658307
7,glp-1,3863,929,0.07364654016829851,4.158234660925727
8,),3598,961,0.03978087001184446,3.7440166493236213
9,(,3580,961,0.03978087001184446,3.72528616024974
10,to,2876,895,0.11093156070728162,3.21340782122905
11,a,2331,849,0.1636960926707897,2.745583038869258
12,with,1772,733,0.3106095770954856,2.417462482946794
13,for,1570,732,0.31197476502082544,2.1448087431693987
14,is,1307,680,0.38566248081198473,1.9220588235294118
15,that,1240,631,0.4604494164409239,1.9651347068145801
16,-,1139,410,0.8915981192837835,2.7780487804878047
17,on,1074,589,0.5293290953305504,1.8234295415959254
18,receptor,1035,620,0.47803580094299974,1.6693548387096775
19,as,1002,520,0.653926467406664,1.926923076923077
20,by,986,520,0.653926467406664,1.896153846153846
21,glucagon-like,973,928,0.07472354619593657,1.0484913793103448
22,this,947,655,0.4231200433468852,1.4458015267175572
23,diabetes,819,545,0.6069694843188931,1.5027522935779816
24,effects,809,471,0.7528971849657193,1.7176220806794056
25,peptide-1,781,753,0.28369005118224344,1.0371845949535192
26,are,776,486,0.7215466550816433,1.5967078189300412
27,:,759,214,1.5417792639602856,3.546728971962617
28,we,759,475,0.7444404749474958,1.5978947368421053
29,agonists,753,461,0.7743572359854886,1.6334056399132322
30,was,724,351,1.0469690555162712,2.0626780626780628
31,were,671,320,1.1394342831883648,2.096875
32,have,657,431,0.8416471888783893,1.5243619489559164
33,/,632,303,1.1940224734727678,2.0858085808580857
34,secretion,621,268,1.3167682984712803,2.3171641791044775
35,these,619,440,0.8209805520698303,1.4068181818181817
36,insulin,616,309,1.1744140020843916,1.993527508090615
37,treatment,597,394,0.9314043696842033,1.515228426395939
38,or,582,349,1.0526833567797098,1.667621776504298
39,glucose,572,307,1.18090753139494,1.8631921824104234
40,an,569,401,0.9137938516755679,1.4189526184538654
41,weight,551,315,1.155182640156504,1.7492063492063492
42,type,532,415,0.8794767587514388,1.2819277108433735
43,from,515,351,1.0469690555162712,1.4672364672364673
44,patients,510,281,1.2694006096483914,1.8149466192170818
45,obesity,499,278,1.2801341652915,1.7949640287769784
46,cells,489,206,1.579879110192556,2.3737864077669903
47,ras,445,147,1.9173226922034008,3.0272108843537415
48,their,441,292,1.2310014767138553,1.5102739726027397
49,peptide,431,315,1.155182640156504,1.3682539682539683
50,be,422,315,1.155182640156504,1.3396825396825396
51,has,404,306,1.1841701770297564,1.3202614379084967
52,may,395,293,1.2275826699650698,1.348122866894198
53,review,395,322,1.1332037334377287,1.2267080745341614
54,clinical,392,262,1.3394107752210402,1.4961832061068703
55,potential,382,290,1.2378743560016172,1.3172413793103448
56,studies,381,239,1.4312917270506262,1.594142259414226
57,which,377,295,1.2207799226423173,1.2779661016949153
58,glp-1r,356,112,2.1892564076870427,3.1785714285714284
59,been,342,253,1.3743657902546167,1.3517786561264822
60,cardiovascular,342,168,1.783791299578878,2.0357142857142856
61,also,341,271,1.3056364581024362,1.2583025830258303
62,not,340,263,1.3356012468043725,1.2927756653992395
63,t,334,153,1.8773173575897015,2.183006535947712
64,effect,321,203,1.5945492999403497,1.5812807881773399
65,levels,317,205,1.5847452998437288,1.5463414634146342
66,its,314,213,1.546463113272712,1.4741784037558685
67,study,312,238,1.4354846053106625,1.3109243697478992
68,%,309,114,2.1715568305876416,2.710526315789474
69,loss,308,205,1.5847452998437288,1.502439024390244
70,metabolic,308,195,1.6347557204183902,1.5794871794871794
71,results,306,264,1.3318061758358208,1.1590909090909092
72,use,300,207,1.575036485716768,1.4492753623188406
73,risk,299,177,1.731605546408308,1.689265536723164
74,increased,293,203,1.5945492999403497,1.4433497536945812
75,disease,286,201,1.6044503709230613,1.4228855721393034
76,but,285,226,1.487220279709851,1.261061946902655
77,control,284,216,1.5324768712979722,1.3148148148148149
78,at,280,185,1.6873994539038122,1.5135135135135136
79,however,270,251,1.3823023398503531,1.0756972111553784
80,mice,265,121,2.111964733385396,2.190082644628099
81,role,265,225,1.491654876777717,1.1777777777777778
82,evidence,259,189,1.6660082639224947,1.3703703703703705
83,gip,248,104,2.2633643798407643,2.3846153846153846
84,mechanisms,248,193,1.6450650900772514,1.2849740932642486
85,expression,247,117,2.145581344184381,2.111111111111111
86,incretin,246,168,1.783791299578878,1.4642857142857142
87,after,245,171,1.7660917224794772,1.432748538011696
88,;,242,145,1.9310215365615626,1.6689655172413793
89,including,240,202,1.5994875815809322,1.188118811881188
90,both,239,195,1.6347557204183902,1.2256410256410257
91,it,239,188,1.6713133161521878,1.2712765957446808
92,therapeutic,233,192,1.6502599069543555,1.2135416666666667
93,associated,225,173,1.7544636844843582,1.300578034682081
94,cell,217,131,2.0325579557809856,1.6564885496183206
95,dm,214,101,2.2926347621408776,2.118811881188119
96,management,214,161,1.8263509139976741,1.329192546583851
97,mellitus,212,188,1.6713133161521878,1.127659574468085
98,body,211,160,1.8325814637483102,1.31875
99,agonist,210,163,1.8140050781753747,1.2883435582822085
100,',209,121,2.111964733385396,1.7272727272727273
101,such,206,177,1.731605546408308,1.1638418079096045
102,p,205,71,2.645075401940822,2.887323943661972
103,using,205,177,1.731605546408308,1.1581920903954803
104,liraglutide,204,101,2.2926347621408776,2.01980198019802
105,trials,204,147,1.9173226922034008,1.3877551020408163
106,data,201,168,1.783791299578878,1.1964285714285714
107,gastric,199,123,2.0955709236097197,1.6178861788617886
108,glucagon,199,134,2.0099154790312257,1.4850746268656716
109,can,198,160,1.8325814637483102,1.2375
110,response,197,130,2.0402208285265546,1.5153846153846153
111,function,196,150,1.8971199848858813,1.3066666666666666
112,hormone,196,166,1.7957674906255938,1.180722891566265
113,food,194,115,2.162823150618887,1.6869565217391305
114,therapy,194,144,1.9379419794061366,1.3472222222222223
115,glp-1ras,193,69,2.6736487743848776,2.7971014492753623
116,drugs,192,137,1.9877743531540122,1.4014598540145986
117,blood,189,151,1.8904754421672127,1.2516556291390728
118,significantly,186,134,2.0099154790312257,1.3880597014925373
119,between,183,134,2.0099154790312257,1.3656716417910448
120,ra,179,82,2.501036031717884,2.182926829268293
121,our,177,146,1.9241486572738007,1.2123287671232876
122,recent,177,154,1.870802676568508,1.1493506493506493
123,significant,176,150,1.8971199848858813,1.1733333333333333
124,outcomes,173,115,2.162823150618887,1.5043478260869565
125,receptors,172,130,2.0402208285265546,1.323076923076923
126,through,172,140,1.9661128563728327,1.2285714285714286
127,intake,171,98,2.322787800311565,1.7448979591836735
128,other,171,144,1.9379419794061366,1.1875
129,release,171,107,2.234926444520231,1.5981308411214954
130,used,171,150,1.8971199848858813,1.14
131,signaling,168,107,2.234926444520231,1.5700934579439252
132,well,167,150,1.8971199848858813,1.1133333333333333
133,efficacy,160,136,1.995100393246085,1.1764705882352942
134,findings,160,147,1.9173226922034008,1.08843537414966
135,semaglutide,160,85,2.4651040224918206,1.8823529411764706
136,therapies,160,116,2.1541650878757723,1.3793103448275863
137,current,158,137,1.9877743531540122,1.1532846715328466
138,while,158,148,1.9105430052180221,1.0675675675675675
139,diabetic,157,100,2.302585092994046,1.57
140,no,156,129,2.047942874620465,1.2093023255813953
141,reduced,155,120,2.120263536200091,1.2916666666666667
142,agents,153,108,2.2256240518579173,1.4166666666666667
143,administration,151,112,2.1892564076870427,1.3482142857142858
144,=,150,51,2.9759296462578115,2.9411764705882355
145,benefits,150,116,2.1541650878757723,1.293103448275862
146,intestinal,149,97,2.3330443004787544,1.5360824742268042
147,medications,149,92,2.385966701933097,1.6195652173913044
148,new,149,124,2.0874737133771,1.2016129032258065
149,novel,149,130,2.0402208285265546,1.146153846153846
150,pancreatic,149,103,2.2730262907525014,1.4466019417475728
151,research,149,116,2.1541650878757723,1.2844827586206897
152,activity,148,109,2.2164073967529934,1.3577981651376148
153,more,148,125,2.0794415416798357,1.184
154,d,147,65,2.7333680090865,2.2615384615384615
155,human,147,103,2.2730262907525014,1.4271844660194175
156,s,147,106,2.24431618487007,1.3867924528301887
157,further,146,131,2.0325579557809856,1.1145038167938932
158,into,144,126,2.0714733720306593,1.1428571428571428
159,system,144,117,2.145581344184381,1.2307692307692308
160,glycemic,143,110,2.207274913189721,1.3
161,gut,141,89,2.419118909249997,1.5842696629213484
162,most,137,111,2.198225077669803,1.2342342342342343
163,action,135,114,2.1715568305876416,1.1842105263157894
164,brain,135,80,2.5257286443082556,1.6875
165,during,135,95,2.3538783873815965,1.4210526315789473
166,insulinotropic,134,114,2.1715568305876416,1.1754385964912282
167,protein,134,88,2.4304184645039304,1.5227272727272727
168,reduce,133,111,2.198225077669803,1.1981981981981982
169,via,133,110,2.207274913189721,1.209090909090909
170,activation,132,96,2.3434070875143007,1.375
171,than,132,108,2.2256240518579173,1.2222222222222223
172,l,131,61,2.796881414808826,2.1475409836065573
173,"""",130,29,3.540459448995663,4.482758620689655
174,compared,130,102,2.282782465697866,1.2745098039215685
175,drug,130,103,2.2730262907525014,1.2621359223300972
176,methods,128,127,2.0635681925235456,1.0078740157480315
177,c,127,74,2.6036901857779675,1.7162162162162162
178,found,127,106,2.24431618487007,1.1981132075471699
179,gastrointestinal,127,106,2.24431618487007,1.1981132075471699
180,adverse,124,94,2.364460496712133,1.3191489361702127
181,plasma,123,84,2.4769384801388235,1.4642857142857142
182,safety,123,93,2.375155785828881,1.3225806451612903
183,demonstrated,122,114,2.1715568305876416,1.0701754385964912
184,development,121,103,2.2730262907525014,1.174757281553398
185,important,121,108,2.2256240518579173,1.1203703703703705
186,suggest,121,118,2.137070654516472,1.0254237288135593
187,increase,120,98,2.322787800311565,1.2244897959183674
188,present,120,111,2.198225077669803,1.0810810810810811
189,health,119,92,2.385966701933097,1.2934782608695652
190,glucose-dependent,118,110,2.207274913189721,1.0727272727272728
191,addition,117,111,2.198225077669803,1.054054054054054
192,improve,117,104,2.2633643798407643,1.125
193,tirzepatide,117,58,2.8473122684357177,2.0172413793103448
194,<,116,45,3.101092789211817,2.577777777777778
195,metabolism,116,93,2.375155785828881,1.2473118279569892
196,shown,116,104,2.2633643798407643,1.1153846153846154
197,reduction,115,92,2.385966701933097,1.25
198,+,114,46,3.079113882493042,2.4782608695652173
199,decreased,114,90,2.407945608651872,1.2666666666666666
200,effective,114,107,2.234926444520231,1.0654205607476634
201,hormones,113,81,2.513306124309698,1.3950617283950617
202,actions,112,89,2.419118909249997,1.2584269662921348
203,central,112,86,2.4534079827286295,1.302325581395349
204,oral,112,76,2.5770219386958058,1.4736842105263157
205,there,112,96,2.3434070875143007,1.1666666666666667
206,all,111,83,2.488914671185539,1.3373493975903614
207,glp,111,38,3.270169119255751,2.9210526315789473
208,here,110,110,2.207274913189721,1.0
209,homeostasis,110,94,2.364460496712133,1.1702127659574468
210,rats,110,57,2.864704011147587,1.9298245614035088
211,combination,109,71,2.645075401940822,1.5352112676056338
212,patient,109,87,2.441847160327553,1.2528735632183907
213,peptides,109,66,2.7181005369557116,1.6515151515151516
214,regulation,109,90,2.407945608651872,1.211111111111111
215,two,109,88,2.4304184645039304,1.2386363636363635
216,amide,108,46,3.079113882493042,2.347826086956522
217,dual,108,72,2.631089159966082,1.5
218,due,108,101,2.2926347621408776,1.0693069306930694
219,high,108,84,2.4769384801388235,1.2857142857142858
220,postprandial,108,61,2.796881414808826,1.7704918032786885
221,showed,108,95,2.3538783873815965,1.1368421052631579
222,chronic,106,84,2.4769384801388235,1.2619047619047619
223,improved,106,93,2.375155785828881,1.1397849462365592
224,inhibitors,105,75,2.5902671654458267,1.4
225,neurons,105,52,2.9565115604007097,2.019230769230769
226,conclusion,104,104,2.2633643798407643,1.0
227,pathways,103,87,2.441847160327553,1.1839080459770115
228,they,103,87,2.441847160327553,1.1839080459770115
229,emptying,102,80,2.5257286443082556,1.275
230,enteroendocrine,102,68,2.6882475738060303,1.5
231,complications,101,75,2.5902671654458267,1.3466666666666667
232,induced,101,75,2.5902671654458267,1.3466666666666667
233,mechanism,101,85,2.4651040224918206,1.188235294117647
234,heart,100,59,2.8302178350764176,1.694915254237288
235,reported,100,80,2.5257286443082556,1.25
236,higher,99,72,2.631089159966082,1.375
237,several,99,85,2.4651040224918206,1.1647058823529413
238,investigated,98,92,2.385966701933097,1.065217391304348
239,liver,98,58,2.8473122684357177,1.6896551724137931
240,one,98,82,2.501036031717884,1.1951219512195121
241,diseases,97,76,2.5770219386958058,1.2763157894736843
242,g,97,56,2.882403588246988,1.7321428571428572
243,polypeptide,97,95,2.3538783873815965,1.0210526315789474
244,provide,97,92,2.385966701933097,1.0543478260869565
245,although,96,89,2.419118909249997,1.0786516853932584
246,could,96,83,2.488914671185539,1.1566265060240963
247,inflammation,96,68,2.6882475738060303,1.411764705882353
248,group,95,38,3.270169119255751,2.5
249,remains,95,95,2.3538783873815965,1.0
250,furthermore,94,91,2.396895772465287,1.032967032967033
251,vitro,94,76,2.5770219386958058,1.236842105263158
252,beneficial,93,85,2.4651040224918206,1.0941176470588236
253,following,93,79,2.5383074265151158,1.1772151898734178
254,molecular,93,79,2.5383074265151158,1.1772151898734178
255,vivo,93,67,2.703062659591171,1.3880597014925373
256,increasing,92,82,2.501036031717884,1.1219512195121952
257,available,91,77,2.563949857128453,1.1818181818181819
258,disorders,91,74,2.6036901857779675,1.2297297297297298
259,endogenous,91,64,2.7488721956224653,1.421875
260,i,91,47,3.0576076772720784,1.9361702127659575
261,observed,91,81,2.513306124309698,1.123456790123457
262,known,89,83,2.488914671185539,1.072289156626506
263,only,89,82,2.501036031717884,1.0853658536585367
264,whether,89,80,2.5257286443082556,1.1125
265,major,88,81,2.513306124309698,1.0864197530864197
266,when,88,79,2.5383074265151158,1.1139240506329113
267,developed,87,83,2.488914671185539,1.0481927710843373
268,future,87,86,2.4534079827286295,1.0116279069767442
269,involved,87,71,2.645075401940822,1.2253521126760563
270,pyy,87,25,3.6888794541139363,3.48
271,without,87,77,2.563949857128453,1.12987012987013
272,acid,86,58,2.8473122684357177,1.4827586206896552
273,different,86,72,2.631089159966082,1.1944444444444444
274,impact,86,74,2.6036901857779675,1.162162162162162
275,analysis,85,72,2.631089159966082,1.1805555555555556
276,emerging,85,83,2.488914671185539,1.0240963855421688
277,lower,85,65,2.7333680090865,1.3076923076923077
278,had,84,69,2.6736487743848776,1.2173913043478262
279,kidney,84,47,3.0576076772720784,1.7872340425531914
280,related,84,76,2.5770219386958058,1.105263157894737
281,surgery,84,49,3.0159349808715104,1.7142857142857142
282,[,83,39,3.2441936328524905,2.128205128205128
283,r,83,25,3.6888794541139363,3.32
284,resistance,83,69,2.6736487743848776,1.2028985507246377
285,],82,39,3.2441936328524905,2.1025641025641026
286,literature,82,72,2.631089159966082,1.1388888888888888
287,models,82,66,2.7181005369557116,1.2424242424242424
288,need,82,72,2.631089159966082,1.1388888888888888
289,recently,82,80,2.5257286443082556,1.025
290,case,81,58,2.8473122684357177,1.396551724137931
291,conditions,81,71,2.645075401940822,1.1408450704225352
292,factors,81,63,2.7646205525906042,1.2857142857142858
293,limited,81,76,2.5770219386958058,1.0657894736842106
294,pathway,81,57,2.864704011147587,1.4210526315789473
295,promising,81,76,2.5770219386958058,1.0657894736842106
296,those,81,65,2.7333680090865,1.2461538461538462
297,mass,80,61,2.796881414808826,1.3114754098360655
298,production,80,56,2.882403588246988,1.4285714285714286
299,exendin-4,79,41,3.1941832122778293,1.9268292682926829
300,long-term,79,72,2.631089159966082,1.0972222222222223
301,low,79,67,2.703062659591171,1.1791044776119404
302,target,79,70,2.659260036932778,1.1285714285714286
303,changes,78,67,2.703062659591171,1.164179104477612
304,events,78,68,2.6882475738060303,1.1470588235294117
305,physiological,78,73,2.617295837833746,1.0684931506849316
306,stress,78,49,3.0159349808715104,1.5918367346938775
307,various,78,72,2.631089159966082,1.0833333333333333
308,class,77,66,2.7181005369557116,1.1666666666666667
309,enhanced,76,65,2.7333680090865,1.1692307692307693
310,h,76,37,3.2968373663379125,2.054054054054054
311,model,76,62,2.7806208939370456,1.2258064516129032
312,multiple,76,72,2.631089159966082,1.0555555555555556
313,preclinical,76,57,2.864704011147587,1.3333333333333333
314,analogues,75,49,3.0159349808715104,1.530612244897959
315,concentrations,75,54,2.9187712324178627,1.3888888888888888
316,did,75,66,2.7181005369557116,1.1363636363636365
317,energy,75,55,2.900422093749666,1.3636363636363635
318,show,75,68,2.6882475738060303,1.1029411764705883
319,strategies,75,70,2.659260036932778,1.0714285714285714
320,tolerance,75,54,2.9187712324178627,1.3888888888888888
321,among,74,65,2.7333680090865,1.1384615384615384
322,glp-1ra,74,36,3.324236340526027,2.0555555555555554
323,will,74,62,2.7806208939370456,1.1935483870967742
324,exenatide,73,49,3.0159349808715104,1.489795918367347
325,many,73,65,2.7333680090865,1.123076923076923
326,possible,73,64,2.7488721956224653,1.140625
327,thus,73,68,2.6882475738060303,1.0735294117647058
328,binding,72,47,3.0576076772720784,1.5319148936170213
329,key,72,67,2.703062659591171,1.0746268656716418
330,reducing,72,66,2.7181005369557116,1.0909090909090908
331,small,72,59,2.8302178350764176,1.2203389830508475
332,underlying,72,67,2.703062659591171,1.0746268656716418
333,understanding,72,66,2.7181005369557116,1.0909090909090908
334,based,71,66,2.7181005369557116,1.0757575757575757
335,dysfunction,71,59,2.8302178350764176,1.2033898305084745
336,expressed,71,58,2.8473122684357177,1.2241379310344827
337,individuals,71,57,2.864704011147587,1.2456140350877194
338,renal,71,41,3.1941832122778293,1.7317073170731707
339,diet,70,47,3.0576076772720784,1.4893617021276595
340,mouse,70,45,3.101092789211817,1.5555555555555556
341,therefore,70,68,2.6882475738060303,1.0294117647058822
342,analogs,69,44,3.123565645063876,1.5681818181818181
343,appetite,69,57,2.864704011147587,1.2105263157894737
344,currently,69,66,2.7181005369557116,1.0454545454545454
345,gene,69,44,3.123565645063876,1.5681818181818181
346,how,69,58,2.8473122684357177,1.1896551724137931
347,identified,69,63,2.7646205525906042,1.0952380952380953
348,mg,69,36,3.324236340526027,1.9166666666666667
349,obese,69,45,3.101092789211817,1.5333333333333334
350,people,69,50,2.995732273553991,1.38
351,revealed,69,64,2.7488721956224653,1.078125
352,some,69,63,2.7646205525906042,1.0952380952380953
353,association,68,50,2.995732273553991,1.36
354,failure,68,44,3.123565645063876,1.5454545454545454
355,secreted,68,62,2.7806208939370456,1.096774193548387
356,similar,68,62,2.7806208939370456,1.096774193548387
357,acute,67,53,2.9374633654300153,1.2641509433962264
358,islets,67,31,3.473768074496991,2.161290322580645
359,report,67,62,2.7806208939370456,1.0806451612903225
360,who,67,55,2.900422093749666,1.2181818181818183
361,level,66,54,2.9187712324178627,1.2222222222222223
362,over,66,57,2.864704011147587,1.1578947368421053
363,inhibition,65,47,3.0576076772720784,1.3829787234042554
364,potent,65,56,2.882403588246988,1.1607142857142858
365,rat,65,43,3.1465551632885744,1.5116279069767442
366,side,65,58,2.8473122684357177,1.1206896551724137
367,stimulation,65,55,2.900422093749666,1.1818181818181819
368,background,64,64,2.7488721956224653,1.0
369,conclusions,64,64,2.7488721956224653,1.0
370,dipeptidyl,64,64,2.7488721956224653,1.0
371,direct,64,56,2.882403588246988,1.1428571428571428
372,metformin,64,27,3.611918412977808,2.3703703703703702
373,treatments,64,57,2.864704011147587,1.1228070175438596
374,beyond,63,59,2.8302178350764176,1.0677966101694916
375,care,63,49,3.0159349808715104,1.2857142857142858
376,across,62,52,2.9565115604007097,1.1923076923076923
377,fasting,62,38,3.270169119255751,1.631578947368421
378,fat,62,42,3.170085660698769,1.4761904761904763
379,fatty,62,45,3.101092789211817,1.3777777777777778
380,included,62,53,2.9374633654300153,1.169811320754717
381,kg,62,38,3.270169119255751,1.631578947368421
382,primary,62,51,2.9759296462578115,1.2156862745098038
383,approach,61,56,2.882403588246988,1.0892857142857142
384,common,61,58,2.8473122684357177,1.0517241379310345
385,despite,61,59,2.8302178350764176,1.0338983050847457
386,leading,61,59,2.8302178350764176,1.0338983050847457
387,lipid,61,41,3.1941832122778293,1.4878048780487805
388,responses,61,48,3.036554268074246,1.2708333333333333
389,support,61,58,2.8473122684357177,1.0517241379310345
390,treating,61,57,2.864704011147587,1.0701754385964912
391,ad,60,19,3.9633162998156966,3.1578947368421053
392,demonstrate,60,57,2.864704011147587,1.0526315789473684
393,functions,60,49,3.0159349808715104,1.2244897959183674
394,intestine,60,39,3.2441936328524905,1.5384615384615385
395,pharmacological,60,51,2.9759296462578115,1.1764705882352942
396,specific,60,48,3.036554268074246,1.25
397,suggests,60,59,2.8302178350764176,1.0169491525423728
398,approved,59,48,3.036554268074246,1.2291666666666667
399,inflammatory,59,43,3.1465551632885744,1.372093023255814
400,peripheral,59,45,3.101092789211817,1.3111111111111111
401,randomized,59,56,2.882403588246988,1.0535714285714286
402,cognitive,58,29,3.540459448995663,2.0
403,groups,58,38,3.270169119255751,1.5263157894736843
404,performed,58,51,2.9759296462578115,1.1372549019607843
405,remain,58,58,2.8473122684357177,1.0
406,treat,58,48,3.036554268074246,1.2083333333333333
407,within,58,52,2.9565115604007097,1.1153846153846154
408,being,57,54,2.9187712324178627,1.0555555555555556
409,first,57,52,2.9565115604007097,1.0961538461538463
410,greater,57,45,3.101092789211817,1.2666666666666666
411,improvement,57,49,3.0159349808715104,1.163265306122449
412,properties,57,49,3.0159349808715104,1.163265306122449
413,regarding,57,51,2.9759296462578115,1.1176470588235294
414,tissue,57,43,3.1465551632885744,1.3255813953488371
415,under,57,47,3.0576076772720784,1.2127659574468086
416,discuss,56,54,2.9187712324178627,1.037037037037037
417,dose,56,45,3.101092789211817,1.2444444444444445
418,enhance,56,49,3.0159349808715104,1.1428571428571428
419,gpr,56,13,4.3428059215206005,4.3076923076923075
420,m,56,32,3.4420193761824107,1.75
421,particularly,56,53,2.9374633654300153,1.0566037735849056
422,years,56,49,3.0159349808715104,1.1428571428571428
423,about,55,44,3.123565645063876,1.25
424,mediated,55,50,2.995732273553991,1.1
425,sensitivity,55,43,3.1465551632885744,1.2790697674418605
426,affect,54,49,3.0159349808715104,1.1020408163265305
427,aim,54,53,2.9374633654300153,1.0188679245283019
428,animal,54,47,3.0576076772720784,1.148936170212766
429,article,54,52,2.9565115604007097,1.0384615384615385
430,because,54,49,3.0159349808715104,1.1020408163265305
431,endothelial,54,33,3.411247717515657,1.6363636363636365
432,evaluated,54,50,2.995732273553991,1.08
433,investigate,54,51,2.9759296462578115,1.0588235294117647
434,medication,54,46,3.079113882493042,1.173913043478261
435,mortality,54,38,3.270169119255751,1.4210526315789473
436,mrna,54,34,3.3813947543659757,1.588235294117647
437,number,54,49,3.0159349808715104,1.1020408163265305
438,should,54,46,3.079113882493042,1.173913043478261
439,strategy,54,48,3.036554268074246,1.125
440,dpp-4,53,26,3.649658740960655,2.0384615384615383
441,established,53,47,3.0576076772720784,1.127659574468085
442,improving,53,53,2.9374633654300153,1.0
443,like,53,47,3.0576076772720784,1.127659574468085
444,min,53,29,3.540459448995663,1.8275862068965518
445,neuroprotective,53,43,3.1465551632885744,1.2325581395348837
446,targeting,53,46,3.079113882493042,1.1521739130434783
447,antidiabetic,52,42,3.170085660698769,1.2380952380952381
448,b,52,30,3.506557897319982,1.7333333333333334
449,increases,52,41,3.1941832122778293,1.2682926829268293
450,injection,52,41,3.1941832122778293,1.2682926829268293
451,l-cells,52,31,3.473768074496991,1.6774193548387097
452,objective,51,50,2.995732273553991,1.02
453,pancreas,51,33,3.411247717515657,1.5454545454545454
454,rates,51,33,3.411247717515657,1.5454545454545454
455,three,51,43,3.1465551632885744,1.186046511627907
456,tissues,51,38,3.270169119255751,1.3421052631578947
457,active,50,42,3.170085660698769,1.1904761904761905
458,contribute,50,47,3.0576076772720784,1.0638297872340425
459,delivery,50,30,3.506557897319982,1.6666666666666667
460,hepatic,50,33,3.411247717515657,1.5151515151515151
461,highly,50,48,3.036554268074246,1.0416666666666667
462,pd,50,10,4.605170185988092,5.0
463,pressure,50,43,3.1465551632885744,1.1627906976744187
464,stimulate,50,43,3.1465551632885744,1.1627906976744187
465,stimulated,50,36,3.324236340526027,1.3888888888888888
466,against,49,42,3.170085660698769,1.1666666666666667
467,assessed,49,47,3.0576076772720784,1.0425531914893618
468,basal,49,25,3.6888794541139363,1.96
469,ca,49,23,3.7722610630529876,2.130434782608696
470,cancer,49,21,3.8632328412587142,2.3333333333333335
471,conducted,49,46,3.079113882493042,1.065217391304348
472,exposure,49,30,3.506557897319982,1.6333333333333333
473,impaired,49,37,3.2968373663379125,1.3243243243243243
474,now,49,46,3.079113882493042,1.065217391304348
475,profile,49,44,3.123565645063876,1.1136363636363635
476,provides,49,49,3.0159349808715104,1.0
477,whereas,49,43,3.1465551632885744,1.1395348837209303
478,cardiac,48,21,3.8632328412587142,2.2857142857142856
479,characterized,48,48,3.036554268074246,1.0
480,hba,48,26,3.649658740960655,1.8461538461538463
481,indicate,48,47,3.0576076772720784,1.0212765957446808
482,might,48,43,3.1465551632885744,1.1162790697674418
483,nafld,48,10,4.605170185988092,4.8
484,needed,48,47,3.0576076772720784,1.0212765957446808
485,oxidative,48,38,3.270169119255751,1.263157894736842
486,proglucagon,48,28,3.575550768806933,1.7142857142857142
487,protective,48,36,3.324236340526027,1.3333333333333333
488,regulate,48,45,3.101092789211817,1.0666666666666667
489,sglt,48,21,3.8632328412587142,2.2857142857142856
490,short,48,46,3.079113882493042,1.0434782608695652
491,signalling,48,30,3.506557897319982,1.6
492,suppression,48,39,3.2441936328524905,1.2307692307692308
493,total,48,37,3.2968373663379125,1.2972972972972974
494,treated,48,40,3.2188758248682006,1.2
495,aimed,47,47,3.0576076772720784,1.0
496,antagonist,47,39,3.2441936328524905,1.205128205128205
497,concentration,47,31,3.473768074496991,1.5161290322580645
498,e,47,30,3.506557897319982,1.5666666666666667
499,guidelines,47,39,3.2441936328524905,1.205128205128205
500,hyperglycemia,47,38,3.270169119255751,1.236842105263158
501,hypoglycemia,47,28,3.575550768806933,1.6785714285714286
502,induce,47,43,3.1465551632885744,1.0930232558139534
503,n,47,25,3.6888794541139363,1.88
504,nervous,47,45,3.101092789211817,1.0444444444444445
505,positive,47,38,3.270169119255751,1.236842105263158
506,protection,47,38,3.270169119255751,1.236842105263158
507,satiety,47,36,3.324236340526027,1.3055555555555556
508,serum,47,30,3.506557897319982,1.5666666666666667
509,suggested,47,45,3.101092789211817,1.0444444444444445
510,widely,47,44,3.123565645063876,1.0681818181818181
511,anti-inflammatory,46,38,3.270169119255751,1.2105263157894737
512,area,46,34,3.3813947543659757,1.3529411764705883
513,early,46,39,3.2441936328524905,1.1794871794871795
514,examined,46,45,3.101092789211817,1.0222222222222221
515,feeding,46,34,3.3813947543659757,1.3529411764705883
516,growing,46,44,3.123565645063876,1.0454545454545454
517,include,46,44,3.123565645063876,1.0454545454545454
518,isolated,46,36,3.324236340526027,1.2777777777777777
519,moreover,46,44,3.123565645063876,1.0454545454545454
520,reports,46,38,3.270169119255751,1.2105263157894737
521,respectively,46,43,3.1465551632885744,1.069767441860465
522,suggesting,46,44,3.123565645063876,1.0454545454545454
523,adults,45,36,3.324236340526027,1.25
524,alone,45,38,3.270169119255751,1.1842105263157894
525,biological,45,36,3.324236340526027,1.25
526,camp,45,30,3.506557897319982,1.5
527,disorder,45,36,3.324236340526027,1.25
528,factor,45,42,3.170085660698769,1.0714285714285714
529,given,45,42,3.170085660698769,1.0714285714285714
530,glp-1-based,45,31,3.473768074496991,1.4516129032258065
531,healthy,45,38,3.270169119255751,1.1842105263157894
532,influence,45,40,3.2188758248682006,1.125
533,islet,45,27,3.611918412977808,1.6666666666666667
534,measured,45,42,3.170085660698769,1.0714285714285714
535,neuronal,45,30,3.506557897319982,1.5
536,pcos,45,11,4.509860006183766,4.090909090909091
537,potentially,45,44,3.123565645063876,1.0227272727272727
538,practice,45,33,3.411247717515657,1.3636363636363635
539,subjects,45,33,3.411247717515657,1.3636363636363635
540,systematic,45,33,3.411247717515657,1.3636363636363635
541,targets,45,39,3.2441936328524905,1.1538461538461537
542,test,45,39,3.2441936328524905,1.1538461538461537
543,agonism,44,27,3.611918412977808,1.6296296296296295
544,aspiration,44,23,3.7722610630529876,1.9130434782608696
545,become,44,41,3.1941832122778293,1.0731707317073171
546,before,44,39,3.2441936328524905,1.1282051282051282
547,cause,44,42,3.170085660698769,1.0476190476190477
548,comprehensive,44,42,3.170085660698769,1.0476190476190477
549,emerged,44,43,3.1465551632885744,1.0232558139534884
550,ex,44,10,4.605170185988092,4.4
551,index,44,41,3.1941832122778293,1.0731707317073171
552,infusion,44,21,3.8632328412587142,2.0952380952380953
553,perioperative,44,24,3.7297014486341915,1.8333333333333333
554,purpose,44,40,3.2188758248682006,1.1
555,rapid,44,41,3.1941832122778293,1.0731707317073171
556,syndrome,44,38,3.270169119255751,1.1578947368421053
557,ability,43,42,3.170085660698769,1.0238095238095237
558,acids,43,33,3.411247717515657,1.303030303030303
559,benefit,43,38,3.270169119255751,1.131578947368421
560,complex,43,42,3.170085660698769,1.0238095238095237
561,controlled,43,43,3.1465551632885744,1.0
562,cv,43,11,4.509860006183766,3.909090909090909
563,focus,43,43,3.1465551632885744,1.0
564,global,43,40,3.2188758248682006,1.075
565,glucose-lowering,43,31,3.473768074496991,1.3870967741935485
566,increasingly,43,40,3.2188758248682006,1.075
567,modulation,43,34,3.3813947543659757,1.2647058823529411
568,rate,43,36,3.324236340526027,1.1944444444444444
569,reporting,43,25,3.6888794541139363,1.72
570,symptoms,43,33,3.411247717515657,1.303030303030303
571,trial,43,37,3.2968373663379125,1.162162162162162
572,vs,43,18,4.017383521085972,2.388888888888889
573,yet,43,41,3.1941832122778293,1.048780487804878
574,additionally,42,41,3.1941832122778293,1.024390243902439
575,aims,42,42,3.170085660698769,1.0
576,approaches,42,39,3.2441936328524905,1.0769230769230769
577,challenges,42,37,3.2968373663379125,1.135135135135135
578,differences,42,34,3.3813947543659757,1.2352941176470589
579,either,42,39,3.2441936328524905,1.0769230769230769
580,highlight,42,42,3.170085660698769,1.0
581,humans,42,39,3.2441936328524905,1.0769230769230769
582,inhibitor,42,34,3.3813947543659757,1.2352941176470589
583,studied,42,39,3.2441936328524905,1.0769230769230769
584,administered,41,39,3.2441936328524905,1.0512820512820513
585,cck,41,12,4.422848629194137,3.4166666666666665
586,decrease,41,36,3.324236340526027,1.1388888888888888
587,exert,41,38,3.270169119255751,1.0789473684210527
588,experimental,41,38,3.270169119255751,1.0789473684210527
589,managing,41,41,3.1941832122778293,1.0
590,relationship,41,38,3.270169119255751,1.0789473684210527
591,search,41,32,3.4420193761824107,1.28125
592,weeks,41,27,3.611918412977808,1.5185185185185186
593,considered,40,38,3.270169119255751,1.0526315789473684
594,cvd,40,13,4.3428059215206005,3.076923076923077
595,degradation,40,30,3.506557897319982,1.3333333333333333
596,inhibitory,40,34,3.3813947543659757,1.1764705882352942
597,less,40,36,3.324236340526027,1.1111111111111112
598,mitochondrial,40,25,3.6888794541139363,1.6
599,overall,40,39,3.2441936328524905,1.0256410256410255
600,promote,40,36,3.324236340526027,1.1111111111111112
601,regulating,40,36,3.324236340526027,1.1111111111111112
602,result,40,37,3.2968373663379125,1.0810810810810811
603,severe,40,28,3.575550768806933,1.4285714285714286
604,systemic,40,36,3.324236340526027,1.1111111111111112
605,time,40,39,3.2441936328524905,1.0256410256410255
606,analogue,39,33,3.411247717515657,1.1818181818181819
607,dietary,39,30,3.506557897319982,1.3
608,endocrine,39,35,3.3524072174927233,1.1142857142857143
609,even,39,34,3.3813947543659757,1.1470588235294117
610,gain,39,31,3.473768074496991,1.2580645161290323
611,highlights,39,39,3.2441936328524905,1.0
612,injury,39,27,3.611918412977808,1.4444444444444444
613,line,39,32,3.4420193761824107,1.21875
614,nutrient,39,29,3.540459448995663,1.3448275862068966
615,particular,39,38,3.270169119255751,1.0263157894736843
616,populations,39,37,3.2968373663379125,1.054054054054054
617,relevant,39,39,3.2441936328524905,1.0
618,required,39,38,3.270169119255751,1.0263157894736843
619,sodium,39,23,3.7722610630529876,1.6956521739130435
620,taking,39,23,3.7722610630529876,1.6956521739130435
621,additional,38,36,3.324236340526027,1.0555555555555556
622,apoptosis,38,24,3.7297014486341915,1.5833333333333333
623,application,38,36,3.324236340526027,1.0555555555555556
624,assess,38,35,3.3524072174927233,1.0857142857142856
625,caused,38,34,3.3813947543659757,1.1176470588235294
626,cellular,38,33,3.411247717515657,1.1515151515151516
627,ci,38,17,4.074541934925921,2.235294117647059
628,compounds,38,25,3.6888794541139363,1.52
629,directly,38,36,3.324236340526027,1.0555555555555556
630,half-life,38,29,3.540459448995663,1.3103448275862069
631,incretins,38,29,3.540459448995663,1.3103448275862069
632,investigation,38,35,3.3524072174927233,1.0857142857142856
633,long-acting,38,30,3.506557897319982,1.2666666666666666
634,normal,38,34,3.3813947543659757,1.1176470588235294
635,nucleus,38,24,3.7297014486341915,1.5833333333333333
636,range,38,32,3.4420193761824107,1.1875
637,together,38,38,3.270169119255751,1.0
638,±,38,13,4.3428059215206005,2.923076923076923
639,cohort,37,26,3.649658740960655,1.4230769230769231
640,daily,37,25,3.6888794541139363,1.48
641,days,37,26,3.649658740960655,1.4230769230769231
642,dulaglutide,37,26,3.649658740960655,1.4230769230769231
643,exendin,37,20,3.912023005428146,1.85
644,functional,37,32,3.4420193761824107,1.15625
645,glycaemic,37,29,3.540459448995663,1.2758620689655173
646,introduction,37,37,3.2968373663379125,1.0
647,lead,37,35,3.3524072174927233,1.0571428571428572
648,meal,37,26,3.649658740960655,1.4230769230769231
649,medical,37,29,3.540459448995663,1.2758620689655173
650,reduces,37,33,3.411247717515657,1.121212121212121
651,unclear,37,36,3.324236340526027,1.0277777777777777
652,vascular,37,27,3.611918412977808,1.3703703703703705
653,adipose,36,25,3.6888794541139363,1.44
654,clinically,36,34,3.3813947543659757,1.0588235294117647
655,combined,36,34,3.3813947543659757,1.0588235294117647
656,critical,36,33,3.411247717515657,1.0909090909090908
657,db,36,11,4.509860006183766,3.272727272727273
658,determined,36,32,3.4420193761824107,1.125
659,especially,36,36,3.324236340526027,1.0
660,evaluate,36,36,3.324236340526027,1.0
661,existing,36,34,3.3813947543659757,1.0588235294117647
662,finally,36,36,3.324236340526027,1.0
663,identify,36,36,3.324236340526027,1.0
664,implications,36,31,3.473768074496991,1.1612903225806452
665,importance,36,36,3.324236340526027,1.0
666,improvements,36,34,3.3813947543659757,1.0588235294117647
667,incretin-based,36,30,3.506557897319982,1.2
668,knowledge,36,34,3.3813947543659757,1.0588235294117647
669,likely,36,36,3.324236340526027,1.0
670,outcome,36,34,3.3813947543659757,1.0588235294117647
671,peptidase-4,36,36,3.324236340526027,1.0
672,still,36,35,3.3524072174927233,1.0285714285714285
673,systems,36,32,3.4420193761824107,1.125
674,tract,36,33,3.411247717515657,1.0909090909090908
675,up,36,30,3.506557897319982,1.2
676,bmi,35,20,3.912023005428146,1.75
677,confirmed,35,31,3.473768074496991,1.1290322580645162
678,design,35,31,3.473768074496991,1.1290322580645162
679,discussed,35,33,3.411247717515657,1.0606060606060606
680,do,35,34,3.3813947543659757,1.0294117647058822
681,eating,35,16,4.135166556742356,2.1875
682,glutag,35,17,4.074541934925921,2.0588235294117645
683,imaging,35,26,3.649658740960655,1.3461538461538463
684,independent,35,34,3.3813947543659757,1.0294117647058822
685,manner,35,33,3.411247717515657,1.0606060606060606
686,muscle,35,21,3.8632328412587142,1.6666666666666667
687,narrative,35,34,3.3813947543659757,1.0294117647058822
688,offer,35,33,3.411247717515657,1.0606060606060606
689,options,35,31,3.473768074496991,1.1290322580645162
690,plays,35,34,3.3813947543659757,1.0294117647058822
691,population,35,29,3.540459448995663,1.206896551724138
692,postoperative,35,12,4.422848629194137,2.9166666666666665
693,pubmed,35,35,3.3524072174927233,1.0
694,reductions,35,28,3.575550768806933,1.25
695,stimulates,35,32,3.4420193761824107,1.09375
696,assay,34,22,3.816712825623821,1.5454545454545454
697,basis,34,31,3.473768074496991,1.096774193548387
698,better,34,34,3.3813947543659757,1.0
699,cardiometabolic,34,28,3.575550768806933,1.2142857142857142
700,change,34,29,3.540459448995663,1.1724137931034482
701,context,34,32,3.4420193761824107,1.0625
702,contrast,34,34,3.3813947543659757,1.0
703,fold,34,22,3.816712825623821,1.5454545454545454
704,ii,34,25,3.6888794541139363,1.36
705,inhibited,34,29,3.540459448995663,1.1724137931034482
706,interest,34,34,3.3813947543659757,1.0
707,large,34,32,3.4420193761824107,1.0625
708,membrane,34,23,3.7722610630529876,1.4782608695652173
709,modulate,34,31,3.473768074496991,1.096774193548387
710,months,34,22,3.816712825623821,1.5454545454545454
711,phase,34,25,3.6888794541139363,1.36
712,released,34,34,3.3813947543659757,1.0
713,rs,34,9,4.710530701645918,3.7777777777777777
714,synthesis,34,28,3.575550768806933,1.2142857142857142
715,age,33,26,3.649658740960655,1.2692307692307692
716,alcohol,33,14,4.268697949366879,2.357142857142857
717,ampk,33,15,4.199705077879927,2.2
718,analyzed,33,32,3.4420193761824107,1.03125
719,beta,33,23,3.7722610630529876,1.434782608695652
720,bone,33,14,4.268697949366879,2.357142857142857
721,day,33,21,3.8632328412587142,1.5714285714285714
722,determine,33,33,3.411247717515657,1.0
723,glucose-stimulated,33,26,3.649658740960655,1.2692307692307692
724,hypoglycemic,33,26,3.649658740960655,1.2692307692307692
725,indicated,33,30,3.506557897319982,1.1
726,intracellular,33,29,3.540459448995663,1.1379310344827587
727,main,33,29,3.540459448995663,1.1379310344827587
728,male,33,24,3.7297014486341915,1.375
729,myocardial,33,18,4.017383521085972,1.8333333333333333
730,play,33,32,3.4420193761824107,1.03125
731,presence,33,29,3.540459448995663,1.1379310344827587
732,previously,33,33,3.411247717515657,1.0
733,pulmonary,33,19,3.9633162998156966,1.736842105263158
734,resulting,33,33,3.411247717515657,1.0
735,signals,33,24,3.7297014486341915,1.375
736,stroke,33,9,4.710530701645918,3.6666666666666665
737,therapeutics,33,28,3.575550768806933,1.1785714285714286
738,work,33,32,3.4420193761824107,1.03125
739,areas,32,28,3.575550768806933,1.1428571428571428
740,beta-cell,32,21,3.8632328412587142,1.5238095238095237
741,classes,32,22,3.816712825623821,1.4545454545454546
742,discovery,32,26,3.649658740960655,1.2307692307692308
743,discusses,32,31,3.473768074496991,1.032258064516129
744,each,32,29,3.540459448995663,1.103448275862069
745,elevated,32,30,3.506557897319982,1.0666666666666667
746,four,32,26,3.649658740960655,1.2307692307692308
747,gi,32,16,4.135166556742356,2.0
748,nutrients,32,28,3.575550768806933,1.1428571428571428
749,part,32,30,3.506557897319982,1.0666666666666667
750,placebo,32,18,4.017383521085972,1.7777777777777777
751,prevention,32,28,3.575550768806933,1.1428571428571428
752,quality,32,31,3.473768074496991,1.032258064516129
753,represent,32,31,3.473768074496991,1.032258064516129
754,risks,32,27,3.611918412977808,1.1851851851851851
755,stc-1,32,17,4.074541934925921,1.8823529411764706
756,absorption,31,17,4.074541934925921,1.8235294117647058
757,activated,31,24,3.7297014486341915,1.2916666666666667
758,amino,31,24,3.7297014486341915,1.2916666666666667
759,any,31,29,3.540459448995663,1.0689655172413792
760,attention,31,31,3.473768074496991,1.0
761,cases,31,25,3.6888794541139363,1.24
762,content,31,25,3.6888794541139363,1.24
763,cyclic,31,22,3.816712825623821,1.4090909090909092
764,essential,31,30,3.506557897319982,1.0333333333333334
765,inhibits,31,25,3.6888794541139363,1.24
766,interventions,31,30,3.506557897319982,1.0333333333333334
767,ml,31,18,4.017383521085972,1.7222222222222223
768,neurodegenerative,31,25,3.6888794541139363,1.24
769,option,31,29,3.540459448995663,1.0689655172413792
770,phosphorylation,31,25,3.6888794541139363,1.24
771,physiology,31,26,3.649658740960655,1.1923076923076923
772,produced,31,29,3.540459448995663,1.0689655172413792
773,promoting,31,30,3.506557897319982,1.0333333333333334
774,rapidly,31,30,3.506557897319982,1.0333333333333334
775,understood,31,31,3.473768074496991,1.0
776,women,31,19,3.9633162998156966,1.631578947368421
777,worldwide,31,31,3.473768074496991,1.0
778,analog,30,21,3.8632328412587142,1.4285714285714286
779,bariatric,30,21,3.8632328412587142,1.4285714285714286
780,clinicians,30,29,3.540459448995663,1.0344827586206897
781,does,30,30,3.506557897319982,1.0
782,enhancing,30,27,3.611918412977808,1.1111111111111112
783,ghrelin,30,8,4.8283137373023015,3.75
784,hypothesis,30,27,3.611918412977808,1.1111111111111112
785,interaction,30,22,3.816712825623821,1.3636363636363635
786,interactions,30,23,3.7722610630529876,1.3043478260869565
787,led,30,30,3.506557897319982,1.0
788,native,30,26,3.649658740960655,1.1538461538461537
789,nausea,30,24,3.7297014486341915,1.25
790,overview,30,30,3.506557897319982,1.0
791,parameters,30,28,3.575550768806933,1.0714285714285714
792,selected,30,27,3.611918412977808,1.1111111111111112
793,specifically,30,28,3.575550768806933,1.0714285714285714
794,agent,29,28,3.575550768806933,1.0357142857142858
795,articles,29,22,3.816712825623821,1.3181818181818181
796,children,29,11,4.509860006183766,2.6363636363636362
797,controls,29,23,3.7722610630529876,1.2608695652173914
798,dpp,29,15,4.199705077879927,1.9333333333333333
799,herein,29,28,3.575550768806933,1.0357142857142858
800,impairment,29,17,4.074541934925921,1.7058823529411764
801,improves,29,27,3.611918412977808,1.0740740740740742
802,information,29,26,3.649658740960655,1.1153846153846154
803,ingestion,29,25,3.6888794541139363,1.16
804,lifestyle,29,21,3.8632328412587142,1.380952380952381
805,lowering,29,28,3.575550768806933,1.0357142857142858
806,nerve,29,19,3.9633162998156966,1.5263157894736843
807,ongoing,29,27,3.611918412977808,1.0740740740740742
808,perfused,29,13,4.3428059215206005,2.230769230769231
809,prevented,29,21,3.8632328412587142,1.380952380952381
810,primarily,29,27,3.611918412977808,1.0740740740740742
811,progression,29,27,3.611918412977808,1.0740740740740742
812,prolonged,29,26,3.649658740960655,1.1153846153846154
813,proteins,29,20,3.912023005428146,1.45
814,roles,29,29,3.540459448995663,1.0
815,secretory,29,22,3.816712825623821,1.3181818181818181
816,stability,29,24,3.7297014486341915,1.2083333333333333
817,structure,29,25,3.6888794541139363,1.16
818,summarize,29,29,3.540459448995663,1.0
819,survival,29,23,3.7722610630529876,1.2608695652173914
820,affinity,28,20,3.912023005428146,1.4
821,cardioprotective,28,22,3.816712825623821,1.2727272727272727
822,concerns,28,27,3.611918412977808,1.037037037037037
823,criteria,28,24,3.7297014486341915,1.1666666666666667
824,exerts,28,26,3.649658740960655,1.0769230769230769
825,explored,28,27,3.611918412977808,1.037037037037037
826,explores,28,28,3.575550768806933,1.0
827,hypothalamic,28,16,4.135166556742356,1.75
828,kinase,28,24,3.7297014486341915,1.1666666666666667
829,mainly,28,27,3.611918412977808,1.037037037037037
830,n-terminal,28,17,4.074541934925921,1.6470588235294117
831,often,28,28,3.575550768806933,1.0
832,overweight,28,20,3.912023005428146,1.4
833,previous,28,21,3.8632328412587142,1.3333333333333333
834,proliferation,28,20,3.912023005428146,1.4
835,terms,28,23,3.7722610630529876,1.2173913043478262
836,ventricular,28,14,4.268697949366879,2.0
837,western,28,26,3.649658740960655,1.0769230769230769
838,address,27,26,3.649658740960655,1.0384615384615385
839,affecting,27,26,3.649658740960655,1.0384615384615385
840,animals,27,22,3.816712825623821,1.2272727272727273
841,assessment,27,24,3.7297014486341915,1.125
842,attenuated,27,25,3.6888794541139363,1.08
843,circulating,27,25,3.6888794541139363,1.08
844,condition,27,26,3.649658740960655,1.0384615384615385
845,describe,27,26,3.649658740960655,1.0384615384615385
846,dr,27,7,4.961845129926823,3.857142857142857
847,experiments,27,23,3.7722610630529876,1.173913043478261
848,extracellular,27,19,3.9633162998156966,1.4210526315789473
849,fibrosis,27,19,3.9633162998156966,1.4210526315789473
850,fusion,27,11,4.509860006183766,2.4545454545454546
851,help,27,24,3.7297014486341915,1.125
852,inhibit,27,24,3.7297014486341915,1.125
853,intact,27,21,3.8632328412587142,1.2857142857142858
854,limitations,27,25,3.6888794541139363,1.08
855,optimal,27,22,3.816712825623821,1.2272727272727273
856,period,27,19,3.9633162998156966,1.4210526315789473
857,pleiotropic,27,24,3.7297014486341915,1.125
858,prevent,27,26,3.649658740960655,1.0384615384615385
859,received,27,24,3.7297014486341915,1.125
860,reward,27,14,4.268697949366879,1.9285714285714286
861,selective,27,22,3.816712825623821,1.2272727272727273
862,signal,27,21,3.8632328412587142,1.2857142857142858
863,since,27,25,3.6888794541139363,1.08
864,sleep,27,15,4.199705077879927,1.8
865,supporting,27,26,3.649658740960655,1.0384615384615385
866,surgical,27,19,3.9633162998156966,1.4210526315789473
867,upon,27,25,3.6888794541139363,1.08
868,utilization,27,21,3.8632328412587142,1.2857142857142858
869,analyses,26,24,3.7297014486341915,1.0833333333333333
870,behavior,26,19,3.9633162998156966,1.368421052631579
871,cns,26,14,4.268697949366879,1.8571428571428572
872,compound,26,21,3.8632328412587142,1.2380952380952381
873,considerations,26,23,3.7722610630529876,1.1304347826086956
874,consumption,26,17,4.074541934925921,1.5294117647058822
875,coronary,26,16,4.135166556742356,1.625
876,doses,26,23,3.7722610630529876,1.1304347826086956
877,enhances,26,24,3.7297014486341915,1.0833333333333333
878,examine,26,24,3.7297014486341915,1.0833333333333333
879,expressing,26,18,4.017383521085972,1.4444444444444444
880,fully,26,26,3.649658740960655,1.0
881,hypothalamus,26,21,3.8632328412587142,1.2380952380952381
882,initiation,26,24,3.7297014486341915,1.0833333333333333
883,intervention,26,23,3.7722610630529876,1.1304347826086956
884,lean,26,17,4.074541934925921,1.5294117647058822
885,leptin,26,11,4.509860006183766,2.3636363636363638
886,linked,26,24,3.7297014486341915,1.0833333333333333
887,monitoring,26,25,3.6888794541139363,1.04
888,osa,26,7,4.961845129926823,3.7142857142857144
889,ppg,26,8,4.8283137373023015,3.25
890,receiving,26,25,3.6888794541139363,1.04
891,reviews,26,23,3.7722610630529876,1.1304347826086956
892,rygb,26,7,4.961845129926823,3.7142857142857144
893,science,26,24,3.7297014486341915,1.0833333333333333
894,standard,26,24,3.7297014486341915,1.0833333333333333
895,summary,26,25,3.6888794541139363,1.04
896,undergoing,26,22,3.816712825623821,1.1818181818181819
897,versus,26,20,3.912023005428146,1.3
898,where,26,24,3.7297014486341915,1.0833333333333333
899,accumulation,25,17,4.074541934925921,1.4705882352941178
900,calcium,25,16,4.135166556742356,1.5625
901,crucial,25,24,3.7297014486341915,1.0416666666666667
902,database,25,24,3.7297014486341915,1.0416666666666667
903,exhibited,25,22,3.816712825623821,1.1363636363636365
904,explore,25,25,3.6888794541139363,1.0
905,gcg,25,9,4.710530701645918,2.7777777777777777
906,gipr,25,9,4.710530701645918,2.7777777777777777
907,glp-1rs,25,16,4.135166556742356,1.5625
908,hemoglobin,25,24,3.7297014486341915,1.0416666666666667
909,hypertension,25,20,3.912023005428146,1.25
910,incidence,25,24,3.7297014486341915,1.0416666666666667
911,insights,25,25,3.6888794541139363,1.0
912,life,25,20,3.912023005428146,1.25
913,pancreatitis,25,17,4.074541934925921,1.4705882352941178
914,pathogenesis,25,23,3.7722610630529876,1.0869565217391304
915,pc,25,11,4.509860006183766,2.272727272727273
916,prevalence,25,24,3.7297014486341915,1.0416666666666667
917,ratio,25,21,3.8632328412587142,1.1904761904761905
918,regulates,25,24,3.7297014486341915,1.0416666666666667
919,robust,25,25,3.6888794541139363,1.0
920,sodium-glucose,25,25,3.6888794541139363,1.0
921,structural,25,17,4.074541934925921,1.4705882352941178
922,summarizes,25,24,3.7297014486341915,1.0416666666666667
923,synthesized,25,20,3.912023005428146,1.25
924,thereby,25,23,3.7722610630529876,1.0869565217391304
925,vagal,25,15,4.199705077879927,1.6666666666666667
926,volume,25,13,4.3428059215206005,1.9230769230769231
927,achieve,24,24,3.7297014486341915,1.0
928,activating,24,21,3.8632328412587142,1.1428571428571428
929,appear,24,23,3.7722610630529876,1.0434782608695652
930,balance,24,23,3.7722610630529876,1.0434782608695652
931,bias,24,18,4.017383521085972,1.3333333333333333
932,comorbidities,24,23,3.7722610630529876,1.0434782608695652
933,detected,24,21,3.8632328412587142,1.1428571428571428
934,distinct,24,22,3.816712825623821,1.0909090909090908
935,enzyme,24,21,3.8632328412587142,1.1428571428571428
936,fda,24,19,3.9633162998156966,1.263157894736842
937,form,24,22,3.816712825623821,1.0909090909090908
938,gastrin,24,6,5.115995809754082,4.0
939,guidance,24,21,3.8632328412587142,1.1428571428571428
940,highlighting,24,24,3.7297014486341915,1.0
941,ileum,24,16,4.135166556742356,1.5
942,observational,24,20,3.912023005428146,1.2
943,portal,24,9,4.710530701645918,2.6666666666666665
944,profiles,24,22,3.816712825623821,1.0909090909090908
945,ror,24,4,5.521460917862246,6.0
946,same,24,23,3.7722610630529876,1.0434782608695652
947,stimulating,24,24,3.7297014486341915,1.0
948,them,24,23,3.7722610630529876,1.0434782608695652
949,though,24,23,3.7722610630529876,1.0434782608695652
950,affected,23,22,3.816712825623821,1.0454545454545454
951,alternative,23,23,3.7722610630529876,1.0
952,alzheimer,23,23,3.7722610630529876,1.0
953,baseline,23,16,4.135166556742356,1.4375
954,circulation,23,18,4.017383521085972,1.2777777777777777
955,ckd,23,9,4.710530701645918,2.5555555555555554
956,colon,23,11,4.509860006183766,2.090909090909091
957,coupled,23,20,3.912023005428146,1.15
958,culture,23,12,4.422848629194137,1.9166666666666667
959,delayed,23,20,3.912023005428146,1.15
960,develop,23,21,3.8632328412587142,1.0952380952380953
961,distribution,23,15,4.199705077879927,1.5333333333333334
962,event,23,18,4.017383521085972,1.2777777777777777
963,family,23,19,3.9633162998156966,1.2105263157894737
964,field,23,19,3.9633162998156966,1.2105263157894737
965,focused,23,23,3.7722610630529876,1.0
966,formation,23,21,3.8632328412587142,1.0952380952380953
967,glp-2,23,12,4.422848629194137,1.9166666666666667
968,growth,23,22,3.816712825623821,1.0454545454545454
969,indicating,23,22,3.816712825623821,1.0454545454545454
970,lixisenatide,23,16,4.135166556742356,1.4375
971,long,23,23,3.7722610630529876,1.0
972,mechanistic,23,22,3.816712825623821,1.0454545454545454
973,morbidity,23,22,3.816712825623821,1.0454545454545454
974,organs,23,20,3.912023005428146,1.15
975,pregnancy,23,8,4.8283137373023015,2.875
976,procedures,23,18,4.017383521085972,1.2777777777777777
977,promoted,23,19,3.9633162998156966,1.2105263157894737
978,proposed,23,23,3.7722610630529876,1.0
979,providing,23,23,3.7722610630529876,1.0
980,rather,23,22,3.816712825623821,1.0454545454545454
981,relative,23,21,3.8632328412587142,1.0952380952380953
982,safe,23,23,3.7722610630529876,1.0
983,screening,23,17,4.074541934925921,1.3529411764705883
984,so,23,22,3.816712825623821,1.0454545454545454
985,strong,23,22,3.816712825623821,1.0454545454545454
986,taste,23,11,4.509860006183766,2.090909090909091
987,then,23,21,3.8632328412587142,1.0952380952380953
988,thyroid,23,11,4.509860006183766,2.090909090909091
989,understand,23,21,3.8632328412587142,1.0952380952380953
990,unknown,23,23,3.7722610630529876,1.0
991,very,23,23,3.7722610630529876,1.0
992,acting,22,20,3.912023005428146,1.1
993,along,22,22,3.816712825623821,1.0
994,altered,22,20,3.912023005428146,1.1
995,anti-obesity,22,17,4.074541934925921,1.2941176470588236
996,assays,22,16,4.135166556742356,1.375
997,behavioral,22,13,4.3428059215206005,1.6923076923076923
998,behaviors,22,14,4.268697949366879,1.5714285714285714
999,decline,22,19,3.9633162998156966,1.1578947368421053
1000,decreasing,22,21,3.8632328412587142,1.0476190476190477
1001,developing,22,20,3.912023005428146,1.1
1002,distal,22,18,4.017383521085972,1.2222222222222223
1003,er,22,4,5.521460917862246,5.5
1004,focusing,22,22,3.816712825623821,1.0
1005,fxr,22,3,5.809142990314028,7.333333333333333
1006,gaps,22,20,3.912023005428146,1.1
1007,her,22,6,5.115995809754082,3.6666666666666665
1008,if,22,20,3.912023005428146,1.1
1009,iv,22,16,4.135166556742356,1.375
1010,k,22,13,4.3428059215206005,1.6923076923076923
1011,little,22,21,3.8632328412587142,1.0476190476190477
1012,maintaining,22,17,4.074541934925921,1.2941176470588236
1013,masld,22,8,4.8283137373023015,2.75
1014,microbiota,22,14,4.268697949366879,1.5714285714285714
1015,modulating,22,22,3.816712825623821,1.0
1016,molecule,22,19,3.9633162998156966,1.1578947368421053
1017,out,22,21,3.8632328412587142,1.0476190476190477
1018,prescribing,22,17,4.074541934925921,1.2941176470588236
1019,processes,22,21,3.8632328412587142,1.0476190476190477
1020,products,22,20,3.912023005428146,1.1
1021,prospective,22,22,3.816712825623821,1.0
1022,responsible,22,20,3.912023005428146,1.1
1023,retrospective,22,21,3.8632328412587142,1.0476190476190477
1024,series,22,20,3.912023005428146,1.1
1025,stomach,22,19,3.9633162998156966,1.1578947368421053
1026,strongly,22,20,3.912023005428146,1.1
1027,substantial,22,22,3.816712825623821,1.0
1028,superior,22,21,3.8632328412587142,1.0476190476190477
1029,synaptic,22,16,4.135166556742356,1.375
1030,tool,22,21,3.8632328412587142,1.0476190476190477
1031,weekly,22,18,4.017383521085972,1.2222222222222223
1032,absence,21,17,4.074541934925921,1.2352941176470589
1033,acts,21,19,3.9633162998156966,1.105263157894737
1034,adherence,21,18,4.017383521085972,1.1666666666666667
1035,alpha,21,10,4.605170185988092,2.1
1036,channel,21,13,4.3428059215206005,1.6153846153846154
1037,clearance,21,17,4.074541934925921,1.2352941176470589
1038,described,21,20,3.912023005428146,1.05
1039,effectiveness,21,18,4.017383521085972,1.1666666666666667
1040,examines,21,20,3.912023005428146,1.05
1041,exogenous,21,17,4.074541934925921,1.2352941176470589
1042,fraction,21,18,4.017383521085972,1.1666666666666667
1043,hf,21,8,4.8283137373023015,2.625
1044,high-fat,21,15,4.199705077879927,1.4
1045,indirect,21,20,3.912023005428146,1.05
1046,largely,21,21,3.8632328412587142,1.0
1047,murine,21,19,3.9633162998156966,1.105263157894737
1048,nh,21,4,5.521460917862246,5.25
1049,nmol,21,11,4.509860006183766,1.9090909090909092
1050,numerous,21,21,3.8632328412587142,1.0
1051,obtained,21,18,4.017383521085972,1.1666666666666667
1052,orally,21,20,3.912023005428146,1.05
1053,peptidase,21,21,3.8632328412587142,1.0
1054,per,21,18,4.017383521085972,1.1666666666666667
1055,preoperative,21,10,4.605170185988092,2.1
1056,proven,21,21,3.8632328412587142,1.0
1057,regulated,21,20,3.912023005428146,1.05
1058,relevance,21,20,3.912023005428146,1.05
1059,resulted,21,21,3.8632328412587142,1.0
1060,rodents,21,19,3.9633162998156966,1.105263157894737
1061,seen,21,16,4.135166556742356,1.3125
1062,selection,21,17,4.074541934925921,1.2352941176470589
1063,sequence,21,19,3.9633162998156966,1.105263157894737
1064,single,21,20,3.912023005428146,1.05
1065,site,21,18,4.017383521085972,1.1666666666666667
1066,size,21,16,4.135166556742356,1.3125
1067,states,21,19,3.9633162998156966,1.105263157894737
1068,suppressed,21,16,4.135166556742356,1.3125
1069,tolerability,21,17,4.074541934925921,1.2352941176470589
1070,week,21,15,4.199705077879927,1.4
1071,year-old,21,21,3.8632328412587142,1.0
1072,able,20,16,4.135166556742356,1.25
1073,abolished,20,17,4.074541934925921,1.1764705882352942
1074,act,20,19,3.9633162998156966,1.0526315789473684
1075,addressing,20,19,3.9633162998156966,1.0526315789473684
1076,advances,20,19,3.9633162998156966,1.0526315789473684
1077,affects,20,19,3.9633162998156966,1.0526315789473684
1078,albumin,20,14,4.268697949366879,1.4285714285714286
1079,asthma,20,5,5.298317366548036,4.0
1080,biased,20,6,5.115995809754082,3.3333333333333335
1081,contributes,20,20,3.912023005428146,1.0
1082,critically,20,19,3.9633162998156966,1.0526315789473684
1083,dependent,20,18,4.017383521085972,1.1111111111111112
1084,discontinuation,20,17,4.074541934925921,1.1764705882352942
1085,extend,20,20,3.912023005428146,1.0
1086,genetic,20,15,4.199705077879927,1.3333333333333333
1087,glp-1-induced,20,13,4.3428059215206005,1.5384615384615385
1088,gspe,20,3,5.809142990314028,6.666666666666667
1089,history,20,17,4.074541934925921,1.1764705882352942
1090,hyperglycaemia,20,13,4.3428059215206005,1.5384615384615385
1091,hypothesized,20,18,4.017383521085972,1.1111111111111112
1092,il-6,20,7,4.961845129926823,2.857142857142857
1093,immunoreactivity,20,13,4.3428059215206005,1.5384615384615385
1094,inclusion,20,19,3.9633162998156966,1.0526315789473684
1095,induces,20,20,3.912023005428146,1.0
1096,involving,20,20,3.912023005428146,1.0
1097,ligands,20,17,4.074541934925921,1.1764705882352942
1098,markers,20,18,4.017383521085972,1.1111111111111112
1099,meta-analysis,20,17,4.074541934925921,1.1764705882352942
1100,mimetics,20,13,4.3428059215206005,1.5384615384615385
1101,needs,20,16,4.135166556742356,1.25
1102,neural,20,18,4.017383521085972,1.1111111111111112
1103,nm,20,13,4.3428059215206005,1.5384615384615385
1104,once,20,15,4.199705077879927,1.3333333333333333
1105,pain,20,11,4.509860006183766,1.8181818181818181
1106,pathophysiology,20,20,3.912023005428146,1.0
1107,pet,20,8,4.8283137373023015,2.5
1108,pharmacologic,20,16,4.135166556742356,1.25
1109,prescribed,20,20,3.912023005428146,1.0
1110,pvn,20,5,5.298317366548036,4.0
1111,regions,20,19,3.9633162998156966,1.0526315789473684
1112,reproductive,20,11,4.509860006183766,1.8181818181818181
1113,second,20,20,3.912023005428146,1.0
1114,subcutaneous,20,18,4.017383521085972,1.1111111111111112
1115,useful,20,20,3.912023005428146,1.0
1116,wild-type,20,15,4.199705077879927,1.3333333333333333
1117,≥,20,15,4.199705077879927,1.3333333333333333
1118,activities,19,18,4.017383521085972,1.0555555555555556
1119,appears,19,19,3.9633162998156966,1.0
1120,atherosclerotic,19,15,4.199705077879927,1.2666666666666666
1121,aud,19,6,5.115995809754082,3.1666666666666665
1122,axis,19,17,4.074541934925921,1.1176470588235294
1123,broader,19,19,3.9633162998156966,1.0
1124,challenge,19,16,4.135166556742356,1.1875
1125,commonly,19,19,3.9633162998156966,1.0
1126,concern,19,17,4.074541934925921,1.1176470588235294
1127,consequences,19,17,4.074541934925921,1.1176470588235294
1128,correlated,19,17,4.074541934925921,1.1176470588235294
1129,databases,19,19,3.9633162998156966,1.0
1130,decreases,19,17,4.074541934925921,1.1176470588235294
1131,delay,19,18,4.017383521085972,1.0555555555555556
1132,derived,19,19,3.9633162998156966,1.0
1133,describes,19,19,3.9633162998156966,1.0
1134,diet-induced,19,16,4.135166556742356,1.1875
1135,duration,19,18,4.017383521085972,1.0555555555555556
1136,engineered,19,11,4.509860006183766,1.7272727272727273
1137,female,19,16,4.135166556742356,1.1875
1138,frequently,19,19,3.9633162998156966,1.0
1139,gsis,19,6,5.115995809754082,3.1666666666666665
1140,gut-derived,19,17,4.074541934925921,1.1176470588235294
1141,having,19,18,4.017383521085972,1.0555555555555556
1142,indicates,19,19,3.9633162998156966,1.0
1143,infarction,19,14,4.268697949366879,1.3571428571428572
1144,initially,19,17,4.074541934925921,1.1176470588235294
1145,injectable,19,15,4.199705077879927,1.2666666666666666
1146,issues,19,18,4.017383521085972,1.0555555555555556
1147,lactis,19,6,5.115995809754082,3.1666666666666665
1148,last,19,19,3.9633162998156966,1.0
1149,leads,19,17,4.074541934925921,1.1176470588235294
1150,mixed,19,16,4.135166556742356,1.1875
1151,modulates,19,19,3.9633162998156966,1.0
1152,naion,19,5,5.298317366548036,3.8
1153,necessary,19,18,4.017383521085972,1.0555555555555556
1154,offers,19,19,3.9633162998156966,1.0
1155,participants,19,16,4.135166556742356,1.1875
1156,pathophysiological,19,19,3.9633162998156966,1.0
1157,perspective,19,18,4.017383521085972,1.0555555555555556
1158,practical,19,17,4.074541934925921,1.1176470588235294
1159,prevalent,19,18,4.017383521085972,1.0555555555555556
1160,prior,19,18,4.017383521085972,1.0555555555555556
1161,promotes,19,15,4.199705077879927,1.2666666666666666
1162,published,19,17,4.074541934925921,1.1176470588235294
1163,regulatory,19,17,4.074541934925921,1.1176470588235294
1164,represents,19,18,4.017383521085972,1.0555555555555556
1165,sepsis,19,5,5.298317366548036,3.8
1166,severity,19,17,4.074541934925921,1.1176470588235294
1167,she,19,11,4.509860006183766,1.7272727272727273
1168,somatostatin,19,8,4.8283137373023015,2.375
1169,tested,19,18,4.017383521085972,1.0555555555555556
1170,type-2,19,14,4.268697949366879,1.3571428571428572
1171,uptake,19,15,4.199705077879927,1.2666666666666666
1172,water,19,10,4.605170185988092,1.9
1173,access,18,15,4.199705077879927,1.2
1174,adult,18,12,4.422848629194137,1.5
1175,aging,18,12,4.422848629194137,1.5
1176,amp,18,10,4.605170185988092,1.8
1177,best,18,14,4.268697949366879,1.2857142857142858
1178,candidate,18,17,4.074541934925921,1.0588235294117647
1179,cochrane,18,16,4.135166556742356,1.125
1180,conclude,18,18,4.017383521085972,1.0
1181,consistent,18,17,4.074541934925921,1.0588235294117647
1182,continuous,18,16,4.135166556742356,1.125
1183,date,18,18,4.017383521085972,1.0
1184,dna,18,9,4.710530701645918,2.0
1185,dosing,18,15,4.199705077879927,1.2
1186,efficient,18,17,4.074541934925921,1.0588235294117647
1187,evaluation,18,18,4.017383521085972,1.0
1188,exercise,18,12,4.422848629194137,1.5
1189,exhibit,18,18,4.017383521085972,1.0
1190,express,18,16,4.135166556742356,1.125
1191,favorable,18,17,4.074541934925921,1.0588235294117647
1192,features,18,16,4.135166556742356,1.125
1193,five,18,14,4.268697949366879,1.2857142857142858
1194,followed,18,18,4.017383521085972,1.0
1195,frequency,18,13,4.3428059215206005,1.3846153846153846
1196,generation,18,12,4.422848629194137,1.5
1197,glut,18,4,5.521460917862246,4.5
1198,immune,18,15,4.199705077879927,1.2
1199,immunohistochemistry,18,16,4.135166556742356,1.125
1200,induction,18,16,4.135166556742356,1.125
1201,infection,18,12,4.422848629194137,1.5
1202,markedly,18,17,4.074541934925921,1.0588235294117647
1203,medicine,18,14,4.268697949366879,1.2857142857142858
1204,memory,18,11,4.509860006183766,1.6363636363636365
1205,modifications,18,18,4.017383521085972,1.0
1206,motility,18,17,4.074541934925921,1.0588235294117647
1207,neurodegeneration,18,12,4.422848629194137,1.5
1208,nts,18,6,5.115995809754082,3.0
1209,perfusion,18,10,4.605170185988092,1.8
1210,process,18,16,4.135166556742356,1.125
1211,producing,18,15,4.199705077879927,1.2
1212,protect,18,15,4.199705077879927,1.2
1213,questions,18,17,4.074541934925921,1.0588235294117647
1214,require,18,18,4.017383521085972,1.0
1215,reviewed,18,16,4.135166556742356,1.125
1216,rise,18,17,4.074541934925921,1.0588235294117647
1217,serious,18,17,4.074541934925921,1.0588235294117647
1218,serve,18,18,4.017383521085972,1.0
1219,sitagliptin,18,6,5.115995809754082,3.0
1220,six,18,15,4.199705077879927,1.2
1221,toward,18,18,4.017383521085972,1.0
1222,towards,18,13,4.3428059215206005,1.3846153846153846
1223,traditional,18,18,4.017383521085972,1.0
1224,types,18,16,4.135166556742356,1.125
1225,us,18,16,4.135166556742356,1.125
1226,≤,18,7,4.961845129926823,2.5714285714285716
1227,abdominal,17,12,4.422848629194137,1.4166666666666667
1228,airway,17,7,4.961845129926823,2.4285714285714284
1229,alterations,17,14,4.268697949366879,1.2142857142857142
1230,anesthesia,17,10,4.605170185988092,1.7
1231,approximately,17,15,4.199705077879927,1.1333333333333333
1232,artery,17,15,4.199705077879927,1.1333333333333333
1233,barrier,17,13,4.3428059215206005,1.3076923076923077
1234,biology,17,16,4.135166556742356,1.0625
1235,blockade,17,12,4.422848629194137,1.4166666666666667
1236,certain,17,17,4.074541934925921,1.0
1237,cholecystokinin,17,15,4.199705077879927,1.1333333333333333
1238,clarify,17,17,4.074541934925921,1.0
1239,cocaine,17,5,5.298317366548036,3.4
1240,cultured,17,15,4.199705077879927,1.1333333333333333
1241,designed,17,16,4.135166556742356,1.0625
1242,diverse,17,17,4.074541934925921,1.0
1243,elisa,17,13,4.3428059215206005,1.3076923076923077
1244,elucidate,17,17,4.074541934925921,1.0
1245,exposed,17,14,4.268697949366879,1.2142857142857142
1246,few,17,17,4.074541934925921,1.0
1247,focuses,17,17,4.074541934925921,1.0
1248,glycemia,17,14,4.268697949366879,1.2142857142857142
1249,guide,17,17,4.074541934925921,1.0
1250,individual,17,16,4.135166556742356,1.0625
1251,inhibiting,17,17,4.074541934925921,1.0
1252,initial,17,17,4.074541934925921,1.0
1253,ischemic,17,15,4.199705077879927,1.1333333333333333
1254,lack,17,17,4.074541934925921,1.0
1255,library,17,17,4.074541934925921,1.0
1256,luminal,17,11,4.509860006183766,1.5454545454545454
1257,lung,17,10,4.605170185988092,1.7
1258,men,17,11,4.509860006183766,1.5454545454545454
1259,metabolites,17,9,4.710530701645918,1.8888888888888888
1260,modified,17,16,4.135166556742356,1.0625
1261,natural,17,13,4.3428059215206005,1.3076923076923077
1262,negative,17,14,4.268697949366879,1.2142857142857142
1263,notably,17,16,4.135166556742356,1.0625
1264,pka,17,9,4.710530701645918,1.8888888888888888
1265,potency,17,15,4.199705077879927,1.1333333333333333
1266,presented,17,17,4.074541934925921,1.0
1267,preventing,17,16,4.135166556742356,1.0625
1268,progressive,17,17,4.074541934925921,1.0
1269,public,17,16,4.135166556742356,1.0625
1270,rare,17,16,4.135166556742356,1.0625
1271,recommendations,17,15,4.199705077879927,1.1333333333333333
1272,regulator,17,16,4.135166556742356,1.0625
1273,relatively,17,17,4.074541934925921,1.0
1274,respiratory,17,11,4.509860006183766,1.5454545454545454
1275,sex,17,7,4.961845129926823,2.4285714285714284
1276,slow,17,17,4.074541934925921,1.0
1277,species,17,17,4.074541934925921,1.0
1278,staining,17,10,4.605170185988092,1.7
1279,state,17,17,4.074541934925921,1.0
1280,targeted,17,13,4.3428059215206005,1.3076923076923077
1281,tgr,17,4,5.521460917862246,4.25
1282,vomiting,17,14,4.268697949366879,1.2142857142857142
1283,widespread,17,17,4.074541934925921,1.0
1284,year,17,9,4.710530701645918,1.8888888888888888
1285,yy,17,17,4.074541934925921,1.0
1286,accompanied,16,16,4.135166556742356,1.0
1287,achieved,16,14,4.268697949366879,1.1428571428571428
1288,anti-diabetic,16,15,4.199705077879927,1.0666666666666667
1289,appropriate,16,14,4.268697949366879,1.1428571428571428
1290,assessing,16,16,4.135166556742356,1.0
1291,brainstem,16,12,4.422848629194137,1.3333333333333333
1292,burden,16,16,4.135166556742356,1.0
1293,causes,16,16,4.135166556742356,1.0
1294,characteristics,16,13,4.3428059215206005,1.2307692307692308
1295,conventional,16,15,4.199705077879927,1.0666666666666667
1296,damage,16,12,4.422848629194137,1.3333333333333333
1297,demonstrating,16,16,4.135166556742356,1.0
1298,diarrhea,16,8,4.8283137373023015,2.0
1299,differentiation,16,15,4.199705077879927,1.0666666666666667
1300,elevation,16,16,4.135166556742356,1.0
1301,enhancement,16,16,4.135166556742356,1.0
1302,establish,16,16,4.135166556742356,1.0
1303,ethanol,16,4,5.521460917862246,4.0
1304,evaluates,16,16,4.135166556742356,1.0
1305,expert,16,16,4.135166556742356,1.0
1306,fed,16,13,4.3428059215206005,1.2307692307692308
1307,free,16,13,4.3428059215206005,1.2307692307692308
1308,genes,16,12,4.422848629194137,1.3333333333333333
1309,heterogeneity,16,12,4.422848629194137,1.3333333333333333
1310,hippocampal,16,9,4.710530701645918,1.7777777777777777
1311,hypoglycaemia,16,13,4.3428059215206005,1.2307692307692308
1312,implicated,16,16,4.135166556742356,1.0
1313,inducing,16,16,4.135166556742356,1.0
1314,issue,16,16,4.135166556742356,1.0
1315,l-cell,16,10,4.605170185988092,1.6
1316,landscape,16,16,4.135166556742356,1.0
1317,least,16,15,4.199705077879927,1.0666666666666667
1318,meals,16,14,4.268697949366879,1.1428571428571428
1319,medline,16,16,4.135166556742356,1.0
1320,mimic,16,16,4.135166556742356,1.0
1321,molecules,16,14,4.268697949366879,1.1428571428571428
1322,newly,16,8,4.8283137373023015,2.0
1323,non-diabetic,16,13,4.3428059215206005,1.2307692307692308
1324,obstructive,16,12,4.422848629194137,1.3333333333333333
1325,paper,16,14,4.268697949366879,1.1428571428571428
1326,parkinson,16,15,4.199705077879927,1.0666666666666667
1327,pharmacotherapy,16,16,4.135166556742356,1.0
1328,possibly,16,15,4.199705077879927,1.0666666666666667
1329,produce,16,14,4.268697949366879,1.1428571428571428
1330,promise,16,16,4.135166556742356,1.0
1331,propose,16,16,4.135166556742356,1.0
1332,psychiatric,16,8,4.8283137373023015,2.0
1333,real-world,16,15,4.199705077879927,1.0666666666666667
1334,regimen,16,11,4.509860006183766,1.4545454545454546
1335,secretagogues,16,9,4.710530701645918,1.7777777777777777
1336,status,16,11,4.509860006183766,1.4545454545454546
1337,subsequent,16,16,4.135166556742356,1.0
1338,subsequently,16,16,4.135166556742356,1.0
1339,sustained,16,13,4.3428059215206005,1.2307692307692308
1340,synthesizes,16,16,4.135166556742356,1.0
1341,toxicity,16,12,4.422848629194137,1.3333333333333333
1342,albiglutide,15,8,4.8283137373023015,1.875
1343,allosteric,15,8,4.8283137373023015,1.875
1344,already,15,15,4.199705077879927,1.0
1345,antihyperglycemic,15,11,4.509860006183766,1.3636363636363635
1346,applications,15,15,4.199705077879927,1.0
1347,attractive,15,15,4.199705077879927,1.0
1348,autophagy,15,6,5.115995809754082,2.5
1349,bile,15,5,5.298317366548036,3.0
1350,bl,15,13,4.3428059215206005,1.1538461538461537
1351,bypass,15,15,4.199705077879927,1.0
1352,cardioprotection,15,6,5.115995809754082,2.5
1353,comparison,15,15,4.199705077879927,1.0
1354,contents,15,10,4.605170185988092,1.5
1355,decades,15,15,4.199705077879927,1.0
1356,delaying,15,15,4.199705077879927,1.0
1357,diagnosed,15,10,4.605170185988092,1.5
1358,downstream,15,15,4.199705077879927,1.0
1359,efforts,15,15,4.199705077879927,1.0
1360,employed,15,14,4.268697949366879,1.0714285714285714
1361,ensure,15,15,4.199705077879927,1.0
1362,evaluating,15,15,4.199705077879927,1.0
1363,expanding,15,14,4.268697949366879,1.0714285714285714
1364,expected,15,15,4.199705077879927,1.0
1365,far,15,15,4.199705077879927,1.0
1366,forms,15,12,4.422848629194137,1.25
1367,hand,15,11,4.509860006183766,1.3636363636363635
1368,hfd,15,6,5.115995809754082,2.5
1369,highest,15,13,4.3428059215206005,1.1538461538461537
1370,hormonal,15,14,4.268697949366879,1.0714285714285714
1371,ileal,15,12,4.422848629194137,1.25
1372,importantly,15,15,4.199705077879927,1.0
1373,innovative,15,13,4.3428059215206005,1.1538461538461537
1374,insight,15,15,4.199705077879927,1.0
1375,involvement,15,14,4.268697949366879,1.0714285714285714
1376,ir,15,9,4.710530701645918,1.6666666666666667
1377,ischemia,15,12,4.422848629194137,1.25
1378,link,15,13,4.3428059215206005,1.1538461538461537
1379,localization,15,10,4.605170185988092,1.5
1380,lys,15,7,4.961845129926823,2.142857142857143
1381,maintain,15,15,4.199705077879927,1.0
1382,maintenance,15,14,4.268697949366879,1.0714285714285714
1383,mc,15,3,5.809142990314028,5.0
1384,median,15,8,4.8283137373023015,1.875
1385,mediating,15,15,4.199705077879927,1.0
1386,method,15,15,4.199705077879927,1.0
1387,modification,15,13,4.3428059215206005,1.1538461538461537
1388,modulators,15,13,4.3428059215206005,1.1538461538461537
1389,motor,15,12,4.422848629194137,1.25
1390,neuroprotection,15,10,4.605170185988092,1.5
1391,normalized,15,14,4.268697949366879,1.0714285714285714
1392,occurring,15,15,4.199705077879927,1.0
1393,offering,15,14,4.268697949366879,1.0714285714285714
1394,opinion,15,15,4.199705077879927,1.0
1395,optimize,15,15,4.199705077879927,1.0
1396,pattern,15,13,4.3428059215206005,1.1538461538461537
1397,patterns,15,12,4.422848629194137,1.25
1398,pharmacovigilance,15,11,4.509860006183766,1.3636363636363635
1399,predominantly,15,14,4.268697949366879,1.0714285714285714
1400,preliminary,15,15,4.199705077879927,1.0
1401,preproglucagon,15,11,4.509860006183766,1.3636363636363635
1402,presents,15,15,4.199705077879927,1.0
1403,pretreatment,15,10,4.605170185988092,1.5
1404,processing,15,14,4.268697949366879,1.0714285714285714
1405,psoriasis,15,6,5.115995809754082,2.5
1406,q,15,5,5.298317366548036,3.0
1407,recognized,15,14,4.268697949366879,1.0714285714285714
1408,recombinant,15,14,4.268697949366879,1.0714285714285714
1409,region,15,13,4.3428059215206005,1.1538461538461537
1410,sa,15,3,5.809142990314028,5.0
1411,searched,15,14,4.268697949366879,1.0714285714285714
1412,setting,15,14,4.268697949366879,1.0714285714285714
1413,seven,15,12,4.422848629194137,1.25
1414,similarly,15,14,4.268697949366879,1.0714285714285714
1415,supports,15,15,4.199705077879927,1.0
1416,sweet,15,7,4.961845129926823,2.142857142857143
1417,united,15,14,4.268697949366879,1.0714285714285714
1418,upper,15,13,4.3428059215206005,1.1538461538461537
1419,v,15,10,4.605170185988092,1.5
1420,world,15,14,4.268697949366879,1.0714285714285714
1421,>,14,10,4.605170185988092,1.4
1422,adenosine,14,10,4.605170185988092,1.4
1423,advanced,14,13,4.3428059215206005,1.0769230769230769
1424,approval,14,12,4.422848629194137,1.1666666666666667
1425,aspects,14,14,4.268697949366879,1.0
1426,atherosclerosis,14,9,4.710530701645918,1.5555555555555556
1427,candidates,14,14,4.268697949366879,1.0
1428,capable,14,13,4.3428059215206005,1.0769230769230769
1429,carbohydrate,14,10,4.605170185988092,1.4
1430,cerebral,14,9,4.710530701645918,1.5555555555555556
1431,cholesterol,14,8,4.8283137373023015,1.75
1432,clear,14,13,4.3428059215206005,1.0769230769230769
1433,cohorts,14,11,4.509860006183766,1.2727272727272727
1434,colonic,14,7,4.961845129926823,2.0
1435,complication,14,12,4.422848629194137,1.1666666666666667
1436,composition,14,11,4.509860006183766,1.2727272727272727
1437,confirm,14,14,4.268697949366879,1.0
1438,consider,14,14,4.268697949366879,1.0
1439,containing,14,14,4.268697949366879,1.0
1440,contributing,14,13,4.3428059215206005,1.0769230769230769
1441,controlling,14,14,4.268697949366879,1.0
1442,cost,14,14,4.268697949366879,1.0
1443,covered,14,14,4.268697949366879,1.0
1444,demonstrates,14,14,4.268697949366879,1.0
1445,derivatives,14,7,4.961845129926823,2.0
1446,difference,14,13,4.3428059215206005,1.0769230769230769
1447,digestion,14,9,4.710530701645918,1.5555555555555556
1448,domain,14,12,4.422848629194137,1.1666666666666667
1449,elucidated,14,14,4.268697949366879,1.0
1450,embase,14,14,4.268697949366879,1.0
1451,end,14,12,4.422848629194137,1.1666666666666667
1452,extended,14,12,4.422848629194137,1.1666666666666667
1453,ga,14,4,5.521460917862246,3.5
1454,good,14,13,4.3428059215206005,1.0769230769230769
1455,iii,14,12,4.422848629194137,1.1666666666666667
1456,intolerance,14,13,4.3428059215206005,1.0769230769230769
1457,knockout,14,9,4.710530701645918,1.5555555555555556
1458,lines,14,11,4.509860006183766,1.2727272727272727
1459,linking,14,14,4.268697949366879,1.0
1460,meta-analyses,14,14,4.268697949366879,1.0
1461,mmol,14,8,4.8283137373023015,1.75
1462,mtor,14,8,4.8283137373023015,1.75
1463,network,14,13,4.3428059215206005,1.0769230769230769
1464,neuroinflammation,14,13,4.3428059215206005,1.0769230769230769
1465,neurological,14,13,4.3428059215206005,1.0769230769230769
1466,o,14,8,4.8283137373023015,1.75
1467,odds,14,10,4.605170185988092,1.4
1468,older,14,9,4.710530701645918,1.5555555555555556
1469,order,14,14,4.268697949366879,1.0
1470,originally,14,14,4.268697949366879,1.0
1471,oxygen,14,9,4.710530701645918,1.5555555555555556
1472,past,14,14,4.268697949366879,1.0
1473,pharmacotherapies,14,13,4.3428059215206005,1.0769230769230769
1474,poorly,14,13,4.3428059215206005,1.0769230769230769
1475,prediabetes,14,5,5.298317366548036,2.8
1476,preserved,14,13,4.3428059215206005,1.0769230769230769
1477,propensity,14,13,4.3428059215206005,1.0769230769230769
1478,prostate,14,3,5.809142990314028,4.666666666666667
1479,provided,14,13,4.3428059215206005,1.0769230769230769
1480,requires,14,14,4.268697949366879,1.0
1481,reveal,14,14,4.268697949366879,1.0
1482,satiation,14,6,5.115995809754082,2.3333333333333335
1483,scopus,14,14,4.268697949366879,1.0
1484,sud,14,3,5.809142990314028,4.666666666666667
1485,sugar,14,11,4.509860006183766,1.2727272727272727
1486,synergistic,14,13,4.3428059215206005,1.0769230769230769
1487,term,14,11,4.509860006183766,1.2727272727272727
1488,tests,14,13,4.3428059215206005,1.0769230769230769
1489,unique,14,14,4.268697949366879,1.0
1490,valuable,14,14,4.268697949366879,1.0
1491,web,14,14,4.268697949366879,1.0
1492,young,14,13,4.3428059215206005,1.0769230769230769
1493,×,14,5,5.298317366548036,2.8
1494,adiposity,13,9,4.710530701645918,1.4444444444444444
1495,adjunct,13,13,4.3428059215206005,1.0
1496,advantage,13,12,4.422848629194137,1.0833333333333333
1497,advantages,13,13,4.3428059215206005,1.0
1498,ages,13,3,5.809142990314028,4.333333333333333
1499,akt,13,8,4.8283137373023015,1.625
1500,al,13,11,4.509860006183766,1.1818181818181819
1501,amount,13,13,4.3428059215206005,1.0
1502,antibody,13,8,4.8283137373023015,1.625
1503,apnea,13,13,4.3428059215206005,1.0
1504,bowel,13,11,4.509860006183766,1.1818181818181819
1505,capacity,13,13,4.3428059215206005,1.0
1506,cfrd,13,2,6.214608098422191,6.5
1507,chromatography,13,10,4.605170185988092,1.3
1508,circadian,13,4,5.521460917862246,3.25
1509,cleavage,13,12,4.422848629194137,1.0833333333333333
1510,collectively,13,13,4.3428059215206005,1.0
1511,comparable,13,12,4.422848629194137,1.0833333333333333
1512,concomitant,13,13,4.3428059215206005,1.0
1513,confidence,13,12,4.422848629194137,1.0833333333333333
1514,constructed,13,13,4.3428059215206005,1.0
1515,convertase,13,9,4.710530701645918,1.4444444444444444
1516,correlation,13,10,4.605170185988092,1.3
1517,decade,13,13,4.3428059215206005,1.0
1518,dementia,13,7,4.961845129926823,1.8571428571428572
1519,detection,13,9,4.710530701645918,1.4444444444444444
1520,digestive,13,6,5.115995809754082,2.1666666666666665
1521,dio,13,8,4.8283137373023015,1.625
1522,disruption,13,11,4.509860006183766,1.1818181818181819
1523,dose-dependent,13,12,4.422848629194137,1.0833333333333333
1524,dpp-iv,13,7,4.961845129926823,1.8571428571428572
1525,effectively,13,12,4.422848629194137,1.0833333333333333
1526,epithelial,13,10,4.605170185988092,1.3
1527,et,13,11,4.509860006183766,1.1818181818181819
1528,exocytosis,13,7,4.961845129926823,1.8571428571428572
1529,gcgr,13,6,5.115995809754082,2.1666666666666665
1530,generally,13,13,4.3428059215206005,1.0
1531,glucagon-like-peptide-1,13,13,4.3428059215206005,1.0
1532,great,13,11,4.509860006183766,1.1818181818181819
1533,hs,13,2,6.214608098422191,6.5
1534,hypertrophy,13,6,5.115995809754082,2.1666666666666665
1535,identifying,13,13,4.3428059215206005,1.0
1536,indirectly,13,13,4.3428059215206005,1.0
1537,injections,13,11,4.509860006183766,1.1818181818181819
1538,insl,13,1,6.907755278982137,13.0
1539,involves,13,13,4.3428059215206005,1.0
1540,j,13,12,4.422848629194137,1.0833333333333333
1541,later,13,13,4.3428059215206005,1.0
1542,learning,13,9,4.710530701645918,1.4444444444444444
1543,light,13,13,4.3428059215206005,1.0
1544,limit,13,13,4.3428059215206005,1.0
1545,living,13,11,4.509860006183766,1.1818181818181819
1546,load,13,11,4.509860006183766,1.1818181818181819
1547,manage,13,13,4.3428059215206005,1.0
1548,mcs,13,2,6.214608098422191,6.5
1549,mediate,13,13,4.3428059215206005,1.0
1550,medicines,13,11,4.509860006183766,1.1818181818181819
1551,minutes,13,7,4.961845129926823,1.8571428571428572
1552,mitigate,13,11,4.509860006183766,1.1818181818181819
1553,must,13,13,4.3428059215206005,1.0
1554,next,13,13,4.3428059215206005,1.0
1555,obesity-related,13,11,4.509860006183766,1.1818181818181819
1556,objectives,13,12,4.422848629194137,1.0833333333333333
1557,occurs,13,11,4.509860006183766,1.1818181818181819
1558,ocular,13,5,5.298317366548036,2.6
1559,others,13,12,4.422848629194137,1.0833333333333333
1560,parallel,13,12,4.422848629194137,1.0833333333333333
1561,partially,13,13,4.3428059215206005,1.0
1562,pathological,13,12,4.422848629194137,1.0833333333333333
1563,pharmacokinetics,13,12,4.422848629194137,1.0833333333333333
1564,pharmacology,13,13,4.3428059215206005,1.0
1565,protein-coupled,13,12,4.422848629194137,1.0833333333333333
1566,rationale,13,12,4.422848629194137,1.0833333333333333
1567,rcts,13,5,5.298317366548036,2.6
1568,remained,13,11,4.509860006183766,1.1818181818181819
1569,repair,13,7,4.961845129926823,1.8571428571428572
1570,requiring,13,13,4.3428059215206005,1.0
1571,retinopathy,13,9,4.710530701645918,1.4444444444444444
1572,rising,13,13,4.3428059215206005,1.0
1573,serotonin,13,4,5.521460917862246,3.25
1574,shift,13,12,4.422848629194137,1.0833333333333333
1575,showing,13,13,4.3428059215206005,1.0
1576,shows,13,13,4.3428059215206005,1.0
1577,significance,13,12,4.422848629194137,1.0833333333333333
1578,skeletal,13,10,4.605170185988092,1.3
1579,small-molecule,13,9,4.710530701645918,1.4444444444444444
1580,spinal,13,5,5.298317366548036,2.6
1581,stable,13,13,4.3428059215206005,1.0
1582,steatosis,13,9,4.710530701645918,1.4444444444444444
1583,substance,13,9,4.710530701645918,1.4444444444444444
1584,suppress,13,12,4.422848629194137,1.0833333333333333
1585,synthetic,13,12,4.422848629194137,1.0833333333333333
1586,times,13,12,4.422848629194137,1.0833333333333333
1587,triple,13,11,4.509860006183766,1.1818181818181819
1588,utilized,13,13,4.3428059215206005,1.0
1589,visceral,13,11,4.509860006183766,1.1818181818181819
1590,woman,13,13,4.3428059215206005,1.0
1591,∆,13,1,6.907755278982137,13.0
1592,addiction,12,9,4.710530701645918,1.3333333333333333
1593,adjunctive,12,9,4.710530701645918,1.3333333333333333
1594,amyloid,12,9,4.710530701645918,1.3333333333333333
1595,anorexigenic,12,10,4.605170185988092,1.2
1596,ascophyllan,12,1,6.907755278982137,12.0
1597,availability,12,11,4.509860006183766,1.0909090909090908
1598,behind,12,11,4.509860006183766,1.0909090909090908
1599,biosynthesis,12,10,4.605170185988092,1.2
1600,blotting,12,11,4.509860006183766,1.0909090909090908
1601,bp,12,4,5.521460917862246,3.0
1602,cart,12,2,6.214608098422191,6.0
1603,cd,12,8,4.8283137373023015,1.5
1604,chemical,12,11,4.509860006183766,1.0909090909090908
1605,colitis,12,3,5.809142990314028,4.0
1606,completely,12,10,4.605170185988092,1.2
1607,conjugates,12,5,5.298317366548036,2.4
1608,considerable,12,12,4.422848629194137,1.0
1609,cotransporter,12,12,4.422848629194137,1.0
1610,cotransporter-2,12,12,4.422848629194137,1.0
1611,death,12,10,4.605170185988092,1.2
1612,define,12,10,4.605170185988092,1.2
1613,density,12,10,4.605170185988092,1.2
1614,diabetes-related,12,9,4.710530701645918,1.3333333333333333
1615,directions,12,12,4.422848629194137,1.0
1616,discovered,12,12,4.422848629194137,1.0
1617,dynamics,12,11,4.509860006183766,1.0909090909090908
1618,dysfunction-associated,12,10,4.605170185988092,1.2
1619,eat,12,3,5.809142990314028,4.0
1620,efficacious,12,11,4.509860006183766,1.0909090909090908
1621,evolving,12,11,4.509860006183766,1.0909090909090908
1622,f,12,7,4.961845129926823,1.7142857142857142
1623,failed,12,11,4.509860006183766,1.0909090909090908
1624,finding,12,11,4.509860006183766,1.0909090909090908
1625,follow-up,12,12,4.422848629194137,1.0
1626,framework,12,11,4.509860006183766,1.0909090909090908
1627,frequent,12,12,4.422848629194137,1.0
1628,g-protein,12,11,4.509860006183766,1.0909090909090908
1629,gained,12,12,4.422848629194137,1.0
1630,gap,12,11,4.509860006183766,1.0909090909090908
1631,gk,12,3,5.809142990314028,4.0
1632,goal,12,8,4.8283137373023015,1.5
1633,grk,12,2,6.214608098422191,6.0
1634,healthcare,12,12,4.422848629194137,1.0
1635,hence,12,11,4.509860006183766,1.0909090909090908
1636,hfpef,12,3,5.809142990314028,4.0
1637,hour,12,7,4.961845129926823,1.7142857142857142
1638,ibd,12,5,5.298317366548036,2.4
1639,icv,12,5,5.298317366548036,2.4
1640,ih,12,2,6.214608098422191,6.0
1641,impacts,12,12,4.422848629194137,1.0
1642,intraperitoneal,12,12,4.422848629194137,1.0
1643,intravenous,12,11,4.509860006183766,1.0909090909090908
1644,introduced,12,11,4.509860006183766,1.0909090909090908
1645,large-scale,12,12,4.422848629194137,1.0
1646,larger,12,12,4.422848629194137,1.0
1647,left,12,10,4.605170185988092,1.2
1648,longer,12,11,4.509860006183766,1.0909090909090908
1649,materials,12,10,4.605170185988092,1.2
1650,mechanistically,12,12,4.422848629194137,1.0
1651,million,12,9,4.710530701645918,1.3333333333333333
1652,mir-27a,12,1,6.907755278982137,12.0
1653,modulated,12,11,4.509860006183766,1.0909090909090908
1654,ng,12,8,4.8283137373023015,1.5
1655,nondiabetic,12,8,4.8283137373023015,1.5
1656,occurred,12,10,4.605170185988092,1.2
1657,outline,12,12,4.422848629194137,1.0
1658,ovary,12,10,4.605170185988092,1.2
1659,overexpression,12,10,4.605170185988092,1.2
1660,pharmaceutical,12,12,4.422848629194137,1.0
1661,phenotype,12,11,4.509860006183766,1.0909090909090908
1662,pivotal,12,12,4.422848629194137,1.0
1663,pmol,12,5,5.298317366548036,2.4
1664,positively,12,12,4.422848629194137,1.0
1665,ppar,12,3,5.809142990314028,4.0
1666,precursor,12,12,4.422848629194137,1.0
1667,prisma,12,12,4.422848629194137,1.0
1668,program,12,7,4.961845129926823,1.7142857142857142
1669,raised,12,12,4.422848629194137,1.0
1670,reactions,12,9,4.710530701645918,1.3333333333333333
1671,retinal,12,6,5.115995809754082,2.0
1672,scope,12,12,4.422848629194137,1.0
1673,seem,12,12,4.422848629194137,1.0
1674,sites,12,11,4.509860006183766,1.0909090909090908
1675,situ,12,9,4.710530701645918,1.3333333333333333
1676,steatotic,12,11,4.509860006183766,1.0909090909090908
1677,suppresses,12,11,4.509860006183766,1.0909090909090908
1678,taken,12,12,4.422848629194137,1.0
1679,throughout,12,12,4.422848629194137,1.0
1680,tiab,12,1,6.907755278982137,12.0
1681,transient,12,12,4.422848629194137,1.0
1682,translational,12,11,4.509860006183766,1.0909090909090908
1683,utility,12,12,4.422848629194137,1.0
1684,vein,12,7,4.961845129926823,1.7142857142857142
1685,vital,12,12,4.422848629194137,1.0
1686,way,12,12,4.422848629194137,1.0
1687,wide,12,12,4.422848629194137,1.0
1688,worsening,12,8,4.8283137373023015,1.5
1689,ablation,11,7,4.961845129926823,1.5714285714285714
1690,according,11,11,4.509860006183766,1.0
1691,achieving,11,9,4.710530701645918,1.2222222222222223
1692,activate,11,10,4.605170185988092,1.1
1693,all-cause,11,6,5.115995809754082,1.8333333333333333
1694,applied,11,10,4.605170185988092,1.1
1695,augment,11,11,4.509860006183766,1.0
1696,autoimmune,11,8,4.8283137373023015,1.375
1697,basic,11,11,4.509860006183766,1.0
1698,bed,11,4,5.521460917862246,2.75
1699,biochemical,11,11,4.509860006183766,1.0
1700,biomarkers,11,10,4.605170185988092,1.1
1701,c-peptide,11,6,5.115995809754082,1.8333333333333333
1702,characterize,11,11,4.509860006183766,1.0
1703,circuits,11,10,4.605170185988092,1.1
1704,collected,11,10,4.605170185988092,1.1
1705,compare,11,11,4.509860006183766,1.0
1706,complementary,11,11,4.509860006183766,1.0
1707,consequently,11,11,4.509860006183766,1.0
1708,consistently,11,11,4.509860006183766,1.0
1709,continue,11,11,4.509860006183766,1.0
1710,cornerstone,11,11,4.509860006183766,1.0
1711,cortex,11,7,4.961845129926823,1.5714285714285714
1712,currents,11,5,5.298317366548036,2.2
1713,cvots,11,7,4.961845129926823,1.5714285714285714
1714,diabetics,11,10,4.605170185988092,1.1
1715,diagnosis,11,11,4.509860006183766,1.0
1716,distributed,11,9,4.710530701645918,1.2222222222222223
1717,documented,11,11,4.509860006183766,1.0
1718,dopamine,11,8,4.8283137373023015,1.375
1719,drinking,11,6,5.115995809754082,1.8333333333333333
1720,driven,11,11,4.509860006183766,1.0
1721,dyslipidemia,11,7,4.961845129926823,1.5714285714285714
1722,eecs,11,7,4.961845129926823,1.5714285714285714
1723,eight,11,11,4.509860006183766,1.0
1724,ejection,11,9,4.710530701645918,1.2222222222222223
1725,endoscopic,11,6,5.115995809754082,1.8333333333333333
1726,epithelium,11,10,4.605170185988092,1.1
1727,european,11,11,4.509860006183766,1.0
1728,exact,11,11,4.509860006183766,1.0
1729,faers,11,5,5.298317366548036,2.2
1730,fasted,11,3,5.809142990314028,3.6666666666666665
1731,fibers,11,6,5.115995809754082,1.8333333333333333
1732,flow,11,10,4.605170185988092,1.1
1733,formulation,11,8,4.8283137373023015,1.375
1734,general,11,10,4.605170185988092,1.1
1735,glp-1-producing,11,6,5.115995809754082,1.8333333333333333
1736,glp-1s,11,5,5.298317366548036,2.2
1737,glycated,11,10,4.605170185988092,1.1
1738,greatly,11,10,4.605170185988092,1.1
1739,hair,11,2,6.214608098422191,5.5
1740,high-quality,11,10,4.605170185988092,1.1
1741,identification,11,11,4.509860006183766,1.0
1742,inactivation,11,8,4.8283137373023015,1.375
1743,incubation,11,7,4.961845129926823,1.5714285714285714
1744,independently,11,11,4.509860006183766,1.0
1745,indications,11,9,4.710530701645918,1.2222222222222223
1746,influenced,11,10,4.605170185988092,1.1
1747,integration,11,10,4.605170185988092,1.1
1748,interact,11,11,4.509860006183766,1.0
1749,iqr,11,4,5.521460917862246,2.75
1750,ketoacidosis,11,3,5.809142990314028,3.6666666666666665
1751,knockdown,11,7,4.961845129926823,1.5714285714285714
1752,laboratory,11,11,4.509860006183766,1.0
1753,lipids,11,11,4.509860006183766,1.0
1754,make,11,11,4.509860006183766,1.0
1755,making,11,11,4.509860006183766,1.0
1756,measures,11,11,4.509860006183766,1.0
1757,mi,11,6,5.115995809754082,1.8333333333333333
1758,microbiome,11,9,4.710530701645918,1.2222222222222223
1759,much,11,9,4.710530701645918,1.2222222222222223
1760,nci-h716,11,9,4.710530701645918,1.2222222222222223
1761,neither,11,10,4.605170185988092,1.1
1762,neurotrophic,11,6,5.115995809754082,1.8333333333333333
1763,nf,11,6,5.115995809754082,1.8333333333333333
1764,nor,11,11,4.509860006183766,1.0
1765,observations,11,11,4.509860006183766,1.0
1766,onset,11,11,4.509860006183766,1.0
1767,ophthalmic,11,4,5.521460917862246,2.75
1768,opioid,11,4,5.521460917862246,2.75
1769,organ,11,8,4.8283137373023015,1.375
1770,oxyntomodulin,11,8,4.8283137373023015,1.375
1771,peak,11,7,4.961845129926823,1.5714285714285714
1772,persistent,11,11,4.509860006183766,1.0
1773,pge,11,1,6.907755278982137,11.0
1774,ph,11,4,5.521460917862246,2.75
1775,physical,11,7,4.961845129926823,1.5714285714285714
1776,platform,11,8,4.8283137373023015,1.375
1777,polycystic,11,11,4.509860006183766,1.0
1778,poor,11,10,4.605170185988092,1.1
1779,pph,11,3,5.809142990314028,3.6666666666666665
1780,problem,11,11,4.509860006183766,1.0
1781,product,11,10,4.605170185988092,1.1
1782,purified,11,9,4.710530701645918,1.2222222222222223
1783,readmission,11,5,5.298317366548036,2.2
1784,regardless,11,11,4.509860006183766,1.0
1785,reporter,11,6,5.115995809754082,1.8333333333333333
1786,residues,11,10,4.605170185988092,1.1
1787,restored,11,11,4.509860006183766,1.0
1788,rice,11,3,5.809142990314028,3.6666666666666665
1789,samples,11,10,4.605170185988092,1.1
1790,screened,11,10,4.605170185988092,1.1
1791,seems,11,11,4.509860006183766,1.0
1792,skin,11,8,4.8283137373023015,1.375
1793,social,11,7,4.961845129926823,1.5714285714285714
1794,spine,11,2,6.214608098422191,5.5
1795,started,11,11,4.509860006183766,1.0
1796,stimuli,11,8,4.8283137373023015,1.375
1797,strain,11,6,5.115995809754082,1.8333333333333333
1798,structures,11,10,4.605170185988092,1.1
1799,subjected,11,10,4.605170185988092,1.1
1800,sufficient,11,11,4.509860006183766,1.0
1801,supported,11,11,4.509860006183766,1.0
1802,symptomatic,11,8,4.8283137373023015,1.375
1803,testing,11,11,4.509860006183766,1.0
1804,thought,11,10,4.605170185988092,1.1
1805,tolerated,11,11,4.509860006183766,1.0
1806,torpor,11,1,6.907755278982137,11.0
1807,transformed,11,11,4.509860006183766,1.0
1808,transit,11,6,5.115995809754082,1.8333333333333333
1809,tumor,11,9,4.710530701645918,1.2222222222222223
1810,typically,11,11,4.509860006183766,1.0
1811,u,11,9,4.710530701645918,1.2222222222222223
1812,uncertain,11,10,4.605170185988092,1.1
1813,underwent,11,10,4.605170185988092,1.1
1814,until,11,11,4.509860006183766,1.0
1815,vagus,11,8,4.8283137373023015,1.375
1816,val,11,3,5.809142990314028,3.6666666666666665
1817,value,11,10,4.605170185988092,1.1
1818,variability,11,11,4.509860006183766,1.0
1819,viability,11,9,4.710530701645918,1.2222222222222223
1820,warranted,11,11,4.509860006183766,1.0
1821,would,11,10,4.605170185988092,1.1
1822,wt,11,5,5.298317366548036,2.2
1823,accessibility,10,10,4.605170185988092,1.0
1824,afferent,10,9,4.710530701645918,1.1111111111111112
1825,alter,10,10,4.605170185988092,1.0
1826,another,10,10,4.605170185988092,1.0
1827,anterior,10,10,4.605170185988092,1.0
1828,arginine,10,5,5.298317366548036,2.0
1829,arrhythmias,10,8,4.8283137373023015,1.25
1830,attributed,10,10,4.605170185988092,1.0
1831,besides,10,10,4.605170185988092,1.0
1832,biologically,10,10,4.605170185988092,1.0
1833,cad,10,3,5.809142990314028,3.3333333333333335
1834,car,10,1,6.907755278982137,10.0
1835,chain,10,9,4.710530701645918,1.1111111111111112
1836,challenging,10,10,4.605170185988092,1.0
1837,choice,10,10,4.605170185988092,1.0
1838,combinations,10,9,4.710530701645918,1.1111111111111112
1839,combining,10,8,4.8283137373023015,1.25
1840,concept,10,6,5.115995809754082,1.6666666666666667
1841,considering,10,10,4.605170185988092,1.0
1842,covid-19,10,3,5.809142990314028,3.3333333333333335
1843,ct,10,3,5.809142990314028,3.3333333333333335
1844,cytokine,10,9,4.710530701645918,1.1111111111111112
1845,deficits,10,9,4.710530701645918,1.1111111111111112
1846,depolarization,10,8,4.8283137373023015,1.25
1847,detailed,10,10,4.605170185988092,1.0
1848,differ,10,10,4.605170185988092,1.0
1849,differentially,10,9,4.710530701645918,1.1111111111111112
1850,discussion,10,10,4.605170185988092,1.0
1851,dkd,10,3,5.809142990314028,3.3333333333333335
1852,dorsal,10,6,5.115995809754082,1.6666666666666667
1853,dynamic,10,9,4.710530701645918,1.1111111111111112
1854,efficiently,10,10,4.605170185988092,1.0
1855,emphasis,10,10,4.605170185988092,1.0
1856,endpoints,10,10,4.605170185988092,1.0
1857,ew,10,1,6.907755278982137,10.0
1858,examination,10,10,4.605170185988092,1.0
1859,excessive,10,10,4.605170185988092,1.0
1860,expand,10,10,4.605170185988092,1.0
1861,expanded,10,9,4.710530701645918,1.1111111111111112
1862,experience,10,8,4.8283137373023015,1.25
1863,explain,10,10,4.605170185988092,1.0
1864,extensive,10,9,4.710530701645918,1.1111111111111112
1865,extensively,10,10,4.605170185988092,1.0
1866,extract,10,9,4.710530701645918,1.1111111111111112
1867,feedback,10,6,5.115995809754082,1.6666666666666667
1868,glargine,10,7,4.961845129926823,1.4285714285714286
1869,goals,10,10,4.605170185988092,1.0
1870,google,10,10,4.605170185988092,1.0
1871,gpcr,10,9,4.710530701645918,1.1111111111111112
1872,high-risk,10,9,4.710530701645918,1.1111111111111112
1873,hippocampus,10,7,4.961845129926823,1.4285714285714286
1874,hospital,10,9,4.710530701645918,1.1111111111111112
1875,iapp,10,1,6.907755278982137,10.0
1876,iih,10,2,6.214608098422191,5.0
1877,immunohistochemical,10,9,4.710530701645918,1.1111111111111112
1878,immunoreactive,10,7,4.961845129926823,1.4285714285714286
1879,ingested,10,6,5.115995809754082,1.6666666666666667
1880,integrated,10,9,4.710530701645918,1.1111111111111112
1881,integrating,10,10,4.605170185988092,1.0
1882,interestingly,10,10,4.605170185988092,1.0
1883,internalization,10,6,5.115995809754082,1.6666666666666667
1884,intracerebroventricular,10,10,4.605170185988092,1.0
1885,investigating,10,9,4.710530701645918,1.1111111111111112
1886,investigations,10,10,4.605170185988092,1.0
1887,laminarin,10,1,6.907755278982137,10.0
1888,latest,10,10,4.605170185988092,1.0
1889,lesions,10,3,5.809142990314028,3.3333333333333335
1890,located,10,9,4.710530701645918,1.1111111111111112
1891,lowers,10,10,4.605170185988092,1.0
1892,mace,10,8,4.8283137373023015,1.25
1893,majority,10,10,4.605170185988092,1.0
1894,man,10,9,4.710530701645918,1.1111111111111112
1895,market,10,9,4.710530701645918,1.1111111111111112
1896,mash,10,4,5.521460917862246,2.5
1897,matrix,10,6,5.115995809754082,1.6666666666666667
1898,md,10,4,5.521460917862246,2.5
1899,mean,10,9,4.710530701645918,1.1111111111111112
1900,methodological,10,7,4.961845129926823,1.4285714285714286
1901,microbial,10,6,5.115995809754082,1.6666666666666667
1902,mitigating,10,10,4.605170185988092,1.0
1903,modalities,10,9,4.710530701645918,1.1111111111111112
1904,moderate,10,9,4.710530701645918,1.1111111111111112
1905,monophosphate,10,10,4.605170185988092,1.0
1906,mucosal,10,5,5.298317366548036,2.0
1907,multifactorial,10,10,4.605170185988092,1.0
1908,n-terminus,10,7,4.961845129926823,1.4285714285714286
1909,na,10,6,5.115995809754082,1.6666666666666667
1910,nacc,10,1,6.907755278982137,10.0
1911,neonatal,10,4,5.521460917862246,2.5
1912,neuropathy,10,8,4.8283137373023015,1.25
1913,neurotransmitter,10,9,4.710530701645918,1.1111111111111112
1914,nutrition,10,10,4.605170185988092,1.0
1915,occur,10,10,4.605170185988092,1.0
1916,oea,10,1,6.907755278982137,10.0
1917,ogtt,10,6,5.115995809754082,1.6666666666666667
1918,olfactory,10,5,5.298317366548036,2.0
1919,open,10,10,4.605170185988092,1.0
1920,optimization,10,9,4.710530701645918,1.1111111111111112
1921,overcome,10,10,4.605170185988092,1.0
1922,oxidation,10,9,4.710530701645918,1.1111111111111112
1923,paradigm,10,10,4.605170185988092,1.0
1924,partial,10,8,4.8283137373023015,1.25
1925,partly,10,9,4.710530701645918,1.1111111111111112
1926,pharmacokinetic,10,9,4.710530701645918,1.1111111111111112
1927,phenomenon,10,9,4.710530701645918,1.1111111111111112
1928,physiologic,10,9,4.710530701645918,1.1111111111111112
1929,plus,10,8,4.8283137373023015,1.25
1930,position,10,9,4.710530701645918,1.1111111111111112
1931,postsynaptic,10,5,5.298317366548036,2.0
1932,pro-inflammatory,10,9,4.710530701645918,1.1111111111111112
1933,profound,10,10,4.605170185988092,1.0
1934,programs,10,10,4.605170185988092,1.0
1935,protease,10,8,4.8283137373023015,1.25
1936,protocol,10,5,5.298317366548036,2.0
1937,proximal,10,10,4.605170185988092,1.0
1938,reached,10,9,4.710530701645918,1.1111111111111112
1939,rebaudioside,10,2,6.214608098422191,5.0
1940,recommended,10,10,4.605170185988092,1.0
1941,recorded,10,7,4.961845129926823,1.4285714285714286
1942,recruitment,10,9,4.710530701645918,1.1111111111111112
1943,residual,10,8,4.8283137373023015,1.25
1944,resistant,10,9,4.710530701645918,1.1111111111111112
1945,resolution,10,7,4.961845129926823,1.4285714285714286
1946,respond,10,9,4.710530701645918,1.1111111111111112
1947,restoring,10,10,4.605170185988092,1.0
1948,restricted,10,7,4.961845129926823,1.4285714285714286
1949,rhythm,10,5,5.298317366548036,2.0
1950,roux-en-y,10,10,4.605170185988092,1.0
1951,s-equol,10,1,6.907755278982137,10.0
1952,saline,10,7,4.961845129926823,1.4285714285714286
1953,secondary,10,8,4.8283137373023015,1.25
1954,secretagogue,10,7,4.961845129926823,1.4285714285714286
1955,settings,10,10,4.605170185988092,1.0
1956,successfully,10,10,4.605170185988092,1.0
1957,surface,10,10,4.605170185988092,1.0
1958,sustain,10,6,5.115995809754082,1.6666666666666667
1959,temperature,10,5,5.298317366548036,2.0
1960,topic,10,10,4.605170185988092,1.0
1961,transcriptional,10,5,5.298317366548036,2.0
1962,tumors,10,8,4.8283137373023015,1.25
1963,turn,10,9,4.710530701645918,1.1111111111111112
1964,underscores,10,10,4.605170185988092,1.0
1965,underscoring,10,10,4.605170185988092,1.0
1966,unmet,10,8,4.8283137373023015,1.25
1967,users,10,8,4.8283137373023015,1.25
1968,van,10,2,6.214608098422191,5.0
1969,vat,10,2,6.214608098422191,5.0
1970,ventral,10,5,5.298317366548036,2.0
1971,vitamin,10,3,5.809142990314028,3.3333333333333335
1972,wound,10,5,5.298317366548036,2.0
1973,addresses,9,9,4.710530701645918,1.0
1974,adequate,9,8,4.8283137373023015,1.125
1975,adropin,9,1,6.907755278982137,9.0
1976,aid,9,9,4.710530701645918,1.0
1977,alleviated,9,8,4.8283137373023015,1.125
1978,american,9,6,5.115995809754082,1.5
1979,analyze,9,9,4.710530701645918,1.0
1980,arthroplasty,9,3,5.809142990314028,3.0
1981,authors,9,7,4.961845129926823,1.2857142857142858
1982,bioavailability,9,9,4.710530701645918,1.0
1983,blocked,9,9,4.710530701645918,1.0
1984,blood-brain,9,6,5.115995809754082,1.5
1985,blot,9,9,4.710530701645918,1.0
1986,blunted,9,9,4.710530701645918,1.0
1987,broad,9,9,4.710530701645918,1.0
1988,caloric,9,4,5.521460917862246,2.25
1989,cardiorenal,9,9,4.710530701645918,1.0
1990,cecal,9,6,5.115995809754082,1.5
1991,characterization,9,9,4.710530701645918,1.0
1992,chemerin,9,1,6.907755278982137,9.0
1993,chicks,9,5,5.298317366548036,1.8
1994,clock,9,2,6.214608098422191,4.5
1995,clpr,9,2,6.214608098422191,4.5
1996,coagonist,9,3,5.809142990314028,3.0
1997,complete,9,9,4.710530701645918,1.0
1998,conformation,9,6,5.115995809754082,1.5
1999,consequence,9,9,4.710530701645918,1.0
2000,course,9,9,4.710530701645918,1.0
2001,crh,9,2,6.214608098422191,4.5
2002,decision-making,9,9,4.710530701645918,1.0
2003,deficiency,9,8,4.8283137373023015,1.125
2004,defined,9,9,4.710530701645918,1.0
2005,depression,9,8,4.8283137373023015,1.125
2006,developments,9,9,4.710530701645918,1.0
2007,dg,9,2,6.214608098422191,4.5
2008,diets,9,8,4.8283137373023015,1.125
2009,discontinued,9,8,4.8283137373023015,1.125
2010,displayed,9,9,4.710530701645918,1.0
2011,downregulation,9,8,4.8283137373023015,1.125
2012,durable,9,9,4.710530701645918,1.0
2013,dysregulation,9,9,4.710530701645918,1.0
2014,emphasizes,9,9,4.710530701645918,1.0
2015,engineering,9,8,4.8283137373023015,1.125
2016,enteric,9,7,4.961845129926823,1.2857142857142858
2017,enzyme-linked,9,9,4.710530701645918,1.0
2018,equal,9,6,5.115995809754082,1.5
2019,estimated,9,9,4.710530701645918,1.0
2020,experienced,9,8,4.8283137373023015,1.125
2021,exploring,9,9,4.710530701645918,1.0
2022,extent,9,9,4.710530701645918,1.0
2023,facilitate,9,9,4.710530701645918,1.0
2024,fiber,9,4,5.521460917862246,2.25
2025,formulations,9,8,4.8283137373023015,1.125
2026,fos,9,2,6.214608098422191,4.5
2027,full,9,9,4.710530701645918,1.0
2028,generate,9,9,4.710530701645918,1.0
2029,generated,9,9,4.710530701645918,1.0
2030,genistein,9,1,6.907755278982137,9.0
2031,glp-1-ras,9,2,6.214608098422191,4.5
2032,half,9,9,4.710530701645918,1.0
2033,healing,9,6,5.115995809754082,1.5
2034,hepatosteatosis,9,1,6.907755278982137,9.0
2035,heterogeneous,9,9,4.710530701645918,1.0
2036,hindbrain,9,6,5.115995809754082,1.5
2037,hold,9,9,4.710530701645918,1.0
2038,hunger,9,5,5.298317366548036,1.8
2039,hybridization,9,8,4.8283137373023015,1.125
2040,immunofluorescence,9,8,4.8283137373023015,1.125
2041,immunosorbent,9,9,4.710530701645918,1.0
2042,injected,9,6,5.115995809754082,1.5
2043,insufficient,9,9,4.710530701645918,1.0
2044,investigates,9,9,4.710530701645918,1.0
2045,kcnq,9,1,6.907755278982137,9.0
2046,kglp-1,9,2,6.214608098422191,4.5
2047,kidneys,9,7,4.961845129926823,1.2857142857142858
2048,limiting,9,8,4.8283137373023015,1.125
2049,local,9,8,4.8283137373023015,1.125
2050,marked,9,9,4.710530701645918,1.0
2051,means,9,9,4.710530701645918,1.0
2052,measurements,9,9,4.710530701645918,1.0
2053,medium,9,6,5.115995809754082,1.5
2054,mental,9,6,5.115995809754082,1.5
2055,met,9,9,4.710530701645918,1.0
2056,metabolite,9,8,4.8283137373023015,1.125
2057,mimicking,9,8,4.8283137373023015,1.125
2058,modest,9,9,4.710530701645918,1.0
2059,ms,9,5,5.298317366548036,1.8
2060,myricetin,9,1,6.907755278982137,9.0
2061,naturally,9,9,4.710530701645918,1.0
2062,necessity,9,9,4.710530701645918,1.0
2063,newer,9,9,4.710530701645918,1.0
2064,notable,9,9,4.710530701645918,1.0
2065,oil,9,6,5.115995809754082,1.5
2066,once-weekly,9,9,4.710530701645918,1.0
2067,optic,9,7,4.961845129926823,1.2857142857142858
2068,optimizing,9,9,4.710530701645918,1.0
2069,organoids,9,4,5.521460917862246,2.25
2070,outlines,9,9,4.710530701645918,1.0
2071,pander,9,1,6.907755278982137,9.0
2072,paracrine,9,7,4.961845129926823,1.2857142857142858
2073,periodontal,9,3,5.809142990314028,3.0
2074,periods,9,6,5.115995809754082,1.5
2075,perspectives,9,9,4.710530701645918,1.0
2076,phenotypes,9,9,4.710530701645918,1.0
2077,pi,9,6,5.115995809754082,1.5
2078,possess,9,9,4.710530701645918,1.0
2079,postrema,9,4,5.521460917862246,2.25
2080,potently,9,7,4.961845129926823,1.2857142857142858
2081,preventive,9,8,4.8283137373023015,1.125
2082,prohormone,9,8,4.8283137373023015,1.125
2083,quantitative,9,9,4.710530701645918,1.0
2084,real-time,9,9,4.710530701645918,1.0
2085,regain,9,8,4.8283137373023015,1.125
2086,regimens,9,9,4.710530701645918,1.0
2087,relation,9,9,4.710530701645918,1.0
2088,remission,9,6,5.115995809754082,1.5
2089,reperfusion,9,7,4.961845129926823,1.2857142857142858
2090,representing,9,9,4.710530701645918,1.0
2091,reverse,9,9,4.710530701645918,1.0
2092,revision,9,5,5.298317366548036,1.8
2093,sad-a,9,1,6.907755278982137,9.0
2094,score,9,9,4.710530701645918,1.0
2095,select,9,7,4.961845129926823,1.2857142857142858
2096,sglt-2,9,4,5.521460917862246,2.25
2097,short-term,9,8,4.8283137373023015,1.125
2098,simple,9,8,4.8283137373023015,1.125
2099,simultaneously,9,9,4.710530701645918,1.0
2100,solitary,9,9,4.710530701645918,1.0
2101,solution,9,7,4.961845129926823,1.2857142857142858
2102,spectrum,9,9,4.710530701645918,1.0
2103,stages,9,6,5.115995809754082,1.5
2104,starting,9,9,4.710530701645918,1.0
2105,stimulatory,9,8,4.8283137373023015,1.125
2106,subgroups,9,6,5.115995809754082,1.5
2107,substantially,9,9,4.710530701645918,1.0
2108,substrate,9,8,4.8283137373023015,1.125
2109,suitable,9,8,4.8283137373023015,1.125
2110,suppressing,9,9,4.710530701645918,1.0
2111,switching,9,5,5.298317366548036,1.8
2112,systematically,9,8,4.8283137373023015,1.125
2113,tlr,9,1,6.907755278982137,9.0
2114,tools,9,9,4.710530701645918,1.0
2115,trafficking,9,4,5.521460917862246,2.25
2116,transplantation,9,5,5.298317366548036,1.8
2117,triggered,9,8,4.8283137373023015,1.125
2118,unimolecular,9,8,4.8283137373023015,1.125
2119,usage,9,9,4.710530701645918,1.0
2120,variety,9,9,4.710530701645918,1.0
2121,vehicle,9,7,4.961845129926823,1.2857142857142858
2122,venous,9,7,4.961845129926823,1.2857142857142858
2123,vsg,9,1,6.907755278982137,9.0
2124,well-established,9,9,4.710530701645918,1.0
2125,what,9,9,4.710530701645918,1.0
2126,whilst,9,8,4.8283137373023015,1.125
2127,xglp,9,2,6.214608098422191,4.5
2128,·,9,1,6.907755278982137,9.0
2129,&,8,8,4.8283137373023015,1.0
2130,abundance,8,7,4.961845129926823,1.1428571428571428
2131,acarbose,8,4,5.521460917862246,2.0
2132,accelerated,8,7,4.961845129926823,1.1428571428571428
2133,activates,8,8,4.8283137373023015,1.0
2134,adolescents,8,4,5.521460917862246,2.0
2135,af,8,3,5.809142990314028,2.6666666666666665
2136,ago,8,8,4.8283137373023015,1.0
2137,alanine,8,6,5.115995809754082,1.3333333333333333
2138,allows,8,7,4.961845129926823,1.1428571428571428
2139,almost,8,7,4.961845129926823,1.1428571428571428
2140,alongside,8,8,4.8283137373023015,1.0
2141,ameliorated,8,7,4.961845129926823,1.1428571428571428
2142,amp-activated,8,8,4.8283137373023015,1.0
2143,amylin,8,5,5.298317366548036,1.6
2144,anorectic,8,7,4.961845129926823,1.1428571428571428
2145,antioxidative,8,5,5.298317366548036,1.6
2146,ar,8,2,6.214608098422191,4.0
2147,arterial,8,6,5.115995809754082,1.3333333333333333
2148,asuds,8,2,6.214608098422191,4.0
2149,augmentation,8,6,5.115995809754082,1.3333333333333333
2150,barriers,8,8,4.8283137373023015,1.0
2151,c-fos,8,5,5.298317366548036,1.6
2152,c-terminal,8,8,4.8283137373023015,1.0
2153,cancers,8,6,5.115995809754082,1.3333333333333333
2154,cannot,8,8,4.8283137373023015,1.0
2155,careful,8,8,4.8283137373023015,1.0
2156,cessation,8,5,5.298317366548036,1.6
2157,channels,8,6,5.115995809754082,1.3333333333333333
2158,chicken,8,3,5.809142990314028,2.6666666666666665
2159,co-administration,8,6,5.115995809754082,1.3333333333333333
2160,co-agonists,8,6,5.115995809754082,1.3333333333333333
2161,cognition,8,8,4.8283137373023015,1.0
2162,comparative,8,8,4.8283137373023015,1.0
2163,component,8,8,4.8283137373023015,1.0
2164,core,8,8,4.8283137373023015,1.0
2165,cortical,8,4,5.521460917862246,2.0
2166,creb,8,4,5.521460917862246,2.0
2167,curve,8,7,4.961845129926823,1.1428571428571428
2168,degraded,8,7,4.961845129926823,1.1428571428571428
2169,degree,8,8,4.8283137373023015,1.0
2170,delays,8,8,4.8283137373023015,1.0
2171,deletion,8,4,5.521460917862246,2.0
2172,demand,8,8,4.8283137373023015,1.0
2173,desmopressin,8,1,6.907755278982137,8.0
2174,detect,8,7,4.961845129926823,1.1428571428571428
2175,disturbances,8,8,4.8283137373023015,1.0
2176,diversity,8,6,5.115995809754082,1.3333333333333333
2177,dose-dependently,8,7,4.961845129926823,1.1428571428571428
2178,electronic,8,8,4.8283137373023015,1.0
2179,elucidating,8,8,4.8283137373023015,1.0
2180,enabled,8,8,4.8283137373023015,1.0
2181,endoplasmic,8,8,4.8283137373023015,1.0
2182,enzymatic,8,8,4.8283137373023015,1.0
2183,epidemic,8,8,4.8283137373023015,1.0
2184,epilepsy,8,3,5.809142990314028,2.6666666666666665
2185,excellent,8,8,4.8283137373023015,1.0
2186,excursions,8,7,4.961845129926823,1.1428571428571428
2187,exhibits,8,8,4.8283137373023015,1.0
2188,exist,8,8,4.8283137373023015,1.0
2189,expansion,8,8,4.8283137373023015,1.0
2190,fact,8,8,4.8283137373023015,1.0
2191,g-protein-coupled,8,8,4.8283137373023015,1.0
2192,glp-1-positive,8,4,5.521460917862246,2.0
2193,glp-1-ra,8,2,6.214608098422191,4.0
2194,glp-1-receptor,8,4,5.521460917862246,2.0
2195,glucose-induced,8,8,4.8283137373023015,1.0
2196,glycaemia,8,8,4.8283137373023015,1.0
2197,glycolysis,8,5,5.298317366548036,1.6
2198,gpcrs,8,7,4.961845129926823,1.1428571428571428
2199,gut-brain,8,6,5.115995809754082,1.3333333333333333
2200,hydrophobic,8,5,5.298317366548036,1.6
2201,iglarlixi,8,2,6.214608098422191,4.0
2202,inadequate,8,8,4.8283137373023015,1.0
2203,inception,8,8,4.8283137373023015,1.0
2204,includes,8,8,4.8283137373023015,1.0
2205,incompletely,8,8,4.8283137373023015,1.0
2206,individualized,8,8,4.8283137373023015,1.0
2207,infarct,8,7,4.961845129926823,1.1428571428571428
2208,influencing,8,8,4.8283137373023015,1.0
2209,inform,8,7,4.961845129926823,1.1428571428571428
2210,initiating,8,7,4.961845129926823,1.1428571428571428
2211,instead,8,8,4.8283137373023015,1.0
2212,interval,8,7,4.961845129926823,1.1428571428571428
2213,intervals,8,8,4.8283137373023015,1.0
2214,january,8,8,4.8283137373023015,1.0
2215,linker,8,5,5.298317366548036,1.6
2216,localized,8,7,4.961845129926823,1.1428571428571428
2217,lost,8,7,4.961845129926823,1.1428571428571428
2218,lowered,8,8,4.8283137373023015,1.0
2219,lps,8,3,5.809142990314028,2.6666666666666665
2220,lymphedema,8,1,6.907755278982137,8.0
2221,lymphocytes,8,5,5.298317366548036,1.6
2222,malabsorption,8,6,5.115995809754082,1.3333333333333333
2223,mammalian,8,6,5.115995809754082,1.3333333333333333
2224,mdl,8,2,6.214608098422191,4.0
2225,mglp-1,8,1,6.907755278982137,8.0
2226,microvascular,8,7,4.961845129926823,1.1428571428571428
2227,minimal,8,8,4.8283137373023015,1.0
2228,mixture,8,4,5.521460917862246,2.0
2229,mm,8,6,5.115995809754082,1.3333333333333333
2230,month,8,8,4.8283137373023015,1.0
2231,mr,8,2,6.214608098422191,4.0
2232,multifaceted,8,8,4.8283137373023015,1.0
2233,mutagenesis,8,5,5.298317366548036,1.6
2234,namely,8,8,4.8283137373023015,1.0
2235,nav,8,1,6.907755278982137,8.0
2236,nd,8,2,6.214608098422191,4.0
2237,nearly,8,8,4.8283137373023015,1.0
2238,nitric,8,7,4.961845129926823,1.1428571428571428
2239,nmu,8,1,6.907755278982137,8.0
2240,normoglycemia,8,3,5.809142990314028,2.6666666666666665
2241,nuclei,8,6,5.115995809754082,1.3333333333333333
2242,nutrient-induced,8,5,5.298317366548036,1.6
2243,occlusion,8,6,5.115995809754082,1.3333333333333333
2244,output,8,7,4.961845129926823,1.1428571428571428
2245,owing,8,8,4.8283137373023015,1.0
2246,pathology,8,8,4.8283137373023015,1.0
2247,pbh,8,2,6.214608098422191,4.0
2248,performance,8,8,4.8283137373023015,1.0
2249,pharmacologically,8,8,4.8283137373023015,1.0
2250,physicians,8,8,4.8283137373023015,1.0
2251,physiologically,8,7,4.961845129926823,1.1428571428571428
2252,potentiate,8,7,4.961845129926823,1.1428571428571428
2253,precise,8,8,4.8283137373023015,1.0
2254,probably,8,8,4.8283137373023015,1.0
2255,problems,8,8,4.8283137373023015,1.0
2256,procedure,8,8,4.8283137373023015,1.0
2257,project,8,7,4.961845129926823,1.1428571428571428
2258,promotion,8,6,5.115995809754082,1.3333333333333333
2259,proportion,8,7,4.961845129926823,1.1428571428571428
2260,protracted,8,2,6.214608098422191,4.0
2261,providers,8,8,4.8283137373023015,1.0
2262,quantified,8,8,4.8283137373023015,1.0
2263,ratios,8,7,4.961845129926823,1.1428571428571428
2264,reactive,8,6,5.115995809754082,1.3333333333333333
2265,recognition,8,8,4.8283137373023015,1.0
2266,regard,8,6,5.115995809754082,1.3333333333333333
2267,regression,8,7,4.961845129926823,1.1428571428571428
2268,relaxation,8,3,5.809142990314028,2.6666666666666665
2269,repeat,8,4,5.521460917862246,2.0
2270,researchers,8,8,4.8283137373023015,1.0
2271,reticulum,8,8,4.8283137373023015,1.0
2272,rna-seq,8,5,5.298317366548036,1.6
2273,rodent,8,6,5.115995809754082,1.3333333333333333
2274,sample,8,7,4.961845129926823,1.1428571428571428
2275,satiating,8,5,5.298317366548036,1.6
2276,scholar,8,8,4.8283137373023015,1.0
2277,scientific,8,8,4.8283137373023015,1.0
2278,secrete,8,7,4.961845129926823,1.1428571428571428
2279,set,8,8,4.8283137373023015,1.0
2280,simulations,8,6,5.115995809754082,1.3333333333333333
2281,sought,8,8,4.8283137373023015,1.0
2282,sources,8,7,4.961845129926823,1.1428571428571428
2283,special,8,8,4.8283137373023015,1.0
2284,stage,8,7,4.961845129926823,1.1428571428571428
2285,statistically,8,8,4.8283137373023015,1.0
2286,steatohepatitis,8,7,4.961845129926823,1.1428571428571428
2287,structurally,8,8,4.8283137373023015,1.0
2288,structured,8,8,4.8283137373023015,1.0
2289,success,8,8,4.8283137373023015,1.0
2290,suicidal,8,5,5.298317366548036,1.6
2291,suicidality,8,2,6.214608098422191,4.0
2292,summarized,8,8,4.8283137373023015,1.0
2293,supply,8,4,5.521460917862246,2.0
2294,tas,8,1,6.907755278982137,8.0
2295,technique,8,8,4.8283137373023015,1.0
2296,techniques,8,8,4.8283137373023015,1.0
2297,tm,8,4,5.521460917862246,2.0
2298,tomography,8,6,5.115995809754082,1.3333333333333333
2299,transgenic,8,7,4.961845129926823,1.1428571428571428
2300,trinetx,8,8,4.8283137373023015,1.0
2301,ultrasound,8,7,4.961845129926823,1.1428571428571428
2302,validated,8,8,4.8283137373023015,1.0
2303,variable,8,6,5.115995809754082,1.3333333333333333
2304,variant,8,5,5.298317366548036,1.6
2305,vasodilatory,8,5,5.298317366548036,1.6
2306,yield,8,8,4.8283137373023015,1.0
2307,abnormalities,7,7,4.961845129926823,1.0
2308,acetylcholine,7,6,5.115995809754082,1.1666666666666667
2309,additive,7,7,4.961845129926823,1.0
2310,adenylate,7,6,5.115995809754082,1.1666666666666667
2311,advance,7,7,4.961845129926823,1.0
2312,aiming,7,7,4.961845129926823,1.0
2313,als,7,1,6.907755278982137,7.0
2314,antagonism,7,6,5.115995809754082,1.1666666666666667
2315,antagonists,7,7,4.961845129926823,1.0
2316,anti-apoptotic,7,7,4.961845129926823,1.0
2317,anti-hyperglycemic,7,6,5.115995809754082,1.1666666666666667
2318,antiobesity,7,6,5.115995809754082,1.1666666666666667
2319,app,7,3,5.809142990314028,2.3333333333333335
2320,arc,7,2,6.214608098422191,3.5
2321,arteries,7,3,5.809142990314028,2.3333333333333335
2322,associations,7,6,5.115995809754082,1.1666666666666667
2323,atrophy,7,3,5.809142990314028,2.3333333333333335
2324,attenuate,7,7,4.961845129926823,1.0
2325,attenuation,7,6,5.115995809754082,1.1666666666666667
2326,base,7,7,4.961845129926823,1.0
2327,ber,7,3,5.809142990314028,2.3333333333333335
2328,beta-cells,7,5,5.298317366548036,1.4
2329,bioactive,7,7,4.961845129926823,1.0
2330,block,7,7,4.961845129926823,1.0
2331,bodyweight,7,5,5.298317366548036,1.4
2332,carbohydrates,7,7,4.961845129926823,1.0
2333,casein,7,4,5.521460917862246,1.75
2334,categories,7,6,5.115995809754082,1.1666666666666667
2335,causal,7,7,4.961845129926823,1.0
2336,causing,7,7,4.961845129926823,1.0
2337,cck-8,7,5,5.298317366548036,1.4
2338,cell-specific,7,5,5.298317366548036,1.4
2339,cerebellar,7,1,6.907755278982137,7.0
2340,chemistry,7,7,4.961845129926823,1.0
2341,chick,7,4,5.521460917862246,1.75
2342,chinese,7,4,5.521460917862246,1.75
2343,close,7,7,4.961845129926823,1.0
2344,closely,7,7,4.961845129926823,1.0
2345,coding,7,4,5.521460917862246,1.75
2346,coli,7,6,5.115995809754082,1.1666666666666667
2347,comorbid,7,7,4.961845129926823,1.0
2348,completed,7,7,4.961845129926823,1.0
2349,components,7,7,4.961845129926823,1.0
2350,concerning,7,7,4.961845129926823,1.0
2351,concurrent,7,7,4.961845129926823,1.0
2352,confer,7,7,4.961845129926823,1.0
2353,costs,7,7,4.961845129926823,1.0
2354,count,7,1,6.907755278982137,7.0
2355,cpe,7,1,6.907755278982137,7.0
2356,cyclase,7,6,5.115995809754082,1.1666666666666667
2357,degludec,7,5,5.298317366548036,1.4
2358,deposition,7,6,5.115995809754082,1.1666666666666667
2359,depot,7,5,5.298317366548036,1.4
2360,detail,7,7,4.961845129926823,1.0
2361,details,7,7,4.961845129926823,1.0
2362,dgat,7,1,6.907755278982137,7.0
2363,diarrhoea,7,3,5.809142990314028,2.3333333333333335
2364,differential,7,7,4.961845129926823,1.0
2365,difficult,7,6,5.115995809754082,1.1666666666666667
2366,digital,7,4,5.521460917862246,1.75
2367,display,7,7,4.961845129926823,1.0
2368,disproportionality,7,5,5.298317366548036,1.4
2369,docking,7,6,5.115995809754082,1.1666666666666667
2370,dysbiosis,7,5,5.298317366548036,1.4
2371,dysregulated,7,7,4.961845129926823,1.0
2372,efficiency,7,5,5.298317366548036,1.4
2373,elective,7,6,5.115995809754082,1.1666666666666667
2374,emergence,7,7,4.961845129926823,1.0
2375,endoscopy,7,5,5.298317366548036,1.4
2376,engagement,7,7,4.961845129926823,1.0
2377,episodes,7,6,5.115995809754082,1.1666666666666667
2378,erk,7,7,4.961845129926823,1.0
2379,errors,7,4,5.521460917862246,1.75
2380,euglycemic,7,2,6.214608098422191,3.5
2381,evidence-based,7,7,4.961845129926823,1.0
2382,examining,7,7,4.961845129926823,1.0
2383,excess,7,6,5.115995809754082,1.1666666666666667
2384,exploration,7,7,4.961845129926823,1.0
2385,expressions,7,4,5.521460917862246,1.75
2386,extraction,7,7,4.961845129926823,1.0
2387,extrapancreatic,7,7,4.961845129926823,1.0
2388,face,7,7,4.961845129926823,1.0
2389,facial,7,3,5.809142990314028,2.3333333333333335
2390,fast,7,7,4.961845129926823,1.0
2391,favourable,7,7,4.961845129926823,1.0
2392,feed,7,2,6.214608098422191,3.5
2393,females,7,4,5.521460917862246,1.75
2394,filtration,7,7,4.961845129926823,1.0
2395,find,7,7,4.961845129926823,1.0
2396,fluid,7,7,4.961845129926823,1.0
2397,foods,7,6,5.115995809754082,1.1666666666666667
2398,formed,7,6,5.115995809754082,1.1666666666666667
2399,functionally,7,7,4.961845129926823,1.0
2400,gaba,7,2,6.214608098422191,3.5
2401,gel,7,6,5.115995809754082,1.1666666666666667
2402,give,7,6,5.115995809754082,1.1666666666666667
2403,globally,7,7,4.961845129926823,1.0
2404,hd,7,1,6.907755278982137,7.0
2405,high-dose,7,4,5.521460917862246,1.75
2406,hours,7,6,5.115995809754082,1.1666666666666667
2407,hr,7,5,5.298317366548036,1.4
2408,hybrid,7,6,5.115995809754082,1.1666666666666667
2409,illustrate,7,7,4.961845129926823,1.0
2410,impairments,7,5,5.298317366548036,1.4
2411,impairs,7,7,4.961845129926823,1.0
2412,imperative,7,7,4.961845129926823,1.0
2413,ins-1,7,6,5.115995809754082,1.1666666666666667
2414,integrity,7,7,4.961845129926823,1.0
2415,intestines,7,6,5.115995809754082,1.1666666666666667
2416,involve,7,6,5.115995809754082,1.1666666666666667
2417,ip,7,5,5.298317366548036,1.4
2418,jugular,7,3,5.809142990314028,2.3333333333333335
2419,kcal,7,6,5.115995809754082,1.1666666666666667
2420,kt,7,2,6.214608098422191,3.5
2421,lacking,7,6,5.115995809754082,1.1666666666666667
2422,lactation,7,3,5.809142990314028,2.3333333333333335
2423,latter,7,7,4.961845129926823,1.0
2424,ligand,7,6,5.115995809754082,1.1666666666666667
2425,linkers,7,6,5.115995809754082,1.1666666666666667
2426,links,7,5,5.298317366548036,1.4
2427,lithium,7,4,5.521460917862246,1.75
2428,lose,7,7,4.961845129926823,1.0
2429,lot,7,7,4.961845129926823,1.0
2430,ly,7,5,5.298317366548036,1.4
2431,made,7,7,4.961845129926823,1.0
2432,matching,7,6,5.115995809754082,1.1666666666666667
2433,maternal,7,3,5.809142990314028,2.3333333333333335
2434,maximum,7,5,5.298317366548036,1.4
2435,mcas,7,1,6.907755278982137,7.0
2436,mechanical,7,5,5.298317366548036,1.4
2437,mediates,7,7,4.961845129926823,1.0
2438,modern,7,6,5.115995809754082,1.1666666666666667
2439,modifying,7,7,4.961845129926823,1.0
2440,mp,7,1,6.907755278982137,7.0
2441,msg,7,1,6.907755278982137,7.0
2442,mucosa,7,6,5.115995809754082,1.1666666666666667
2443,mucus,7,3,5.809142990314028,2.3333333333333335
2444,multidisciplinary,7,5,5.298317366548036,1.4
2445,nanoparticles,7,3,5.809142990314028,2.3333333333333335
2446,natriuresis,7,6,5.115995809754082,1.1666666666666667
2447,nature,7,7,4.961845129926823,1.0
2448,necrosis,7,6,5.115995809754082,1.1666666666666667
2449,neurobiological,7,7,4.961845129926823,1.0
2450,neuroendocrine,7,6,5.115995809754082,1.1666666666666667
2451,neuron,7,5,5.298317366548036,1.4
2452,neuropeptide,7,7,4.961845129926823,1.0
2453,nicotine,7,4,5.521460917862246,1.75
2454,non-specific,7,5,5.298317366548036,1.4
2455,nonalcoholic,7,6,5.115995809754082,1.1666666666666667
2456,none,7,5,5.298317366548036,1.4
2457,noted,7,7,4.961845129926823,1.0
2458,noteworthy,7,7,4.961845129926823,1.0
2459,nuclear,7,7,4.961845129926823,1.0
2460,oa,7,2,6.214608098422191,3.5
2461,off-label,7,6,5.115995809754082,1.1666666666666667
2462,old,7,5,5.298317366548036,1.4
2463,opportunities,7,6,5.115995809754082,1.1666666666666667
2464,opportunity,7,7,4.961845129926823,1.0
2465,osteogenic,7,3,5.809142990314028,2.3333333333333335
2466,pams,7,4,5.521460917862246,1.75
2467,paraventricular,7,7,4.961845129926823,1.0
2468,pcr,7,7,4.961845129926823,1.0
2469,pcsk,7,6,5.115995809754082,1.1666666666666667
2470,pediatric,7,5,5.298317366548036,1.4
2471,peptidase-iv,7,7,4.961845129926823,1.0
2472,perception,7,4,5.521460917862246,1.75
2473,persons,7,5,5.298317366548036,1.4
2474,pituitary,7,5,5.298317366548036,1.4
2475,pji,7,2,6.214608098422191,3.5
2476,plasticity,7,6,5.115995809754082,1.1666666666666667
2477,polypeptides,7,3,5.809142990314028,2.3333333333333335
2478,positioned,7,5,5.298317366548036,1.4
2479,positions,7,7,4.961845129926823,1.0
2480,post-prandial,7,5,5.298317366548036,1.4
2481,postoperatively,7,6,5.115995809754082,1.1666666666666667
2482,preferred,7,7,4.961845129926823,1.0
2483,prepared,7,7,4.961845129926823,1.0
2484,prominent,7,7,4.961845129926823,1.0
2485,protected,7,6,5.115995809754082,1.1666666666666667
2486,proteolytic,7,7,4.961845129926823,1.0
2487,publications,7,7,4.961845129926823,1.0
2488,putative,7,7,4.961845129926823,1.0
2489,qualitative,7,3,5.809142990314028,2.3333333333333335
2490,quinine,7,1,6.907755278982137,7.0
2491,ramadan,7,1,6.907755278982137,7.0
2492,reaching,7,4,5.521460917862246,1.75
2493,recognised,7,6,5.115995809754082,1.1666666666666667
2494,reflex,7,3,5.809142990314028,2.3333333333333335
2495,remodeling,7,6,5.115995809754082,1.1666666666666667
2496,reoperation,7,2,6.214608098422191,3.5
2497,requirements,7,6,5.115995809754082,1.1666666666666667
2498,residue,7,6,5.115995809754082,1.1666666666666667
2499,resonance,7,7,4.961845129926823,1.0
2500,responsiveness,7,7,4.961845129926823,1.0
2501,restriction,7,6,5.115995809754082,1.1666666666666667
2502,reversed,7,7,4.961845129926823,1.0
2503,rr,7,4,5.521460917862246,1.75
2504,sad,7,2,6.214608098422191,3.5
2505,scgn,7,1,6.907755278982137,7.0
2506,segments,7,4,5.521460917862246,1.75
2507,selectively,7,7,4.961845129926823,1.0
2508,sensitive,7,7,4.961845129926823,1.0
2509,separate,7,7,4.961845129926823,1.0
2510,sequences,7,6,5.115995809754082,1.1666666666666667
2511,sequencing,7,6,5.115995809754082,1.1666666666666667
2512,sham,7,5,5.298317366548036,1.4
2513,source,7,6,5.115995809754082,1.1666666666666667
2514,spectrometry,7,7,4.961845129926823,1.0
2515,spontaneous,7,6,5.115995809754082,1.1666666666666667
2516,stratified,7,7,4.961845129926823,1.0
2517,subcutaneously,7,6,5.115995809754082,1.1666666666666667
2518,sucrose,7,4,5.521460917862246,1.75
2519,surgeries,7,7,4.961845129926823,1.0
2520,surrounding,7,7,4.961845129926823,1.0
2521,swallowing,7,1,6.907755278982137,7.0
2522,sympathetic,7,6,5.115995809754082,1.1666666666666667
2523,syndromes,7,4,5.521460917862246,1.75
2524,synergistically,7,7,4.961845129926823,1.0
2525,synthesize,7,7,4.961845129926823,1.0
2526,technologies,7,3,5.809142990314028,2.3333333333333335
2527,technology,7,7,4.961845129926823,1.0
2528,temporal,7,6,5.115995809754082,1.1666666666666667
2529,terminals,7,3,5.809142990314028,2.3333333333333335
2530,tglp-1,7,3,5.809142990314028,2.3333333333333335
2531,th,7,6,5.115995809754082,1.1666666666666667
2532,third,7,7,4.961845129926823,1.0
2533,titration,7,6,5.115995809754082,1.1666666666666667
2534,tka,7,1,6.907755278982137,7.0
2535,transcription,7,5,5.298317366548036,1.4
2536,transmembrane,7,7,4.961845129926823,1.0
2537,transmission,7,6,5.115995809754082,1.1666666666666667
2538,transport,7,3,5.809142990314028,2.3333333333333335
2539,trend,7,6,5.115995809754082,1.1666666666666667
2540,tyrosine,7,5,5.298317366548036,1.4
2541,uk,7,4,5.521460917862246,1.75
2542,ultimately,7,7,4.961845129926823,1.0
2543,unlike,7,7,4.961845129926823,1.0
2544,utilizing,7,7,4.961845129926823,1.0
2545,variation,7,7,4.961845129926823,1.0
2546,varied,7,7,4.961845129926823,1.0
2547,varying,7,7,4.961845129926823,1.0
2548,vasculature,7,7,4.961845129926823,1.0
2549,visual,7,4,5.521460917862246,1.75
2550,w,7,4,5.521460917862246,1.75
2551,wd,7,1,6.907755278982137,7.0
2552,whose,7,6,5.115995809754082,1.1666666666666667
2553,x,7,6,5.115995809754082,1.1666666666666667
2554,xenin-8-gln,7,1,6.907755278982137,7.0
2555,yielded,7,7,4.961845129926823,1.0
2556,zp,7,1,6.907755278982137,7.0
2557,abnormal,6,5,5.298317366548036,1.2
2558,above,6,6,5.115995809754082,1.0
2559,accordingly,6,6,5.115995809754082,1.0
2560,accounting,6,6,5.115995809754082,1.0
2561,acidic,6,6,5.115995809754082,1.0
2562,acne,6,1,6.907755278982137,6.0
2563,added,6,6,5.115995809754082,1.0
2564,addressed,6,6,5.115995809754082,1.0
2565,advancements,6,6,5.115995809754082,1.0
2566,aes,6,2,6.214608098422191,3.0
2567,age-related,6,4,5.521460917862246,1.5
2568,algorithm,6,6,5.115995809754082,1.0
2569,allow,6,6,5.115995809754082,1.0
2570,ameliorate,6,6,5.115995809754082,1.0
2571,ameliorating,6,6,5.115995809754082,1.0
2572,analysed,6,6,5.115995809754082,1.0
2573,aneurysm,6,1,6.907755278982137,6.0
2574,anti-glp-1,6,2,6.214608098422191,3.0
2575,anti-hyperglycaemic,6,5,5.298317366548036,1.2
2576,antidepressant,6,2,6.214608098422191,3.0
2577,anxiety,6,3,5.809142990314028,2.0
2578,around,6,6,5.115995809754082,1.0
2579,astrocytes,6,3,5.809142990314028,2.0
2580,atp,6,5,5.298317366548036,1.2
2581,atrial,6,6,5.115995809754082,1.0
2582,attenuates,6,6,5.115995809754082,1.0
2583,auc,6,3,5.809142990314028,2.0
2584,average,6,6,5.115995809754082,1.0
2585,balanced,6,6,5.115995809754082,1.0
2586,behaviour,6,6,5.115995809754082,1.0
2587,behavioural,6,3,5.809142990314028,2.0
2588,bi,6,1,6.907755278982137,6.0
2589,binge,6,3,5.809142990314028,2.0
2590,bioactivity,6,5,5.298317366548036,1.2
2591,blocking,6,6,5.115995809754082,1.0
2592,bound,6,4,5.521460917862246,1.5
2593,breakdown,6,4,5.521460917862246,1.5
2594,brief,6,6,5.115995809754082,1.0
2595,btb,6,1,6.907755278982137,6.0
2596,calculated,6,6,5.115995809754082,1.0
2597,canonical,6,5,5.298317366548036,1.2
2598,carers,6,1,6.907755278982137,6.0
2599,cav,6,2,6.214608098422191,3.0
2600,centrally,6,6,5.115995809754082,1.0
2601,changed,6,6,5.115995809754082,1.0
2602,chow,6,3,5.809142990314028,2.0
2603,circumference,6,6,5.115995809754082,1.0
2604,classical,6,4,5.521460917862246,1.5
2605,clp,6,2,6.214608098422191,3.0
2606,cm,6,3,5.809142990314028,2.0
2607,cn,6,2,6.214608098422191,3.0
2608,communication,6,4,5.521460917862246,1.5
2609,concepts,6,6,5.115995809754082,1.0
2610,conclusive,6,5,5.298317366548036,1.2
2611,conflicting,6,6,5.115995809754082,1.0
2612,conjugated,6,4,5.521460917862246,1.5
2613,conjunction,6,6,5.115995809754082,1.0
2614,consensus,6,6,5.115995809754082,1.0
2615,consideration,6,5,5.298317366548036,1.2
2616,constrained,6,5,5.298317366548036,1.2
2617,contain,6,6,5.115995809754082,1.0
2618,contained,6,6,5.115995809754082,1.0
2619,contributed,6,6,5.115995809754082,1.0
2620,contributor,6,6,5.115995809754082,1.0
2621,controversial,6,6,5.115995809754082,1.0
2622,corresponding,6,6,5.115995809754082,1.0
2623,countries,6,6,5.115995809754082,1.0
2624,cre,6,2,6.214608098422191,3.0
2625,crop,6,1,6.907755278982137,6.0
2626,cutaneous,6,3,5.809142990314028,2.0
2627,cycle,6,4,5.521460917862246,1.5
2628,deleterious,6,6,5.115995809754082,1.0
2629,depletion,6,6,5.115995809754082,1.0
2630,dermatologic,6,2,6.214608098422191,3.0
2631,determinants,6,5,5.298317366548036,1.2
2632,diastolic,6,3,5.809142990314028,2.0
2633,discontinuing,6,6,5.115995809754082,1.0
2634,disease-modifying,6,5,5.298317366548036,1.2
2635,diurnal,6,2,6.214608098422191,3.0
2636,divided,6,6,5.115995809754082,1.0
2637,dn,6,1,6.907755278982137,6.0
2638,donors,6,2,6.214608098422191,3.0
2639,down,6,6,5.115995809754082,1.0
2640,dramatically,6,6,5.115995809754082,1.0
2641,drawn,6,6,5.115995809754082,1.0
2642,ds,6,1,6.907755278982137,6.0
2643,e-glp-1,6,2,6.214608098422191,3.0
2644,ed,6,2,6.214608098422191,3.0
2645,edema,6,2,6.214608098422191,3.0
2646,eds,6,2,6.214608098422191,3.0
2647,egia,6,1,6.907755278982137,6.0
2648,emphasize,6,6,5.115995809754082,1.0
2649,emphasized,6,6,5.115995809754082,1.0
2650,emphasizing,6,6,5.115995809754082,1.0
2651,enabling,6,6,5.115995809754082,1.0
2652,encounter,6,5,5.298317366548036,1.2
2653,endometrial,6,1,6.907755278982137,6.0
2654,enteral,6,6,5.115995809754082,1.0
2655,epidemiological,6,6,5.115995809754082,1.0
2656,equitable,6,6,5.115995809754082,1.0
2657,escalation,6,5,5.298317366548036,1.2
2658,every,6,6,5.115995809754082,1.0
2659,excitatory,6,5,5.298317366548036,1.2
2660,exclusively,6,6,5.115995809754082,1.0
2661,excretion,6,5,5.298317366548036,1.2
2662,excursion,6,5,5.298317366548036,1.2
2663,existence,6,6,5.115995809754082,1.0
2664,facilitates,6,6,5.115995809754082,1.0
2665,fewer,6,6,5.115995809754082,1.0
2666,fibrillation,6,6,5.115995809754082,1.0
2667,fixed,6,3,5.809142990314028,2.0
2668,fodmap,6,1,6.907755278982137,6.0
2669,fractions,6,1,6.907755278982137,6.0
2670,fragment,6,6,5.115995809754082,1.0
2671,frcs,6,2,6.214608098422191,3.0
2672,gastroenterologists,6,1,6.907755278982137,6.0
2673,genotype,6,3,5.809142990314028,2.0
2674,glands,6,5,5.298317366548036,1.2
2675,glar,6,1,6.907755278982137,6.0
2676,glomerular,6,5,5.298317366548036,1.2
2677,glp-1-immunoreactive,6,3,5.809142990314028,2.0
2678,glp-1-mediated,6,5,5.298317366548036,1.2
2679,glp-1a,6,2,6.214608098422191,3.0
2680,glp-1rx,6,1,6.907755278982137,6.0
2681,glu,6,4,5.521460917862246,1.5
2682,glucotoxicity,6,4,5.521460917862246,1.5
2683,glycosylated,6,6,5.115995809754082,1.0
2684,glypin,6,1,6.907755278982137,6.0
2685,go,6,4,5.521460917862246,1.5
2686,gq,6,3,5.809142990314028,2.0
2687,gsk-3,6,3,5.809142990314028,2.0
2688,healthier,6,4,5.521460917862246,1.5
2689,helix,6,5,5.298317366548036,1.2
2690,hgb,6,1,6.907755278982137,6.0
2691,hgpr,6,2,6.214608098422191,3.0
2692,histological,6,6,5.115995809754082,1.0
2693,historically,6,6,5.115995809754082,1.0
2694,hospitalization,6,5,5.298317366548036,1.2
2695,hsa,6,2,6.214608098422191,3.0
2696,identifies,6,6,5.115995809754082,1.0
2697,inappropriate,6,3,5.809142990314028,2.0
2698,inconsistent,6,6,5.115995809754082,1.0
2699,incorporating,6,6,5.115995809754082,1.0
2700,indication,6,3,5.809142990314028,2.0
2701,infections,6,3,5.809142990314028,2.0
2702,influences,6,6,5.115995809754082,1.0
2703,insulinomas,6,3,5.809142990314028,2.0
2704,intensive,6,6,5.115995809754082,1.0
2705,interconnected,6,6,5.115995809754082,1.0
2706,intravenously,6,6,5.115995809754082,1.0
2707,introducing,6,6,5.115995809754082,1.0
2708,invasive,6,6,5.115995809754082,1.0
2709,ion,6,6,5.115995809754082,1.0
2710,iri,6,1,6.907755278982137,6.0
2711,itself,6,6,5.115995809754082,1.0
2712,ketone,6,5,5.298317366548036,1.2
2713,knee,6,3,5.809142990314028,2.0
2714,la,6,1,6.907755278982137,6.0
2715,late,6,3,5.809142990314028,2.0
2716,layer,6,4,5.521460917862246,1.5
2717,licensed,6,6,5.115995809754082,1.0
2718,life-threatening,6,6,5.115995809754082,1.0
2719,lifespan,6,4,5.521460917862246,1.5
2720,lina,6,1,6.907755278982137,6.0
2721,linear,6,6,5.115995809754082,1.0
2722,lipolysis,6,4,5.521460917862246,1.5
2723,lipotoxicity,6,5,5.298317366548036,1.2
2724,ll-glp1,6,1,6.907755278982137,6.0
2725,loaded,6,1,6.907755278982137,6.0
2726,lymph,6,2,6.214608098422191,3.0
2727,lysosomal,6,4,5.521460917862246,1.5
2728,macrophages,6,4,5.521460917862246,1.5
2729,macrovascular,6,6,5.115995809754082,1.0
2730,mediator,6,5,5.298317366548036,1.2
2731,meet,6,6,5.115995809754082,1.0
2732,messenger,6,6,5.115995809754082,1.0
2733,metformin-treated,6,2,6.214608098422191,3.0
2734,microcirculation,6,3,5.809142990314028,2.0
2735,microdosing,6,2,6.214608098422191,3.0
2736,microscopy,6,6,5.115995809754082,1.0
2737,minimize,6,5,5.298317366548036,1.2
2738,mitigation,6,6,5.115995809754082,1.0
2739,mle,6,1,6.907755278982137,6.0
2740,mode,6,6,5.115995809754082,1.0
2741,modes,6,6,5.115995809754082,1.0
2742,modify,6,6,5.115995809754082,1.0
2743,monotherapy,6,5,5.298317366548036,1.2
2744,muscarinic,6,5,5.298317366548036,1.2
2745,nds,6,2,6.214608098422191,3.0
2746,negatively,6,6,5.115995809754082,1.0
2747,neonates,6,2,6.214608098422191,3.0
2748,neuropsychiatric,6,3,5.809142990314028,2.0
2749,nine,6,6,5.115995809754082,1.0
2750,nmr,6,6,5.115995809754082,1.0
2751,nnc,6,2,6.214608098422191,3.0
2752,non-alcoholic,6,6,5.115995809754082,1.0
2753,nt,6,1,6.907755278982137,6.0
2754,observation,6,5,5.298317366548036,1.2
2755,obstruction,6,6,5.115995809754082,1.0
2756,once-daily,6,6,5.115995809754082,1.0
2757,online,6,5,5.298317366548036,1.2
2758,orexin-a,6,1,6.907755278982137,6.0
2759,organization,6,5,5.298317366548036,1.2
2760,orlistat,6,3,5.809142990314028,2.0
2761,oxide,6,5,5.298317366548036,1.2
2762,patent,6,3,5.809142990314028,2.0
2763,perk,6,3,5.809142990314028,2.0
2764,permeability,6,6,5.115995809754082,1.0
2765,persist,6,6,5.115995809754082,1.0
2766,personalized,6,6,5.115995809754082,1.0
2767,pma,6,2,6.214608098422191,3.0
2768,pmg,6,2,6.214608098422191,3.0
2769,point,6,6,5.115995809754082,1.0
2770,popular,6,6,5.115995809754082,1.0
2771,popularity,6,6,5.115995809754082,1.0
2772,poses,6,6,5.115995809754082,1.0
2773,possibility,6,5,5.298317366548036,1.2
2774,potentiated,6,6,5.115995809754082,1.0
2775,potentiates,6,6,5.115995809754082,1.0
2776,potentiation,6,6,5.115995809754082,1.0
2777,pre,6,5,5.298317366548036,1.2
2778,preference,6,3,5.809142990314028,2.0
2779,premature,6,6,5.115995809754082,1.0
2780,preparation,6,6,5.115995809754082,1.0
2781,presentation,6,6,5.115995809754082,1.0
2782,presenting,6,6,5.115995809754082,1.0
2783,preservation,6,6,5.115995809754082,1.0
2784,preserve,6,5,5.298317366548036,1.2
2785,preserving,6,6,5.115995809754082,1.0
2786,probes,6,5,5.298317366548036,1.2
2787,probiotic,6,5,5.298317366548036,1.2
2788,procyanidins,6,3,5.809142990314028,2.0
2789,protects,6,6,5.115995809754082,1.0
2790,protocols,6,6,5.115995809754082,1.0
2791,ps,6,3,5.809142990314028,2.0
2792,ptl,6,1,6.907755278982137,6.0
2793,quantification,6,5,5.298317366548036,1.2
2794,radiolabeled,6,6,5.115995809754082,1.0
2795,raise,6,6,5.115995809754082,1.0
2796,raises,6,6,5.115995809754082,1.0
2797,randomised,6,6,5.115995809754082,1.0
2798,rational,6,6,5.115995809754082,1.0
2799,rcr,6,2,6.214608098422191,3.0
2800,receive,6,6,5.115995809754082,1.0
2801,recommend,6,6,5.115995809754082,1.0
2802,recovery,6,6,5.115995809754082,1.0
2803,recurrence,6,3,5.809142990314028,2.0
2804,reference,6,6,5.115995809754082,1.0
2805,referred,6,6,5.115995809754082,1.0
2806,repeated,6,5,5.298317366548036,1.2
2807,respect,6,6,5.115995809754082,1.0
2808,retained,6,6,5.115995809754082,1.0
2809,reveals,6,5,5.298317366548036,1.2
2810,rglp-1,6,2,6.214608098422191,3.0
2811,rna,6,6,5.115995809754082,1.0
2812,rolgg,6,1,6.907755278982137,6.0
2813,rp,6,1,6.907755278982137,6.0
2814,rt-pcr,6,6,5.115995809754082,1.0
2815,sar,6,2,6.214608098422191,3.0
2816,sarcopenia,6,4,5.521460917862246,1.5
2817,sc,6,2,6.214608098422191,3.0
2818,scale,6,6,5.115995809754082,1.0
2819,scd,6,1,6.907755278982137,6.0
2820,scn,6,2,6.214608098422191,3.0
2821,searches,6,6,5.115995809754082,1.0
2822,secreting,6,6,5.115995809754082,1.0
2823,sections,6,5,5.298317366548036,1.2
2824,self-assembling,6,1,6.907755278982137,6.0
2825,sense,6,6,5.115995809754082,1.0
2826,sensing,6,6,5.115995809754082,1.0
2827,sensory,6,6,5.115995809754082,1.0
2828,shared,6,6,5.115995809754082,1.0
2829,sheep,6,2,6.214608098422191,3.0
2830,short-acting,6,5,5.298317366548036,1.2
2831,sirt,6,3,5.809142990314028,2.0
2832,slowing,6,6,5.115995809754082,1.0
2833,society,6,6,5.115995809754082,1.0
2834,socioeconomic,6,5,5.298317366548036,1.2
2835,south,6,1,6.907755278982137,6.0
2836,specificity,6,6,5.115995809754082,1.0
2837,step,6,6,5.115995809754082,1.0
2838,strains,6,4,5.521460917862246,1.5
2839,studying,6,6,5.115995809754082,1.0
2840,successful,6,6,5.115995809754082,1.0
2841,sulfonylureas,6,3,5.809142990314028,2.0
2842,supplementation,6,2,6.214608098422191,3.0
2843,surprisingly,6,6,5.115995809754082,1.0
2844,survey,6,3,5.809142990314028,2.0
2845,susceptibility,6,5,5.298317366548036,1.2
2846,synthase,6,6,5.115995809754082,1.0
2847,systolic,6,5,5.298317366548036,1.2
2848,taurine,6,2,6.214608098422191,3.0
2849,ten,6,6,5.115995809754082,1.0
2850,testicular,6,2,6.214608098422191,3.0
2851,tfr,6,1,6.907755278982137,6.0
2852,tg,6,3,5.809142990314028,2.0
2853,thorough,6,6,5.115995809754082,1.0
2854,timing,6,4,5.521460917862246,1.5
2855,too,6,6,5.115995809754082,1.0
2856,tracer,6,5,5.298317366548036,1.2
2857,tractus,6,6,5.115995809754082,1.0
2858,training,6,6,5.115995809754082,1.0
2859,transduction,6,6,5.115995809754082,1.0
2860,translocation,6,3,5.809142990314028,2.0
2861,transporter,6,5,5.298317366548036,1.2
2862,twelve,6,6,5.115995809754082,1.0
2863,twice,6,4,5.521460917862246,1.5
2864,tzp,6,1,6.907755278982137,6.0
2865,underscore,6,6,5.115995809754082,1.0
2866,upregulated,6,6,5.115995809754082,1.0
2867,urgently,6,6,5.115995809754082,1.0
2868,usi,6,1,6.907755278982137,6.0
2869,variants,6,4,5.521460917862246,1.5
2870,vector,6,4,5.521460917862246,1.5
2871,view,6,6,5.115995809754082,1.0
2872,vildagliptin,6,1,6.907755278982137,6.0
2873,waist,6,6,5.115995809754082,1.0
2874,wat,6,1,6.907755278982137,6.0
2875,weight-lowering,6,4,5.521460917862246,1.5
2876,white,6,6,5.115995809754082,1.0
2877,wistar,6,5,5.298317366548036,1.2
2878,yields,6,6,5.115995809754082,1.0
2879,∼,6,4,5.521460917862246,1.5
2880,absent,5,5,5.298317366548036,1.0
2881,accidental,5,1,6.907755278982137,5.0
2882,accumulating,5,5,5.298317366548036,1.0
2883,actin,5,3,5.809142990314028,1.6666666666666667
2884,adaptive,5,4,5.521460917862246,1.25
2885,adhesion,5,5,5.298317366548036,1.0
2886,adipocytes,5,4,5.521460917862246,1.25
2887,adiponectin,5,3,5.809142990314028,1.6666666666666667
2888,adjustment,5,5,5.298317366548036,1.0
2889,adopted,5,5,5.298317366548036,1.0
2890,adrenaline,5,1,6.907755278982137,5.0
2891,adrenoceptor,5,2,6.214608098422191,2.5
2892,advantageous,5,5,5.298317366548036,1.0
2893,affinities,5,3,5.809142990314028,1.6666666666666667
2894,aged,5,5,5.298317366548036,1.0
2895,agopams,5,1,6.907755278982137,5.0
2896,alleviate,5,5,5.298317366548036,1.0
2897,alleviates,5,5,5.298317366548036,1.0
2898,alopecia,5,3,5.809142990314028,1.6666666666666667
2899,alteration,5,5,5.298317366548036,1.0
2900,alters,5,4,5.521460917862246,1.25
2901,anorexic,5,4,5.521460917862246,1.25
2902,anti-cd3,5,1,6.907755278982137,5.0
2903,antibodies,5,2,6.214608098422191,2.5
2904,anticipated,5,5,5.298317366548036,1.0
2905,antihyperglycaemic,5,5,5.298317366548036,1.0
2906,antioxidant,5,4,5.521460917862246,1.25
2907,apd,5,1,6.907755278982137,5.0
2908,ape,5,2,6.214608098422191,2.5
2909,arcuate,5,5,5.298317366548036,1.0
2910,arise,5,5,5.298317366548036,1.0
2911,arr,5,1,6.907755278982137,5.0
2912,array,5,5,5.298317366548036,1.0
2913,arrestin,5,5,5.298317366548036,1.0
2914,asian,5,3,5.809142990314028,1.6666666666666667
2915,asians,5,2,6.214608098422191,2.5
2916,assembly,5,5,5.298317366548036,1.0
2917,asymptomatic,5,3,5.809142990314028,1.6666666666666667
2918,augmented,5,4,5.521460917862246,1.25
2919,autonomic,5,5,5.298317366548036,1.0
2920,avenues,5,5,5.298317366548036,1.0
2921,avoiding,5,4,5.521460917862246,1.25
2922,avp,5,1,6.907755278982137,5.0
2923,awareness,5,5,5.298317366548036,1.0
2924,binge-eating,5,2,6.214608098422191,2.5
2925,briefly,5,5,5.298317366548036,1.0
2926,broadly,5,5,5.298317366548036,1.0
2927,buffer,5,4,5.521460917862246,1.25
2928,bw,5,1,6.907755278982137,5.0
2929,bydureon,5,3,5.809142990314028,1.6666666666666667
2930,byetta,5,5,5.298317366548036,1.0
2931,cafeteria,5,2,6.214608098422191,2.5
2932,cardiomyopathy,5,3,5.809142990314028,1.6666666666666667
2933,caregivers,5,1,6.907755278982137,5.0
2934,carriers,5,4,5.521460917862246,1.25
2935,catheter,5,4,5.521460917862246,1.25
2936,cck-1,5,1,6.907755278982137,5.0
2937,cf,5,2,6.214608098422191,2.5
2938,cfvr,5,1,6.907755278982137,5.0
2939,cgm,5,2,6.214608098422191,2.5
2940,cho,5,3,5.809142990314028,1.6666666666666667
2941,clinic,5,4,5.521460917862246,1.25
2942,clinics,5,5,5.298317366548036,1.0
2943,coagonists,5,2,6.214608098422191,2.5
2944,coffee,5,1,6.907755278982137,5.0
2945,combine,5,5,5.298317366548036,1.0
2946,comparing,5,4,5.521460917862246,1.25
2947,comparisons,5,5,5.298317366548036,1.0
2948,complement,5,5,5.298317366548036,1.0
2949,complicated,5,5,5.298317366548036,1.0
2950,composed,5,5,5.298317366548036,1.0
2951,conjugation,5,4,5.521460917862246,1.25
2952,constant,5,5,5.298317366548036,1.0
2953,constipation,5,4,5.521460917862246,1.25
2954,constitute,5,5,5.298317366548036,1.0
2955,continued,5,5,5.298317366548036,1.0
2956,contraception,5,3,5.809142990314028,1.6666666666666667
2957,contribution,5,5,5.298317366548036,1.0
2958,contributions,5,5,5.298317366548036,1.0
2959,converging,5,5,5.298317366548036,1.0
2960,corpus,5,2,6.214608098422191,2.5
2961,correlations,5,4,5.521460917862246,1.25
2962,coupling,5,5,5.298317366548036,1.0
2963,created,5,4,5.521460917862246,1.25
2964,creating,5,5,5.298317366548036,1.0
2965,crossover,5,5,5.298317366548036,1.0
2966,de,5,4,5.521460917862246,1.25
2967,decisions,5,5,5.298317366548036,1.0
2968,deeper,5,5,5.298317366548036,1.0
2969,defects,5,5,5.298317366548036,1.0
2970,deliver,5,5,5.298317366548036,1.0
2971,delivered,5,5,5.298317366548036,1.0
2972,delves,5,5,5.298317366548036,1.0
2973,depends,5,5,5.298317366548036,1.0
2974,depressive,5,2,6.214608098422191,2.5
2975,designs,5,5,5.298317366548036,1.0
2976,deterioration,5,5,5.298317366548036,1.0
2977,determination,5,5,5.298317366548036,1.0
2978,diet-fed,5,1,6.907755278982137,5.0
2979,differentiate,5,4,5.521460917862246,1.25
2980,diminished,5,5,5.298317366548036,1.0
2981,discomfort,5,5,5.298317366548036,1.0
2982,distension,5,5,5.298317366548036,1.0
2983,dl,5,4,5.521460917862246,1.25
2984,dosage,5,5,5.298317366548036,1.0
2985,double,5,5,5.298317366548036,1.0
2986,dpp-4is,5,2,6.214608098422191,2.5
2987,dramatic,5,5,5.298317366548036,1.0
2988,drive,5,5,5.298317366548036,1.0
2989,duodenum,5,5,5.298317366548036,1.0
2990,eec,5,5,5.298317366548036,1.0
2991,effectors,5,5,5.298317366548036,1.0
2992,egfr,5,3,5.809142990314028,1.6666666666666667
2993,elderly,5,4,5.521460917862246,1.25
2994,elements,5,4,5.521460917862246,1.25
2995,eli,5,4,5.521460917862246,1.25
2996,elicit,5,5,5.298317366548036,1.0
2997,eligible,5,5,5.298317366548036,1.0
2998,elimination,5,5,5.298317366548036,1.0
2999,elusive,5,5,5.298317366548036,1.0
3000,emergency,5,4,5.521460917862246,1.25
3001,emission,5,5,5.298317366548036,1.0
3002,empa,5,1,6.907755278982137,5.0
3003,enable,5,5,5.298317366548036,1.0
3004,enac,5,1,6.907755278982137,5.0
3005,encoding,5,5,5.298317366548036,1.0
3006,endorphin,5,2,6.214608098422191,2.5
3007,endosomal,5,2,6.214608098422191,2.5
3008,enhancers,5,4,5.521460917862246,1.25
3009,enzymes,5,5,5.298317366548036,1.0
3010,era,5,5,5.298317366548036,1.0
3011,eriomin,5,1,6.907755278982137,5.0
3012,establishing,5,5,5.298317366548036,1.0
3013,estrogen,5,2,6.214608098422191,2.5
3014,evolved,5,5,5.298317366548036,1.0
3015,exciting,5,5,5.298317366548036,1.0
3016,excluded,5,5,5.298317366548036,1.0
3017,experiences,5,3,5.809142990314028,1.6666666666666667
3018,explained,5,5,5.298317366548036,1.0
3019,exploited,5,5,5.298317366548036,1.0
3020,extends,5,5,5.298317366548036,1.0
3021,extension,5,5,5.298317366548036,1.0
3022,eye,5,4,5.521460917862246,1.25
3023,eyes,5,2,6.214608098422191,2.5
3024,fail,5,5,5.298317366548036,1.0
3025,fall,5,5,5.298317366548036,1.0
3026,fashion,5,5,5.298317366548036,1.0
3027,fc,5,1,6.907755278982137,5.0
3028,fertility,5,4,5.521460917862246,1.25
3029,ffas,5,2,6.214608098422191,2.5
3030,fgf,5,2,6.214608098422191,2.5
3031,fish,5,2,6.214608098422191,2.5
3032,flexibility,5,4,5.521460917862246,1.25
3033,fluorescent,5,4,5.521460917862246,1.25
3034,fundamental,5,5,5.298317366548036,1.0
3035,gabaergic,5,5,5.298317366548036,1.0
3036,gabapentin,5,2,6.214608098422191,2.5
3037,gastrectomy,5,5,5.298317366548036,1.0
3038,gcg-13,5,1,6.907755278982137,5.0
3039,generalized,5,2,6.214608098422191,2.5
3040,ghs-r1a,5,2,6.214608098422191,2.5
3041,girls,5,1,6.907755278982137,5.0
3042,gland,5,4,5.521460917862246,1.25
3043,glial,5,4,5.521460917862246,1.25
3044,glp-1-glu-pal,5,1,6.907755278982137,5.0
3045,glp-1-ir,5,1,6.907755278982137,5.0
3046,glp-1-r,5,3,5.809142990314028,1.6666666666666667
3047,glucocorticoids,5,1,6.907755278982137,5.0
3048,glutamatergic,5,5,5.298317366548036,1.0
3049,grade,5,4,5.521460917862246,1.25
3050,grp-29,5,1,6.907755278982137,5.0
3051,gs,5,3,5.809142990314028,1.6666666666666667
3052,head-to-head,5,4,5.521460917862246,1.25
3053,hip,5,2,6.214608098422191,2.5
3054,histology,5,3,5.809142990314028,1.6666666666666667
3055,host,5,3,5.809142990314028,1.6666666666666667
3056,hpvg,5,1,6.907755278982137,5.0
3057,hyperglycemic,5,5,5.298317366548036,1.0
3058,hyperlipidemia,5,4,5.521460917862246,1.25
3059,hypothesize,5,5,5.298317366548036,1.0
3060,hypoxia,5,4,5.521460917862246,1.25
3061,ibs,5,1,6.907755278982137,5.0
3062,il-1,5,3,5.809142990314028,1.6666666666666667
3063,illness,5,4,5.521460917862246,1.25
3064,ilmv,5,1,6.907755278982137,5.0
3065,immunocytochemistry,5,5,5.298317366548036,1.0
3066,immunomodulatory,5,5,5.298317366548036,1.0
3067,in-depth,5,5,5.298317366548036,1.0
3068,inactive,5,5,5.298317366548036,1.0
3069,infertility,5,4,5.521460917862246,1.25
3070,initiated,5,5,5.298317366548036,1.0
3071,insulin-producing,5,3,5.809142990314028,1.6666666666666667
3072,integrates,5,5,5.298317366548036,1.0
3073,inter-individual,5,3,5.809142990314028,1.6666666666666667
3074,intranasal,5,1,6.907755278982137,5.0
3075,ischaemia,5,3,5.809142990314028,1.6666666666666667
3076,items,5,5,5.298317366548036,1.0
3077,japanese,5,4,5.521460917862246,1.25
3078,jejunum,5,5,5.298317366548036,1.0
3079,just,5,4,5.521460917862246,1.25
3080,kinases,5,5,5.298317366548036,1.0
3081,l-phenylalanine,5,1,6.907755278982137,5.0
3082,lactobacillus,5,4,5.521460917862246,1.25
3083,lactococcus,5,5,5.298317366548036,1.0
3084,language,5,4,5.521460917862246,1.25
3085,largest,5,5,5.298317366548036,1.0
3086,lateral,5,5,5.298317366548036,1.0
3087,length,5,4,5.521460917862246,1.25
3088,libraries,5,3,5.809142990314028,1.6666666666666667
3089,lilly,5,4,5.521460917862246,1.25
3090,lipoprotein,5,4,5.521460917862246,1.25
3091,liquid,5,5,5.298317366548036,1.0
3092,ll-uk200,5,1,6.907755278982137,5.0
3093,localisation,5,2,6.214608098422191,2.5
3094,locomotor,5,2,6.214608098422191,2.5
3095,long-lasting,5,4,5.521460917862246,1.25
3096,lowest,5,4,5.521460917862246,1.25
3097,lsi,5,1,6.907755278982137,5.0
3098,lumen,5,5,5.298317366548036,1.0
3099,lysine,5,5,5.298317366548036,1.0
3100,macrophage,5,3,5.809142990314028,1.6666666666666667
3101,magnitude,5,5,5.298317366548036,1.0
3102,maintained,5,5,5.298317366548036,1.0
3103,malignancies,5,5,5.298317366548036,1.0
3104,managed,5,2,6.214608098422191,2.5
3105,manipulation,5,4,5.521460917862246,1.25
3106,mapk,5,3,5.809142990314028,1.6666666666666667
3107,mapping,5,5,5.298317366548036,1.0
3108,march,5,5,5.298317366548036,1.0
3109,marker,5,4,5.521460917862246,1.25
3110,matched,5,4,5.521460917862246,1.25
3111,mcc,5,1,6.907755278982137,5.0
3112,meaningful,5,5,5.298317366548036,1.0
3113,measure,5,5,5.298317366548036,1.0
3114,mediators,5,5,5.298317366548036,1.0
3115,member,5,5,5.298317366548036,1.0
3116,membranes,5,4,5.521460917862246,1.25
3117,microglial,5,3,5.809142990314028,1.6666666666666667
3118,migration,5,3,5.809142990314028,1.6666666666666667
3119,mild,5,5,5.298317366548036,1.0
3120,mitchell-riley,5,1,6.907755278982137,5.0
3121,mol,5,2,6.214608098422191,2.5
3122,multi-agonists,5,3,5.809142990314028,1.6666666666666667
3123,musculoskeletal,5,4,5.521460917862246,1.25
3124,myeloid,5,2,6.214608098422191,2.5
3125,ndps,5,1,6.907755278982137,5.0
3126,near,5,5,5.298317366548036,1.0
3127,nesfatin-1,5,1,6.907755278982137,5.0
3128,net,5,3,5.809142990314028,1.6666666666666667
3129,neurogenesis,5,5,5.298317366548036,1.0
3130,neuropathological,5,4,5.521460917862246,1.25
3131,neutral,5,5,5.298317366548036,1.0
3132,nevertheless,5,5,5.298317366548036,1.0
3133,next-generation,5,4,5.521460917862246,1.25
3134,ngt,5,1,6.907755278982137,5.0
3135,nifedipine,5,2,6.214608098422191,2.5
3136,nordisk,5,5,5.298317366548036,1.0
3137,normalization,5,4,5.521460917862246,1.25
3138,novo,5,5,5.298317366548036,1.0
3139,ones,5,4,5.521460917862246,1.25
3140,orthopedic,5,3,5.809142990314028,1.6666666666666667
3141,ovarian,5,4,5.521460917862246,1.25
3142,overdose,5,1,6.907755278982137,5.0
3143,papers,5,5,5.298317366548036,1.0
3144,pars,5,2,6.214608098422191,2.5
3145,particles,5,1,6.907755278982137,5.0
3146,pathologies,5,5,5.298317366548036,1.0
3147,pca,5,1,6.907755278982137,5.0
3148,peptide-based,5,4,5.521460917862246,1.25
3149,perfusate,5,4,5.521460917862246,1.25
3150,perhaps,5,5,5.298317366548036,1.0
3151,persisted,5,5,5.298317366548036,1.0
3152,phosphorylated,5,5,5.298317366548036,1.0
3153,pig,5,3,5.809142990314028,1.6666666666666667
3154,place,5,5,5.298317366548036,1.0
3155,platelet,5,1,6.907755278982137,5.0
3156,plausibility,5,4,5.521460917862246,1.25
3157,poly-gpcr,5,1,6.907755278982137,5.0
3158,positioning,5,5,5.298317366548036,1.0
3159,positron,5,5,5.298317366548036,1.0
3160,postprandially,5,5,5.298317366548036,1.0
3161,powerful,5,5,5.298317366548036,1.0
3162,preferentially,5,4,5.521460917862246,1.25
3163,prescription,5,4,5.521460917862246,1.25
3164,prevents,5,5,5.298317366548036,1.0
3165,pro,5,3,5.809142990314028,1.6666666666666667
3166,probiotic-based,5,2,6.214608098422191,2.5
3167,professionals,5,5,5.298317366548036,1.0
3168,progenitor,5,4,5.521460917862246,1.25
3169,prognosis,5,5,5.298317366548036,1.0
3170,progress,5,5,5.298317366548036,1.0
3171,prolong,5,4,5.521460917862246,1.25
3172,pronounced,5,5,5.298317366548036,1.0
3173,property,5,5,5.298317366548036,1.0
3174,proved,5,5,5.298317366548036,1.0
3175,psychological,5,5,5.298317366548036,1.0
3176,pvh,5,1,6.907755278982137,5.0
3177,pws,5,1,6.907755278982137,5.0
3178,qpcr,5,5,5.298317366548036,1.0
3179,quail,5,2,6.214608098422191,2.5
3180,quantitatively,5,5,5.298317366548036,1.0
3181,question,5,4,5.521460917862246,1.25
3182,ra-induced,5,3,5.809142990314028,1.6666666666666667
3183,raising,5,5,5.298317366548036,1.0
3184,random,5,5,5.298317366548036,1.0
3185,rapamycin,5,4,5.521460917862246,1.25
3186,re-fed,5,1,6.907755278982137,5.0
3187,reaction,5,5,5.298317366548036,1.0
3188,receptor-dependent,5,5,5.298317366548036,1.0
3189,records,5,5,5.298317366548036,1.0
3190,recruited,5,5,5.298317366548036,1.0
3191,recurrent,5,4,5.521460917862246,1.25
3192,regarded,5,5,5.298317366548036,1.0
3193,regular,5,5,5.298317366548036,1.0
3194,regulators,5,5,5.298317366548036,1.0
3195,relationships,5,5,5.298317366548036,1.0
3196,releasing,5,5,5.298317366548036,1.0
3197,reliable,5,5,5.298317366548036,1.0
3198,remarkably,5,5,5.298317366548036,1.0
3199,renoprotective,5,5,5.298317366548036,1.0
3200,replacement,5,5,5.298317366548036,1.0
3201,reprogramming,5,2,6.214608098422191,2.5
3202,restore,5,5,5.298317366548036,1.0
3203,retrieved,5,5,5.298317366548036,1.0
3204,reversing,5,5,5.298317366548036,1.0
3205,rich,5,5,5.298317366548036,1.0
3206,riper,5,1,6.907755278982137,5.0
3207,ros,5,4,5.521460917862246,1.25
3208,route,5,4,5.521460917862246,1.25
3209,sars-cov-2,5,1,6.907755278982137,5.0
3210,secretions,5,5,5.298317366548036,1.0
3211,seeking,5,4,5.521460917862246,1.25
3212,separated,5,4,5.521460917862246,1.25
3213,services,5,3,5.809142990314028,1.6666666666666667
3214,shifting,5,5,5.298317366548036,1.0
3215,short-chain,5,5,5.298317366548036,1.0
3216,sleeve,5,5,5.298317366548036,1.0
3217,slices,5,4,5.521460917862246,1.25
3218,slows,5,5,5.298317366548036,1.0
3219,solutions,5,5,5.298317366548036,1.0
3220,sp,5,1,6.907755278982137,5.0
3221,sparse,5,5,5.298317366548036,1.0
3222,spatial,5,5,5.298317366548036,1.0
3223,stem,5,5,5.298317366548036,1.0
3224,streptozotocin,5,5,5.298317366548036,1.0
3225,structure-activity,5,4,5.521460917862246,1.25
3226,subcellular,5,4,5.521460917862246,1.25
3227,subject,5,5,5.298317366548036,1.0
3228,subset,5,4,5.521460917862246,1.25
3229,substitution,5,4,5.521460917862246,1.25
3230,subunit,5,2,6.214608098422191,2.5
3231,sulfonylurea,5,5,5.298317366548036,1.0
3232,susceptible,5,5,5.298317366548036,1.0
3233,switch,5,4,5.521460917862246,1.25
3234,symptom,5,5,5.298317366548036,1.0
3235,syn,5,1,6.907755278982137,5.0
3236,tau,5,2,6.214608098422191,2.5
3237,termed,5,5,5.298317366548036,1.0
3238,therapeutically,5,5,5.298317366548036,1.0
3239,thyroiditis,5,2,6.214608098422191,2.5
3240,today,5,5,5.298317366548036,1.0
3241,tracts,5,3,5.809142990314028,1.6666666666666667
3242,traditionally,5,5,5.298317366548036,1.0
3243,transition,5,5,5.298317366548036,1.0
3244,translated,5,5,5.298317366548036,1.0
3245,transporters,5,5,5.298317366548036,1.0
3246,trigger,5,5,5.298317366548036,1.0
3247,triglycerides,5,5,5.298317366548036,1.0
3248,truncated,5,5,5.298317366548036,1.0
3249,tube,5,2,6.214608098422191,2.5
3250,tubules,5,3,5.809142990314028,1.6666666666666667
3251,underlie,5,4,5.521460917862246,1.25
3252,unlikely,5,5,5.298317366548036,1.0
3253,upregulation,5,5,5.298317366548036,1.0
3254,urgent,5,5,5.298317366548036,1.0
3255,urine,5,3,5.809142990314028,1.6666666666666667
3256,usually,5,5,5.298317366548036,1.0
3257,values,5,4,5.521460917862246,1.25
3258,vessels,5,4,5.521460917862246,1.25
3259,victoza,5,4,5.521460917862246,1.25
3260,vigibase,5,2,6.214608098422191,2.5
3261,vldl,5,1,6.907755278982137,5.0
3262,voltage-gated,5,3,5.809142990314028,1.6666666666666667
3263,vulnerable,5,5,5.298317366548036,1.0
3264,warranting,5,5,5.298317366548036,1.0
3265,well-documented,5,5,5.298317366548036,1.0
3266,whole,5,5,5.298317366548036,1.0
3267,wild,5,5,5.298317366548036,1.0
3268,window,5,3,5.809142990314028,1.6666666666666667
3269,wnt,5,3,5.809142990314028,1.6666666666666667
3270,xenopus,5,3,5.809142990314028,1.6666666666666667
3271,yielding,5,5,5.298317366548036,1.0
3272,zif-8,5,1,6.907755278982137,5.0
3273,−,5,1,6.907755278982137,5.0
3274,?,4,4,5.521460917862246,1.0
3275,aa,4,2,6.214608098422191,2.0
3276,aaa,4,1,6.907755278982137,4.0
3277,aberrant,4,4,5.521460917862246,1.0
3278,absolute,4,4,5.521460917862246,1.0
3279,acnes,4,1,6.907755278982137,4.0
3280,add-on,4,3,5.809142990314028,1.3333333333333333
3281,addictive,4,4,5.521460917862246,1.0
3282,adding,4,4,5.521460917862246,1.0
3283,adds,4,4,5.521460917862246,1.0
3284,adjust,4,4,5.521460917862246,1.0
3285,adoption,4,4,5.521460917862246,1.0
3286,aerobic,4,2,6.214608098422191,2.0
3287,aggressive,4,4,5.521460917862246,1.0
3288,agonist-induced,4,4,5.521460917862246,1.0
3289,ai,4,2,6.214608098422191,2.0
3290,ala,4,3,5.809142990314028,1.3333333333333333
3291,alginate-coated,4,1,6.907755278982137,4.0
3292,allowed,4,4,5.521460917862246,1.0
3293,alloxan-induced,4,2,6.214608098422191,2.0
3294,alternatives,4,4,5.521460917862246,1.0
3295,amounts,4,3,5.809142990314028,1.3333333333333333
3296,analytical,4,3,5.809142990314028,1.3333333333333333
3297,anesthesiologists,4,4,5.521460917862246,1.0
3298,angiotensin,4,3,5.809142990314028,1.3333333333333333
3299,anthropometric,4,3,5.809142990314028,1.3333333333333333
3300,anti-atherogenic,4,4,5.521460917862246,1.0
3301,antihypertensive,4,3,5.809142990314028,1.3333333333333333
3302,anxiety-like,4,1,6.907755278982137,4.0
3303,aortic,4,3,5.809142990314028,1.3333333333333333
3304,apart,4,4,5.521460917862246,1.0
3305,appeared,4,4,5.521460917862246,1.0
3306,architecture,4,3,5.809142990314028,1.3333333333333333
3307,argues,4,4,5.521460917862246,1.0
3308,arrhythmia,4,2,6.214608098422191,2.0
3309,asa,4,2,6.214608098422191,2.0
3310,ascribed,4,4,5.521460917862246,1.0
3311,assessments,4,4,5.521460917862246,1.0
3312,assist,4,4,5.521460917862246,1.0
3313,atropine,4,2,6.214608098422191,2.0
3314,attempted,4,4,5.521460917862246,1.0
3315,attempts,4,4,5.521460917862246,1.0
3316,attracted,4,4,5.521460917862246,1.0
3317,attributes,4,4,5.521460917862246,1.0
3318,augments,4,4,5.521460917862246,1.0
3319,avid,4,1,6.907755278982137,4.0
3320,avp-d,4,1,6.907755278982137,4.0
3321,aware,4,4,5.521460917862246,1.0
3322,b-cell,4,3,5.809142990314028,1.3333333333333333
3323,ba,4,2,6.214608098422191,2.0
3324,bacteria,4,2,6.214608098422191,2.0
3325,bacterial,4,4,5.521460917862246,1.0
3326,balb,4,4,5.521460917862246,1.0
3327,bc,4,1,6.907755278982137,4.0
3328,began,4,4,5.521460917862246,1.0
3329,beginning,4,4,5.521460917862246,1.0
3330,believed,4,4,5.521460917862246,1.0
3331,beta-amyloid,4,1,6.907755278982137,4.0
3332,bilateral,4,4,5.521460917862246,1.0
3333,bind,4,4,5.521460917862246,1.0
3334,binge-like,4,1,6.907755278982137,4.0
3335,bitter,4,2,6.214608098422191,2.0
3336,bodies,4,4,5.521460917862246,1.0
3337,body-composition,4,2,6.214608098422191,2.0
3338,boost,4,4,5.521460917862246,1.0
3339,br,4,1,6.907755278982137,4.0
3340,buccal,4,1,6.907755278982137,4.0
3341,burdens,4,4,5.521460917862246,1.0
3342,butyrate,4,2,6.214608098422191,2.0
3343,cadyglp,4,1,6.907755278982137,4.0
3344,called,4,4,5.521460917862246,1.0
3345,calls,4,4,5.521460917862246,1.0
3346,cardiomyocyte,4,2,6.214608098422191,2.0
3347,cardiomyocytes,4,3,5.809142990314028,1.3333333333333333
3348,carefully,4,4,5.521460917862246,1.0
3349,carry,4,4,5.521460917862246,1.0
3350,carrying,4,4,5.521460917862246,1.0
3351,category,4,4,5.521460917862246,1.0
3352,catfish,4,1,6.907755278982137,4.0
3353,cau,4,1,6.907755278982137,4.0
3354,centers,4,3,5.809142990314028,1.3333333333333333
3355,ceramide,4,2,6.214608098422191,2.0
3356,certainty,4,3,5.809142990314028,1.3333333333333333
3357,cervical,4,2,6.214608098422191,2.0
3358,chains,4,3,5.809142990314028,1.3333333333333333
3359,characterisation,4,3,5.809142990314028,1.3333333333333333
3360,child,4,1,6.907755278982137,4.0
3361,childhood,4,3,5.809142990314028,1.3333333333333333
3362,chimeras,4,2,6.214608098422191,2.0
3363,chloride,4,3,5.809142990314028,1.3333333333333333
3364,cholestatic,4,1,6.907755278982137,4.0
3365,chronically,4,3,5.809142990314028,1.3333333333333333
3366,ckd-with-sepsis,4,1,6.907755278982137,4.0
3367,cl,4,2,6.214608098422191,2.0
3368,claims,4,4,5.521460917862246,1.0
3369,classic,4,4,5.521460917862246,1.0
3370,classified,4,4,5.521460917862246,1.0
3371,clonal,4,4,5.521460917862246,1.0
3372,co-transporter,4,4,5.521460917862246,1.0
3373,co-transporter-2,4,4,5.521460917862246,1.0
3374,cocaine-induced,4,1,6.907755278982137,4.0
3375,collaborative,4,4,5.521460917862246,1.0
3376,collection,4,4,5.521460917862246,1.0
3377,commentary,4,3,5.809142990314028,1.3333333333333333
3378,community,4,4,5.521460917862246,1.0
3379,comorbidity,4,4,5.521460917862246,1.0
3380,comparators,4,3,5.809142990314028,1.3333333333333333
3381,compelling,4,4,5.521460917862246,1.0
3382,composite,4,3,5.809142990314028,1.3333333333333333
3383,compromise,4,4,5.521460917862246,1.0
3384,compromised,4,4,5.521460917862246,1.0
3385,concentration-dependent,4,4,5.521460917862246,1.0
3386,confirming,4,4,5.521460917862246,1.0
3387,conformational,4,3,5.809142990314028,1.3333333333333333
3388,congenital,4,4,5.521460917862246,1.0
3389,connections,4,3,5.809142990314028,1.3333333333333333
3390,consuming,4,3,5.809142990314028,1.3333333333333333
3391,continues,4,4,5.521460917862246,1.0
3392,contractility,4,3,5.809142990314028,1.3333333333333333
3393,contraindications,4,4,5.521460917862246,1.0
3394,counterparts,4,4,5.521460917862246,1.0
3395,covering,4,4,5.521460917862246,1.0
3396,cpap,4,4,5.521460917862246,1.0
3397,create,4,4,5.521460917862246,1.0
3398,crosstalk,4,4,5.521460917862246,1.0
3399,crypts,4,3,5.809142990314028,1.3333333333333333
3400,cultures,4,3,5.809142990314028,1.3333333333333333
3401,cumulative,4,4,5.521460917862246,1.0
3402,cycles,4,3,5.809142990314028,1.3333333333333333
3403,cysteine,4,2,6.214608098422191,2.0
3404,cytokines,4,4,5.521460917862246,1.0
3405,cytotoxicity,4,3,5.809142990314028,1.3333333333333333
3406,da,4,3,5.809142990314028,1.3333333333333333
3407,dala,4,1,6.907755278982137,4.0
3408,dcms,4,1,6.907755278982137,4.0
3409,deep,4,4,5.521460917862246,1.0
3410,defining,4,4,5.521460917862246,1.0
3411,degeneration,4,3,5.809142990314028,1.3333333333333333
3412,demographic,4,4,5.521460917862246,1.0
3413,demographics,4,4,5.521460917862246,1.0
3414,describing,4,4,5.521460917862246,1.0
3415,desirable,4,4,5.521460917862246,1.0
3416,detectable,4,4,5.521460917862246,1.0
3417,detrimental,4,4,5.521460917862246,1.0
3418,developmental,4,4,5.521460917862246,1.0
3419,diabetes-associated,4,4,5.521460917862246,1.0
3420,diabetogenic,4,3,5.809142990314028,1.3333333333333333
3421,diagnostic,4,4,5.521460917862246,1.0
3422,differentiated,4,4,5.521460917862246,1.0
3423,directed,4,4,5.521460917862246,1.0
3424,disadvantages,4,4,5.521460917862246,1.0
3425,discoveries,4,3,5.809142990314028,1.3333333333333333
3426,discrete,4,4,5.521460917862246,1.0
3427,discussing,4,4,5.521460917862246,1.0
3428,disrupt,4,4,5.521460917862246,1.0
3429,disrupted,4,4,5.521460917862246,1.0
3430,dominant,4,4,5.521460917862246,1.0
3431,dopaminergic,4,4,5.521460917862246,1.0
3432,double-blinded,4,4,5.521460917862246,1.0
3433,double-click,4,1,6.907755278982137,4.0
3434,dp,4,1,6.907755278982137,4.0
3435,dpp-4i,4,3,5.809142990314028,1.3333333333333333
3436,drug-induced,4,3,5.809142990314028,1.3333333333333333
3437,dta,4,1,6.907755278982137,4.0
3438,duodenal,4,4,5.521460917862246,1.0
3439,dyslipidaemia,4,3,5.809142990314028,1.3333333333333333
3440,earlier,4,4,5.521460917862246,1.0
3441,ec,4,4,5.521460917862246,1.0
3442,economic,4,4,5.521460917862246,1.0
3443,ectopic,4,4,5.521460917862246,1.0
3444,editorial,4,4,5.521460917862246,1.0
3445,electrophysiological,4,3,5.809142990314028,1.3333333333333333
3446,electrostatic,4,1,6.907755278982137,4.0
3447,eligibility,4,4,5.521460917862246,1.0
3448,enables,4,3,5.809142990314028,1.3333333333333333
3449,encoded,4,4,5.521460917862246,1.0
3450,encouraging,4,4,5.521460917862246,1.0
3451,engage,4,4,5.521460917862246,1.0
3452,english,4,4,5.521460917862246,1.0
3453,entered,4,4,5.521460917862246,1.0
3454,environmental,4,2,6.214608098422191,2.0
3455,equivalent,4,4,5.521460917862246,1.0
3456,erectile,4,2,6.214608098422191,2.0
3457,error,4,3,5.809142990314028,1.3333333333333333
3458,escherichia,4,4,5.521460917862246,1.0
3459,ester,4,4,5.521460917862246,1.0
3460,estrogens,4,1,6.907755278982137,4.0
3461,ethical,4,3,5.809142990314028,1.3333333333333333
3462,eustachian,4,1,6.907755278982137,4.0
3463,evident,4,4,5.521460917862246,1.0
3464,exacerbate,4,4,5.521460917862246,1.0
3465,exacerbated,4,4,5.521460917862246,1.0
3466,exactly,4,4,5.521460917862246,1.0
3467,exchange,4,4,5.521460917862246,1.0
3468,excitability,4,4,5.521460917862246,1.0
3469,exe,4,1,6.907755278982137,4.0
3470,exendin-based,4,4,5.521460917862246,1.0
3471,exerted,4,4,5.521460917862246,1.0
3472,exocrine,4,4,5.521460917862246,1.0
3473,expectancy,4,4,5.521460917862246,1.0
3474,exploratory,4,4,5.521460917862246,1.0
3475,extra-pancreatic,4,4,5.521460917862246,1.0
3476,extrasynaptic,4,1,6.907755278982137,4.0
3477,fad,4,2,6.214608098422191,2.0
3478,faecalis,4,1,6.907755278982137,4.0
3479,fbg,4,2,6.214608098422191,2.0
3480,feature,4,4,5.521460917862246,1.0
3481,fermentation,4,4,5.521460917862246,1.0
3482,fetal,4,3,5.809142990314028,1.3333333333333333
3483,firing,4,2,6.214608098422191,2.0
3484,firstly,4,4,5.521460917862246,1.0
3485,fixed-ratio,4,3,5.809142990314028,1.3333333333333333
3486,fl,4,1,6.907755278982137,4.0
3487,focal,4,3,5.809142990314028,1.3333333333333333
3488,follow,4,4,5.521460917862246,1.0
3489,forward,4,4,5.521460917862246,1.0
3490,fructus,4,2,6.214608098422191,2.0
3491,functioning,4,4,5.521460917862246,1.0
3492,gastroenterology,4,3,5.809142990314028,1.3333333333333333
3493,gastroparesis,4,4,5.521460917862246,1.0
3494,gb,4,1,6.907755278982137,4.0
3495,gcg-15,4,1,6.907755278982137,4.0
3496,gele,4,1,6.907755278982137,4.0
3497,genetically,4,3,5.809142990314028,1.3333333333333333
3498,gg,4,2,6.214608098422191,2.0
3499,gives,4,4,5.521460917862246,1.0
3500,glp-1-dependent,4,4,5.521460917862246,1.0
3501,glp-17-36,4,1,6.907755278982137,4.0
3502,glp-19-36,4,1,6.907755278982137,4.0
3503,glp-1ir,4,1,6.907755278982137,4.0
3504,glp-1r-dependent,4,4,5.521460917862246,1.0
3505,glp-1r-mediated,4,4,5.521460917862246,1.0
3506,glp-ir,4,1,6.907755278982137,4.0
3507,glucoregulatory,4,4,5.521460917862246,1.0
3508,glucose-independent,4,3,5.809142990314028,1.3333333333333333
3509,glucotoxic,4,1,6.907755278982137,4.0
3510,glupal,4,1,6.907755278982137,4.0
3511,gly,4,3,5.809142990314028,1.3333333333333333
3512,granule,4,2,6.214608098422191,2.0
3513,guided,4,4,5.521460917862246,1.0
3514,gustatory,4,1,6.907755278982137,4.0
3515,gustducin,4,1,6.907755278982137,4.0
3516,hacat,4,1,6.907755278982137,4.0
3517,haemoglobin,4,4,5.521460917862246,1.0
3518,heg,4,1,6.907755278982137,4.0
3519,helical,4,4,5.521460917862246,1.0
3520,helps,4,4,5.521460917862246,1.0
3521,hemodynamic,4,2,6.214608098422191,2.0
3522,hepatitis,4,1,6.907755278982137,4.0
3523,hepatocytes,4,4,5.521460917862246,1.0
3524,hfd-induced,4,3,5.809142990314028,1.3333333333333333
3525,hfs,4,1,6.907755278982137,4.0
3526,high-affinity,4,4,5.521460917862246,1.0
3527,highlighted,4,4,5.521460917862246,1.0
3528,hilar,4,1,6.907755278982137,4.0
3529,holds,4,4,5.521460917862246,1.0
3530,hope,4,4,5.521460917862246,1.0
3531,hormone-based,4,2,6.214608098422191,2.0
3532,hpdlscs,4,1,6.907755278982137,4.0
3533,hplc,4,4,5.521460917862246,1.0
3534,hydrogen,4,4,5.521460917862246,1.0
3535,hyperinsulinemia,4,2,6.214608098422191,2.0
3536,hypersensitivity,4,2,6.214608098422191,2.0
3537,hypoglycaemic,4,3,5.809142990314028,1.3333333333333333
3538,i-6,4,1,6.907755278982137,4.0
3539,ideal,4,4,5.521460917862246,1.0
3540,ihc,4,2,6.214608098422191,2.0
3541,ill,4,3,5.809142990314028,1.3333333333333333
3542,illustrates,4,4,5.521460917862246,1.0
3543,imbalance,4,4,5.521460917862246,1.0
3544,immediate,4,3,5.809142990314028,1.3333333333333333
3545,immunostaining,4,4,5.521460917862246,1.0
3546,impair,4,3,5.809142990314028,1.3333333333333333
3547,implicating,4,4,5.521460917862246,1.0
3548,impressive,4,4,5.521460917862246,1.0
3549,inadvertent,4,3,5.809142990314028,1.3333333333333333
3550,incorporated,4,4,5.521460917862246,1.0
3551,incremental,4,3,5.809142990314028,1.3333333333333333
3552,incubated,4,4,5.521460917862246,1.0
3553,indeed,4,4,5.521460917862246,1.0
3554,ineffective,4,3,5.809142990314028,1.3333333333333333
3555,infectious,4,3,5.809142990314028,1.3333333333333333
3556,infiltration,4,4,5.521460917862246,1.0
3557,influenza,4,1,6.907755278982137,4.0
3558,informed,4,4,5.521460917862246,1.0
3559,infusions,4,4,5.521460917862246,1.0
3560,ingestive,4,4,5.521460917862246,1.0
3561,inpatient,4,3,5.809142990314028,1.3333333333333333
3562,insulin-dependent,4,4,5.521460917862246,1.0
3563,insulin-like,4,3,5.809142990314028,1.3333333333333333
3564,insulinoma,4,3,5.809142990314028,1.3333333333333333
3565,intensification,4,2,6.214608098422191,2.0
3566,interfering,4,4,5.521460917862246,1.0
3567,interleukin-6,4,4,5.521460917862246,1.0
3568,intermittent,4,4,5.521460917862246,1.0
3569,internalisation,4,4,5.521460917862246,1.0
3570,internalized,4,1,6.907755278982137,4.0
3571,intragastric,4,3,5.809142990314028,1.3333333333333333
3572,intricate,4,3,5.809142990314028,1.3333333333333333
3573,intrinsic,4,4,5.521460917862246,1.0
3574,inverse,4,3,5.809142990314028,1.3333333333333333
3575,irrespective,4,3,5.809142990314028,1.3333333333333333
3576,ischaemic,4,2,6.214608098422191,2.0
3577,iso,4,2,6.214608098422191,2.0
3578,june,4,4,5.521460917862246,1.0
3579,k-cells,4,2,6.214608098422191,2.0
3580,kd,4,3,5.809142990314028,1.3333333333333333
3581,keywords,4,4,5.521460917862246,1.0
3582,kinetics,4,3,5.809142990314028,1.3333333333333333
3583,labeled,4,4,5.521460917862246,1.0
3584,labeling,4,3,5.809142990314028,1.3333333333333333
3585,laboratories,4,4,5.521460917862246,1.0
3586,lamina,4,3,5.809142990314028,1.3333333333333333
3587,lastly,4,4,5.521460917862246,1.0
3588,lcfas,4,3,5.809142990314028,1.3333333333333333
3589,leaves,4,3,5.809142990314028,1.3333333333333333
3590,lesion,4,3,5.809142990314028,1.3333333333333333
3591,leveraging,4,4,5.521460917862246,1.0
3592,licking,4,1,6.907755278982137,4.0
3593,ligation,4,4,5.521460917862246,1.0
3594,live,4,4,5.521460917862246,1.0
3595,location,4,4,5.521460917862246,1.0
3596,logistic,4,4,5.521460917862246,1.0
3597,long-chain,4,4,5.521460917862246,1.0
3598,loop,4,4,5.521460917862246,1.0
3599,low-fat,4,2,6.214608098422191,2.0
3600,lpl,4,1,6.907755278982137,4.0
3601,ltp,4,2,6.214608098422191,2.0
3602,lv,4,2,6.214608098422191,2.0
3603,lysinoalanine,4,1,6.907755278982137,4.0
3604,ma,4,1,6.907755278982137,4.0
3605,macronutrient,4,3,5.809142990314028,1.3333333333333333
3606,males,4,3,5.809142990314028,1.3333333333333333
3607,malignancy,4,4,5.521460917862246,1.0
3608,manuscript,4,3,5.809142990314028,1.3333333333333333
3609,map,4,4,5.521460917862246,1.0
3610,marketed,4,4,5.521460917862246,1.0
3611,marks,4,4,5.521460917862246,1.0
3612,material,4,4,5.521460917862246,1.0
3613,matter,4,2,6.214608098422191,2.0
3614,mbs,4,1,6.907755278982137,4.0
3615,mdii,4,1,6.907755278982137,4.0
3616,measurement,4,4,5.521460917862246,1.0
3617,media,4,4,5.521460917862246,1.0
3618,medial,4,3,5.809142990314028,1.3333333333333333
3619,mediation,4,4,5.521460917862246,1.0
3620,mesh,4,3,5.809142990314028,1.3333333333333333
3621,metabolically,4,4,5.521460917862246,1.0
3622,millions,4,4,5.521460917862246,1.0
3623,mimetic,4,4,5.521460917862246,1.0
3624,mini-review,4,4,5.521460917862246,1.0
3625,minor,4,4,5.521460917862246,1.0
3626,missed,4,2,6.214608098422191,2.0
3627,mitigated,4,4,5.521460917862246,1.0
3628,mmhg,4,2,6.214608098422191,2.0
3629,mnts,4,1,6.907755278982137,4.0
3630,modeling,4,3,5.809142990314028,1.3333333333333333
3631,modulator,4,4,5.521460917862246,1.0
3632,monitor,4,4,5.521460917862246,1.0
3633,morphology,4,4,5.521460917862246,1.0
3634,mrc-5,4,1,6.907755278982137,4.0
3635,mrnas,4,3,5.809142990314028,1.3333333333333333
3636,multi-organ,4,4,5.521460917862246,1.0
3637,multisystemic,4,3,5.809142990314028,1.3333333333333333
3638,myenteric,4,3,5.809142990314028,1.3333333333333333
3639,named,4,4,5.521460917862246,1.0
3640,nanomedicine,4,2,6.214608098422191,2.0
3641,narrow,4,4,5.521460917862246,1.0
3642,national,4,3,5.809142990314028,1.3333333333333333
3643,neogenesis,4,4,5.521460917862246,1.0
3644,nephropathy,4,4,5.521460917862246,1.0
3645,neurocognitive,4,3,5.809142990314028,1.3333333333333333
3646,neuropeptides,4,4,5.521460917862246,1.0
3647,neuroplasticity,4,4,5.521460917862246,1.0
3648,nigromaculata,4,1,6.907755278982137,4.0
3649,nisin,4,1,6.907755278982137,4.0
3650,nist,4,1,6.907755278982137,4.0
3651,nlc,4,1,6.907755278982137,4.0
3652,npy-y2,4,1,6.907755278982137,4.0
3653,null,4,4,5.521460917862246,1.0
3654,numbers,4,4,5.521460917862246,1.0
3655,nutrient-stimulated,4,4,5.521460917862246,1.0
3656,oa-induced,4,1,6.907755278982137,4.0
3657,ob,4,2,6.214608098422191,2.0
3658,obesity-associated,4,3,5.809142990314028,1.3333333333333333
3659,observe,4,4,5.521460917862246,1.0
3660,obstacle,4,4,5.521460917862246,1.0
3661,obvious,4,4,5.521460917862246,1.0
3662,occurrence,4,3,5.809142990314028,1.3333333333333333
3663,octreotide,4,2,6.214608098422191,2.0
3664,off-target,4,4,5.521460917862246,1.0
3665,oncology,4,3,5.809142990314028,1.3333333333333333
3666,op,4,1,6.907755278982137,4.0
3667,opposing,4,4,5.521460917862246,1.0
3668,origin,4,4,5.521460917862246,1.0
3669,outpatient,4,4,5.521460917862246,1.0
3670,outputs,4,3,5.809142990314028,1.3333333333333333
3671,overproduction,4,2,6.214608098422191,2.0
3672,pa,4,1,6.907755278982137,4.0
3673,pancreases,4,3,5.809142990314028,1.3333333333333333
3674,panel,4,4,5.521460917862246,1.0
3675,parasympathetic,4,3,5.809142990314028,1.3333333333333333
3676,parent,4,4,5.521460917862246,1.0
3677,parts,4,4,5.521460917862246,1.0
3678,pasireotide-induced,4,1,6.907755278982137,4.0
3679,patents,4,2,6.214608098422191,2.0
3680,pathogenic,4,4,5.521460917862246,1.0
3681,patient-centered,4,4,5.521460917862246,1.0
3682,pcps,4,2,6.214608098422191,2.0
3683,pcs,4,1,6.907755278982137,4.0
3684,peaks,4,3,5.809142990314028,1.3333333333333333
3685,percent,4,3,5.809142990314028,1.3333333333333333
3686,perikarya,4,3,5.809142990314028,1.3333333333333333
3687,pg,4,2,6.214608098422191,2.0
3688,pkc,4,2,6.214608098422191,2.0
3689,planning,4,4,5.521460917862246,1.0
3690,plaque,4,3,5.809142990314028,1.3333333333333333
3691,platforms,4,2,6.214608098422191,2.0
3692,playing,4,3,5.809142990314028,1.3333333333333333
3693,plc,4,3,5.809142990314028,1.3333333333333333
3694,pocket,4,2,6.214608098422191,2.0
3695,podocytes,4,1,6.907755278982137,4.0
3696,policy,4,4,5.521460917862246,1.0
3697,polyphenols,4,4,5.521460917862246,1.0
3698,pooled,4,4,5.521460917862246,1.0
3699,possesses,4,4,5.521460917862246,1.0
3700,postpartum,4,3,5.809142990314028,1.3333333333333333
3701,potato,4,2,6.214608098422191,2.0
3702,pre-proglucagon,4,1,6.907755278982137,4.0
3703,preconception,4,3,5.809142990314028,1.3333333333333333
3704,preferential,4,4,5.521460917862246,1.0
3705,pregnant,4,3,5.809142990314028,1.3333333333333333
3706,preparations,4,4,5.521460917862246,1.0
3707,preterm,4,1,6.907755278982137,4.0
3708,probable,4,4,5.521460917862246,1.0
3709,procyanidin,4,4,5.521460917862246,1.0
3710,proinflammatory,4,4,5.521460917862246,1.0
3711,prolactin,4,1,6.907755278982137,4.0
3712,promoter,4,3,5.809142990314028,1.3333333333333333
3713,prompting,4,4,5.521460917862246,1.0
3714,proper,4,4,5.521460917862246,1.0
3715,propria,4,3,5.809142990314028,1.3333333333333333
3716,prospects,4,4,5.521460917862246,1.0
3717,protecting,4,4,5.521460917862246,1.0
3718,psychotropic,4,1,6.907755278982137,4.0
3719,pups,4,2,6.214608098422191,2.0
3720,purposes,4,4,5.521460917862246,1.0
3721,pv,4,1,6.907755278982137,4.0
3722,pyrimidine,4,2,6.214608098422191,2.0
3723,qw,4,1,6.907755278982137,4.0
3724,r-ko,4,1,6.907755278982137,4.0
3725,radiation,4,2,6.214608098422191,2.0
3726,rarely,4,4,5.521460917862246,1.0
3727,reach,4,3,5.809142990314028,1.3333333333333333
3728,reasons,4,4,5.521460917862246,1.0
3729,receptor-bound,4,3,5.809142990314028,1.3333333333333333
3730,recycling,4,3,5.809142990314028,1.3333333333333333
3731,reflects,4,4,5.521460917862246,1.0
3732,regional,4,4,5.521460917862246,1.0
3733,registration,4,3,5.809142990314028,1.3333333333333333
3734,relapsing,4,4,5.521460917862246,1.0
3735,remarkable,4,4,5.521460917862246,1.0
3736,repolarization,4,2,6.214608098422191,2.0
3737,reproductive-aged,4,4,5.521460917862246,1.0
3738,repurposing,4,4,5.521460917862246,1.0
3739,resection,4,1,6.907755278982137,4.0
3740,resorption,4,3,5.809142990314028,1.3333333333333333
3741,resources,4,4,5.521460917862246,1.0
3742,respective,4,4,5.521460917862246,1.0
3743,respondents,4,2,6.214608098422191,2.0
3744,responsive,4,4,5.521460917862246,1.0
3745,revealing,4,4,5.521460917862246,1.0
3746,rflox,4,1,6.907755278982137,4.0
3747,rhein-c12-glp-1,4,1,6.907755278982137,4.0
3748,rhythms,4,3,5.809142990314028,1.3333333333333333
3749,ripre,4,1,6.907755278982137,4.0
3750,rors,4,4,5.521460917862246,1.0
3751,routes,4,3,5.809142990314028,1.3333333333333333
3752,rt,4,1,6.907755278982137,4.0
3753,rybelsus,4,4,5.521460917862246,1.0
3754,sarcopenic,4,4,5.521460917862246,1.0
3755,sbo,4,2,6.214608098422191,2.0
3756,scanning,4,4,5.521460917862246,1.0
3757,scattered,4,2,6.214608098422191,2.0
3758,scgnfl,4,1,6.907755278982137,4.0
3759,scoping,4,3,5.809142990314028,1.3333333333333333
3760,scores,4,4,5.521460917862246,1.0
3761,searching,4,4,5.521460917862246,1.0
3762,secretin,4,4,5.521460917862246,1.0
3763,secure,4,3,5.809142990314028,1.3333333333333333
3764,sedation,4,3,5.809142990314028,1.3333333333333333
3765,see,4,4,5.521460917862246,1.0
3766,seemingly,4,4,5.521460917862246,1.0
3767,selecting,4,3,5.809142990314028,1.3333333333333333
3768,senescence,4,2,6.214608098422191,2.0
3769,service,4,4,5.521460917862246,1.0
3770,sexual,4,2,6.214608098422191,2.0
3771,sg,4,2,6.214608098422191,2.0
3772,sglt-2i,4,2,6.214608098422191,2.0
3773,share,4,4,5.521460917862246,1.0
3774,shed,4,4,5.521460917862246,1.0
3775,shortly,4,4,5.521460917862246,1.0
3776,shoulder,4,1,6.907755278982137,4.0
3777,silencing,4,4,5.521460917862246,1.0
3778,silico,4,3,5.809142990314028,1.3333333333333333
3779,situations,4,2,6.214608098422191,2.0
3780,smooth,4,4,5.521460917862246,1.0
3781,snps,4,1,6.907755278982137,4.0
3782,societies,4,1,6.907755278982137,4.0
3783,solid,4,4,5.521460917862246,1.0
3784,soluble,4,4,5.521460917862246,1.0
3785,spr,4,2,6.214608098422191,2.0
3786,sprague-dawley,4,4,5.521460917862246,1.0
3787,statistical,4,4,5.521460917862246,1.0
3788,stent,4,2,6.214608098422191,2.0
3789,stimulator,4,3,5.809142990314028,1.3333333333333333
3790,stomachs,4,4,5.521460917862246,1.0
3791,stratification,4,4,5.521460917862246,1.0
3792,straw,4,1,6.907755278982137,4.0
3793,strict,4,4,5.521460917862246,1.0
3794,substances,4,4,5.521460917862246,1.0
3795,substrates,4,4,5.521460917862246,1.0
3796,summarise,4,4,5.521460917862246,1.0
3797,supernatants,4,3,5.809142990314028,1.3333333333333333
3798,suppressive,4,3,5.809142990314028,1.3333333333333333
3799,surgeons,4,3,5.809142990314028,1.3333333333333333
3800,tandem,4,3,5.809142990314028,1.3333333333333333
3801,tdtomato,4,1,6.907755278982137,4.0
3802,telencephalon,4,3,5.809142990314028,1.3333333333333333
3803,tended,4,4,5.521460917862246,1.0
3804,testosterone,4,2,6.214608098422191,2.0
3805,theoretical,4,4,5.521460917862246,1.0
3806,thoughts,4,3,5.809142990314028,1.3333333333333333
3807,timely,4,4,5.521460917862246,1.0
3808,tnf,4,4,5.521460917862246,1.0
3809,tra,4,1,6.907755278982137,4.0
3810,transcriptome,4,4,5.521460917862246,1.0
3811,transcriptomics,4,3,5.809142990314028,1.3333333333333333
3812,transformative,4,4,5.521460917862246,1.0
3813,transitions,4,2,6.214608098422191,2.0
3814,translate,4,4,5.521460917862246,1.0
3815,translation,4,4,5.521460917862246,1.0
3816,triazole,4,2,6.214608098422191,2.0
3817,typical,4,4,5.521460917862246,1.0
3818,unable,4,3,5.809142990314028,1.3333333333333333
3819,unaffected,4,4,5.521460917862246,1.0
3820,unchanged,4,4,5.521460917862246,1.0
3821,undergo,4,4,5.521460917862246,1.0
3822,unfortunately,4,4,5.521460917862246,1.0
3823,unit,4,4,5.521460917862246,1.0
3824,unsaturated,4,4,5.521460917862246,1.0
3825,up-regulated,4,3,5.809142990314028,1.3333333333333333
3826,urinary,4,4,5.521460917862246,1.0
3827,uses,4,4,5.521460917862246,1.0
3828,vagotomy,4,2,6.214608098422191,2.0
3829,validation,4,4,5.521460917862246,1.0
3830,variables,4,4,5.521460917862246,1.0
3831,ve,4,2,6.214608098422191,2.0
3832,ventromedial,4,3,5.809142990314028,1.3333333333333333
3833,verified,4,4,5.521460917862246,1.0
3834,vessel,4,2,6.214608098422191,2.0
3835,views,4,4,5.521460917862246,1.0
3836,virus,4,1,6.907755278982137,4.0
3837,vpkeg,4,1,6.907755278982137,4.0
3838,warrant,4,4,5.521460917862246,1.0
3839,washout,4,3,5.809142990314028,1.3333333333333333
3840,wegovy,4,4,5.521460917862246,1.0
3841,weight-loss,4,4,5.521460917862246,1.0
3842,well-designed,4,4,5.521460917862246,1.0
3843,well-known,4,4,5.521460917862246,1.0
3844,well-tolerated,4,3,5.809142990314028,1.3333333333333333
3845,whereby,4,3,5.809142990314028,1.3333333333333333
3846,worse,4,4,5.521460917862246,1.0
3847,zwitterionic,4,2,6.214608098422191,2.0
3848,®,4,2,6.214608098422191,2.0
3849,°,4,2,6.214608098422191,2.0
3850,▾,4,2,6.214608098422191,2.0
3851,abuse,3,3,5.809142990314028,1.0
3852,ac,3,2,6.214608098422191,1.5
3853,acceptable,3,3,5.809142990314028,1.0
3854,accepted,3,3,5.809142990314028,1.0
3855,accessible,3,3,5.809142990314028,1.0
3856,account,3,3,5.809142990314028,1.0
3857,accurately,3,3,5.809142990314028,1.0
3858,acutely,3,3,5.809142990314028,1.0
3859,acylation,3,3,5.809142990314028,1.0
3860,adenylyl,3,3,5.809142990314028,1.0
3861,adipogenesis,3,3,5.809142990314028,1.0
3862,adipokine,3,3,5.809142990314028,1.0
3863,adjuncts,3,2,6.214608098422191,1.5
3864,adjusted,3,3,5.809142990314028,1.0
3865,adjusting,3,3,5.809142990314028,1.0
3866,adjuvant,3,2,6.214608098422191,1.5
3867,administrative,3,3,5.809142990314028,1.0
3868,admission,3,3,5.809142990314028,1.0
3869,admitted,3,3,5.809142990314028,1.0
3870,adolescent,3,3,5.809142990314028,1.0
3871,adrenaline-induced,3,1,6.907755278982137,3.0
3872,adrenergic,3,1,6.907755278982137,3.0
3873,advancement,3,3,5.809142990314028,1.0
3874,aesthetic,3,2,6.214608098422191,1.5
3875,age-associated,3,2,6.214608098422191,1.5
3876,agency,3,3,5.809142990314028,1.0
3877,aggregation,3,3,5.809142990314028,1.0
3878,agonist-based,3,3,5.809142990314028,1.0
3879,ahr,3,1,6.907755278982137,3.0
3880,akt-s473,3,1,6.907755278982137,3.0
3881,albeit,3,3,5.809142990314028,1.0
3882,aldosterone,3,2,6.214608098422191,1.5
3883,algorithms,3,2,6.214608098422191,1.5
3884,allele,3,2,6.214608098422191,1.5
3885,alleviating,3,2,6.214608098422191,1.5
3886,amelioration,3,3,5.809142990314028,1.0
3887,aminotransferase,3,2,6.214608098422191,1.5
3888,amongst,3,3,5.809142990314028,1.0
3889,amphetamine,3,1,6.907755278982137,3.0
3890,amplification,3,2,6.214608098422191,1.5
3891,amplitude,3,2,6.214608098422191,1.5
3892,anastomosis,3,1,6.907755278982137,3.0
3893,androgen,3,3,5.809142990314028,1.0
3894,anekomochi,3,1,6.907755278982137,3.0
3895,anesthesiology,3,2,6.214608098422191,1.5
3896,anesthetic,3,3,5.809142990314028,1.0
3897,annual,3,3,5.809142990314028,1.0
3898,anorexia,3,2,6.214608098422191,1.5
3899,anti-atherosclerotic,3,2,6.214608098422191,1.5
3900,anti-diabetes,3,3,5.809142990314028,1.0
3901,anti-oxidant,3,2,6.214608098422191,1.5
3902,antidipsogenic,3,1,6.907755278982137,3.0
3903,antisecretory,3,2,6.214608098422191,1.5
3904,antiserum,3,2,6.214608098422191,1.5
3905,antrum,3,1,6.907755278982137,3.0
3906,aoms,3,1,6.907755278982137,3.0
3907,aorta,3,3,5.809142990314028,1.0
3908,aortas,3,1,6.907755278982137,3.0
3909,ap,3,2,6.214608098422191,1.5
3910,apds,3,1,6.907755278982137,3.0
3911,apnea-hypopnea,3,3,5.809142990314028,1.0
3912,apnoea,3,1,6.907755278982137,3.0
3913,applicability,3,3,5.809142990314028,1.0
3914,approaching,3,3,5.809142990314028,1.0
3915,appropriateness,3,1,6.907755278982137,3.0
3916,april,3,3,5.809142990314028,1.0
3917,ards,3,1,6.907755278982137,3.0
3918,arg,3,2,6.214608098422191,1.5
3919,arm,3,3,5.809142990314028,1.0
3920,arrestins,3,3,5.809142990314028,1.0
3921,ars,3,1,6.907755278982137,3.0
3922,arthritis,3,3,5.809142990314028,1.0
3923,artificial,3,3,5.809142990314028,1.0
3924,aspect,3,3,5.809142990314028,1.0
3925,asud,3,2,6.214608098422191,1.5
3926,atf,3,2,6.214608098422191,1.5
3927,attachment,3,3,5.809142990314028,1.0
3928,attenuating,3,3,5.809142990314028,1.0
3929,attributable,3,3,5.809142990314028,1.0
3930,augmenting,3,3,5.809142990314028,1.0
3931,autoradiography,3,3,5.809142990314028,1.0
3932,avoid,3,3,5.809142990314028,1.0
3933,avoided,3,3,5.809142990314028,1.0
3934,away,3,3,5.809142990314028,1.0
3935,balloon,3,2,6.214608098422191,1.5
3936,baseline-adjusted,3,1,6.907755278982137,3.0
3937,became,3,3,5.809142990314028,1.0
3938,becoming,3,3,5.809142990314028,1.0
3939,bedside,3,3,5.809142990314028,1.0
3940,behaviours,3,3,5.809142990314028,1.0
3941,believe,3,3,5.809142990314028,1.0
3942,bh-exendin,3,1,6.907755278982137,3.0
3943,biformis,3,1,6.907755278982137,3.0
3944,biliary,3,2,6.214608098422191,1.5
3945,binds,3,3,5.809142990314028,1.0
3946,bioenergetics,3,2,6.214608098422191,1.5
3947,biomarker,3,3,5.809142990314028,1.0
3948,biphasic,3,3,5.809142990314028,1.0
3949,bipolar,3,3,5.809142990314028,1.0
3950,blood-glucose,3,2,6.214608098422191,1.5
3951,bloodstream,3,3,5.809142990314028,1.0
3952,bolus,3,2,6.214608098422191,1.5
3953,bonds,3,3,5.809142990314028,1.0
3954,brains,3,3,5.809142990314028,1.0
3955,breakthrough,3,3,5.809142990314028,1.0
3956,bridge,3,3,5.809142990314028,1.0
3957,broaden,3,3,5.809142990314028,1.0
3958,browning,3,1,6.907755278982137,3.0
3959,bulb,3,3,5.809142990314028,1.0
3960,burn,3,1,6.907755278982137,3.0
3961,butyricum-pmtl007-glp-1,3,1,6.907755278982137,3.0
3962,c-terminus,3,3,5.809142990314028,1.0
3963,cacao,3,2,6.214608098422191,1.5
3964,caco-2,3,2,6.214608098422191,1.5
3965,calorie,3,2,6.214608098422191,1.5
3966,camp-dependent,3,3,5.809142990314028,1.0
3967,captured,3,3,5.809142990314028,1.0
3968,cardiology,3,2,6.214608098422191,1.5
3969,cardiomyopathies,3,2,6.214608098422191,1.5
3970,cardiopulmonary,3,1,6.907755278982137,3.0
3971,cardiovascular-kidney-metabolic,3,3,5.809142990314028,1.0
3972,caregiver,3,1,6.907755278982137,3.0
3973,carotid,3,3,5.809142990314028,1.0
3974,carried,3,3,5.809142990314028,1.0
3975,carrier,3,2,6.214608098422191,1.5
3976,cartilage,3,2,6.214608098422191,1.5
3977,cascade,3,3,5.809142990314028,1.0
3978,cascades,3,3,5.809142990314028,1.0
3979,caspase-3,3,3,5.809142990314028,1.0
3980,categorized,3,3,5.809142990314028,1.0
3981,causality,3,3,5.809142990314028,1.0
3982,cbb,3,1,6.907755278982137,3.0
3983,center,3,3,5.809142990314028,1.0
3984,centered,3,3,5.809142990314028,1.0
3985,century,3,3,5.809142990314028,1.0
3986,cerebellum,3,2,6.214608098422191,1.5
3987,changing,3,3,5.809142990314028,1.0
3988,characterised,3,3,5.809142990314028,1.0
3989,characteristic,3,3,5.809142990314028,1.0
3990,characterizing,3,3,5.809142990314028,1.0
3991,charged,3,3,5.809142990314028,1.0
3992,choosing,3,3,5.809142990314028,1.0
3993,chop,3,1,6.907755278982137,3.0
3994,circuit,3,3,5.809142990314028,1.0
3995,cirrhosis,3,2,6.214608098422191,1.5
3996,cis,3,3,5.809142990314028,1.0
3997,clearly,3,2,6.214608098422191,1.5
3998,clinician,3,3,5.809142990314028,1.0
3999,co-localized,3,2,6.214608098422191,1.5
4000,co-occurring,3,2,6.214608098422191,1.5
4001,coinciding,3,3,5.809142990314028,1.0
4002,colleagues,3,3,5.809142990314028,1.0
4003,come,3,3,5.809142990314028,1.0
4004,commercial,3,3,5.809142990314028,1.0
4005,compatible,3,3,5.809142990314028,1.0
4006,compensate,3,3,5.809142990314028,1.0
4007,competing,3,3,5.809142990314028,1.0
4008,competitive,3,3,5.809142990314028,1.0
4009,compliance,3,3,5.809142990314028,1.0
4010,comprehensively,3,3,5.809142990314028,1.0
4011,compression,3,1,6.907755278982137,3.0
4012,comprised,3,3,5.809142990314028,1.0
4013,comprises,3,3,5.809142990314028,1.0
4014,comprising,3,3,5.809142990314028,1.0
4015,compromising,3,3,5.809142990314028,1.0
4016,computational,3,3,5.809142990314028,1.0
4017,computed,3,3,5.809142990314028,1.0
4018,concluded,3,3,5.809142990314028,1.0
4019,concurrently,3,3,5.809142990314028,1.0
4020,confers,3,3,5.809142990314028,1.0
4021,confounding,3,3,5.809142990314028,1.0
4022,conjugate,3,3,5.809142990314028,1.0
4023,connected,3,3,5.809142990314028,1.0
4024,conscious,3,3,5.809142990314028,1.0
4025,consequent,3,3,5.809142990314028,1.0
4026,considers,3,1,6.907755278982137,3.0
4027,consisted,3,1,6.907755278982137,3.0
4028,constitutes,3,3,5.809142990314028,1.0
4029,contemporary,3,3,5.809142990314028,1.0
4030,contexts,3,3,5.809142990314028,1.0
4031,continuously,3,3,5.809142990314028,1.0
4032,cord,3,3,5.809142990314028,1.0
4033,corn,3,3,5.809142990314028,1.0
4034,coronavirus,3,2,6.214608098422191,1.5
4035,cost-effectiveness,3,3,5.809142990314028,1.0
4036,counter,3,3,5.809142990314028,1.0
4037,counteract,3,3,5.809142990314028,1.0
4038,counteracts,3,3,5.809142990314028,1.0
4039,covers,3,3,5.809142990314028,1.0
4040,cross-over,3,3,5.809142990314028,1.0
4041,cross-sectional,3,3,5.809142990314028,1.0
4042,cryo-em,3,2,6.214608098422191,1.5
4043,crystal,3,2,6.214608098422191,1.5
4044,csf,3,2,6.214608098422191,1.5
4045,cultivars,3,1,6.907755278982137,3.0
4046,cys,3,2,6.214608098422191,1.5
4047,cytoplasmic,3,3,5.809142990314028,1.0
4048,dark,3,3,5.809142990314028,1.0
4049,dbp,3,2,6.214608098422191,1.5
4050,debated,3,3,5.809142990314028,1.0
4051,decretin,3,1,6.907755278982137,3.0
4052,dedicated,3,3,5.809142990314028,1.0
4053,defective,3,2,6.214608098422191,1.5
4054,deficiencies,3,3,5.809142990314028,1.0
4055,deficient,3,2,6.214608098422191,1.5
4056,degrees,3,3,5.809142990314028,1.0
4057,dehydrated,3,1,6.907755278982137,3.0
4058,delivering,3,3,5.809142990314028,1.0
4059,demonstration,3,3,5.809142990314028,1.0
4060,densities,3,2,6.214608098422191,1.5
4061,department,3,2,6.214608098422191,1.5
4062,dependence,3,3,5.809142990314028,1.0
4063,depots,3,2,6.214608098422191,1.5
4064,designated,3,3,5.809142990314028,1.0
4065,detecting,3,3,5.809142990314028,1.0
4066,devices,3,3,5.809142990314028,1.0
4067,dextrin,3,1,6.907755278982137,3.0
4068,diabetes-induced,3,2,6.214608098422191,1.5
4069,differing,3,3,5.809142990314028,1.0
4070,differs,3,3,5.809142990314028,1.0
4071,digesta,3,2,6.214608098422191,1.5
4072,digestibility,3,2,6.214608098422191,1.5
4073,dimensional,3,1,6.907755278982137,3.0
4074,dimensions,3,2,6.214608098422191,1.5
4075,diminish,3,3,5.809142990314028,1.0
4076,dipeptidylpeptidase,3,3,5.809142990314028,1.0
4077,discharge,3,2,6.214608098422191,1.5
4078,discovering,3,3,5.809142990314028,1.0
4079,disposal,3,2,6.214608098422191,1.5
4080,disproportionate,3,2,6.214608098422191,1.5
4081,dmt,3,1,6.907755278982137,3.0
4082,doi,3,3,5.809142990314028,1.0
4083,done,3,3,5.809142990314028,1.0
4084,down-regulated,3,3,5.809142990314028,1.0
4085,driver,3,2,6.214608098422191,1.5
4086,drop,3,3,5.809142990314028,1.0
4087,dsm-5,3,1,6.907755278982137,3.0
4088,dual-receptor,3,2,6.214608098422191,1.5
4089,durability,3,3,5.809142990314028,1.0
4090,dvc,3,1,6.907755278982137,3.0
4091,dvt,3,1,6.907755278982137,3.0
4092,dysfunctional,3,3,5.809142990314028,1.0
4093,easd,3,3,5.809142990314028,1.0
4094,easier,3,3,5.809142990314028,1.0
4095,education,3,3,5.809142990314028,1.0
4096,effector,3,2,6.214608098422191,1.5
4097,electrical,3,3,5.809142990314028,1.0
4098,electrolyte,3,3,5.809142990314028,1.0
4099,element,3,3,5.809142990314028,1.0
4100,elicits,3,3,5.809142990314028,1.0
4101,eliminated,3,3,5.809142990314028,1.0
4102,eluted,3,2,6.214608098422191,1.5
4103,embryonic,3,3,5.809142990314028,1.0
4104,encodes,3,3,5.809142990314028,1.0
4105,encompassing,3,3,5.809142990314028,1.0
4106,end-stage,3,3,5.809142990314028,1.0
4107,endocrinologists,3,3,5.809142990314028,1.0
4108,endopeptidase,3,3,5.809142990314028,1.0
4109,endothelium,3,3,5.809142990314028,1.0
4110,engaged,3,3,5.809142990314028,1.0
4111,enriched,3,3,5.809142990314028,1.0
4112,enrolled,3,3,5.809142990314028,1.0
4113,ensuring,3,3,5.809142990314028,1.0
4114,enterogastrone,3,2,6.214608098422191,1.5
4115,epac,3,2,6.214608098422191,1.5
4116,epicardial,3,3,5.809142990314028,1.0
4117,eplerenone,3,1,6.907755278982137,3.0
4118,equivocal,3,1,6.907755278982137,3.0
4119,estimate,3,3,5.809142990314028,1.0
4120,ethnic,3,2,6.214608098422191,1.5
4121,etiologies,3,3,5.809142990314028,1.0
4122,etoac,3,1,6.907755278982137,3.0
4123,europe,3,3,5.809142990314028,1.0
4124,eventually,3,3,5.809142990314028,1.0
4125,ever,3,3,5.809142990314028,1.0
4126,evidences,3,3,5.809142990314028,1.0
4127,evolution,3,3,5.809142990314028,1.0
4128,exaggerated,3,3,5.809142990314028,1.0
4129,except,3,3,5.809142990314028,1.0
4130,excitation,3,3,5.809142990314028,1.0
4131,excitotoxicity,3,3,5.809142990314028,1.0
4132,exendin-3,3,3,5.809142990314028,1.0
4133,exendin-9,3,2,6.214608098422191,1.5
4134,exercise-induced,3,2,6.214608098422191,1.5
4135,exerting,3,3,5.809142990314028,1.0
4136,exhibiting,3,3,5.809142990314028,1.0
4137,expectations,3,3,5.809142990314028,1.0
4138,expenditure,3,3,5.809142990314028,1.0
4139,explaining,3,3,5.809142990314028,1.0
4140,explains,3,3,5.809142990314028,1.0
4141,explanation,3,3,5.809142990314028,1.0
4142,exported,3,1,6.907755278982137,3.0
4143,expresses,3,1,6.907755278982137,3.0
4144,extending,3,3,5.809142990314028,1.0
4145,extracted,3,3,5.809142990314028,1.0
4146,families,3,3,5.809142990314028,1.0
4147,farnesoid,3,3,5.809142990314028,1.0
4148,fascicles,3,1,6.907755278982137,3.0
4149,fatal,3,3,5.809142990314028,1.0
4150,ffa,3,1,6.907755278982137,3.0
4151,fibrillary,3,3,5.809142990314028,1.0
4152,fibroblast,3,3,5.809142990314028,1.0
4153,final,3,3,5.809142990314028,1.0
4154,financial,3,3,5.809142990314028,1.0
4155,fluorinated,3,1,6.907755278982137,3.0
4156,fluoxetine,3,1,6.907755278982137,3.0
4157,fmd,3,1,6.907755278982137,3.0
4158,follicular,3,3,5.809142990314028,1.0
4159,fontan,3,1,6.907755278982137,3.0
4160,food-related,3,3,5.809142990314028,1.0
4161,forensic,3,1,6.907755278982137,3.0
4162,forming,3,2,6.214608098422191,1.5
4163,foundation,3,3,5.809142990314028,1.0
4164,foxo-1,3,1,6.907755278982137,3.0
4165,fracture,3,2,6.214608098422191,1.5
4166,fragmentation,3,3,5.809142990314028,1.0
4167,fructose-induced,3,1,6.907755278982137,3.0
4168,full-length,3,3,5.809142990314028,1.0
4169,functionality,3,3,5.809142990314028,1.0
4170,funding,3,2,6.214608098422191,1.5
4171,fused,3,3,5.809142990314028,1.0
4172,fusions,3,1,6.907755278982137,3.0
4173,g-29,3,1,6.907755278982137,3.0
4174,ga-nodaga-exendin-4,3,1,6.907755278982137,3.0
4175,gad-glp-1-a,3,1,6.907755278982137,3.0
4176,gains,3,3,5.809142990314028,1.0
4177,gallbladder,3,3,5.809142990314028,1.0
4178,ganglia,3,3,5.809142990314028,1.0
4179,ganglion,3,3,5.809142990314028,1.0
4180,gargarizans,3,1,6.907755278982137,3.0
4181,gastric-emptying,3,2,6.214608098422191,1.5
4182,gelatin,3,1,6.907755278982137,3.0
4183,genai,3,1,6.907755278982137,3.0
4184,gender,3,3,5.809142990314028,1.0
4185,genomic,3,2,6.214608098422191,1.5
4186,gfap,3,3,5.809142990314028,1.0
4187,gfp,3,2,6.214608098422191,1.5
4188,gfr,3,1,6.907755278982137,3.0
4189,gila,3,2,6.214608098422191,1.5
4190,gip-r,3,2,6.214608098422191,1.5
4191,giving,3,3,5.809142990314028,1.0
4192,gla-300,3,1,6.907755278982137,3.0
4193,glaucoma,3,1,6.907755278982137,3.0
4194,gliptins,3,1,6.907755278982137,3.0
4195,glp-1-abd,3,1,6.907755278982137,3.0
4196,glp-1-containing,3,3,5.809142990314028,1.0
4197,glp-1-releasing,3,1,6.907755278982137,3.0
4198,glp-1-ssm,3,1,6.907755278982137,3.0
4199,glp-1r-expressing,3,3,5.809142990314028,1.0
4200,glp-1ra-based,3,3,5.809142990314028,1.0
4201,glucagon-induced,3,1,6.907755278982137,3.0
4202,glucokinase,3,3,5.809142990314028,1.0
4203,glucolipotoxic,3,1,6.907755278982137,3.0
4204,gluconeogenesis,3,3,5.809142990314028,1.0
4205,glucosidase,3,1,6.907755278982137,3.0
4206,glutamate,3,3,5.809142990314028,1.0
4207,glutinous,3,1,6.907755278982137,3.0
4208,glycogen,3,3,5.809142990314028,1.0
4209,glycogenolysis,3,2,6.214608098422191,1.5
4210,gm,3,1,6.907755278982137,3.0
4211,goldfish,3,1,6.907755278982137,3.0
4212,gpbar,3,3,5.809142990314028,1.0
4213,gradually,3,2,6.214608098422191,1.5
4214,grape-seed,3,2,6.214608098422191,1.5
4215,gravidarum,3,1,6.907755278982137,3.0
4216,gross,3,1,6.907755278982137,3.0
4217,grpr,3,1,6.907755278982137,3.0
4218,gs-coupled,3,1,6.907755278982137,3.0
4219,gt,3,1,6.907755278982137,3.0
4220,gynecologic,3,3,5.809142990314028,1.0
4221,habit,3,1,6.907755278982137,3.0
4222,hamster,3,2,6.214608098422191,1.5
4223,hamsters,3,1,6.907755278982137,3.0
4224,harvested,3,3,5.809142990314028,1.0
4225,hazard,3,3,5.809142990314028,1.0
4226,headache,3,3,5.809142990314028,1.0
4227,hearts,3,2,6.214608098422191,1.5
4228,heightened,3,3,5.809142990314028,1.0
4229,helicity,3,3,5.809142990314028,1.0
4230,helping,3,3,5.809142990314028,1.0
4231,hemodynamics,3,3,5.809142990314028,1.0
4232,hf-related,3,3,5.809142990314028,1.0
4233,hg,3,1,6.907755278982137,3.0
4234,hidradenitis,3,3,5.809142990314028,1.0
4235,high-throughput,3,3,5.809142990314028,1.0
4236,his,3,2,6.214608098422191,1.5
4237,holistic,3,3,5.809142990314028,1.0
4238,homology,3,3,5.809142990314028,1.0
4239,hospitalizations,3,2,6.214608098422191,1.5
4240,hrecs,3,1,6.907755278982137,3.0
4241,ht,3,2,6.214608098422191,1.5
4242,humoral,3,2,6.214608098422191,1.5
4243,hydrogel,3,2,6.214608098422191,1.5
4244,hyperemesis,3,1,6.907755278982137,3.0
4245,hypersecretion,3,1,6.907755278982137,3.0
4246,hypertrophic,3,2,6.214608098422191,1.5
4247,hypogonadism,3,1,6.907755278982137,3.0
4248,hyponatremia,3,1,6.907755278982137,3.0
4249,iauc,3,1,6.907755278982137,3.0
4250,ic,3,2,6.214608098422191,1.5
4251,icr,3,3,5.809142990314028,1.0
4252,ideally,3,3,5.809142990314028,1.0
4253,ideglira,3,1,6.907755278982137,3.0
4254,identical,3,3,5.809142990314028,1.0
4255,identity,3,2,6.214608098422191,1.5
4256,iec,3,1,6.907755278982137,3.0
4257,igb,3,1,6.907755278982137,3.0
4258,imbalances,3,2,6.214608098422191,1.5
4259,imi,3,2,6.214608098422191,1.5
4260,immunoblotting,3,2,6.214608098422191,1.5
4261,impairing,3,3,5.809142990314028,1.0
4262,implementation,3,3,5.809142990314028,1.0
4263,implicate,3,2,6.214608098422191,1.5
4264,in-silico,3,1,6.907755278982137,3.0
4265,inadequately,3,3,5.809142990314028,1.0
4266,incomplete,3,3,5.809142990314028,1.0
4267,inconclusive,3,3,5.809142990314028,1.0
4268,incorporation,3,3,5.809142990314028,1.0
4269,incubating,3,3,5.809142990314028,1.0
4270,inflammation-related,3,2,6.214608098422191,1.5
4271,infused,3,2,6.214608098422191,1.5
4272,inherent,3,3,5.809142990314028,1.0
4273,initiate,3,3,5.809142990314028,1.0
4274,inspired,3,3,5.809142990314028,1.0
4275,insulin-releasing,3,2,6.214608098422191,1.5
4276,insulinotrophic,3,3,5.809142990314028,1.0
4277,integral,3,3,5.809142990314028,1.0
4278,interacting,3,3,5.809142990314028,1.0
4279,international,3,3,5.809142990314028,1.0
4280,interplay,3,3,5.809142990314028,1.0
4281,interpretation,3,3,5.809142990314028,1.0
4282,interpreted,3,3,5.809142990314028,1.0
4283,intestinofugal,3,1,6.907755278982137,3.0
4284,intracranial,3,2,6.214608098422191,1.5
4285,intraduodenal,3,3,5.809142990314028,1.0
4286,intraepithelial,3,3,5.809142990314028,1.0
4287,intralipid,3,1,6.907755278982137,3.0
4288,intriguingly,3,3,5.809142990314028,1.0
4289,introns,3,1,6.907755278982137,3.0
4290,investigational,3,3,5.809142990314028,1.0
4291,ischemia-reperfusion,3,3,5.809142990314028,1.0
4292,islet-cell,3,2,6.214608098422191,1.5
4293,isoform,3,3,5.809142990314028,1.0
4294,isolates,3,3,5.809142990314028,1.0
4295,japan,3,2,6.214608098422191,1.5
4296,jejunal,3,2,6.214608098422191,1.5
4297,joint,3,2,6.214608098422191,1.5
4298,july,3,3,5.809142990314028,1.0
4299,juvenile,3,1,6.907755278982137,3.0
4300,jwu-a021,3,1,6.907755278982137,3.0
4301,katp,3,3,5.809142990314028,1.0
4302,ketogenesis,3,2,6.214608098422191,1.5
4303,know,3,2,6.214608098422191,1.5
4304,ko,3,1,6.907755278982137,3.0
4305,lactate,3,2,6.214608098422191,1.5
4306,landmark,3,3,5.809142990314028,1.0
4307,lasted,3,2,6.214608098422191,1.5
4308,lat,3,1,6.907755278982137,3.0
4309,latency,3,3,5.809142990314028,1.0
4310,lc-ms,3,2,6.214608098422191,1.5
4311,letter,3,2,6.214608098422191,1.5
4312,lgsgpa,3,1,6.907755278982137,3.0
4313,libitum,3,3,5.809142990314028,1.0
4314,lifelong,3,3,5.809142990314028,1.0
4315,likewise,3,3,5.809142990314028,1.0
4316,limitation,3,3,5.809142990314028,1.0
4317,limits,3,3,5.809142990314028,1.0
4318,linagliptin,3,3,5.809142990314028,1.0
4319,lipodystrophy,3,3,5.809142990314028,1.0
4320,lipogenesis,3,3,5.809142990314028,1.0
4321,lipoproteins,3,1,6.907755278982137,3.0
4322,lipotoxic,3,1,6.907755278982137,3.0
4323,liquor,3,2,6.214608098422191,1.5
4324,lived,3,3,5.809142990314028,1.0
4325,lives,3,3,5.809142990314028,1.0
4326,longevity,3,3,5.809142990314028,1.0
4327,look,3,3,5.809142990314028,1.0
4328,losses,3,3,5.809142990314028,1.0
4329,luciferase,3,3,5.809142990314028,1.0
4330,lymphatic,3,3,5.809142990314028,1.0
4331,machinery,3,3,5.809142990314028,1.0
4332,mafld,3,2,6.214608098422191,1.5
4333,magnetic,3,3,5.809142990314028,1.0
4334,manifestation,3,3,5.809142990314028,1.0
4335,manifestations,3,3,5.809142990314028,1.0
4336,mature,3,3,5.809142990314028,1.0
4337,maximal,3,3,5.809142990314028,1.0
4338,maximize,3,3,5.809142990314028,1.0
4339,mazdutide,3,1,6.907755278982137,3.0
4340,mcao,3,1,6.907755278982137,3.0
4341,mcrpc,3,1,6.907755278982137,3.0
4342,mechanism-based,3,3,5.809142990314028,1.0
4343,medulla,3,3,5.809142990314028,1.0
4344,meeting,3,3,5.809142990314028,1.0
4345,melanocortin,3,3,5.809142990314028,1.0
4346,mesolimbic,3,3,5.809142990314028,1.0
4347,metabolic-associated,3,3,5.809142990314028,1.0
4348,metabolomics,3,3,5.809142990314028,1.0
4349,methodology,3,3,5.809142990314028,1.0
4350,middle,3,3,5.809142990314028,1.0
4351,misuse,3,3,5.809142990314028,1.0
4352,misused,3,3,5.809142990314028,1.0
4353,mitophagy,3,3,5.809142990314028,1.0
4354,moieties,3,3,5.809142990314028,1.0
4355,monkeys,3,2,6.214608098422191,1.5
4356,monster,3,2,6.214608098422191,1.5
4357,morphologic,3,3,5.809142990314028,1.0
4358,mosapride,3,1,6.907755278982137,3.0
4359,mostly,3,3,5.809142990314028,1.0
4360,mtorc,3,1,6.907755278982137,3.0
4361,mtt,3,2,6.214608098422191,1.5
4362,multifunctional,3,3,5.809142990314028,1.0
4363,mutations,3,2,6.214608098422191,1.5
4364,myocardium,3,2,6.214608098422191,1.5
4365,n-terminally,3,3,5.809142990314028,1.0
4366,nasal,3,2,6.214608098422191,1.5
4367,nash,3,2,6.214608098422191,1.5
4368,neoglycolipidation,3,1,6.907755278982137,3.0
4369,neoplasia,3,3,5.809142990314028,1.0
4370,neoplasm,3,2,6.214608098422191,1.5
4371,neoplasms,3,3,5.809142990314028,1.0
4372,nerves,3,3,5.809142990314028,1.0
4373,nervosa,3,2,6.214608098422191,1.5
4374,nestin-egfp-positive,3,1,6.907755278982137,3.0
4375,neurobiology,3,3,5.809142990314028,1.0
4376,neurohormonal,3,2,6.214608098422191,1.5
4377,neuroimaging,3,2,6.214608098422191,1.5
4378,neurotensin,3,3,5.809142990314028,1.0
4379,neurotransmitters,3,3,5.809142990314028,1.0
4380,neurovascular,3,2,6.214608098422191,1.5
4381,nfat,3,1,6.907755278982137,3.0
4382,nisb,3,1,6.907755278982137,3.0
4383,nlrp,3,1,6.907755278982137,3.0
4384,no-reflow,3,1,6.907755278982137,3.0
4385,non-arteritic,3,3,5.809142990314028,1.0
4386,non-peptide,3,3,5.809142990314028,1.0
4387,non-selective,3,1,6.907755278982137,3.0
4388,nonarteritic,3,3,5.809142990314028,1.0
4389,nonfatal,3,1,6.907755278982137,3.0
4390,normalize,3,3,5.809142990314028,1.0
4391,normoxia,3,1,6.907755278982137,3.0
4392,note,3,3,5.809142990314028,1.0
4393,notion,3,3,5.809142990314028,1.0
4394,nps,3,1,6.907755278982137,3.0
4395,nutritional,3,3,5.809142990314028,1.0
4396,offered,3,3,5.809142990314028,1.0
4397,oleate,3,1,6.907755278982137,3.0
4398,optimisation,3,3,5.809142990314028,1.0
4399,optimized,3,2,6.214608098422191,1.5
4400,orbitofrontal,3,1,6.907755278982137,3.0
4401,orforglipron,3,2,6.214608098422191,1.5
4402,organisms,3,3,5.809142990314028,1.0
4403,organoid,3,2,6.214608098422191,1.5
4404,original,3,3,5.809142990314028,1.0
4405,originating,3,3,5.809142990314028,1.0
4406,oro-sensory,3,3,5.809142990314028,1.0
4407,os,3,3,5.809142990314028,1.0
4408,oud,3,1,6.907755278982137,3.0
4409,overexpressed,3,3,5.809142990314028,1.0
4410,overlap,3,3,5.809142990314028,1.0
4411,ovid,3,3,5.809142990314028,1.0
4412,ovr,3,1,6.907755278982137,3.0
4413,ovulation,3,3,5.809142990314028,1.0
4414,own,3,3,5.809142990314028,1.0
4415,ozempic,3,3,5.809142990314028,1.0
4416,p-nedd4-2,3,1,6.907755278982137,3.0
4417,packing,3,2,6.214608098422191,1.5
4418,palatability,3,3,5.809142990314028,1.0
4419,paradigms,3,3,5.809142990314028,1.0
4420,parenteral,3,3,5.809142990314028,1.0
4421,participate,3,3,5.809142990314028,1.0
4422,participated,3,3,5.809142990314028,1.0
4423,parvocellular,3,1,6.907755278982137,3.0
4424,pasireotide,3,1,6.907755278982137,3.0
4425,path,3,3,5.809142990314028,1.0
4426,pathophysiologic,3,3,5.809142990314028,1.0
4427,pcb,3,1,6.907755278982137,3.0
4428,peer-reviewed,3,3,5.809142990314028,1.0
4429,pegylated,3,3,5.809142990314028,1.0
4430,peptide-2,3,3,5.809142990314028,1.0
4431,peri-operatively,3,1,6.907755278982137,3.0
4432,periodontitis,3,2,6.214608098422191,1.5
4433,peripherally,3,3,5.809142990314028,1.0
4434,periphery,3,3,5.809142990314028,1.0
4435,personal,3,3,5.809142990314028,1.0
4436,pertinent,3,3,5.809142990314028,1.0
4437,pfaa,3,1,6.907755278982137,3.0
4438,pharmacodynamics,3,3,5.809142990314028,1.0
4439,physician,3,3,5.809142990314028,1.0
4440,phytosterols,3,1,6.907755278982137,3.0
4441,pica,3,1,6.907755278982137,3.0
4442,picture,3,3,5.809142990314028,1.0
4443,pilot,3,3,5.809142990314028,1.0
4444,pioglitazone,3,1,6.907755278982137,3.0
4445,pitfalls,3,3,5.809142990314028,1.0
4446,plasmid,3,2,6.214608098422191,1.5
4447,plasmon,3,3,5.809142990314028,1.0
4448,pm,3,3,5.809142990314028,1.0
4449,pneumatosis,3,1,6.907755278982137,3.0
4450,points,3,3,5.809142990314028,1.0
4451,poisoning,3,1,6.907755278982137,3.0
4452,polymer,3,3,5.809142990314028,1.0
4453,polymicrobial,3,2,6.214608098422191,1.5
4454,polymorphism,3,2,6.214608098422191,1.5
4455,pomc,3,2,6.214608098422191,1.5
4456,pool,3,3,5.809142990314028,1.0
4457,pops,3,1,6.907755278982137,3.0
4458,porcine,3,3,5.809142990314028,1.0
4459,pose,3,3,5.809142990314028,1.0
4460,possessed,3,3,5.809142990314028,1.0
4461,post,3,3,5.809142990314028,1.0
4462,post-marketing,3,3,5.809142990314028,1.0
4463,post-treatment,3,2,6.214608098422191,1.5
4464,postulated,3,3,5.809142990314028,1.0
4465,practically,3,3,5.809142990314028,1.0
4466,practitioners,3,2,6.214608098422191,1.5
4467,pragmatic,3,3,5.809142990314028,1.0
4468,prandial,3,3,5.809142990314028,1.0
4469,pre-clinical,3,3,5.809142990314028,1.0
4470,predefined,3,3,5.809142990314028,1.0
4471,predict,3,3,5.809142990314028,1.0
4472,predicted,3,3,5.809142990314028,1.0
4473,pregnancies,3,2,6.214608098422191,1.5
4474,prehypertensive,3,1,6.907755278982137,3.0
4475,preoperatively,3,3,5.809142990314028,1.0
4476,presently,3,3,5.809142990314028,1.0
4477,pressing,3,3,5.809142990314028,1.0
4478,presumably,3,3,5.809142990314028,1.0
4479,principal,3,3,5.809142990314028,1.0
4480,principle,3,3,5.809142990314028,1.0
4481,probe,3,2,6.214608098422191,1.5
4482,probing,3,2,6.214608098422191,1.5
4483,processed,3,2,6.214608098422191,1.5
4484,profiling,3,3,5.809142990314028,1.0
4485,progresses,3,2,6.214608098422191,1.5
4486,proinsulin,3,2,6.214608098422191,1.5
4487,proliferator-activated,3,3,5.809142990314028,1.0
4488,prolonging,3,3,5.809142990314028,1.0
4489,proof,3,3,5.809142990314028,1.0
4490,properly,3,3,5.809142990314028,1.0
4491,propranolol,3,1,6.907755278982137,3.0
4492,prostaglandin,3,3,5.809142990314028,1.0
4493,protein-protein,3,3,5.809142990314028,1.0
4494,proteolysis,3,3,5.809142990314028,1.0
4495,pseudarthrosis,3,1,6.907755278982137,3.0
4496,psychiatry,3,3,5.809142990314028,1.0
4497,puncture,3,3,5.809142990314028,1.0
4498,pure,3,3,5.809142990314028,1.0
4499,purity,3,3,5.809142990314028,1.0
4500,pyroptosis,3,2,6.214608098422191,1.5
4501,pyruvate,3,3,5.809142990314028,1.0
4502,quercetin,3,1,6.907755278982137,3.0
4503,ra-related,3,3,5.809142990314028,1.0
4504,radiotracer,3,2,6.214608098422191,1.5
4505,rbp,3,1,6.907755278982137,3.0
4506,rcm-107,3,1,6.907755278982137,3.0
4507,readmissions,3,3,5.809142990314028,1.0
4508,reconstructed,3,1,6.907755278982137,3.0
4509,reflect,3,3,5.809142990314028,1.0
4510,registered,3,3,5.809142990314028,1.0
4511,regurgitation,3,2,6.214608098422191,1.5
4512,reinforced,3,3,5.809142990314028,1.0
4513,reinforcing,3,3,5.809142990314028,1.0
4514,relapse,3,2,6.214608098422191,1.5
4515,remaining,3,3,5.809142990314028,1.0
4516,remote,3,1,6.907755278982137,3.0
4517,renewed,3,3,5.809142990314028,1.0
4518,renin-angiotensin,3,3,5.809142990314028,1.0
4519,represented,3,2,6.214608098422191,1.5
4520,requirement,3,3,5.809142990314028,1.0
4521,rescue,3,3,5.809142990314028,1.0
4522,researches,3,3,5.809142990314028,1.0
4523,resolved,3,3,5.809142990314028,1.0
4524,responders,3,1,6.907755278982137,3.0
4525,resultant,3,2,6.214608098422191,1.5
4526,retatrutide,3,2,6.214608098422191,1.5
4527,retention,3,3,5.809142990314028,1.0
4528,retina,3,3,5.809142990314028,1.0
4529,retrospectively,3,3,5.809142990314028,1.0
4530,reuteri,3,1,6.907755278982137,3.0
4531,revolutionized,3,3,5.809142990314028,1.0
4532,rfx,3,1,6.907755278982137,3.0
4533,rgcs,3,1,6.907755278982137,3.0
4534,rinm,3,1,6.907755278982137,3.0
4535,rob,3,3,5.809142990314028,1.0
4536,root,3,3,5.809142990314028,1.0
4537,routine,3,2,6.214608098422191,1.5
4538,routinely,3,3,5.809142990314028,1.0
4539,rpf,3,1,6.907755278982137,3.0
4540,safflower,3,1,6.907755278982137,3.0
4541,saliva,3,2,6.214608098422191,1.5
4542,salt,3,1,6.907755278982137,3.0
4543,saxenda,3,3,5.809142990314028,1.0
4544,scarce,3,3,5.809142990314028,1.0
4545,scarring,3,1,6.907755278982137,3.0
4546,scenarios,3,3,5.809142990314028,1.0
4547,scfas,3,2,6.214608098422191,1.5
4548,schedule,3,2,6.214608098422191,1.5
4549,score-matched,3,3,5.809142990314028,1.0
4550,screen,3,3,5.809142990314028,1.0
4551,sec,3,1,6.907755278982137,3.0
4552,seeks,3,3,5.809142990314028,1.0
4553,sem,3,2,6.214608098422191,1.5
4554,september,3,3,5.809142990314028,1.0
4555,septic,3,2,6.214608098422191,1.5
4556,serves,3,3,5.809142990314028,1.0
4557,sets,3,3,5.809142990314028,1.0
4558,seventeen,3,3,5.809142990314028,1.0
4559,sex-specific,3,2,6.214608098422191,1.5
4560,shifted,3,3,5.809142990314028,1.0
4561,shifts,3,3,5.809142990314028,1.0
4562,short-linker,3,1,6.907755278982137,3.0
4563,shortage,3,3,5.809142990314028,1.0
4564,sid,3,1,6.907755278982137,3.0
4565,signal-regulated,3,3,5.809142990314028,1.0
4566,signs,3,3,5.809142990314028,1.0
4567,simultaneous,3,3,5.809142990314028,1.0
4568,single-cell,3,2,6.214608098422191,1.5
4569,sinus,3,3,5.809142990314028,1.0
4570,slowed,3,3,5.809142990314028,1.0
4571,sma,3,2,6.214608098422191,1.5
4572,smd,3,1,6.907755278982137,3.0
4573,sodium-induced,3,1,6.907755278982137,3.0
4574,softshell,3,1,6.907755278982137,3.0
4575,solitarii,3,3,5.809142990314028,1.0
4576,solubility,3,2,6.214608098422191,1.5
4577,sometimes,3,3,5.809142990314028,1.0
4578,soymilk,3,1,6.907755278982137,3.0
4579,spike,3,1,6.907755278982137,3.0
4580,spread,3,2,6.214608098422191,1.5
4581,ss-14,3,1,6.907755278982137,3.0
4582,stabilize,3,3,5.809142990314028,1.0
4583,stabilized,3,3,5.809142990314028,1.0
4584,stabilizing,3,3,5.809142990314028,1.0
4585,stained,3,3,5.809142990314028,1.0
4586,starch,3,3,5.809142990314028,1.0
4587,starved,3,1,6.907755278982137,3.0
4588,statements,3,1,6.907755278982137,3.0
4589,stems,3,3,5.809142990314028,1.0
4590,steps,3,3,5.809142990314028,1.0
4591,stigma,3,2,6.214608098422191,1.5
4592,sting,3,1,6.907755278982137,3.0
4593,stoma,3,1,6.907755278982137,3.0
4594,stopped,3,3,5.809142990314028,1.0
4595,stopping,3,3,5.809142990314028,1.0
4596,storage,3,3,5.809142990314028,1.0
4597,stores,3,3,5.809142990314028,1.0
4598,strategic,3,3,5.809142990314028,1.0
4599,strength,3,3,5.809142990314028,1.0
4600,striatal,3,1,6.907755278982137,3.0
4601,structure-based,3,2,6.214608098422191,1.5
4602,submitted,3,3,5.809142990314028,1.0
4603,suboptimal,3,2,6.214608098422191,1.5
4604,substitutes,3,3,5.809142990314028,1.0
4605,substitutions,3,1,6.907755278982137,3.0
4606,suffer,3,3,5.809142990314028,1.0
4607,summarises,3,3,5.809142990314028,1.0
4608,superiority,3,3,5.809142990314028,1.0
4609,supernatant,3,2,6.214608098422191,1.5
4610,supplement,3,2,6.214608098422191,1.5
4611,supportive,3,3,5.809142990314028,1.0
4612,suppurativa,3,3,5.809142990314028,1.0
4613,surged,3,3,5.809142990314028,1.0
4614,surmount,3,3,5.809142990314028,1.0
4615,surpass,3,3,5.809142990314028,1.0
4616,suspected,3,3,5.809142990314028,1.0
4617,switched,3,3,5.809142990314028,1.0
4618,tablets,3,2,6.214608098422191,1.5
4619,tailor,3,3,5.809142990314028,1.0
4620,taspoglutide,3,3,5.809142990314028,1.0
4621,tat,3,1,6.907755278982137,3.0
4622,tc,3,2,6.214608098422191,1.5
4623,technological,3,3,5.809142990314028,1.0
4624,termination,3,2,6.214608098422191,1.5
4625,tgfb,3,1,6.907755278982137,3.0
4626,tha,3,1,6.907755278982137,3.0
4627,thalamus,3,2,6.214608098422191,1.5
4628,thcpsi,3,1,6.907755278982137,3.0
4629,thermogenesis,3,3,5.809142990314028,1.0
4630,thirst,3,1,6.907755278982137,3.0
4631,thirteen,3,3,5.809142990314028,1.0
4632,thr,3,2,6.214608098422191,1.5
4633,threat,3,3,5.809142990314028,1.0
4634,throughput,3,2,6.214608098422191,1.5
4635,tipss,3,1,6.907755278982137,3.0
4636,tlrs,3,1,6.907755278982137,3.0
4637,tonic,3,1,6.907755278982137,3.0
4638,transcript,3,3,5.809142990314028,1.0
4639,transfer,3,2,6.214608098422191,1.5
4640,transferase,3,3,5.809142990314028,1.0
4641,transform,3,3,5.809142990314028,1.0
4642,transplant,3,2,6.214608098422191,1.5
4643,trends,3,3,5.809142990314028,1.0
4644,triacylglycerol,3,2,6.214608098422191,1.5
4645,triglyceride,3,3,5.809142990314028,1.0
4646,triphosphate-sensitive,3,1,6.907755278982137,3.0
4647,tsa,3,2,6.214608098422191,1.5
4648,turtle,3,1,6.907755278982137,3.0
4649,twice-daily,3,3,5.809142990314028,1.0
4650,twofold,3,2,6.214608098422191,1.5
4651,unaltered,3,3,5.809142990314028,1.0
4652,uncertainties,3,3,5.809142990314028,1.0
4653,uncommon,3,3,5.809142990314028,1.0
4654,uncover,3,3,5.809142990314028,1.0
4655,underexplored,3,3,5.809142990314028,1.0
4656,underpinnings,3,3,5.809142990314028,1.0
4657,underrecognized,3,3,5.809142990314028,1.0
4658,undertaken,3,3,5.809142990314028,1.0
4659,underwriting,3,1,6.907755278982137,3.0
4660,unexpected,3,3,5.809142990314028,1.0
4661,unexpectedly,3,3,5.809142990314028,1.0
4662,unintended,3,3,5.809142990314028,1.0
4663,uniquely,3,3,5.809142990314028,1.0
4664,units,3,2,6.214608098422191,1.5
4665,unlabelled,3,3,5.809142990314028,1.0
4666,unmodified,3,1,6.907755278982137,3.0
4667,unnatural,3,3,5.809142990314028,1.0
4668,unprecedented,3,3,5.809142990314028,1.0
4669,unresolved,3,3,5.809142990314028,1.0
4670,utilize,3,3,5.809142990314028,1.0
4671,validate,3,3,5.809142990314028,1.0
4672,valuation,3,1,6.907755278982137,3.0
4673,vasodilation,3,2,6.214608098422191,1.5
4674,velocity,3,3,5.809142990314028,1.0
4675,ventricle,3,3,5.809142990314028,1.0
4676,verify,3,3,5.809142990314028,1.0
4677,vgcc,3,1,6.907755278982137,3.0
4678,vigilant,3,3,5.809142990314028,1.0
4679,vip,3,2,6.214608098422191,1.5
4680,visualized,3,3,5.809142990314028,1.0
4681,vlc,3,1,6.907755278982137,3.0
4682,vmn,3,1,6.907755278982137,3.0
4683,volunteers,3,3,5.809142990314028,1.0
4684,vpgag,3,1,6.907755278982137,3.0
4685,vpreg,3,1,6.907755278982137,3.0
4686,vulgaris,3,1,6.907755278982137,3.0
4687,walls,3,1,6.907755278982137,3.0
4688,warrants,3,3,5.809142990314028,1.0
4689,ways,3,3,5.809142990314028,1.0
4690,weak,3,3,5.809142990314028,1.0
4691,weight-reducing,3,3,5.809142990314028,1.0
4692,weights,3,3,5.809142990314028,1.0
4693,whole-cell,3,3,5.809142990314028,1.0
4694,whom,3,3,5.809142990314028,1.0
4695,wiley,3,3,5.809142990314028,1.0
4696,witnessed,3,2,6.214608098422191,1.5
4697,workup,3,3,5.809142990314028,1.0
4698,wpi,3,1,6.907755278982137,3.0
4699,xaa-pro-dap,3,1,6.907755278982137,3.0
4700,y,3,3,5.809142990314028,1.0
4701,yeast,3,1,6.907755278982137,3.0
4702,zone,3,2,6.214608098422191,1.5
4703,‒,3,2,6.214608098422191,1.5
4704,⁎,3,1,6.907755278982137,3.0
4705,™,3,2,6.214608098422191,1.5
4706,a-treatment,2,1,6.907755278982137,2.0
4707,aapeptides,2,1,6.907755278982137,2.0
4708,abated,2,2,6.214608098422191,1.0
4709,abd,2,1,6.907755278982137,2.0
4710,abrogated,2,2,6.214608098422191,1.0
4711,abrogates,2,2,6.214608098422191,1.0
4712,abrupt,2,1,6.907755278982137,2.0
4713,abstract,2,2,6.214608098422191,1.0
4714,abstracts,2,2,6.214608098422191,1.0
4715,abundant,2,2,6.214608098422191,1.0
4716,abundantly,2,2,6.214608098422191,1.0
4717,acarbose-treated,2,1,6.907755278982137,2.0
4718,accumbens,2,2,6.214608098422191,1.0
4719,acetate,2,2,6.214608098422191,1.0
4720,ach,2,1,6.907755278982137,2.0
4721,acid-sensing,2,1,6.907755278982137,2.0
4722,acinar,2,2,6.214608098422191,1.0
4723,activations,2,2,6.214608098422191,1.0
4724,activators,2,2,6.214608098422191,1.0
4725,actively,2,2,6.214608098422191,1.0
4726,ada,2,2,6.214608098422191,1.0
4727,adaptations,2,2,6.214608098422191,1.0
4728,add,2,2,6.214608098422191,1.0
4729,adenoma,2,2,6.214608098422191,1.0
4730,adipokines,2,2,6.214608098422191,1.0
4731,adjacent,2,2,6.214608098422191,1.0
4732,adjustments,2,2,6.214608098422191,1.0
4733,adlyxin,2,2,6.214608098422191,1.0
4734,administering,2,2,6.214608098422191,1.0
4735,adopting,2,2,6.214608098422191,1.0
4736,adulthood,2,2,6.214608098422191,1.0
4737,advanced-stage,2,1,6.907755278982137,2.0
4738,advancing,2,2,6.214608098422191,1.0
4739,advent,2,2,6.214608098422191,1.0
4740,advice,2,2,6.214608098422191,1.0
4741,affective,2,2,6.214608098422191,1.0
4742,aforementioned,2,2,6.214608098422191,1.0
4743,ag,2,1,6.907755278982137,2.0
4744,age-matched,2,2,6.214608098422191,1.0
4745,agencies,2,1,6.907755278982137,2.0
4746,agenda,2,2,6.214608098422191,1.0
4747,agent-specific,2,2,6.214608098422191,1.0
4748,aggravate,2,2,6.214608098422191,1.0
4749,aging-related,2,2,6.214608098422191,1.0
4750,agonistic,2,2,6.214608098422191,1.0
4751,agopam,2,1,6.907755278982137,2.0
4752,agrp,2,1,6.907755278982137,2.0
4753,ahead,2,2,6.214608098422191,1.0
4754,ahi,2,2,6.214608098422191,1.0
4755,aki,2,1,6.907755278982137,2.0
4756,akkermansia,2,2,6.214608098422191,1.0
4757,albumin-binding,2,2,6.214608098422191,1.0
4758,albuminuria,2,2,6.214608098422191,1.0
4759,alcohol-related,2,2,6.214608098422191,1.0
4760,aldosteronism,2,1,6.907755278982137,2.0
4761,alkaline,2,2,6.214608098422191,1.0
4762,allowing,2,2,6.214608098422191,1.0
4763,alloxan,2,1,6.907755278982137,2.0
4764,alp,2,1,6.907755278982137,2.0
4765,alpha-gustducin,2,1,6.907755278982137,2.0
4766,alpha-helices,2,1,6.907755278982137,2.0
4767,alpha-mangostin,2,1,6.907755278982137,2.0
4768,altering,2,2,6.214608098422191,1.0
4769,alternation,2,1,6.907755278982137,2.0
4770,alternatively,2,2,6.214608098422191,1.0
4771,altogether,2,2,6.214608098422191,1.0
4772,always,2,2,6.214608098422191,1.0
4773,amd,2,1,6.907755278982137,2.0
4774,ameliorates,2,2,6.214608098422191,1.0
4775,amend,2,2,6.214608098422191,1.0
4776,aminobutyric,2,2,6.214608098422191,1.0
4777,amomi,2,1,6.907755278982137,2.0
4778,amovillosumins,2,1,6.907755278982137,2.0
4779,amphetamine-regulated,2,2,6.214608098422191,1.0
4780,amplified,2,2,6.214608098422191,1.0
4781,amts,2,1,6.907755278982137,2.0
4782,amygdala,2,2,6.214608098422191,1.0
4783,amylase,2,2,6.214608098422191,1.0
4784,anaesthesia,2,1,6.907755278982137,2.0
4785,anaesthesiologists,2,1,6.907755278982137,2.0
4786,anaesthetized,2,2,6.214608098422191,1.0
4787,analyse,2,1,6.907755278982137,2.0
4788,analyzer,2,2,6.214608098422191,1.0
4789,analyzing,2,2,6.214608098422191,1.0
4790,anaphylaxis,2,1,6.907755278982137,2.0
4791,anatomical,2,2,6.214608098422191,1.0
4792,ang,2,1,6.907755278982137,2.0
4793,angiogenesis,2,2,6.214608098422191,1.0
4794,anhydrase,2,1,6.907755278982137,2.0
4795,anniversary,2,2,6.214608098422191,1.0
4796,answer,2,2,6.214608098422191,1.0
4797,answers,2,2,6.214608098422191,1.0
4798,anti-fouling,2,1,6.907755278982137,2.0
4799,anti-seizure,2,1,6.907755278982137,2.0
4800,antiapoptotic,2,2,6.214608098422191,1.0
4801,antiatherogenic,2,2,6.214608098422191,1.0
4802,anticonvulsant,2,1,6.907755278982137,2.0
4803,antifibrotic,2,2,6.214608098422191,1.0
4804,antigen,2,2,6.214608098422191,1.0
4805,antipsychotics,2,2,6.214608098422191,1.0
4806,antisera,2,1,6.907755278982137,2.0
4807,anyway,2,2,6.214608098422191,1.0
4808,apelin,2,1,6.907755278982137,2.0
4809,apelin-13,2,1,6.907755278982137,2.0
4810,apoptotic,2,2,6.214608098422191,1.0
4811,appealing,2,2,6.214608098422191,1.0
4812,applies,2,2,6.214608098422191,1.0
4813,applying,2,2,6.214608098422191,1.0
4814,appraisal,2,2,6.214608098422191,1.0
4815,appraise,2,2,6.214608098422191,1.0
4816,appreciated,2,2,6.214608098422191,1.0
4817,apurinic,2,2,6.214608098422191,1.0
4818,apyrimidinic,2,2,6.214608098422191,1.0
4819,arachidonic,2,2,6.214608098422191,1.0
4820,argue,2,2,6.214608098422191,1.0
4821,arises,2,2,6.214608098422191,1.0
4822,art,2,2,6.214608098422191,1.0
4823,arterioles,2,2,6.214608098422191,1.0
4824,ascending,2,1,6.907755278982137,2.0
4825,ascvd,2,1,6.907755278982137,2.0
4826,aseptic,2,2,6.214608098422191,1.0
4827,asia,2,2,6.214608098422191,1.0
4828,aspartic,2,1,6.907755278982137,2.0
4829,assayed,2,2,6.214608098422191,1.0
4830,assumption,2,2,6.214608098422191,1.0
4831,astrocytic,2,1,6.907755278982137,2.0
4832,at-risk,2,2,6.214608098422191,1.0
4833,atiii,2,1,6.907755278982137,2.0
4834,atlas,2,1,6.907755278982137,2.0
4835,atp-sensitive,2,2,6.214608098422191,1.0
4836,atpase,2,1,6.907755278982137,2.0
4837,attained,2,2,6.214608098422191,1.0
4838,attempt,2,2,6.214608098422191,1.0
4839,attracting,2,2,6.214608098422191,1.0
4840,attraction,2,1,6.907755278982137,2.0
4841,august,2,2,6.214608098422191,1.0
4842,author,2,2,6.214608098422191,1.0
4843,autoantibodies,2,2,6.214608098422191,1.0
4844,autocrine,2,1,6.907755278982137,2.0
4845,automated,2,2,6.214608098422191,1.0
4846,autoregulation,2,1,6.907755278982137,2.0
4847,autoregulatory,2,1,6.907755278982137,2.0
4848,aversion,2,2,6.214608098422191,1.0
4849,award,2,2,6.214608098422191,1.0
4850,axon,2,1,6.907755278982137,2.0
4851,axonal,2,2,6.214608098422191,1.0
4852,axons,2,2,6.214608098422191,1.0
4853,b-17-scid,2,1,6.907755278982137,2.0
4854,bace,2,1,6.907755278982137,2.0
4855,back,2,2,6.214608098422191,1.0
4856,backbone-based,2,1,6.907755278982137,2.0
4857,bacterium,2,2,6.214608098422191,1.0
4858,bad,2,1,6.907755278982137,2.0
4859,ballooning,2,1,6.907755278982137,2.0
4860,barrett,2,2,6.214608098422191,1.0
4861,barring,2,2,6.214608098422191,1.0
4862,basal-bolus,2,2,6.214608098422191,1.0
4863,becomes,2,2,6.214608098422191,1.0
4864,behaved,2,2,6.214608098422191,1.0
4865,benchmark,2,2,6.214608098422191,1.0
4866,benefited,2,2,6.214608098422191,1.0
4867,benign,2,1,6.907755278982137,2.0
4868,bgc,2,1,6.907755278982137,2.0
4869,bgcs,2,1,6.907755278982137,2.0
4870,bidirectional,2,2,6.214608098422191,1.0
4871,bifidobacterium,2,2,6.214608098422191,1.0
4872,billion,2,2,6.214608098422191,1.0
4873,bioavailable,2,2,6.214608098422191,1.0
4874,biobehavioral,2,2,6.214608098422191,1.0
4875,bioenergetic,2,1,6.907755278982137,2.0
4876,biogrid,2,1,6.907755278982137,2.0
4877,bioinformatics,2,2,6.214608098422191,1.0
4878,biologic,2,1,6.907755278982137,2.0
4879,biopharmaceutics,2,1,6.907755278982137,2.0
4880,bjp,2,2,6.214608098422191,1.0
4881,bleomycin-induced,2,1,6.907755278982137,2.0
4882,blindness,2,2,6.214608098422191,1.0
4883,bloating,2,2,6.214608098422191,1.0
4884,blockbuster,2,2,6.214608098422191,1.0
4885,blockers,2,2,6.214608098422191,1.0
4886,bn-s,2,1,6.907755278982137,2.0
4887,bombesin,2,2,6.214608098422191,1.0
4888,boolean,2,2,6.214608098422191,1.0
4889,border,2,2,6.214608098422191,1.0
4890,born,2,1,6.907755278982137,2.0
4891,bph,2,2,6.214608098422191,1.0
4892,brain-derived,2,2,6.214608098422191,1.0
4893,breakfast,2,1,6.907755278982137,2.0
4894,breast,2,1,6.907755278982137,2.0
4895,bridges,2,2,6.214608098422191,1.0
4896,bring,2,2,6.214608098422191,1.0
4897,brown,2,2,6.214608098422191,1.0
4898,brunner,2,2,6.214608098422191,1.0
4899,bsx,2,2,6.214608098422191,1.0
4900,build,2,2,6.214608098422191,1.0
4901,bulimia,2,1,6.907755278982137,2.0
4902,bullous,2,2,6.214608098422191,1.0
4903,bupropion-naltrexone,2,2,6.214608098422191,1.0
4904,bursts,2,1,6.907755278982137,2.0
4905,c-reactive,2,2,6.214608098422191,1.0
4906,cadaveric,2,1,6.907755278982137,2.0
4907,caffeoylquinic,2,2,6.214608098422191,1.0
4908,cafraglutide,2,2,6.214608098422191,1.0
4909,cagrilintide,2,2,6.214608098422191,1.0
4910,calcium-dependent,2,2,6.214608098422191,1.0
4911,calories,2,1,6.907755278982137,2.0
4912,canceled,2,2,6.214608098422191,1.0
4913,cancer-related,2,1,6.907755278982137,2.0
4914,cannula,2,1,6.907755278982137,2.0
4915,capabilities,2,2,6.214608098422191,1.0
4916,carbon,2,2,6.214608098422191,1.0
4917,carbonic,2,1,6.907755278982137,2.0
4918,carcinoma,2,2,6.214608098422191,1.0
4919,cardio,2,2,6.214608098422191,1.0
4920,cardio-metabolic,2,2,6.214608098422191,1.0
4921,cardiologists,2,2,6.214608098422191,1.0
4922,carumbelloside,2,1,6.907755278982137,2.0
4923,casr,2,2,6.214608098422191,1.0
4924,catabolism,2,2,6.214608098422191,1.0
4925,catenin,2,2,6.214608098422191,1.0
4926,caucasians,2,1,6.907755278982137,2.0
4927,caudal,2,2,6.214608098422191,1.0
4928,caudally,2,1,6.907755278982137,2.0
4929,causation,2,2,6.214608098422191,1.0
4930,caution,2,2,6.214608098422191,1.0
4931,cautious,2,2,6.214608098422191,1.0
4932,cch,2,1,6.907755278982137,2.0
4933,ccl,2,1,6.907755278982137,2.0
4934,cea,2,1,6.907755278982137,2.0
4935,cell-derived,2,2,6.214608098422191,1.0
4936,cell-mediated,2,1,6.907755278982137,2.0
4937,ceramides,2,1,6.907755278982137,2.0
4938,cerebrovascular,2,2,6.214608098422191,1.0
4939,cfp-glp-1,2,1,6.907755278982137,2.0
4940,challenged,2,2,6.214608098422191,1.0
4941,charge,2,1,6.907755278982137,2.0
4942,chemically,2,2,6.214608098422191,1.0
4943,chemicals,2,2,6.214608098422191,1.0
4944,chemokines,2,2,6.214608098422191,1.0
4945,chief,2,2,6.214608098422191,1.0
4946,china,2,2,6.214608098422191,1.0
4947,chlorthalidone,2,1,6.907755278982137,2.0
4948,cholinergic,2,2,6.214608098422191,1.0
4949,chromanol,2,1,6.907755278982137,2.0
4950,chromatographic,2,2,6.214608098422191,1.0
4951,chronotropic,2,2,6.214608098422191,1.0
4952,cimt,2,1,6.907755278982137,2.0
4953,circumvent,2,2,6.214608098422191,1.0
4954,circumventricular,2,1,6.907755278982137,2.0
4955,ckm,2,1,6.907755278982137,2.0
4956,clearer,2,2,6.214608098422191,1.0
4957,click,2,2,6.214608098422191,1.0
4958,clinicaltrials,2,2,6.214608098422191,1.0
4959,clone,2,1,6.907755278982137,2.0
4960,cnts,2,1,6.907755278982137,2.0
4961,co,2,2,6.214608098422191,1.0
4962,co-agonist,2,2,6.214608098422191,1.0
4963,co-expressed,2,2,6.214608098422191,1.0
4964,co-immunoprecipitation,2,2,6.214608098422191,1.0
4965,co-secreted,2,1,6.907755278982137,2.0
4966,coadministration,2,2,6.214608098422191,1.0
4967,code,2,1,6.907755278982137,2.0
4968,coexisting,2,2,6.214608098422191,1.0
4969,cognizant,2,2,6.214608098422191,1.0
4970,coingestion,2,1,6.907755278982137,2.0
4971,col-iv,2,1,6.907755278982137,2.0
4972,colectomy,2,1,6.907755278982137,2.0
4973,collapse,2,2,6.214608098422191,1.0
4974,column,2,2,6.214608098422191,1.0
4975,com,2,2,6.214608098422191,1.0
4976,combat,2,2,6.214608098422191,1.0
4977,combines,2,2,6.214608098422191,1.0
4978,coming,2,2,6.214608098422191,1.0
4979,commensal,2,1,6.907755278982137,2.0
4980,commercially,2,2,6.214608098422191,1.0
4981,companion,2,2,6.214608098422191,1.0
4982,comparator,2,2,6.214608098422191,1.0
4983,compares,2,2,6.214608098422191,1.0
4984,compartment,2,1,6.907755278982137,2.0
4985,compartments,2,2,6.214608098422191,1.0
4986,competition,2,2,6.214608098422191,1.0
4987,compile,2,2,6.214608098422191,1.0
4988,complexes,2,2,6.214608098422191,1.0
4989,complexity,2,2,6.214608098422191,1.0
4990,complicate,2,2,6.214608098422191,1.0
4991,compounding,2,1,6.907755278982137,2.0
4992,conception,2,2,6.214608098422191,1.0
4993,concert,2,2,6.214608098422191,1.0
4994,concomitantly,2,2,6.214608098422191,1.0
4995,conditioning,2,1,6.907755278982137,2.0
4996,confirms,2,2,6.214608098422191,1.0
4997,confocal,2,2,6.214608098422191,1.0
4998,conformationally,2,1,6.907755278982137,2.0
4999,confounders,2,2,6.214608098422191,1.0
5000,congestion,2,1,6.907755278982137,2.0
5001,connect,2,2,6.214608098422191,1.0
5002,connection,2,2,6.214608098422191,1.0
5003,connectivity,2,2,6.214608098422191,1.0
5004,conservative,2,2,6.214608098422191,1.0
5005,conserved,2,2,6.214608098422191,1.0
5006,consistency,2,2,6.214608098422191,1.0
5007,consists,2,2,6.214608098422191,1.0
5008,constituent,2,2,6.214608098422191,1.0
5009,constitutive,2,2,6.214608098422191,1.0
5010,constitutively,2,2,6.214608098422191,1.0
5011,constraints,2,2,6.214608098422191,1.0
5012,consult,2,2,6.214608098422191,1.0
5013,consultation,2,2,6.214608098422191,1.0
5014,consumed,2,2,6.214608098422191,1.0
5015,contacts,2,2,6.214608098422191,1.0
5016,contains,2,2,6.214608098422191,1.0
5017,contextual,2,2,6.214608098422191,1.0
5018,contextualize,2,2,6.214608098422191,1.0
5019,continuation,2,2,6.214608098422191,1.0
5020,contraceptives,2,2,6.214608098422191,1.0
5021,contradictory,2,2,6.214608098422191,1.0
5022,contrary,2,2,6.214608098422191,1.0
5023,convenience,2,2,6.214608098422191,1.0
5024,convenient,2,2,6.214608098422191,1.0
5025,converge,2,2,6.214608098422191,1.0
5026,conversely,2,2,6.214608098422191,1.0
5027,coordination,2,2,6.214608098422191,1.0
5028,copd,2,2,6.214608098422191,1.0
5029,correction,2,2,6.214608098422191,1.0
5030,correlate,2,2,6.214608098422191,1.0
5031,correlates,2,2,6.214608098422191,1.0
5032,correlating,2,2,6.214608098422191,1.0
5033,corticosterone,2,2,6.214608098422191,1.0
5034,corticotropin-releasing,2,2,6.214608098422191,1.0
5035,cosmetic,2,2,6.214608098422191,1.0
5036,counseling,2,2,6.214608098422191,1.0
5037,counselling,2,2,6.214608098422191,1.0
5038,counting,2,2,6.214608098422191,1.0
5039,covalent,2,2,6.214608098422191,1.0
5040,coverage,2,2,6.214608098422191,1.0
5041,cqa,2,1,6.907755278982137,2.0
5042,craving-induced,2,1,6.907755278982137,2.0
5043,crd,2,2,6.214608098422191,1.0
5044,creation,2,2,6.214608098422191,1.0
5045,crisis,2,2,6.214608098422191,1.0
5046,criterion,2,1,6.907755278982137,2.0
5047,cross,2,2,6.214608098422191,1.0
5048,cross-talk,2,1,6.907755278982137,2.0
5049,crypt,2,2,6.214608098422191,1.0
5050,cue-induced,2,1,6.907755278982137,2.0
5051,cues,2,2,6.214608098422191,1.0
5052,cuff,2,2,6.214608098422191,1.0
5053,cultivar,2,2,6.214608098422191,1.0
5054,cure,2,2,6.214608098422191,1.0
5055,curves,2,2,6.214608098422191,1.0
5056,cvds,2,2,6.214608098422191,1.0
5057,cvot,2,2,6.214608098422191,1.0
5058,cystic,2,2,6.214608098422191,1.0
5059,d-ala,2,1,6.907755278982137,2.0
5060,d-glucose,2,1,6.907755278982137,2.0
5061,damaged,2,2,6.214608098422191,1.0
5062,dawley,2,2,6.214608098422191,1.0
5063,dealt,2,2,6.214608098422191,1.0
5064,deciphered,2,2,6.214608098422191,1.0
5065,decision,2,2,6.214608098422191,1.0
5066,declined,2,2,6.214608098422191,1.0
5067,defenses,2,2,6.214608098422191,1.0
5068,deficit,2,2,6.214608098422191,1.0
5069,definitive,2,2,6.214608098422191,1.0
5070,degradation-resistant,2,2,6.214608098422191,1.0
5071,dehiscence,2,1,6.907755278982137,2.0
5072,dehydratase,2,1,6.907755278982137,2.0
5073,delbrueckii,2,1,6.907755278982137,2.0
5074,demands,2,2,6.214608098422191,1.0
5075,dendrites,2,2,6.214608098422191,1.0
5076,denervation,2,1,6.907755278982137,2.0
5077,dentate,2,2,6.214608098422191,1.0
5078,depend,2,2,6.214608098422191,1.0
5079,depended,2,2,6.214608098422191,1.0
5080,dependence-induced,2,1,6.907755278982137,2.0
5081,depending,2,2,6.214608098422191,1.0
5082,derives,2,2,6.214608098422191,1.0
5083,dermatological,2,1,6.907755278982137,2.0
5084,dermatologists,2,2,6.214608098422191,1.0
5085,des-his,2,1,6.907755278982137,2.0
5086,descending,2,2,6.214608098422191,1.0
5087,desensitization,2,2,6.214608098422191,1.0
5088,designing,2,2,6.214608098422191,1.0
5089,desired,2,2,6.214608098422191,1.0
5090,destruction,2,2,6.214608098422191,1.0
5091,determinant,2,2,6.214608098422191,1.0
5092,determining,2,2,6.214608098422191,1.0
5093,devoted,2,2,6.214608098422191,1.0
5094,dextran,2,2,6.214608098422191,1.0
5095,dextrose,2,2,6.214608098422191,1.0
5096,difficulties,2,2,6.214608098422191,1.0
5097,dihydroethidium,2,2,6.214608098422191,1.0
5098,dilatation,2,2,6.214608098422191,1.0
5099,dilation,2,2,6.214608098422191,1.0
5100,dimension,2,2,6.214608098422191,1.0
5101,dimethyl,2,2,6.214608098422191,1.0
5102,dipeptidyl-peptidase,2,2,6.214608098422191,1.0
5103,direction,2,2,6.214608098422191,1.0
5104,disc,2,2,6.214608098422191,1.0
5105,discover,2,2,6.214608098422191,1.0
5106,disparities,2,1,6.907755278982137,2.0
5107,displaying,2,2,6.214608098422191,1.0
5108,dissociation,2,2,6.214608098422191,1.0
5109,distalis,2,1,6.907755278982137,2.0
5110,distinguishing,2,2,6.214608098422191,1.0
5111,disturbed,2,2,6.214608098422191,1.0
5112,disulfide,2,1,6.907755278982137,2.0
5113,diterpenoids,2,1,6.907755278982137,2.0
5114,diuretic,2,1,6.907755278982137,2.0
5115,document,2,2,6.214608098422191,1.0
5116,documents,2,2,6.214608098422191,1.0
5117,doing,2,2,6.214608098422191,1.0
5118,domains,2,2,6.214608098422191,1.0
5119,double-blind,2,2,6.214608098422191,1.0
5120,down-regulate,2,2,6.214608098422191,1.0
5121,downregulated,2,2,6.214608098422191,1.0
5122,drastic,2,2,6.214608098422191,1.0
5123,draws,2,2,6.214608098422191,1.0
5124,drivers,2,2,6.214608098422191,1.0
5125,driving,2,2,6.214608098422191,1.0
5126,drug-like,2,1,6.907755278982137,2.0
5127,drug-related,2,2,6.214608098422191,1.0
5128,dss,2,2,6.214608098422191,1.0
5129,dtc,2,1,6.907755278982137,2.0
5130,dual-incretin,2,2,6.214608098422191,1.0
5131,ductal,2,2,6.214608098422191,1.0
5132,dwlss,2,1,6.907755278982137,2.0
5133,dysglycemia,2,1,6.907755278982137,2.0
5134,e-selectin,2,1,6.907755278982137,2.0
5135,early-stage,2,2,6.214608098422191,1.0
5136,easy,2,2,6.214608098422191,1.0
5137,ebsco,2,2,6.214608098422191,1.0
5138,ebt,2,1,6.907755278982137,2.0
5139,ece-1,2,1,6.907755278982137,2.0
5140,ectopeptidases,2,1,6.907755278982137,2.0
5141,edible,2,2,6.214608098422191,1.0
5142,educators,2,2,6.214608098422191,1.0
5143,eg,2,2,6.214608098422191,1.0
5144,eglp,2,1,6.907755278982137,2.0
5145,electron,2,2,6.214608098422191,1.0
5146,elevates,2,2,6.214608098422191,1.0
5147,eleven,2,2,6.214608098422191,1.0
5148,elicited,2,2,6.214608098422191,1.0
5149,eliminates,2,2,6.214608098422191,1.0
5150,elongate,2,2,6.214608098422191,1.0
5151,elsewhere,2,2,6.214608098422191,1.0
5152,elucidation,2,2,6.214608098422191,1.0
5153,ema,2,2,6.214608098422191,1.0
5154,emerges,2,2,6.214608098422191,1.0
5155,empagliflozin,2,2,6.214608098422191,1.0
5156,empirical,2,2,6.214608098422191,1.0
5157,employing,2,2,6.214608098422191,1.0
5158,employment,2,2,6.214608098422191,1.0
5159,emptied,2,1,6.907755278982137,2.0
5160,empty,2,2,6.214608098422191,1.0
5161,encapsulation,2,2,6.214608098422191,1.0
5162,encompasses,2,2,6.214608098422191,1.0
5163,encountered,2,2,6.214608098422191,1.0
5164,encouraged,2,2,6.214608098422191,1.0
5165,end-organ,2,2,6.214608098422191,1.0
5166,endocannabinoid,2,2,6.214608098422191,1.0
5167,endogenously,2,2,6.214608098422191,1.0
5168,endonuclease,2,2,6.214608098422191,1.0
5169,endoproteolysis,2,1,6.907755278982137,2.0
5170,endorsing,2,2,6.214608098422191,1.0
5171,endosomes,2,2,6.214608098422191,1.0
5172,endothelial-dependent,2,1,6.907755278982137,2.0
5173,endotoxaemic,2,1,6.907755278982137,2.0
5174,enormous,2,2,6.214608098422191,1.0
5175,enrichment,2,2,6.214608098422191,1.0
5176,enter,2,2,6.214608098422191,1.0
5177,enteritis,2,1,6.907755278982137,2.0
5178,enterochromaffin,2,2,6.214608098422191,1.0
5179,enterokinase,2,2,6.214608098422191,1.0
5180,enthusiasm,2,2,6.214608098422191,1.0
5181,entire,2,2,6.214608098422191,1.0
5182,entrain,2,1,6.907755278982137,2.0
5183,environment,2,2,6.214608098422191,1.0
5184,environments,2,2,6.214608098422191,1.0
5185,enzymatically,2,2,6.214608098422191,1.0
5186,epidemiologic,2,2,6.214608098422191,1.0
5187,epitope,2,1,6.907755278982137,2.0
5188,epscs,2,1,6.907755278982137,2.0
5189,equation,2,2,6.214608098422191,1.0
5190,equity,2,1,6.907755278982137,2.0
5191,er-stressed,2,1,6.907755278982137,2.0
5192,eras,2,1,6.907755278982137,2.0
5193,eruptions,2,2,6.214608098422191,1.0
5194,eshf,2,1,6.907755278982137,2.0
5195,esophagus,2,2,6.214608098422191,1.0
5196,establishment,2,2,6.214608098422191,1.0
5197,estimates,2,2,6.214608098422191,1.0
5198,ethnicity,2,2,6.214608098422191,1.0
5199,etoh,2,1,6.907755278982137,2.0
5200,euglycemia,2,2,6.214608098422191,1.0
5201,euthanized,2,2,6.214608098422191,1.0
5202,eventual,2,2,6.214608098422191,1.0
5203,evidenced,2,2,6.214608098422191,1.0
5204,evoked,2,2,6.214608098422191,1.0
5205,evolve,2,2,6.214608098422191,1.0
5206,evolves,2,2,6.214608098422191,1.0
5207,exacerbates,2,2,6.214608098422191,1.0
5208,exacerbating,2,2,6.214608098422191,1.0
5209,exacerbations,2,2,6.214608098422191,1.0
5210,examinations,2,2,6.214608098422191,1.0
5211,example,2,2,6.214608098422191,1.0
5212,exceeds,2,2,6.214608098422191,1.0
5213,exceptional,2,2,6.214608098422191,1.0
5214,excision,2,2,6.214608098422191,1.0
5215,exclusion,2,1,6.907755278982137,2.0
5216,exenatide-treated,2,1,6.907755278982137,2.0
5217,exists,2,2,6.214608098422191,1.0
5218,exon,2,1,6.907755278982137,2.0
5219,expands,2,2,6.214608098422191,1.0
5220,experiment,2,2,6.214608098422191,1.0
5221,experts,2,2,6.214608098422191,1.0
5222,export,2,1,6.907755278982137,2.0
5223,exposures,2,1,6.907755278982137,2.0
5224,extant,2,2,6.214608098422191,1.0
5225,external,2,2,6.214608098422191,1.0
5226,extracts,2,2,6.214608098422191,1.0
5227,extrapolated,2,2,6.214608098422191,1.0
5228,extremely,2,2,6.214608098422191,1.0
5229,faces,2,2,6.214608098422191,1.0
5230,facing,2,2,6.214608098422191,1.0
5231,facs,2,2,6.214608098422191,1.0
5232,failing,2,2,6.214608098422191,1.0
5233,fair,2,2,6.214608098422191,1.0
5234,familiarity,2,2,6.214608098422191,1.0
5235,faster,2,2,6.214608098422191,1.0
5236,fatalities,2,1,6.907755278982137,2.0
5237,fats,2,2,6.214608098422191,1.0
5238,favor,2,2,6.214608098422191,1.0
5239,feasibility,2,2,6.214608098422191,1.0
5240,feasible,2,2,6.214608098422191,1.0
5241,fecal,2,2,6.214608098422191,1.0
5242,feces,2,2,6.214608098422191,1.0
5243,feeding-fasting,2,1,6.907755278982137,2.0
5244,feeds,2,1,6.907755278982137,2.0
5245,fermentable,2,2,6.214608098422191,1.0
5246,ferroptosis,2,1,6.907755278982137,2.0
5247,fetus,2,1,6.907755278982137,2.0
5248,fibronectin,2,1,6.907755278982137,2.0
5249,fifteen,2,2,6.214608098422191,1.0
5250,fifty-two,2,1,6.907755278982137,2.0
5251,figure,2,2,6.214608098422191,1.0
5252,fill,2,2,6.214608098422191,1.0
5253,films,2,1,6.907755278982137,2.0
5254,first-line,2,2,6.214608098422191,1.0
5255,fistula,2,1,6.907755278982137,2.0
5256,fit,2,1,6.907755278982137,2.0
5257,five-year,2,1,6.907755278982137,2.0
5258,flavonoids,2,1,6.907755278982137,2.0
5259,fli,2,1,6.907755278982137,2.0
5260,floxxcdh,2,1,6.907755278982137,2.0
5261,floxxlysmcre,2,1,6.907755278982137,2.0
5262,fluorescence,2,2,6.214608098422191,1.0
5263,forefront,2,2,6.214608098422191,1.0
5264,forthcoming,2,2,6.214608098422191,1.0
5265,foundational,2,2,6.214608098422191,1.0
5266,fourfold,2,2,6.214608098422191,1.0
5267,fourth,2,2,6.214608098422191,1.0
5268,foxo,2,2,6.214608098422191,1.0
5269,fpg,2,1,6.907755278982137,2.0
5270,fractures,2,2,6.214608098422191,1.0
5271,fragmented,2,2,6.214608098422191,1.0
5272,fragments,2,2,6.214608098422191,1.0
5273,frame,2,2,6.214608098422191,1.0
5274,framing,2,2,6.214608098422191,1.0
5275,fruit,2,2,6.214608098422191,1.0
5276,fulfilled,2,2,6.214608098422191,1.0
5277,full-text,2,2,6.214608098422191,1.0
5278,fullness,2,2,6.214608098422191,1.0
5279,functioned,2,2,6.214608098422191,1.0
5280,fundic,2,2,6.214608098422191,1.0
5281,furin,2,1,6.907755278982137,2.0
5282,ga-induced,2,1,6.907755278982137,2.0
5283,gaba-activated,2,1,6.907755278982137,2.0
5284,galanga,2,1,6.907755278982137,2.0
5285,gardeniae,2,1,6.907755278982137,2.0
5286,gas,2,2,6.214608098422191,1.0
5287,gastrin-releasing,2,2,6.214608098422191,1.0
5288,gastroesophageal,2,2,6.214608098422191,1.0
5289,gastroparesis-like,2,2,6.214608098422191,1.0
5290,gastroprotective,2,1,6.907755278982137,2.0
5291,gcg-creert2,2,1,6.907755278982137,2.0
5292,gcs,2,2,6.214608098422191,1.0
5293,generates,2,2,6.214608098422191,1.0
5294,generating,2,2,6.214608098422191,1.0
5295,genus,2,2,6.214608098422191,1.0
5296,geroprotective,2,1,6.907755278982137,2.0
5297,gestational,2,2,6.214608098422191,1.0
5298,getting,2,2,6.214608098422191,1.0
5299,gfp-glp-1,2,1,6.907755278982137,2.0
5300,gfp-tagged,2,1,6.907755278982137,2.0
5301,gk-it,2,1,6.907755278982137,2.0
5302,gk-sham,2,1,6.907755278982137,2.0
5303,gli,2,1,6.907755278982137,2.0
5304,glicentin,2,2,6.214608098422191,1.0
5305,glimepiride,2,2,6.214608098422191,1.0
5306,gliptin-mediated,2,1,6.907755278982137,2.0
5307,globular,2,2,6.214608098422191,1.0
5308,glp-1-elp,2,1,6.907755278982137,2.0
5309,glp-1-like,2,2,6.214608098422191,1.0
5310,glp-1-lytac,2,1,6.907755278982137,2.0
5311,glp-1-receptors,2,2,6.214608098422191,1.0
5312,glp-1-stimulated,2,2,6.214608098422191,1.0
5313,glp-1r-deficient,2,2,6.214608098422191,1.0
5314,glp-1r-immunoreactivity,2,1,6.907755278982137,2.0
5315,glp-1r-min-6,2,1,6.907755278982137,2.0
5316,glp-1ra-induced,2,2,6.214608098422191,1.0
5317,glp-1ra-mediated,2,2,6.214608098422191,1.0
5318,glucagon-like-peptide,2,2,6.214608098422191,1.0
5319,glucagon-related,2,1,6.907755278982137,2.0
5320,glucan,2,2,6.214608098422191,1.0
5321,glucocorticoid,2,1,6.907755278982137,2.0
5322,glucocorticosteroids,2,2,6.214608098422191,1.0
5323,glucose-bsa,2,1,6.907755278982137,2.0
5324,glucose-sensing,2,2,6.214608098422191,1.0
5325,glucotoxicity-induced,2,1,6.907755278982137,2.0
5326,glutamic,2,2,6.214608098422191,1.0
5327,glutamine,2,1,6.907755278982137,2.0
5328,glycation,2,2,6.214608098422191,1.0
5329,goblet,2,2,6.214608098422191,1.0
5330,gold,2,2,6.214608098422191,1.0
5331,gov,2,2,6.214608098422191,1.0
5332,gpl-1ras,2,1,6.907755278982137,2.0
5333,gq-independent,2,2,6.214608098422191,1.0
5334,gradual,2,2,6.214608098422191,1.0
5335,granular,2,2,6.214608098422191,1.0
5336,gray,2,1,6.907755278982137,2.0
5337,greatest,2,2,6.214608098422191,1.0
5338,grown,2,2,6.214608098422191,1.0
5339,grows,2,2,6.214608098422191,1.0
5340,grp,2,1,6.907755278982137,2.0
5341,guiding,2,2,6.214608098422191,1.0
5342,gust,2,1,6.907755278982137,2.0
5343,gut-expressed,2,2,6.214608098422191,1.0
5344,gyrolab,2,1,6.907755278982137,2.0
5345,gyrus,2,2,6.214608098422191,1.0
5346,h-bonds,2,1,6.907755278982137,2.0
5347,habits,2,2,6.214608098422191,1.0
5348,hallmarks,2,2,6.214608098422191,1.0
5349,hami,2,2,6.214608098422191,1.0
5350,handling,2,2,6.214608098422191,1.0
5351,harmful,2,2,6.214608098422191,1.0
5352,harnessed,2,2,6.214608098422191,1.0
5353,harnessing,2,2,6.214608098422191,1.0
5354,hcps,2,1,6.907755278982137,2.0
5355,he,2,2,6.214608098422191,1.0
5356,headaches,2,1,6.907755278982137,2.0
5357,heavy,2,2,6.214608098422191,1.0
5358,hek,2,2,6.214608098422191,1.0
5359,helped,2,2,6.214608098422191,1.0
5360,hematological,2,1,6.907755278982137,2.0
5361,herbal,2,1,6.907755278982137,2.0
5362,heterotrimeric,2,2,6.214608098422191,1.0
5363,heterozygous,2,2,6.214608098422191,1.0
5364,hfd-fed,2,2,6.214608098422191,1.0
5365,hfhsd,2,1,6.907755278982137,2.0
5366,hgt-1,2,1,6.907755278982137,2.0
5367,high-sugar,2,2,6.214608098422191,1.0
5368,hill,2,2,6.214608098422191,1.0
5369,his-tag,2,1,6.907755278982137,2.0
5370,histidine,2,1,6.907755278982137,2.0
5371,histopathological,2,2,6.214608098422191,1.0
5372,hit-465,2,1,6.907755278982137,2.0
5373,hit-736,2,1,6.907755278982137,2.0
5374,hiv,2,1,6.907755278982137,2.0
5375,hmwp,2,1,6.907755278982137,2.0
5376,hoc,2,2,6.214608098422191,1.0
5377,homeostatic,2,2,6.214608098422191,1.0
5378,homologous,2,2,6.214608098422191,1.0
5379,horn,2,1,6.907755278982137,2.0
5380,hospitalisation,2,2,6.214608098422191,1.0
5381,hospitalized,2,2,6.214608098422191,1.0
5382,hrptcs,2,1,6.907755278982137,2.0
5383,http,2,2,6.214608098422191,1.0
5384,hundred,2,2,6.214608098422191,1.0
5385,hydrophobicity,2,1,6.907755278982137,2.0
5386,hyper-secretion,2,1,6.907755278982137,2.0
5387,hyperactivity,2,2,6.214608098422191,1.0
5388,hyperglucagonemia,2,2,6.214608098422191,1.0
5389,hyperglycemia-induced,2,1,6.907755278982137,2.0
5390,hyperinsulinemic,2,2,6.214608098422191,1.0
5391,hyperlocomotion,2,1,6.907755278982137,2.0
5392,hyperphosphorylation,2,1,6.907755278982137,2.0
5393,hyperplasia,2,1,6.907755278982137,2.0
5394,hyperprolactinemia,2,1,6.907755278982137,2.0
5395,hypophagic,2,1,6.907755278982137,2.0
5396,hypotension,2,2,6.214608098422191,1.0
5397,hypothesised,2,1,6.907755278982137,2.0
5398,iapp-aso,2,1,6.907755278982137,2.0
5399,ibs-sss,2,1,6.907755278982137,2.0
5400,icp,2,1,6.907755278982137,2.0
5401,idea,2,2,6.214608098422191,1.0
5402,ideation,2,2,6.214608098422191,1.0
5403,identifiable,2,2,6.214608098422191,1.0
5404,idiopathic,2,2,6.214608098422191,1.0
5405,igg,2,1,6.907755278982137,2.0
5406,ilc,2,1,6.907755278982137,2.0
5407,ileus,2,1,6.907755278982137,2.0
5408,illustrated,2,2,6.214608098422191,1.0
5409,images,2,2,6.214608098422191,1.0
5410,immediately,2,2,6.214608098422191,1.0
5411,immune-modulatory,2,1,6.907755278982137,2.0
5412,immunoreactivities,2,1,6.907755278982137,2.0
5413,immunosuppression,2,2,6.214608098422191,1.0
5414,impacted,2,2,6.214608098422191,1.0
5415,implemented,2,2,6.214608098422191,1.0
5416,implication,2,2,6.214608098422191,1.0
5417,imply,2,2,6.214608098422191,1.0
5418,in-vitro,2,2,6.214608098422191,1.0
5419,inability,2,2,6.214608098422191,1.0
5420,inactivated,2,2,6.214608098422191,1.0
5421,inc,2,2,6.214608098422191,1.0
5422,incidental,2,2,6.214608098422191,1.0
5423,incorporate,2,2,6.214608098422191,1.0
5424,increments,2,2,6.214608098422191,1.0
5425,incretin-related,2,1,6.907755278982137,2.0
5426,india,2,1,6.907755278982137,2.0
5427,indicative,2,2,6.214608098422191,1.0
5428,individually,2,1,6.907755278982137,2.0
5429,indole,2,1,6.907755278982137,2.0
5430,indoles,2,1,6.907755278982137,2.0
5431,indomethacin,2,1,6.907755278982137,2.0
5432,inducer,2,2,6.214608098422191,1.0
5433,inducible,2,2,6.214608098422191,1.0
5434,influx,2,2,6.214608098422191,1.0
5435,informing,2,2,6.214608098422191,1.0
5436,ingredients,2,1,6.907755278982137,2.0
5437,injurious,2,1,6.907755278982137,2.0
5438,innervation,2,2,6.214608098422191,1.0
5439,innovation,2,2,6.214608098422191,1.0
5440,innovations,2,2,6.214608098422191,1.0
5441,inositol,2,2,6.214608098422191,1.0
5442,inputs,2,2,6.214608098422191,1.0
5443,inside,2,2,6.214608098422191,1.0
5444,inspire,2,2,6.214608098422191,1.0
5445,instability,2,2,6.214608098422191,1.0
5446,institute,2,2,6.214608098422191,1.0
5447,institutional,2,2,6.214608098422191,1.0
5448,instructions,2,2,6.214608098422191,1.0
5449,insulin-independent,2,2,6.214608098422191,1.0
5450,insulin-induced,2,2,6.214608098422191,1.0
5451,insulin-positive,2,2,6.214608098422191,1.0
5452,insulin-resistant,2,2,6.214608098422191,1.0
5453,insulin-secreting,2,2,6.214608098422191,1.0
5454,insulinaemic,2,1,6.907755278982137,2.0
5455,insults,2,2,6.214608098422191,1.0
5456,insurance,2,2,6.214608098422191,1.0
5457,intakes,2,2,6.214608098422191,1.0
5458,intellectual,2,2,6.214608098422191,1.0
5459,intelligence,2,2,6.214608098422191,1.0
5460,intended,2,2,6.214608098422191,1.0
5461,intensity,2,2,6.214608098422191,1.0
5462,intensively,2,2,6.214608098422191,1.0
5463,intention-to-treat,2,2,6.214608098422191,1.0
5464,interacts,2,2,6.214608098422191,1.0
5465,interested,2,2,6.214608098422191,1.0
5466,interesting,2,2,6.214608098422191,1.0
5467,interface,2,2,6.214608098422191,1.0
5468,interfere,2,2,6.214608098422191,1.0
5469,interleukin,2,2,6.214608098422191,1.0
5470,internal,2,2,6.214608098422191,1.0
5471,interquartile,2,2,6.214608098422191,1.0
5472,interstitial,2,2,6.214608098422191,1.0
5473,interventional,2,2,6.214608098422191,1.0
5474,intestine-specific,2,2,6.214608098422191,1.0
5475,intra-abdominal,2,1,6.907755278982137,2.0
5476,intraarterially,2,1,6.907755278982137,2.0
5477,intracerebroventricularly,2,1,6.907755278982137,2.0
5478,intrahepatic,2,2,6.214608098422191,1.0
5479,intraoperative,2,2,6.214608098422191,1.0
5480,intraperitoneally,2,2,6.214608098422191,1.0
5481,intriguing,2,2,6.214608098422191,1.0
5482,intrinsically,2,2,6.214608098422191,1.0
5483,intron,2,1,6.907755278982137,2.0
5484,intubation,2,2,6.214608098422191,1.0
5485,inulin-enriched,2,1,6.907755278982137,2.0
5486,inversely,2,2,6.214608098422191,1.0
5487,investigator,2,1,6.907755278982137,2.0
5488,ipscs,2,1,6.907755278982137,2.0
5489,iranian,2,1,6.907755278982137,2.0
5490,irs,2,1,6.907755278982137,2.0
5491,iscd,2,1,6.907755278982137,2.0
5492,islet-derived,2,2,6.214608098422191,1.0
5493,isocaloric,2,2,6.214608098422191,1.0
5494,isoflavone,2,2,6.214608098422191,1.0
5495,issuetoc,2,2,6.214608098422191,1.0
5496,itt,2,1,6.907755278982137,2.0
5497,joints,2,2,6.214608098422191,1.0
5498,justice,2,1,6.907755278982137,2.0
5499,kappa,2,2,6.214608098422191,1.0
5500,kda,2,2,6.214608098422191,1.0
5501,kegg,2,1,6.907755278982137,2.0
5502,kept,2,2,6.214608098422191,1.0
5503,keratinocytes,2,1,6.907755278982137,2.0
5504,ketosis-prone,2,1,6.907755278982137,2.0
5505,kexin,2,2,6.214608098422191,1.0
5506,kinase-3,2,2,6.214608098422191,1.0
5507,kit,2,2,6.214608098422191,1.0
5508,kong,2,1,6.907755278982137,2.0
5509,kori-tofu,2,1,6.907755278982137,2.0
5510,labdane,2,1,6.907755278982137,2.0
5511,label,2,2,6.214608098422191,1.0
5512,lactating,2,1,6.907755278982137,2.0
5513,lactisole,2,1,6.907755278982137,2.0
5514,lad,2,1,6.907755278982137,2.0
5515,laminarin-induced,2,1,6.907755278982137,2.0
5516,laser,2,2,6.214608098422191,1.0
5517,lasting,2,2,6.214608098422191,1.0
5518,lately,2,2,6.214608098422191,1.0
5519,launched,2,2,6.214608098422191,1.0
5520,layers,2,1,6.907755278982137,2.0
5521,lc,2,1,6.907755278982137,2.0
5522,lcfa,2,2,6.214608098422191,1.0
5523,ldl-cholesterol,2,2,6.214608098422191,1.0
5524,leader,2,2,6.214608098422191,1.0
5525,leader-glp-1,2,1,6.907755278982137,2.0
5526,leaf,2,2,6.214608098422191,1.0
5527,leaving,2,2,6.214608098422191,1.0
5528,lesser,2,2,6.214608098422191,1.0
5529,leu,2,2,6.214608098422191,1.0
5530,leverage,2,2,6.214608098422191,1.0
5531,ligand-receptor,2,2,6.214608098422191,1.0
5532,ligand-specific,2,2,6.214608098422191,1.0
5533,limb,2,2,6.214608098422191,1.0
5534,lingual,2,1,6.907755278982137,2.0
5535,linoleic,2,2,6.214608098422191,1.0
5536,linolenic,2,2,6.214608098422191,1.0
5537,lipid-based,2,1,6.907755278982137,2.0
5538,lipidated,2,1,6.907755278982137,2.0
5539,lipopolysaccharides,2,2,6.214608098422191,1.0
5540,liraglutide-induced,2,1,6.907755278982137,2.0
5541,lispro,2,1,6.907755278982137,2.0
5542,lists,2,2,6.214608098422191,1.0
5543,littermates,2,2,6.214608098422191,1.0
5544,lixilan-g,2,1,6.907755278982137,2.0
5545,ll-a8sglp-1,2,1,6.907755278982137,2.0
5546,loading,2,2,6.214608098422191,1.0
5547,logistics,2,2,6.214608098422191,1.0
5548,long-standing,2,2,6.214608098422191,1.0
5549,longitudinal,2,2,6.214608098422191,1.0
5550,looking,2,2,6.214608098422191,1.0
5551,looks,2,2,6.214608098422191,1.0
5552,losing,2,2,6.214608098422191,1.0
5553,low-calorie,2,2,6.214608098422191,1.0
5554,low-dp,2,1,6.907755278982137,2.0
5555,low-grade,2,2,6.214608098422191,1.0
5556,ltrs,2,1,6.907755278982137,2.0
5557,lumbar,2,2,6.214608098422191,1.0
5558,lysinoalanine-bridged,2,1,6.907755278982137,2.0
5559,lytacs,2,1,6.907755278982137,2.0
5560,m-glp-1,2,1,6.907755278982137,2.0
5561,macronutrients,2,1,6.907755278982137,2.0
5562,mainstay,2,2,6.214608098422191,1.0
5563,maintains,2,2,6.214608098422191,1.0
5564,makes,2,2,6.214608098422191,1.0
5565,maleimidopropionic,2,1,6.907755278982137,2.0
5566,malignant,2,1,6.907755278982137,2.0
5567,mandatory,2,2,6.214608098422191,1.0
5568,maridebart,2,2,6.214608098422191,1.0
5569,mass-preserving,2,1,6.907755278982137,2.0
5570,maturation,2,2,6.214608098422191,1.0
5571,max,2,1,6.907755278982137,2.0
5572,maze,2,2,6.214608098422191,1.0
5573,mcp-1,2,2,6.214608098422191,1.0
5574,meal-induced,2,2,6.214608098422191,1.0
5575,meal-related,2,2,6.214608098422191,1.0
5576,meaningfully,2,2,6.214608098422191,1.0
5577,meanwhile,2,2,6.214608098422191,1.0
5578,measurable,2,2,6.214608098422191,1.0
5579,measuring,2,2,6.214608098422191,1.0
5580,medication-related,2,2,6.214608098422191,1.0
5581,medullary,2,2,6.214608098422191,1.0
5582,members,2,2,6.214608098422191,1.0
5583,menstrual,2,2,6.214608098422191,1.0
5584,mention,2,2,6.214608098422191,1.0
5585,merits,2,2,6.214608098422191,1.0
5586,mesenteric,2,2,6.214608098422191,1.0
5587,meta-regression,2,1,6.907755278982137,2.0
5588,metoprolol,2,1,6.907755278982137,2.0
5589,mglu-yfp,2,1,6.907755278982137,2.0
5590,michaelis-menten,2,1,6.907755278982137,2.0
5591,micro,2,2,6.214608098422191,1.0
5592,microbe,2,2,6.214608098422191,1.0
5593,microbes,2,2,6.214608098422191,1.0
5594,microenvironment,2,2,6.214608098422191,1.0
5595,micrograms,2,1,6.907755278982137,2.0
5596,microl,2,1,6.907755278982137,2.0
5597,micronutrient,2,1,6.907755278982137,2.0
5598,microscopic,2,2,6.214608098422191,1.0
5599,microvasculature,2,2,6.214608098422191,1.0
5600,microvilli,2,1,6.907755278982137,2.0
5601,mifepristone,2,2,6.214608098422191,1.0
5602,mildly,2,2,6.214608098422191,1.0
5603,milk,2,2,6.214608098422191,1.0
5604,mind,2,2,6.214608098422191,1.0
5605,mineralocorticoid,2,2,6.214608098422191,1.0
5606,minimally,2,2,6.214608098422191,1.0
5607,minimise,2,1,6.907755278982137,2.0
5608,minimizing,2,2,6.214608098422191,1.0
5609,minipeg,2,1,6.907755278982137,2.0
5610,minipig,2,1,6.907755278982137,2.0
5611,misty,2,1,6.907755278982137,2.0
5612,mitigates,2,2,6.214608098422191,1.0
5613,mitochondria,2,2,6.214608098422191,1.0
5614,mixed-meal,2,2,6.214608098422191,1.0
5615,mixtures,2,1,6.907755278982137,2.0
5616,mmp-9,2,2,6.214608098422191,1.0
5617,mobilization,2,2,6.214608098422191,1.0
5618,modality,2,2,6.214608098422191,1.0
5619,moderate-intensity,2,1,6.907755278982137,2.0
5620,modifiable,2,2,6.214608098422191,1.0
5621,monitored,2,2,6.214608098422191,1.0
5622,mono,2,2,6.214608098422191,1.0
5623,mono-agonists,2,2,6.214608098422191,1.0
5624,monolayer,2,2,6.214608098422191,1.0
5625,monophasic,2,2,6.214608098422191,1.0
5626,monosaccharides,2,2,6.214608098422191,1.0
5627,monounsaturated,2,2,6.214608098422191,1.0
5628,month-old,2,2,6.214608098422191,1.0
5629,mood,2,1,6.907755278982137,2.0
5630,morbid,2,2,6.214608098422191,1.0
5631,morbilliform,2,2,6.214608098422191,1.0
5632,mot,2,1,6.907755278982137,2.0
5633,mother,2,1,6.907755278982137,2.0
5634,motif,2,2,6.214608098422191,1.0
5635,motoneurons,2,1,6.907755278982137,2.0
5636,movement,2,2,6.214608098422191,1.0
5637,moving,2,2,6.214608098422191,1.0
5638,mpa-c12-glp-1,2,1,6.907755278982137,2.0
5639,mptp,2,1,6.907755278982137,2.0
5640,mri,2,2,6.214608098422191,1.0
5641,muc,2,1,6.907755278982137,2.0
5642,muciniphila,2,1,6.907755278982137,2.0
5643,mucous,2,2,6.214608098422191,1.0
5644,multi-dimensional,2,2,6.214608098422191,1.0
5645,multi-receptor,2,2,6.214608098422191,1.0
5646,multitude,2,2,6.214608098422191,1.0
5647,multivariable,2,2,6.214608098422191,1.0
5648,muscular,2,1,6.907755278982137,2.0
5649,mutant,2,2,6.214608098422191,1.0
5650,mutational,2,1,6.907755278982137,2.0
5651,mwm,2,1,6.907755278982137,2.0
5652,my,2,1,6.907755278982137,2.0
5653,n-acetyl-glp-1,2,1,6.907755278982137,2.0
5654,nac,2,1,6.907755278982137,2.0
5655,nae,2,1,6.907755278982137,2.0
5656,naes,2,1,6.907755278982137,2.0
5657,nanoconstructs,2,1,6.907755278982137,2.0
5658,nanomaterials,2,1,6.907755278982137,2.0
5659,navigate,2,2,6.214608098422191,1.0
5660,ne,2,1,6.907755278982137,2.0
5661,necessitates,2,2,6.214608098422191,1.0
5662,necessitating,2,2,6.214608098422191,1.0
5663,neck,2,2,6.214608098422191,1.0
5664,neo,2,2,6.214608098422191,1.0
5665,neoglycolipidated,2,1,6.907755278982137,2.0
5666,neoplastic,2,2,6.214608098422191,1.0
5667,nephrologists,2,2,6.214608098422191,1.0
5668,neprilysin,2,2,6.214608098422191,1.0
5669,nervi,2,1,6.907755278982137,2.0
5670,neurite,2,2,6.214608098422191,1.0
5671,neurologic,2,1,6.907755278982137,2.0
5672,neuromodulation,2,2,6.214608098422191,1.0
5673,neuromodulatory,2,1,6.907755278982137,2.0
5674,neuroscience,2,2,6.214608098422191,1.0
5675,neurotransmission,2,2,6.214608098422191,1.0
5676,new-onset,2,2,6.214608098422191,1.0
5677,nhe,2,1,6.907755278982137,2.0
5678,nhs,2,1,6.907755278982137,2.0
5679,niacin,2,2,6.214608098422191,1.0
5680,nickel,2,2,6.214608098422191,1.0
5681,nicotinamide,2,2,6.214608098422191,1.0
5682,nigra,2,2,6.214608098422191,1.0
5683,nitroprusside,2,2,6.214608098422191,1.0
5684,nn,2,1,6.907755278982137,2.0
5685,nodose,2,2,6.214608098422191,1.0
5686,non-canonical,2,2,6.214608098422191,1.0
5687,non-fasting,2,2,6.214608098422191,1.0
5688,non-glutinous,2,1,6.907755278982137,2.0
5689,non-insulin,2,2,6.214608098422191,1.0
5690,non-pcos,2,1,6.907755278982137,2.0
5691,non-radioactive,2,1,6.907755278982137,2.0
5692,nonapeptide,2,2,6.214608098422191,1.0
5693,noncaloric,2,2,6.214608098422191,1.0
5694,nonglucidic,2,1,6.907755278982137,2.0
5695,nonglycemic,2,2,6.214608098422191,1.0
5696,noninfectious,2,1,6.907755278982137,2.0
5697,noninsulin-dependent,2,1,6.907755278982137,2.0
5698,nonpeptide,2,2,6.214608098422191,1.0
5699,nonpeptidic,2,1,6.907755278982137,2.0
5700,normal-weight,2,2,6.214608098422191,1.0
5701,normalizing,2,2,6.214608098422191,1.0
5702,north,2,2,6.214608098422191,1.0
5703,notoriously,2,2,6.214608098422191,1.0
5704,notwithstanding,2,2,6.214608098422191,1.0
5705,november,2,2,6.214608098422191,1.0
5706,nox,2,1,6.907755278982137,2.0
5707,nppcs,2,1,6.907755278982137,2.0
5708,nrf,2,2,6.214608098422191,1.0
5709,nuanced,2,2,6.214608098422191,1.0
5710,nurse,2,2,6.214608098422191,1.0
5711,nzp,2,1,6.907755278982137,2.0
5712,o-glcnacylation,2,1,6.907755278982137,2.0
5713,oads,2,1,6.907755278982137,2.0
5714,oal,2,1,6.907755278982137,2.0
5715,obesity-induced,2,2,6.214608098422191,1.0
5716,obesogen,2,1,6.907755278982137,2.0
5717,oblongata,2,2,6.214608098422191,1.0
5718,obstetrician-gynecologists,2,2,6.214608098422191,1.0
5719,obstructions,2,2,6.214608098422191,1.0
5720,obtain,2,2,6.214608098422191,1.0
5721,obviously,2,2,6.214608098422191,1.0
5722,occupational,2,1,6.907755278982137,2.0
5723,ogia,2,1,6.907755278982137,2.0
5724,ogis,2,1,6.907755278982137,2.0
5725,oh,2,1,6.907755278982137,2.0
5726,oleic,2,2,6.214608098422191,1.0
5727,onlinelibrary,2,2,6.214608098422191,1.0
5728,open-label,2,2,6.214608098422191,1.0
5729,opened,2,2,6.214608098422191,1.0
5730,opens,2,2,6.214608098422191,1.0
5731,openvigil,2,2,6.214608098422191,1.0
5732,operative,2,1,6.907755278982137,2.0
5733,opioids,2,2,6.214608098422191,1.0
5734,oppose,2,2,6.214608098422191,1.0
5735,opposite,2,2,6.214608098422191,1.0
5736,optimalize,2,2,6.214608098422191,1.0
5737,orexigenic,2,2,6.214608098422191,1.0
5738,organic,2,2,6.214608098422191,1.0
5739,organizing,2,2,6.214608098422191,1.0
5740,orthopaedics,2,1,6.907755278982137,2.0
5741,orthosteric,2,2,6.214608098422191,1.0
5742,osas,2,1,6.907755278982137,2.0
5743,osmoregulation,2,1,6.907755278982137,2.0
5744,osmotic,2,2,6.214608098422191,1.0
5745,osteoblast,2,2,6.214608098422191,1.0
5746,otherwise,2,2,6.214608098422191,1.0
5747,outgrowth,2,2,6.214608098422191,1.0
5748,outlined,2,2,6.214608098422191,1.0
5749,outstanding,2,2,6.214608098422191,1.0
5750,ova,2,1,6.907755278982137,2.0
5751,ova-induced,2,1,6.907755278982137,2.0
5752,overconsumption,2,2,6.214608098422191,1.0
5753,overexpress,2,2,6.214608098422191,1.0
5754,overexpressing,2,2,6.214608098422191,1.0
5755,overt,2,2,6.214608098422191,1.0
5756,overwhelming,2,2,6.214608098422191,1.0
5757,ovx,2,1,6.907755278982137,2.0
5758,p-akt,2,1,6.907755278982137,2.0
5759,pacap,2,1,6.907755278982137,2.0
5760,pacing,2,1,6.907755278982137,2.0
5761,paid,2,2,6.214608098422191,1.0
5762,painless,2,1,6.907755278982137,2.0
5763,painting,2,1,6.907755278982137,2.0
5764,pairs,2,2,6.214608098422191,1.0
5765,palmitate,2,1,6.907755278982137,2.0
5766,palmitate-induced,2,2,6.214608098422191,1.0
5767,pancreas-projecting,2,1,6.907755278982137,2.0
5768,pandemic,2,2,6.214608098422191,1.0
5769,paradoxical,2,2,6.214608098422191,1.0
5770,parallels,2,2,6.214608098422191,1.0
5771,parameter,2,2,6.214608098422191,1.0
5772,participating,2,2,6.214608098422191,1.0
5773,participation,2,2,6.214608098422191,1.0
5774,patch-clamp,2,2,6.214608098422191,1.0
5775,patentscope,2,2,6.214608098422191,1.0
5776,pathhunter,2,1,6.907755278982137,2.0
5777,pathogens,2,2,6.214608098422191,1.0
5778,paths,2,1,6.907755278982137,2.0
5779,patient-specific,2,2,6.214608098422191,1.0
5780,paved,2,2,6.214608098422191,1.0
5781,pdr,2,1,6.907755278982137,2.0
5782,pdx-1,2,2,6.214608098422191,1.0
5783,pecks,2,1,6.907755278982137,2.0
5784,penetrant,2,1,6.907755278982137,2.0
5785,penetrate,2,2,6.214608098422191,1.0
5786,penetratin-glp-1,2,1,6.907755278982137,2.0
5787,penetrating,2,1,6.907755278982137,2.0
5788,penetration,2,2,6.214608098422191,1.0
5789,pens,2,2,6.214608098422191,1.0
5790,pentasaccharide,2,1,6.907755278982137,2.0
5791,peptidases,2,2,6.214608098422191,1.0
5792,peptide-albumin,2,1,6.907755278982137,2.0
5793,peptide-receptor,2,2,6.214608098422191,1.0
5794,peptideyy,2,2,6.214608098422191,1.0
5795,perceived,2,2,6.214608098422191,1.0
5796,percentage,2,2,6.214608098422191,1.0
5797,perceptions,2,2,6.214608098422191,1.0
5798,perforation,2,1,6.907755278982137,2.0
5799,performs,2,2,6.214608098422191,1.0
5800,peri-procedural,2,1,6.907755278982137,2.0
5801,periprosthetic,2,2,6.214608098422191,1.0
5802,permanent,2,2,6.214608098422191,1.0
5803,peroxisome,2,2,6.214608098422191,1.0
5804,persistence,2,1,6.907755278982137,2.0
5805,pgc,2,2,6.214608098422191,1.0
5806,pgf,2,1,6.907755278982137,2.0
5807,pgip,2,2,6.214608098422191,1.0
5808,pgs,2,1,6.907755278982137,2.0
5809,pharmaceuticals,2,2,6.214608098422191,1.0
5810,pharmacies,2,1,6.907755278982137,2.0
5811,pharmacodynamic,2,2,6.214608098422191,1.0
5812,pharmacotherapeutic,2,2,6.214608098422191,1.0
5813,phases,2,2,6.214608098422191,1.0
5814,phenomena,2,2,6.214608098422191,1.0
5815,phentermine,2,2,6.214608098422191,1.0
5816,phosphate-buffered,2,2,6.214608098422191,1.0
5817,phospholipase,2,2,6.214608098422191,1.0
5818,pigs,2,2,6.214608098422191,1.0
5819,placebo-controlled,2,2,6.214608098422191,1.0
5820,placebos,2,1,6.907755278982137,2.0
5821,plain,2,1,6.907755278982137,2.0
5822,plant,2,2,6.214608098422191,1.0
5823,plaques,2,2,6.214608098422191,1.0
5824,plausible,2,2,6.214608098422191,1.0
5825,plexus,2,2,6.214608098422191,1.0
5826,plga,2,2,6.214608098422191,1.0
5827,plwha,2,1,6.907755278982137,2.0
5828,pmc,2,2,6.214608098422191,1.0
5829,pnd,2,1,6.907755278982137,2.0
5830,pneumonia,2,2,6.214608098422191,1.0
5831,podocyte,2,1,6.907755278982137,2.0
5832,point-of-care,2,2,6.214608098422191,1.0
5833,pointed,2,2,6.214608098422191,1.0
5834,poised,2,2,6.214608098422191,1.0
5835,poison,2,1,6.907755278982137,2.0
5836,polarized,2,1,6.907755278982137,2.0
5837,poly,2,2,6.214608098422191,1.0
5838,polyphenol,2,2,6.214608098422191,1.0
5839,poorer,2,2,6.214608098422191,1.0
5840,portion,2,2,6.214608098422191,1.0
5841,possessing,2,2,6.214608098422191,1.0
5842,post-ablation,2,1,6.907755278982137,2.0
5843,post-carbohydrate,2,1,6.907755278982137,2.0
5844,post-challenge,2,1,6.907755278982137,2.0
5845,post-heparin,2,1,6.907755278982137,2.0
5846,post-injection,2,2,6.214608098422191,1.0
5847,post-mi,2,1,6.907755278982137,2.0
5848,postbariatric,2,2,6.214608098422191,1.0
5849,postcessation,2,1,6.907755278982137,2.0
5850,postcolectomy,2,1,6.907755278982137,2.0
5851,postmarketing,2,1,6.907755278982137,2.0
5852,postnatal,2,2,6.214608098422191,1.0
5853,potencies,2,2,6.214608098422191,1.0
5854,potentials,2,2,6.214608098422191,1.0
5855,powder,2,2,6.214608098422191,1.0
5856,powerfully,2,2,6.214608098422191,1.0
5857,ppg-cells,2,1,6.907755278982137,2.0
5858,ppkc,2,1,6.907755278982137,2.0
5859,practices,2,2,6.214608098422191,1.0
5860,pramlintide,2,2,6.214608098422191,1.0
5861,pre-administration,2,2,6.214608098422191,1.0
5862,pre-conception,2,1,6.907755278982137,2.0
5863,pre-diabetes,2,1,6.907755278982137,2.0
5864,pre-ingestive,2,1,6.907755278982137,2.0
5865,pre-lethal,2,1,6.907755278982137,2.0
5866,pre-treated,2,1,6.907755278982137,2.0
5867,pre-treatment,2,2,6.214608098422191,1.0
5868,preclude,2,2,6.214608098422191,1.0
5869,predictions,2,2,6.214608098422191,1.0
5870,predictive,2,2,6.214608098422191,1.0
5871,predictor,2,2,6.214608098422191,1.0
5872,predicts,2,2,6.214608098422191,1.0
5873,predominant,2,2,6.214608098422191,1.0
5874,prefrontal,2,1,6.907755278982137,2.0
5875,preload,2,1,6.907755278982137,2.0
5876,preloads,2,1,6.907755278982137,2.0
5877,prescriptions,2,2,6.214608098422191,1.0
5878,presurgical,2,2,6.214608098422191,1.0
5879,presynaptic,2,2,6.214608098422191,1.0
5880,preventative,2,2,6.214608098422191,1.0
5881,principles,2,2,6.214608098422191,1.0
5882,prioritizing,2,2,6.214608098422191,1.0
5883,procedural,2,2,6.214608098422191,1.0
5884,prognostic,2,2,6.214608098422191,1.0
5885,programme,2,2,6.214608098422191,1.0
5886,projection,2,2,6.214608098422191,1.0
5887,projections,2,2,6.214608098422191,1.0
5888,proliferative,2,2,6.214608098422191,1.0
5889,prolonged-release,2,2,6.214608098422191,1.0
5890,promises,2,2,6.214608098422191,1.0
5891,prompted,2,2,6.214608098422191,1.0
5892,prone,2,2,6.214608098422191,1.0
5893,propagation,2,1,6.907755278982137,2.0
5894,propensity-score,2,1,6.907755278982137,2.0
5895,propionate,2,2,6.214608098422191,1.0
5896,proportional,2,2,6.214608098422191,1.0
5897,proportions,2,2,6.214608098422191,1.0
5898,proposes,2,2,6.214608098422191,1.0
5899,proprotein,2,2,6.214608098422191,1.0
5900,proquest,2,1,6.907755278982137,2.0
5901,protein-free,2,2,6.214608098422191,1.0
5902,protein-induced,2,1,6.907755278982137,2.0
5903,protraction,2,1,6.907755278982137,2.0
5904,protractor,2,1,6.907755278982137,2.0
5905,prove,2,2,6.214608098422191,1.0
5906,provider,2,2,6.214608098422191,1.0
5907,provision,2,2,6.214608098422191,1.0
5908,proxied,2,1,6.907755278982137,2.0
5909,pseudocyst,2,1,6.907755278982137,2.0
5910,pseudocysts,2,1,6.907755278982137,2.0
5911,psma,2,1,6.907755278982137,2.0
5912,psma-avid,2,1,6.907755278982137,2.0
5913,psychosocial,2,2,6.214608098422191,1.0
5914,psychostimulants,2,2,6.214608098422191,1.0
5915,purification,2,2,6.214608098422191,1.0
5916,purported,2,2,6.214608098422191,1.0
5917,pursued,2,2,6.214608098422191,1.0
5918,pursuit,2,2,6.214608098422191,1.0
5919,put,2,2,6.214608098422191,1.0
5920,qsp,2,1,6.907755278982137,2.0
5921,quantify,2,2,6.214608098422191,1.0
5922,quantitation,2,2,6.214608098422191,1.0
5923,quantity,2,2,6.214608098422191,1.0
5924,questioned,2,2,6.214608098422191,1.0
5925,r-based,2,1,6.907755278982137,2.0
5926,r-expressing,2,2,6.214608098422191,1.0
5927,ra-supported,2,1,6.907755278982137,2.0
5928,racial,2,1,6.907755278982137,2.0
5929,radioactive,2,1,6.907755278982137,2.0
5930,radioactivity,2,1,6.907755278982137,2.0
5931,radiographic,2,2,6.214608098422191,1.0
5932,radioimmunoassay,2,2,6.214608098422191,1.0
5933,rage,2,1,6.907755278982137,2.0
5934,randomization,2,2,6.214608098422191,1.0
5935,randomly,2,2,6.214608098422191,1.0
5936,ranging,2,2,6.214608098422191,1.0
5937,rct,2,2,6.214608098422191,1.0
5938,re-tear,2,1,6.907755278982137,2.0
5939,re-titration,2,2,6.214608098422191,1.0
5940,reabsorption,2,2,6.214608098422191,1.0
5941,reactivity,2,2,6.214608098422191,1.0
5942,read,2,1,6.907755278982137,2.0
5943,readily,2,2,6.214608098422191,1.0
5944,real,2,2,6.214608098422191,1.0
5945,realized,2,2,6.214608098422191,1.0
5946,reason,2,2,6.214608098422191,1.0
5947,receptive,2,1,6.907755278982137,2.0
5948,receptor-based,2,1,6.907755278982137,2.0
5949,receptor-expressing,2,2,6.214608098422191,1.0
5950,receptor-mediated,2,2,6.214608098422191,1.0
5951,receptor-targeted,2,2,6.214608098422191,1.0
5952,reciprocal,2,2,6.214608098422191,1.0
5953,recognizing,2,2,6.214608098422191,1.0
5954,recombinantly,2,2,6.214608098422191,1.0
5955,recommends,2,2,6.214608098422191,1.0
5956,record,2,2,6.214608098422191,1.0
5957,recovering,2,2,6.214608098422191,1.0
5958,rectum,2,2,6.214608098422191,1.0
5959,red,2,2,6.214608098422191,1.0
5960,redefine,2,2,6.214608098422191,1.0
5961,redox,2,2,6.214608098422191,1.0
5962,references,2,2,6.214608098422191,1.0
5963,refining,2,2,6.214608098422191,1.0
5964,reflected,2,2,6.214608098422191,1.0
5965,reflux,2,2,6.214608098422191,1.0
5966,refolded,2,1,6.907755278982137,2.0
5967,reforms,2,1,6.907755278982137,2.0
5968,refractory,2,2,6.214608098422191,1.0
5969,regaining,2,2,6.214608098422191,1.0
5970,region-specific,2,2,6.214608098422191,1.0
5971,registries,2,2,6.214608098422191,1.0
5972,relay,2,2,6.214608098422191,1.0
5973,relief,2,2,6.214608098422191,1.0
5974,remodelling,2,1,6.907755278982137,2.0
5975,remove,2,2,6.214608098422191,1.0
5976,renin-angiotensin-aldosterone,2,2,6.214608098422191,1.0
5977,reorganization,2,2,6.214608098422191,1.0
5978,repeatedly,2,2,6.214608098422191,1.0
5979,repertoire,2,2,6.214608098422191,1.0
5980,replace,2,2,6.214608098422191,1.0
5981,replicate,2,2,6.214608098422191,1.0
5982,replicated,2,2,6.214608098422191,1.0
5983,representative,2,2,6.214608098422191,1.0
5984,reproducible,2,2,6.214608098422191,1.0
5985,repurposed,2,2,6.214608098422191,1.0
5986,requests,2,1,6.907755278982137,2.0
5987,reshape,2,2,6.214608098422191,1.0
5988,reshaped,2,2,6.214608098422191,1.0
5989,resolve,2,2,6.214608098422191,1.0
5990,respiration,2,1,6.907755278982137,2.0
5991,responder,2,1,6.907755278982137,2.0
5992,restarting,2,2,6.214608098422191,1.0
5993,restoration,2,2,6.214608098422191,1.0
5994,restores,2,2,6.214608098422191,1.0
5995,restrained,2,1,6.907755278982137,2.0
5996,restrictions,2,2,6.214608098422191,1.0
5997,resumed,2,2,6.214608098422191,1.0
5998,retarded,2,1,6.907755278982137,2.0
5999,retards,2,1,6.907755278982137,2.0
6000,return,2,2,6.214608098422191,1.0
6001,reversal,2,2,6.214608098422191,1.0
6002,reversible,2,2,6.214608098422191,1.0
6003,reviewers,2,2,6.214608098422191,1.0
6004,revised,2,2,6.214608098422191,1.0
6005,revolutionize,2,2,6.214608098422191,1.0
6006,reward-motivated,2,1,6.907755278982137,2.0
6007,reward-related,2,2,6.214608098422191,1.0
6008,rewarding,2,2,6.214608098422191,1.0
6009,rhein-modified,2,1,6.907755278982137,2.0
6010,ria,2,2,6.214608098422191,1.0
6011,ric,2,1,6.907755278982137,2.0
6012,rigorous,2,2,6.214608098422191,1.0
6013,ris,2,1,6.907755278982137,2.0
6014,risk-benefit,2,2,6.214608098422191,1.0
6015,risk-stratified,2,2,6.214608098422191,1.0
6016,rooted,2,2,6.214608098422191,1.0
6017,rose,2,2,6.214608098422191,1.0
6018,rotator,2,2,6.214608098422191,1.0
6019,rotenone-induced,2,1,6.907755278982137,2.0
6020,rrr,2,1,6.907755278982137,2.0
6021,rt-qpcr,2,1,6.907755278982137,2.0
6022,ruminants,2,1,6.907755278982137,2.0
6023,run,2,2,6.214608098422191,1.0
6024,rvo,2,1,6.907755278982137,2.0
6025,s-1,2,1,6.907755278982137,2.0
6026,safely,2,2,6.214608098422191,1.0
6027,sampling,2,2,6.214608098422191,1.0
6028,sat,2,1,6.907755278982137,2.0
6029,saturation,2,2,6.214608098422191,1.0
6030,savor-timi,2,1,6.907755278982137,2.0
6031,sclerosis,2,2,6.214608098422191,1.0
6032,sct,2,1,6.907755278982137,2.0
6033,sds-page,2,2,6.214608098422191,1.0
6034,se,2,2,6.214608098422191,1.0
6035,secondly,2,2,6.214608098422191,1.0
6036,section,2,2,6.214608098422191,1.0
6037,seek,2,2,6.214608098422191,1.0
6038,seemed,2,2,6.214608098422191,1.0
6039,selectivity,2,2,6.214608098422191,1.0
6040,self-administration,2,1,6.907755278982137,2.0
6041,self-assembly,2,1,6.907755278982137,2.0
6042,self-injurious,2,1,6.907755278982137,2.0
6043,sensors,2,2,6.214608098422191,1.0
6044,separation,2,2,6.214608098422191,1.0
6045,sepsis-related,2,2,6.214608098422191,1.0
6046,sequential,2,2,6.214608098422191,1.0
6047,ser,2,2,6.214608098422191,1.0
6048,serine,2,2,6.214608098422191,1.0
6049,serving,2,2,6.214608098422191,1.0
6050,sex-dependent,2,1,6.907755278982137,2.0
6051,sgas,2,1,6.907755278982137,2.0
6052,sglp-1,2,1,6.907755278982137,2.0
6053,sglt-2is,2,1,6.907755278982137,2.0
6054,shams,2,1,6.907755278982137,2.0
6055,shape,2,2,6.214608098422191,1.0
6056,shaping,2,2,6.214608098422191,1.0
6057,sheath,2,2,6.214608098422191,1.0
6058,shedding,2,2,6.214608098422191,1.0
6059,shortages,2,1,6.907755278982137,2.0
6060,side-effects,2,2,6.214608098422191,1.0
6061,sih,2,1,6.907755278982137,2.0
6062,similarities,2,2,6.214608098422191,1.0
6063,simply,2,2,6.214608098422191,1.0
6064,singleton,2,1,6.907755278982137,2.0
6065,singulex,2,1,6.907755278982137,2.0
6066,sipscs,2,2,6.214608098422191,1.0
6067,sirna,2,2,6.214608098422191,1.0
6068,site-specific,2,1,6.907755278982137,2.0
6069,sizes,2,2,6.214608098422191,1.0
6070,slightly,2,2,6.214608098422191,1.0
6071,so-called,2,2,6.214608098422191,1.0
6072,societal,2,2,6.214608098422191,1.0
6073,society-endorsed,2,1,6.907755278982137,2.0
6074,solitarius,2,2,6.214608098422191,1.0
6075,sorting,2,2,6.214608098422191,1.0
6076,soybean,2,2,6.214608098422191,1.0
6077,space,2,2,6.214608098422191,1.0
6078,span,2,2,6.214608098422191,1.0
6079,spare,2,2,6.214608098422191,1.0
6080,specialised,2,2,6.214608098422191,1.0
6081,spectroscopic,2,2,6.214608098422191,1.0
6082,speculative,2,1,6.907755278982137,2.0
6083,spexin,2,1,6.907755278982137,2.0
6084,sprague,2,2,6.214608098422191,1.0
6085,ss-28,2,1,6.907755278982137,2.0
6086,stabilization,2,2,6.214608098422191,1.0
6087,stably,2,2,6.214608098422191,1.0
6088,standardized,2,2,6.214608098422191,1.0
6089,start,2,2,6.214608098422191,1.0
6090,state-of-the-art,2,2,6.214608098422191,1.0
6091,statins,2,2,6.214608098422191,1.0
6092,stays,2,1,6.907755278982137,2.0
6093,steroid-induced,2,1,6.907755278982137,2.0
6094,steroids,2,2,6.214608098422191,1.0
6095,stiffness,2,2,6.214608098422191,1.0
6096,stimulations,2,2,6.214608098422191,1.0
6097,stockholm,2,1,6.907755278982137,2.0
6098,streptozotocin-induced,2,2,6.214608098422191,1.0
6099,stress-induced,2,2,6.214608098422191,1.0
6100,stressful,2,1,6.907755278982137,2.0
6101,stressors,2,1,6.907755278982137,2.0
6102,strips,2,1,6.907755278982137,2.0
6103,stromal,2,2,6.214608098422191,1.0
6104,stronger,2,2,6.214608098422191,1.0
6105,strongest,2,2,6.214608098422191,1.0
6106,struggling,2,2,6.214608098422191,1.0
6107,stz,2,2,6.214608098422191,1.0
6108,stz-induced,2,2,6.214608098422191,1.0
6109,sub-chronic,2,1,6.907755278982137,2.0
6110,subdiaphragmatic,2,1,6.907755278982137,2.0
6111,subeffective,2,1,6.907755278982137,2.0
6112,subgroup,2,2,6.214608098422191,1.0
6113,sublingual,2,2,6.214608098422191,1.0
6114,substantia,2,2,6.214608098422191,1.0
6115,substituted,2,2,6.214608098422191,1.0
6116,subtilisin,2,2,6.214608098422191,1.0
6117,subtle,2,2,6.214608098422191,1.0
6118,succinic,2,2,6.214608098422191,1.0
6119,sud-related,2,1,6.907755278982137,2.0
6120,suffering,2,2,6.214608098422191,1.0
6121,suggestive,2,2,6.214608098422191,1.0
6122,suicide,2,1,6.907755278982137,2.0
6123,sulfate,2,2,6.214608098422191,1.0
6124,sulfono,2,1,6.907755278982137,2.0
6125,sulphonylureas,2,2,6.214608098422191,1.0
6126,sum,2,2,6.214608098422191,1.0
6127,superficial,2,1,6.907755278982137,2.0
6128,supervision,2,2,6.214608098422191,1.0
6129,supportive-care,2,1,6.907755278982137,2.0
6130,supramolecular,2,2,6.214608098422191,1.0
6131,supraphysiological,2,2,6.214608098422191,1.0
6132,surveillance,2,2,6.214608098422191,1.0
6133,sustain-6,2,2,6.214608098422191,1.0
6134,sustainable,2,2,6.214608098422191,1.0
6135,sustaining,2,2,6.214608098422191,1.0
6136,swelling,2,2,6.214608098422191,1.0
6137,sympathomimetic,2,1,6.907755278982137,2.0
6138,synergy,2,2,6.214608098422191,1.0
6139,t-cell,2,1,6.907755278982137,2.0
6140,tachycardia,2,2,6.214608098422191,1.0
6141,tachyphylaxis,2,1,6.907755278982137,2.0
6142,tackling,2,2,6.214608098422191,1.0
6143,tags,2,2,6.214608098422191,1.0
6144,tailored,2,2,6.214608098422191,1.0
6145,take,2,2,6.214608098422191,1.0
6146,takeda,2,2,6.214608098422191,1.0
6147,tba,2,1,6.907755278982137,2.0
6148,technically,2,1,6.907755278982137,2.0
6149,tegmental,2,2,6.214608098422191,1.0
6150,tend,2,2,6.214608098422191,1.0
6151,tends,2,2,6.214608098422191,1.0
6152,testable,2,2,6.214608098422191,1.0
6153,tetrodotoxin,2,2,6.214608098422191,1.0
6154,text,2,2,6.214608098422191,1.0
6155,tgf,2,1,6.907755278982137,2.0
6156,thapsigargin,2,2,6.214608098422191,1.0
6157,themed,2,2,6.214608098422191,1.0
6158,themselves,2,2,6.214608098422191,1.0
6159,thermal,2,1,6.907755278982137,2.0
6160,thermally,2,2,6.214608098422191,1.0
6161,thiazide-like,2,1,6.907755278982137,2.0
6162,thirty,2,2,6.214608098422191,1.0
6163,thoroughly,2,2,6.214608098422191,1.0
6164,thromboembolism,2,2,6.214608098422191,1.0
6165,thrombosis,2,2,6.214608098422191,1.0
6166,time-restricted,2,1,6.907755278982137,2.0
6167,tissue-specific,2,2,6.214608098422191,1.0
6168,tmao,2,1,6.907755278982137,2.0
6169,tongue,2,1,6.907755278982137,2.0
6170,top,2,2,6.214608098422191,1.0
6171,topics,2,1,6.907755278982137,2.0
6172,toxic,2,2,6.214608098422191,1.0
6173,toxin,2,2,6.214608098422191,1.0
6174,trace,2,2,6.214608098422191,1.0
6175,track,2,2,6.214608098422191,1.0
6176,tractable,2,2,6.214608098422191,1.0
6177,trafficked,2,2,6.214608098422191,1.0
6178,trajectory,2,2,6.214608098422191,1.0
6179,transaminase,2,2,6.214608098422191,1.0
6180,transcriptomic,2,2,6.214608098422191,1.0
6181,transcripts,2,2,6.214608098422191,1.0
6182,transients,2,2,6.214608098422191,1.0
6183,transmitters,2,2,6.214608098422191,1.0
6184,transmitting,2,2,6.214608098422191,1.0
6185,tremendous,2,2,6.214608098422191,1.0
6186,tremor,2,2,6.214608098422191,1.0
6187,trf,2,1,6.907755278982137,2.0
6188,triggering,2,2,6.214608098422191,1.0
6189,trisphosphate,2,2,6.214608098422191,1.0
6190,trophic,2,1,6.907755278982137,2.0
6191,true,2,2,6.214608098422191,1.0
6192,truly,2,2,6.214608098422191,1.0
6193,tubule,2,2,6.214608098422191,1.0
6194,tumorigenesis,2,2,6.214608098422191,1.0
6195,tumours,2,2,6.214608098422191,1.0
6196,tunel,2,2,6.214608098422191,1.0
6197,turning,2,2,6.214608098422191,1.0
6198,turnover,2,2,6.214608098422191,1.0
6199,twenty-five,2,2,6.214608098422191,1.0
6200,two-fold,2,2,6.214608098422191,1.0
6201,ubiquitous,2,2,6.214608098422191,1.0
6202,ulcerative,2,1,6.907755278982137,2.0
6203,ultra-short,2,1,6.907755278982137,2.0
6204,ultrastructural,2,2,6.214608098422191,1.0
6205,uncertainty,2,2,6.214608098422191,1.0
6206,uncharged,2,1,6.907755278982137,2.0
6207,unconfirmed,2,2,6.214608098422191,1.0
6208,uncontrolled,2,2,6.214608098422191,1.0
6209,underdiagnosed,2,2,6.214608098422191,1.0
6210,underestimated,2,2,6.214608098422191,1.0
6211,undergoes,2,2,6.214608098422191,1.0
6212,underlies,2,2,6.214608098422191,1.0
6213,underpin,2,2,6.214608098422191,1.0
6214,underpinning,2,2,6.214608098422191,1.0
6215,underway,2,2,6.214608098422191,1.0
6216,undesirable,2,2,6.214608098422191,1.0
6217,undetectable,2,2,6.214608098422191,1.0
6218,unexplored,2,2,6.214608098422191,1.0
6219,unidirectional,2,1,6.907755278982137,2.0
6220,unnecessary,2,2,6.214608098422191,1.0
6221,unproven,2,2,6.214608098422191,1.0
6222,unremarkable,2,2,6.214608098422191,1.0
6223,unsatisfactory,2,1,6.907755278982137,2.0
6224,untreated,2,2,6.214608098422191,1.0
6225,unwilling,2,2,6.214608098422191,1.0
6226,up-regulation,2,2,6.214608098422191,1.0
6227,up-to-date,2,2,6.214608098422191,1.0
6228,update,2,2,6.214608098422191,1.0
6229,updates,2,2,6.214608098422191,1.0
6230,urea,2,2,6.214608098422191,1.0
6231,urologic,2,1,6.907755278982137,2.0
6232,usefulness,2,2,6.214608098422191,1.0
6233,uterine,2,2,6.214608098422191,1.0
6234,uv,2,2,6.214608098422191,1.0
6235,vagal-brainstem-hypothalamic,2,1,6.907755278982137,2.0
6236,vagotomised,2,1,6.907755278982137,2.0
6237,variably,2,2,6.214608098422191,1.0
6238,variations,2,2,6.214608098422191,1.0
6239,vary,2,2,6.214608098422191,1.0
6240,vasodilatation,2,2,6.214608098422191,1.0
6241,vasodilator,2,1,6.907755278982137,2.0
6242,vehicles,2,2,6.214608098422191,1.0
6243,venom,2,2,6.214608098422191,1.0
6244,versatile,2,2,6.214608098422191,1.0
6245,versions,2,2,6.214608098422191,1.0
6246,vertical,2,2,6.214608098422191,1.0
6247,vesicle,2,2,6.214608098422191,1.0
6248,vesicles,2,2,6.214608098422191,1.0
6249,video,2,2,6.214608098422191,1.0
6250,viewpoint,2,2,6.214608098422191,1.0
6251,vigilance,2,2,6.214608098422191,1.0
6252,vil-creert2,2,1,6.907755278982137,2.0
6253,villi,2,1,6.907755278982137,2.0
6254,viral,2,2,6.214608098422191,1.0
6255,virtual,2,2,6.214608098422191,1.0
6256,virtually,2,2,6.214608098422191,1.0
6257,vision,2,1,6.907755278982137,2.0
6258,visit,2,2,6.214608098422191,1.0
6259,vistas,2,2,6.214608098422191,1.0
6260,visualization,2,1,6.907755278982137,2.0
6261,vmh,2,1,6.907755278982137,2.0
6262,volumes,2,2,6.214608098422191,1.0
6263,voluntary,2,2,6.214608098422191,1.0
6264,vpa,2,1,6.907755278982137,2.0
6265,vta,2,1,6.907755278982137,2.0
6266,wanted,2,2,6.214608098422191,1.0
6267,warning,2,2,6.214608098422191,1.0
6268,wb,2,1,6.907755278982137,2.0
6269,weakens,2,1,6.907755278982137,2.0
6270,weakly,2,2,6.214608098422191,1.0
6271,weaning,2,2,6.214608098422191,1.0
6272,weight-related,2,2,6.214608098422191,1.0
6273,well-defined,2,2,6.214608098422191,1.0
6274,well-recognized,2,2,6.214608098422191,1.0
6275,whey,2,2,6.214608098422191,1.0
6276,whole-body,2,2,6.214608098422191,1.0
6277,why,2,2,6.214608098422191,1.0
6278,windows,2,2,6.214608098422191,1.0
6279,withdrawal,2,1,6.907755278982137,2.0
6280,withdrawn,2,2,6.214608098422191,1.0
6281,withholding,2,1,6.907755278982137,2.0
6282,within-patient,2,1,6.907755278982137,2.0
6283,ws-sham,2,1,6.907755278982137,2.0
6284,xag,2,1,6.907755278982137,2.0
6285,xbp,2,1,6.907755278982137,2.0
6286,xenin,2,1,6.907755278982137,2.0
6287,xglp-3,2,1,6.907755278982137,2.0
6288,yfp-glp-1,2,1,6.907755278982137,2.0
6289,younger,2,2,6.214608098422191,1.0
6290,zones,2,1,6.907755278982137,2.0
6291,{,2,1,6.907755278982137,2.0
6292,},2,1,6.907755278982137,2.0
6293,—,2,1,6.907755278982137,2.0
6294,⋅,2,1,6.907755278982137,2.0
6295,a-ar,1,1,6.907755278982137,1.0
6296,a-e,1,1,6.907755278982137,1.0
6297,a-gad-glp-1-a,1,1,6.907755278982137,1.0
6298,a-q,1,1,6.907755278982137,1.0
6299,abbreviation,1,1,6.907755278982137,1.0
6300,abdomen,1,1,6.907755278982137,1.0
6301,abilities,1,1,6.907755278982137,1.0
6302,abnormally,1,1,6.907755278982137,1.0
6303,abp,1,1,6.907755278982137,1.0
6304,abruptly,1,1,6.907755278982137,1.0
6305,absorbed,1,1,6.907755278982137,1.0
6306,absorptiometry,1,1,6.907755278982137,1.0
6307,abstaining,1,1,6.907755278982137,1.0
6308,abstracted,1,1,6.907755278982137,1.0
6309,academy,1,1,6.907755278982137,1.0
6310,acanthosis,1,1,6.907755278982137,1.0
6311,acarbose-induced,1,1,6.907755278982137,1.0
6312,accelerates,1,1,6.907755278982137,1.0
6313,accelerating,1,1,6.907755278982137,1.0
6314,acceptability,1,1,6.907755278982137,1.0
6315,accommodate,1,1,6.907755278982137,1.0
6316,accompanies,1,1,6.907755278982137,1.0
6317,accomplished,1,1,6.907755278982137,1.0
6318,accordance,1,1,6.907755278982137,1.0
6319,accounted,1,1,6.907755278982137,1.0
6320,accounts,1,1,6.907755278982137,1.0
6321,accumulate,1,1,6.907755278982137,1.0
6322,accumulated,1,1,6.907755278982137,1.0
6323,accuracy,1,1,6.907755278982137,1.0
6324,acer,1,1,6.907755278982137,1.0
6325,acetaminophen,1,1,6.907755278982137,1.0
6326,acetazolamide,1,1,6.907755278982137,1.0
6327,acetyl,1,1,6.907755278982137,1.0
6328,acetylcholine-stimulated,1,1,6.907755278982137,1.0
6329,acetylcholinesterases,1,1,6.907755278982137,1.0
6330,achd,1,1,6.907755278982137,1.0
6331,ache,1,1,6.907755278982137,1.0
6332,achievable,1,1,6.907755278982137,1.0
6333,achievement,1,1,6.907755278982137,1.0
6334,acid-mutated,1,1,6.907755278982137,1.0
6335,acid-tgr5,1,1,6.907755278982137,1.0
6336,acidification,1,1,6.907755278982137,1.0
6337,acidosis,1,1,6.907755278982137,1.0
6338,acinus,1,1,6.907755278982137,1.0
6339,acne-related,1,1,6.907755278982137,1.0
6340,acquired,1,1,6.907755278982137,1.0
6341,acquiring,1,1,6.907755278982137,1.0
6342,acquisition,1,1,6.907755278982137,1.0
6343,acromegaly,1,1,6.907755278982137,1.0
6344,acsl,1,1,6.907755278982137,1.0
6345,acta,1,1,6.907755278982137,1.0
6346,acted,1,1,6.907755278982137,1.0
6347,acth,1,1,6.907755278982137,1.0
6348,actin-binding,1,1,6.907755278982137,1.0
6349,activation-induced,1,1,6.907755278982137,1.0
6350,activator,1,1,6.907755278982137,1.0
6351,active-substance,1,1,6.907755278982137,1.0
6352,activin,1,1,6.907755278982137,1.0
6353,activity-rest,1,1,6.907755278982137,1.0
6354,actual,1,1,6.907755278982137,1.0
6355,acuity,1,1,6.907755278982137,1.0
6356,acylated,1,1,6.907755278982137,1.0
6357,acyltransferase,1,1,6.907755278982137,1.0
6358,adapt,1,1,6.907755278982137,1.0
6359,adapting,1,1,6.907755278982137,1.0
6360,adapts,1,1,6.907755278982137,1.0
6361,addiction-like,1,1,6.907755278982137,1.0
6362,addictions,1,1,6.907755278982137,1.0
6363,adenine,1,1,6.907755278982137,1.0
6364,adenotonsillectomy,1,1,6.907755278982137,1.0
6365,adenoviral,1,1,6.907755278982137,1.0
6366,adequacy,1,1,6.907755278982137,1.0
6367,adequately,1,1,6.907755278982137,1.0
6368,adherent,1,1,6.907755278982137,1.0
6369,adheres,1,1,6.907755278982137,1.0
6370,adhesions,1,1,6.907755278982137,1.0
6371,adipocyte,1,1,6.907755278982137,1.0
6372,adipocytokine,1,1,6.907755278982137,1.0
6373,adipogenic,1,1,6.907755278982137,1.0
6374,adiponectin-glucagon-like,1,1,6.907755278982137,1.0
6375,adipostatic,1,1,6.907755278982137,1.0
6376,adjustable,1,1,6.907755278982137,1.0
6377,administer,1,1,6.907755278982137,1.0
6378,administrated,1,1,6.907755278982137,1.0
6379,administrations,1,1,6.907755278982137,1.0
6380,adrenal,1,1,6.907755278982137,1.0
6381,adrenalectomy,1,1,6.907755278982137,1.0
6382,advertised,1,1,6.907755278982137,1.0
6383,advertising,1,1,6.907755278982137,1.0
6384,advise,1,1,6.907755278982137,1.0
6385,advocacy,1,1,6.907755278982137,1.0
6386,advocate,1,1,6.907755278982137,1.0
6387,advocates,1,1,6.907755278982137,1.0
6388,advocating,1,1,6.907755278982137,1.0
6389,ae,1,1,6.907755278982137,1.0
6390,aed,1,1,6.907755278982137,1.0
6391,aerial,1,1,6.907755278982137,1.0
6392,affairs,1,1,6.907755278982137,1.0
6393,afferents,1,1,6.907755278982137,1.0
6394,affinity-selection,1,1,6.907755278982137,1.0
6395,affordability,1,1,6.907755278982137,1.0
6396,affordable,1,1,6.907755278982137,1.0
6397,affording,1,1,6.907755278982137,1.0
6398,african,1,1,6.907755278982137,1.0
6399,after-hyperpolarizing,1,1,6.907755278982137,1.0
6400,after-meal,1,1,6.907755278982137,1.0
6401,aga,1,1,6.907755278982137,1.0
6402,age-at-diagnosis,1,1,6.907755278982137,1.0
6403,age-dependent,1,1,6.907755278982137,1.0
6404,ageing,1,1,6.907755278982137,1.0
6405,agglomeration,1,1,6.907755278982137,1.0
6406,aggregate,1,1,6.907755278982137,1.0
6407,aggression,1,1,6.907755278982137,1.0
6408,agonise,1,1,6.907755278982137,1.0
6409,agonist-binding,1,1,6.907755278982137,1.0
6410,agonist-bound,1,1,6.907755278982137,1.0
6411,agonistsassociated,1,1,6.907755278982137,1.0
6412,agreement,1,1,6.907755278982137,1.0
6413,agtr,1,1,6.907755278982137,1.0
6414,ai-driven,1,1,6.907755278982137,1.0
6415,aib,1,1,6.907755278982137,1.0
6416,aiding,1,1,6.907755278982137,1.0
6417,aids,1,1,6.907755278982137,1.0
6418,aimemerging,1,1,6.907755278982137,1.0
6419,ain-93g,1,1,6.907755278982137,1.0
6420,aki-related,1,1,6.907755278982137,1.0
6421,akt-activating,1,1,6.907755278982137,1.0
6422,akt-glycogen,1,1,6.907755278982137,1.0
6423,alarming,1,1,6.907755278982137,1.0
6424,albiglutide-treated,1,1,6.907755278982137,1.0
6425,albumin-conjugating,1,1,6.907755278982137,1.0
6426,albuminuric,1,1,6.907755278982137,1.0
6427,alcohol-dependent,1,1,6.907755278982137,1.0
6428,alcohol-naive,1,1,6.907755278982137,1.0
6429,alcoholic,1,1,6.907755278982137,1.0
6430,ald,1,1,6.907755278982137,1.0
6431,alert,1,1,6.907755278982137,1.0
6432,align,1,1,6.907755278982137,1.0
6433,aligned,1,1,6.907755278982137,1.0
6434,alignment,1,1,6.907755278982137,1.0
6435,alike,1,1,6.907755278982137,1.0
6436,alizarin,1,1,6.907755278982137,1.0
6437,alkylation,1,1,6.907755278982137,1.0
6438,alleles,1,1,6.907755278982137,1.0
6439,allergic,1,1,6.907755278982137,1.0
6440,alleviation,1,1,6.907755278982137,1.0
6441,allied,1,1,6.907755278982137,1.0
6442,allocation,1,1,6.907755278982137,1.0
6443,allodynia,1,1,6.907755278982137,1.0
6444,allude,1,1,6.907755278982137,1.0
6445,alogliptin,1,1,6.907755278982137,1.0
6446,alpha-amino,1,1,6.907755278982137,1.0
6447,alpha-cell,1,1,6.907755278982137,1.0
6448,alpha-glucosidase,1,1,6.907755278982137,1.0
6449,alpha-helical,1,1,6.907755278982137,1.0
6450,alpha-helix,1,1,6.907755278982137,1.0
6451,alpha-linolenic,1,1,6.907755278982137,1.0
6452,alpigalangols,1,1,6.907755278982137,1.0
6453,alpinia,1,1,6.907755278982137,1.0
6454,als-specific,1,1,6.907755278982137,1.0
6455,alt,1,1,6.907755278982137,1.0
6456,alternate,1,1,6.907755278982137,1.0
6457,alveolar,1,1,6.907755278982137,1.0
6458,am,1,1,6.907755278982137,1.0
6459,amaryl,1,1,6.907755278982137,1.0
6460,america,1,1,6.907755278982137,1.0
6461,americans,1,1,6.907755278982137,1.0
6462,amgpssgapggggs,1,1,6.907755278982137,1.0
6463,amid,1,1,6.907755278982137,1.0
6464,amide-derived,1,1,6.907755278982137,1.0
6465,amide-induced,1,1,6.907755278982137,1.0
6466,amide-mediated,1,1,6.907755278982137,1.0
6467,amidst,1,1,6.907755278982137,1.0
6468,amino-3,1,1,6.907755278982137,1.0
6469,amino-sulfonic,1,1,6.907755278982137,1.0
6470,aminolauric,1,1,6.907755278982137,1.0
6471,aminopeptidase,1,1,6.907755278982137,1.0
6472,amnesia,1,1,6.907755278982137,1.0
6473,amomum,1,1,6.907755278982137,1.0
6474,amorphous,1,1,6.907755278982137,1.0
6475,ampa,1,1,6.907755278982137,1.0
6476,amphetamine-addiction,1,1,6.907755278982137,1.0
6477,amplifies,1,1,6.907755278982137,1.0
6478,amplify,1,1,6.907755278982137,1.0
6479,amplifying,1,1,6.907755278982137,1.0
6480,amstar,1,1,6.907755278982137,1.0
6481,amyloid-beta,1,1,6.907755278982137,1.0
6482,amyotrophic,1,1,6.907755278982137,1.0
6483,anabolism,1,1,6.907755278982137,1.0
6484,analgesic,1,1,6.907755278982137,1.0
6485,analog-regulated,1,1,6.907755278982137,1.0
6486,analyzes,1,1,6.907755278982137,1.0
6487,anatomic,1,1,6.907755278982137,1.0
6488,anatomically,1,1,6.907755278982137,1.0
6489,anatomy,1,1,6.907755278982137,1.0
6490,ancestry,1,1,6.907755278982137,1.0
6491,ancillary,1,1,6.907755278982137,1.0
6492,androgenetic,1,1,6.907755278982137,1.0
6493,android,1,1,6.907755278982137,1.0
6494,android-type,1,1,6.907755278982137,1.0
6495,anecdotal,1,1,6.907755278982137,1.0
6496,anecdotes,1,1,6.907755278982137,1.0
6497,anesthesia-related,1,1,6.907755278982137,1.0
6498,angiogenic,1,1,6.907755278982137,1.0
6499,angiotensinogen,1,1,6.907755278982137,1.0
6500,anglerfish,1,1,6.907755278982137,1.0
6501,anion,1,1,6.907755278982137,1.0
6502,anna,1,1,6.907755278982137,1.0
6503,anne,1,1,6.907755278982137,1.0
6504,annulation,1,1,6.907755278982137,1.0
6505,annulled,1,1,6.907755278982137,1.0
6506,annum,1,1,6.907755278982137,1.0
6507,anonymized,1,1,6.907755278982137,1.0
6508,anorexigens,1,1,6.907755278982137,1.0
6509,anovulatory,1,1,6.907755278982137,1.0
6510,antagonise,1,1,6.907755278982137,1.0
6511,antagonist-exn9-treated,1,1,6.907755278982137,1.0
6512,antagonistic,1,1,6.907755278982137,1.0
6513,antagonizing,1,1,6.907755278982137,1.0
6514,anthropometry,1,1,6.907755278982137,1.0
6515,anti-apoptosis,1,1,6.907755278982137,1.0
6516,anti-glp1r,1,1,6.907755278982137,1.0
6517,anti-glycaemic,1,1,6.907755278982137,1.0
6518,anti-infectious,1,1,6.907755278982137,1.0
6519,anti-inflammation,1,1,6.907755278982137,1.0
6520,anti-insulin-resistant,1,1,6.907755278982137,1.0
6521,anti-matrix,1,1,6.907755278982137,1.0
6522,anti-neoplastic,1,1,6.907755278982137,1.0
6523,anti-type,1,1,6.907755278982137,1.0
6524,antiallodynia,1,1,6.907755278982137,1.0
6525,antiapoptosis,1,1,6.907755278982137,1.0
6526,antibiotic-induced,1,1,6.907755278982137,1.0
6527,antibiotic-treated,1,1,6.907755278982137,1.0
6528,anticholinergic,1,1,6.907755278982137,1.0
6529,anticipate,1,1,6.907755278982137,1.0
6530,anticipation,1,1,6.907755278982137,1.0
6531,anticoagulation,1,1,6.907755278982137,1.0
6532,anticonvulsants,1,1,6.907755278982137,1.0
6533,antidepressant-like,1,1,6.907755278982137,1.0
6534,antidiabetogenic,1,1,6.907755278982137,1.0
6535,antidiarrhoeal,1,1,6.907755278982137,1.0
6536,antiemetic,1,1,6.907755278982137,1.0
6537,antiemetics,1,1,6.907755278982137,1.0
6538,antiepileptic,1,1,6.907755278982137,1.0
6539,antihypersensitive,1,1,6.907755278982137,1.0
6540,antiinflammatory,1,1,6.907755278982137,1.0
6541,antimicrobial,1,1,6.907755278982137,1.0
6542,antimotility,1,1,6.907755278982137,1.0
6543,antiplatelet,1,1,6.907755278982137,1.0
6544,antipsychotic,1,1,6.907755278982137,1.0
6545,antiresorptive,1,1,6.907755278982137,1.0
6546,antiretroviral,1,1,6.907755278982137,1.0
6547,antisense,1,1,6.907755278982137,1.0
6548,antistroke,1,1,6.907755278982137,1.0
6549,antithrombin,1,1,6.907755278982137,1.0
6550,antithrombotic,1,1,6.907755278982137,1.0
6551,antitumor,1,1,6.907755278982137,1.0
6552,antral,1,1,6.907755278982137,1.0
6553,aortae,1,1,6.907755278982137,1.0
6554,aortal,1,1,6.907755278982137,1.0
6555,apa,1,1,6.907755278982137,1.0
6556,apd-induced,1,1,6.907755278982137,1.0
6557,apelin-induced,1,1,6.907755278982137,1.0
6558,apical,1,1,6.907755278982137,1.0
6559,apo,1,1,6.907755278982137,1.0
6560,apob,1,1,6.907755278982137,1.0
6561,apparent,1,1,6.907755278982137,1.0
6562,appearance,1,1,6.907755278982137,1.0
6563,apperloo,1,1,6.907755278982137,1.0
6564,appetite-increasing,1,1,6.907755278982137,1.0
6565,appetite-inhibiting,1,1,6.907755278982137,1.0
6566,appetite-inhibitors,1,1,6.907755278982137,1.0
6567,appetite-reducing,1,1,6.907755278982137,1.0
6568,appetite-suppressive,1,1,6.907755278982137,1.0
6569,appetitive,1,1,6.907755278982137,1.0
6570,applicable,1,1,6.907755278982137,1.0
6571,apply,1,1,6.907755278982137,1.0
6572,apposition,1,1,6.907755278982137,1.0
6573,approached,1,1,6.907755278982137,1.0
6574,appropriately,1,1,6.907755278982137,1.0
6575,appropriately-could,1,1,6.907755278982137,1.0
6576,approvals,1,1,6.907755278982137,1.0
6577,approximated,1,1,6.907755278982137,1.0
6578,aquatic,1,1,6.907755278982137,1.0
6579,arachidonoylglycerol,1,1,6.907755278982137,1.0
6580,area-under-the-curve,1,1,6.907755278982137,1.0
6581,areata,1,1,6.907755278982137,1.0
6582,arginine-induced,1,1,6.907755278982137,1.0
6583,arglp-1,1,1,6.907755278982137,1.0
6584,arguably,1,1,6.907755278982137,1.0
6585,arip,1,1,6.907755278982137,1.0
6586,arisen,1,1,6.907755278982137,1.0
6587,arising,1,1,6.907755278982137,1.0
6588,arose,1,1,6.907755278982137,1.0
6589,arranged,1,1,6.907755278982137,1.0
6590,arranging,1,1,6.907755278982137,1.0
6591,arrhythmic,1,1,6.907755278982137,1.0
6592,arrive,1,1,6.907755278982137,1.0
6593,arrived,1,1,6.907755278982137,1.0
6594,arrs,1,1,6.907755278982137,1.0
6595,arteries-is,1,1,6.907755278982137,1.0
6596,arteriolar,1,1,6.907755278982137,1.0
6597,articulates,1,1,6.907755278982137,1.0
6598,ascertain,1,1,6.907755278982137,1.0
6599,ascertained,1,1,6.907755278982137,1.0
6600,ascertainment,1,1,6.907755278982137,1.0
6601,asenapine,1,1,6.907755278982137,1.0
6602,asgpr,1,1,6.907755278982137,1.0
6603,ashitaba,1,1,6.907755278982137,1.0
6604,asialoglycoprotein,1,1,6.907755278982137,1.0
6605,ask,1,1,6.907755278982137,1.0
6606,asked,1,1,6.907755278982137,1.0
6607,asn-65,1,1,6.907755278982137,1.0
6608,asp-15,1,1,6.907755278982137,1.0
6609,aspartate,1,1,6.907755278982137,1.0
6610,aspiration-related,1,1,6.907755278982137,1.0
6611,assaying,1,1,6.907755278982137,1.0
6612,assesses,1,1,6.907755278982137,1.0
6613,assigned,1,1,6.907755278982137,1.0
6614,assistance,1,1,6.907755278982137,1.0
6615,assoc,1,1,6.907755278982137,1.0
6616,associate,1,1,6.907755278982137,1.0
6617,assortment,1,1,6.907755278982137,1.0
6618,assume,1,1,6.907755278982137,1.0
6619,assumes,1,1,6.907755278982137,1.0
6620,assumptions,1,1,6.907755278982137,1.0
6621,assurance,1,1,6.907755278982137,1.0
6622,astype,1,1,6.907755278982137,1.0
6623,asud-related,1,1,6.907755278982137,1.0
6624,atgl,1,1,6.907755278982137,1.0
6625,atherothrombotic,1,1,6.907755278982137,1.0
6626,atmospheric,1,1,6.907755278982137,1.0
6627,atomic,1,1,6.907755278982137,1.0
6628,atoms,1,1,6.907755278982137,1.0
6629,atresia,1,1,6.907755278982137,1.0
6630,atria,1,1,6.907755278982137,1.0
6631,atropine-mediated,1,1,6.907755278982137,1.0
6632,attached,1,1,6.907755278982137,1.0
6633,attaining,1,1,6.907755278982137,1.0
6634,attempting,1,1,6.907755278982137,1.0
6635,attendant,1,1,6.907755278982137,1.0
6636,attending,1,1,6.907755278982137,1.0
6637,attribute,1,1,6.907755278982137,1.0
6638,attributing,1,1,6.907755278982137,1.0
6639,atypical,1,1,6.907755278982137,1.0
6640,au,1,1,6.907755278982137,1.0
6641,aucglp-1,1,1,6.907755278982137,1.0
6642,audited,1,1,6.907755278982137,1.0
6643,auditing,1,1,6.907755278982137,1.0
6644,aural,1,1,6.907755278982137,1.0
6645,auratus,1,1,6.907755278982137,1.0
6646,australia,1,1,6.907755278982137,1.0
6647,authorities,1,1,6.907755278982137,1.0
6648,authority,1,1,6.907755278982137,1.0
6649,authorized,1,1,6.907755278982137,1.0
6650,autoanalyzer,1,1,6.907755278982137,1.0
6651,autodigestion,1,1,6.907755278982137,1.0
6652,autoinhibitory,1,1,6.907755278982137,1.0
6653,autophagosome,1,1,6.907755278982137,1.0
6654,autophony,1,1,6.907755278982137,1.0
6655,autoradiographic,1,1,6.907755278982137,1.0
6656,auxiliary,1,1,6.907755278982137,1.0
6657,avascular,1,1,6.907755278982137,1.0
6658,avenue,1,1,6.907755278982137,1.0
6659,avert,1,1,6.907755278982137,1.0
6660,avian,1,1,6.907755278982137,1.0
6661,avidin-biotin-peroxidase,1,1,6.907755278982137,1.0
6662,axcess,1,1,6.907755278982137,1.0
6663,axin,1,1,6.907755278982137,1.0
6664,axis-independent,1,1,6.907755278982137,1.0
6665,azacytidine,1,1,6.907755278982137,1.0
6666,azc,1,1,6.907755278982137,1.0
6667,azelaic,1,1,6.907755278982137,1.0
6668,azidohomoalanine,1,1,6.907755278982137,1.0
6669,b-mediated,1,1,6.907755278982137,1.0
6670,backbone,1,1,6.907755278982137,1.0
6671,backbones,1,1,6.907755278982137,1.0
6672,backup,1,1,6.907755278982137,1.0
6673,bacteroides,1,1,6.907755278982137,1.0
6674,balances,1,1,6.907755278982137,1.0
6675,balancing,1,1,6.907755278982137,1.0
6676,balf,1,1,6.907755278982137,1.0
6677,baml,1,1,6.907755278982137,1.0
6678,bandage,1,1,6.907755278982137,1.0
6679,banding,1,1,6.907755278982137,1.0
6680,bapta-am,1,1,6.907755278982137,1.0
6681,barely,1,1,6.907755278982137,1.0
6682,barley,1,1,6.907755278982137,1.0
6683,barrier-promoting,1,1,6.907755278982137,1.0
6684,basing,1,1,6.907755278982137,1.0
6685,basolateral,1,1,6.907755278982137,1.0
6686,batatas,1,1,6.907755278982137,1.0
6687,bath,1,1,6.907755278982137,1.0
6688,baths,1,1,6.907755278982137,1.0
6689,bayes,1,1,6.907755278982137,1.0
6690,bbb,1,1,6.907755278982137,1.0
6691,bcise,1,1,6.907755278982137,1.0
6692,bcl-2,1,1,6.907755278982137,1.0
6693,bcm,1,1,6.907755278982137,1.0
6694,bd,1,1,6.907755278982137,1.0
6695,bdnf,1,1,6.907755278982137,1.0
6696,bdnf-trkb,1,1,6.907755278982137,1.0
6697,be-informed,1,1,6.907755278982137,1.0
6698,beckman,1,1,6.907755278982137,1.0
6699,beclin-1,1,1,6.907755278982137,1.0
6700,beds,1,1,6.907755278982137,1.0
6701,beforehand,1,1,6.907755278982137,1.0
6702,begin,1,1,6.907755278982137,1.0
6703,behavior-lifestyle,1,1,6.907755278982137,1.0
6704,belong,1,1,6.907755278982137,1.0
6705,belonged,1,1,6.907755278982137,1.0
6706,belongs,1,1,6.907755278982137,1.0
6707,bench,1,1,6.907755278982137,1.0
6708,benchside,1,1,6.907755278982137,1.0
6709,beneath,1,1,6.907755278982137,1.0
6710,beneficially,1,1,6.907755278982137,1.0
6711,benefit-to-risk,1,1,6.907755278982137,1.0
6712,benefitial,1,1,6.907755278982137,1.0
6713,benefitted,1,1,6.907755278982137,1.0
6714,benefitting,1,1,6.907755278982137,1.0
6715,bes,1,1,6.907755278982137,1.0
6716,beside,1,1,6.907755278982137,1.0
6717,bestow,1,1,6.907755278982137,1.0
6718,beta-adrenergic,1,1,6.907755278982137,1.0
6719,beta-cell-associated,1,1,6.907755278982137,1.0
6720,beta-cell-preserving,1,1,6.907755278982137,1.0
6721,between-group,1,1,6.907755278982137,1.0
6722,bia,1,1,6.907755278982137,1.0
6723,bian,1,1,6.907755278982137,1.0
6724,biases,1,1,6.907755278982137,1.0
6725,bibliographic,1,1,6.907755278982137,1.0
6726,bibliographically,1,1,6.907755278982137,1.0
6727,bibliographies,1,1,6.907755278982137,1.0
6728,bicarbonate-containing,1,1,6.907755278982137,1.0
6729,bicuculline,1,1,6.907755278982137,1.0
6730,bicyclic,1,1,6.907755278982137,1.0
6731,bifidobacteria,1,1,6.907755278982137,1.0
6732,bighead,1,1,6.907755278982137,1.0
6733,biguanide,1,1,6.907755278982137,1.0
6734,biguanides,1,1,6.907755278982137,1.0
6735,biie,1,1,6.907755278982137,1.0
6736,bilaterally,1,1,6.907755278982137,1.0
6737,binary,1,1,6.907755278982137,1.0
6738,binder,1,1,6.907755278982137,1.0
6739,binge-episode,1,1,6.907755278982137,1.0
6740,binocular,1,1,6.907755278982137,1.0
6741,bio-efficacy,1,1,6.907755278982137,1.0
6742,bioaccessibility,1,1,6.907755278982137,1.0
6743,bioactives,1,1,6.907755278982137,1.0
6744,bioactivities,1,1,6.907755278982137,1.0
6745,bioanalytical,1,1,6.907755278982137,1.0
6746,biochemistry,1,1,6.907755278982137,1.0
6747,bioconjugation,1,1,6.907755278982137,1.0
6748,biodistribution,1,1,6.907755278982137,1.0
6749,bioelectrical,1,1,6.907755278982137,1.0
6750,biogenesis,1,1,6.907755278982137,1.0
6751,bioimaging,1,1,6.907755278982137,1.0
6752,bioimpedance,1,1,6.907755278982137,1.0
6753,biologics,1,1,6.907755278982137,1.0
6754,bioluminescence,1,1,6.907755278982137,1.0
6755,biomarker-guided,1,1,6.907755278982137,1.0
6756,biomaterial,1,1,6.907755278982137,1.0
6757,biomed,1,1,6.907755278982137,1.0
6758,biomolecular,1,1,6.907755278982137,1.0
6759,bioorthogonal,1,1,6.907755278982137,1.0
6760,biopharmaceutical,1,1,6.907755278982137,1.0
6761,biopotencies,1,1,6.907755278982137,1.0
6762,biopsies,1,1,6.907755278982137,1.0
6763,biopsy,1,1,6.907755278982137,1.0
6764,biorelevant,1,1,6.907755278982137,1.0
6765,biorthogonal,1,1,6.907755278982137,1.0
6766,biotech,1,1,6.907755278982137,1.0
6767,biotherapeutic,1,1,6.907755278982137,1.0
6768,bip,1,1,6.907755278982137,1.0
6769,biphenylalanine,1,1,6.907755278982137,1.0
6770,bir,1,1,6.907755278982137,1.0
6771,birth,1,1,6.907755278982137,1.0
6772,bitterdb,1,1,6.907755278982137,1.0
6773,bitterx,1,1,6.907755278982137,1.0
6774,bjerre,1,1,6.907755278982137,1.0
6775,black-box,1,1,6.907755278982137,1.0
6776,blanket,1,1,6.907755278982137,1.0
6777,bleeding,1,1,6.907755278982137,1.0
6778,blockage,1,1,6.907755278982137,1.0
6779,blonde,1,1,6.907755278982137,1.0
6780,blood-glucose-improving,1,1,6.907755278982137,1.0
6781,blood-testis,1,1,6.907755278982137,1.0
6782,blue,1,1,6.907755278982137,1.0
6783,blunting,1,1,6.907755278982137,1.0
6784,blurring,1,1,6.907755278982137,1.0
6785,bmis,1,1,6.907755278982137,1.0
6786,bmj,1,1,6.907755278982137,1.0
6787,boarder,1,1,6.907755278982137,1.0
6788,bode,1,1,6.907755278982137,1.0
6789,body-mediated,1,1,6.907755278982137,1.0
6790,boiled,1,1,6.907755278982137,1.0
6791,boiling,1,1,6.907755278982137,1.0
6792,bond,1,1,6.907755278982137,1.0
6793,bonding,1,1,6.907755278982137,1.0
6794,box,1,1,6.907755278982137,1.0
6795,boxed,1,1,6.907755278982137,1.0
6796,bradford,1,1,6.907755278982137,1.0
6797,bradykinesia,1,1,6.907755278982137,1.0
6798,brain-gut,1,1,6.907755278982137,1.0
6799,brain-gut-heart,1,1,6.907755278982137,1.0
6800,brain-imaging,1,1,6.907755278982137,1.0
6801,brain-liver,1,1,6.907755278982137,1.0
6802,brain-mediated,1,1,6.907755278982137,1.0
6803,brainstem-hypothalamic,1,1,6.907755278982137,1.0
6804,branch,1,1,6.907755278982137,1.0
6805,branded,1,1,6.907755278982137,1.0
6806,breaking,1,1,6.907755278982137,1.0
6807,breakthroughs,1,1,6.907755278982137,1.0
6808,breastfeeding,1,1,6.907755278982137,1.0
6809,briggs,1,1,6.907755278982137,1.0
6810,bright,1,1,6.907755278982137,1.0
6811,brilliant,1,1,6.907755278982137,1.0
6812,brin,1,1,6.907755278982137,1.0
6813,bringing,1,1,6.907755278982137,1.0
6814,brings,1,1,6.907755278982137,1.0
6815,broadened,1,1,6.907755278982137,1.0
6816,broadening,1,1,6.907755278982137,1.0
6817,brominated,1,1,6.907755278982137,1.0
6818,bronchi,1,1,6.907755278982137,1.0
6819,bronchoalveolar,1,1,6.907755278982137,1.0
6820,bronchoscopy,1,1,6.907755278982137,1.0
6821,brought,1,1,6.907755278982137,1.0
6822,brown-egg,1,1,6.907755278982137,1.0
6823,brush,1,1,6.907755278982137,1.0
6824,brush-border,1,1,6.907755278982137,1.0
6825,bsa,1,1,6.907755278982137,1.0
6826,bsp,1,1,6.907755278982137,1.0
6827,bucked,1,1,6.907755278982137,1.0
6828,bud,1,1,6.907755278982137,1.0
6829,budesonide,1,1,6.907755278982137,1.0
6830,buds,1,1,6.907755278982137,1.0
6831,buffering,1,1,6.907755278982137,1.0
6832,buffers,1,1,6.907755278982137,1.0
6833,bufo,1,1,6.907755278982137,1.0
6834,building,1,1,6.907755278982137,1.0
6835,built,1,1,6.907755278982137,1.0
6836,bullets,1,1,6.907755278982137,1.0
6837,bullfrog,1,1,6.907755278982137,1.0
6838,burdensome,1,1,6.907755278982137,1.0
6839,burgeoning,1,1,6.907755278982137,1.0
6840,burns,1,1,6.907755278982137,1.0
6841,burst,1,1,6.907755278982137,1.0
6842,butyricum-pmtl007-glucagon-like,1,1,6.907755278982137,1.0
6843,byproducts,1,1,6.907755278982137,1.0
6844,c-16,1,1,6.907755278982137,1.0
6845,c-21,1,1,6.907755278982137,1.0
6846,c-cell,1,1,6.907755278982137,1.0
6847,c-glucose,1,1,6.907755278982137,1.0
6848,cabg,1,1,6.907755278982137,1.0
6849,cacna,1,1,6.907755278982137,1.0
6850,cafeteria-fed,1,1,6.907755278982137,1.0
6851,cag-cat-glp1r,1,1,6.907755278982137,1.0
6852,calcium-chelating,1,1,6.907755278982137,1.0
6853,calcium-sensing,1,1,6.907755278982137,1.0
6854,calculating,1,1,6.907755278982137,1.0
6855,calculation,1,1,6.907755278982137,1.0
6856,calculations,1,1,6.907755278982137,1.0
6857,calibration,1,1,6.907755278982137,1.0
6858,calorically,1,1,6.907755278982137,1.0
6859,calorically-restricted,1,1,6.907755278982137,1.0
6860,calorimetry,1,1,6.907755278982137,1.0
6861,came,1,1,6.907755278982137,1.0
6862,camkii,1,1,6.907755278982137,1.0
6863,camp-creb,1,1,6.907755278982137,1.0
6864,camp-responsive,1,1,6.907755278982137,1.0
6865,camp-stimulated,1,1,6.907755278982137,1.0
6866,canada,1,1,6.907755278982137,1.0
6867,cancellation,1,1,6.907755278982137,1.0
6868,candidacy,1,1,6.907755278982137,1.0
6869,cannabinoids,1,1,6.907755278982137,1.0
6870,cannulation,1,1,6.907755278982137,1.0
6871,canonically,1,1,6.907755278982137,1.0
6872,capability,1,1,6.907755278982137,1.0
6873,capillaries,1,1,6.907755278982137,1.0
6874,capillary,1,1,6.907755278982137,1.0
6875,caprylate,1,1,6.907755278982137,1.0
6876,captivated,1,1,6.907755278982137,1.0
6877,capturing,1,1,6.907755278982137,1.0
6878,carassius,1,1,6.907755278982137,1.0
6879,carboxybetaine,1,1,6.907755278982137,1.0
6880,carboxyl-terminal,1,1,6.907755278982137,1.0
6881,cardinal,1,1,6.907755278982137,1.0
6882,cardiometabolically,1,1,6.907755278982137,1.0
6883,cardiomyoblast,1,1,6.907755278982137,1.0
6884,cardiomyopathic,1,1,6.907755278982137,1.0
6885,cardiovasc,1,1,6.907755278982137,1.0
6886,cardiovascular-renal,1,1,6.907755278982137,1.0
6887,cardioversion,1,1,6.907755278982137,1.0
6888,caring,1,1,6.907755278982137,1.0
6889,carp,1,1,6.907755278982137,1.0
6890,carries,1,1,6.907755278982137,1.0
6891,case-control,1,1,6.907755278982137,1.0
6892,caseinate,1,1,6.907755278982137,1.0
6893,casework,1,1,6.907755278982137,1.0
6894,casp,1,1,6.907755278982137,1.0
6895,cassette,1,1,6.907755278982137,1.0
6896,castrate-resistant,1,1,6.907755278982137,1.0
6897,catalyst,1,1,6.907755278982137,1.0
6898,catalysts,1,1,6.907755278982137,1.0
6899,catalyzes,1,1,6.907755278982137,1.0
6900,catecholaminergic,1,1,6.907755278982137,1.0
6901,categorizing,1,1,6.907755278982137,1.0
6902,cation,1,1,6.907755278982137,1.0
6903,cation-independent,1,1,6.907755278982137,1.0
6904,caucasian,1,1,6.907755278982137,1.0
6905,caught,1,1,6.907755278982137,1.0
6906,causally,1,1,6.907755278982137,1.0
6907,causative,1,1,6.907755278982137,1.0
6908,cbp,1,1,6.907755278982137,1.0
6909,cc,1,1,6.907755278982137,1.0
6910,cdahfd,1,1,6.907755278982137,1.0
6911,cdahfd-induced,1,1,6.907755278982137,1.0
6912,cecum,1,1,6.907755278982137,1.0
6913,cell-based,1,1,6.907755278982137,1.0
6914,cell-survival,1,1,6.907755278982137,1.0
6915,cells-derived,1,1,6.907755278982137,1.0
6916,cellular-level,1,1,6.907755278982137,1.0
6917,centrifugation,1,1,6.907755278982137,1.0
6918,cephalic,1,1,6.907755278982137,1.0
6919,ceramidase,1,1,6.907755278982137,1.0
6920,cerebrometabolic,1,1,6.907755278982137,1.0
6921,cerebrospinal,1,1,6.907755278982137,1.0
6922,cerebrovasc,1,1,6.907755278982137,1.0
6923,cetsa,1,1,6.907755278982137,1.0
6924,cf-related,1,1,6.907755278982137,1.0
6925,cfos,1,1,6.907755278982137,1.0
6926,cfos-expression,1,1,6.907755278982137,1.0
6927,cfp-tagged,1,1,6.907755278982137,1.0
6928,cftr,1,1,6.907755278982137,1.0
6929,cgm-derived,1,1,6.907755278982137,1.0
6930,chalcones,1,1,6.907755278982137,1.0
6931,chamber-specific,1,1,6.907755278982137,1.0
6932,champion,1,1,6.907755278982137,1.0
6933,chance,1,1,6.907755278982137,1.0
6934,chances,1,1,6.907755278982137,1.0
6935,chaperone-mediated,1,1,6.907755278982137,1.0
6936,chaperones,1,1,6.907755278982137,1.0
6937,chapter,1,1,6.907755278982137,1.0
6938,character,1,1,6.907755278982137,1.0
6939,characterising,1,1,6.907755278982137,1.0
6940,characterizes,1,1,6.907755278982137,1.0
6941,charges,1,1,6.907755278982137,1.0
6942,charted,1,1,6.907755278982137,1.0
6943,check,1,1,6.907755278982137,1.0
6944,cheeks,1,1,6.907755278982137,1.0
6945,chemo,1,1,6.907755278982137,1.0
6946,chemo-sensors,1,1,6.907755278982137,1.0
6947,chemoresistance,1,1,6.907755278982137,1.0
6948,chemosensing,1,1,6.907755278982137,1.0
6949,chemosensors,1,1,6.907755278982137,1.0
6950,chemosensory,1,1,6.907755278982137,1.0
6951,chemotherapy,1,1,6.907755278982137,1.0
6952,chemotypes,1,1,6.907755278982137,1.0
6953,chest,1,1,6.907755278982137,1.0
6954,chi,1,1,6.907755278982137,1.0
6955,chickens,1,1,6.907755278982137,1.0
6956,childbearing,1,1,6.907755278982137,1.0
6957,chimera,1,1,6.907755278982137,1.0
6958,chin,1,1,6.907755278982137,1.0
6959,chiral,1,1,6.907755278982137,1.0
6960,chlorinated,1,1,6.907755278982137,1.0
6961,cho-k1,1,1,6.907755278982137,1.0
6962,chol,1,1,6.907755278982137,1.0
6963,cholesteryl,1,1,6.907755278982137,1.0
6964,choline,1,1,6.907755278982137,1.0
6965,choline-deficient,1,1,6.907755278982137,1.0
6966,chondrocytes,1,1,6.907755278982137,1.0
6967,chondroprotective,1,1,6.907755278982137,1.0
6968,choroid,1,1,6.907755278982137,1.0
6969,chose,1,1,6.907755278982137,1.0
6970,chosen,1,1,6.907755278982137,1.0
6971,chow-fed,1,1,6.907755278982137,1.0
6972,chromatin,1,1,6.907755278982137,1.0
6973,chromatography-mass,1,1,6.907755278982137,1.0
6974,chromogranin,1,1,6.907755278982137,1.0
6975,chrono-entrainment,1,1,6.907755278982137,1.0
6976,chub,1,1,6.907755278982137,1.0
6977,chyme,1,1,6.907755278982137,1.0
6978,ci-m6pr,1,1,6.907755278982137,1.0
6979,cinahl,1,1,6.907755278982137,1.0
6980,circuitry,1,1,6.907755278982137,1.0
6981,circumstances,1,1,6.907755278982137,1.0
6982,circumvallate,1,1,6.907755278982137,1.0
6983,cis-unsaturated,1,1,6.907755278982137,1.0
6984,citation,1,1,6.907755278982137,1.0
6985,citations,1,1,6.907755278982137,1.0
6986,citrate,1,1,6.907755278982137,1.0
6987,citric,1,1,6.907755278982137,1.0
6988,claiming,1,1,6.907755278982137,1.0
6989,clamp,1,1,6.907755278982137,1.0
6990,clamps,1,1,6.907755278982137,1.0
6991,clarification,1,1,6.907755278982137,1.0
6992,clarifies,1,1,6.907755278982137,1.0
6993,class-wide,1,1,6.907755278982137,1.0
6994,cleave,1,1,6.907755278982137,1.0
6995,cleaved,1,1,6.907755278982137,1.0
6996,cleaves,1,1,6.907755278982137,1.0
6997,clocks,1,1,6.907755278982137,1.0
6998,closed-loop,1,1,6.907755278982137,1.0
6999,closer,1,1,6.907755278982137,1.0
7000,closing,1,1,6.907755278982137,1.0
7001,clostridium,1,1,6.907755278982137,1.0
7002,closure,1,1,6.907755278982137,1.0
7003,clozapine,1,1,6.907755278982137,1.0
7004,clpr-increased,1,1,6.907755278982137,1.0
7005,clpr-induced,1,1,6.907755278982137,1.0
7006,cnki,1,1,6.907755278982137,1.0
7007,co-activate,1,1,6.907755278982137,1.0
7008,co-activation,1,1,6.907755278982137,1.0
7009,co-exist,1,1,6.907755278982137,1.0
7010,co-existence,1,1,6.907755278982137,1.0
7011,co-formulations,1,1,6.907755278982137,1.0
7012,co-infusion,1,1,6.907755278982137,1.0
7013,co-ip,1,1,6.907755278982137,1.0
7014,co-labeling,1,1,6.907755278982137,1.0
7015,co-labelled,1,1,6.907755278982137,1.0
7016,co-localisation,1,1,6.907755278982137,1.0
7017,co-localization,1,1,6.907755278982137,1.0
7018,co-localize,1,1,6.907755278982137,1.0
7019,co-medications,1,1,6.907755278982137,1.0
7020,co-morbid,1,1,6.907755278982137,1.0
7021,co-occur,1,1,6.907755278982137,1.0
7022,co-releases,1,1,6.907755278982137,1.0
7023,co-secretes,1,1,6.907755278982137,1.0
7024,co-stored,1,1,6.907755278982137,1.0
7025,co-structures,1,1,6.907755278982137,1.0
7026,co-transporters,1,1,6.907755278982137,1.0
7027,co-treatment,1,1,6.907755278982137,1.0
7028,coactivator,1,1,6.907755278982137,1.0
7029,coagulation,1,1,6.907755278982137,1.0
7030,coated,1,1,6.907755278982137,1.0
7031,coded,1,1,6.907755278982137,1.0
7032,codominant,1,1,6.907755278982137,1.0
7033,codon-optimized,1,1,6.907755278982137,1.0
7034,coefficient,1,1,6.907755278982137,1.0
7035,coeliac,1,1,6.907755278982137,1.0
7036,coexist,1,1,6.907755278982137,1.0
7037,coexpression,1,1,6.907755278982137,1.0
7038,coformulated,1,1,6.907755278982137,1.0
7039,cognitively,1,1,6.907755278982137,1.0
7040,cohesion,1,1,6.907755278982137,1.0
7041,coincides,1,1,6.907755278982137,1.0
7042,coingested,1,1,6.907755278982137,1.0
7043,col,1,1,6.907755278982137,1.0
7044,cold,1,1,6.907755278982137,1.0
7045,cold-chain,1,1,6.907755278982137,1.0
7046,collaborators,1,1,6.907755278982137,1.0
7047,collate,1,1,6.907755278982137,1.0
7048,collated,1,1,6.907755278982137,1.0
7049,collecting,1,1,6.907755278982137,1.0
7050,collective,1,1,6.907755278982137,1.0
7051,college,1,1,6.907755278982137,1.0
7052,colocalization,1,1,6.907755278982137,1.0
7053,colocalized,1,1,6.907755278982137,1.0
7054,colon-rectal,1,1,6.907755278982137,1.0
7055,colonization,1,1,6.907755278982137,1.0
7056,colonocytes,1,1,6.907755278982137,1.0
7057,colons,1,1,6.907755278982137,1.0
7058,colony-initiating,1,1,6.907755278982137,1.0
7059,colorectal,1,1,6.907755278982137,1.0
7060,columnar,1,1,6.907755278982137,1.0
7061,combating,1,1,6.907755278982137,1.0
7062,combats,1,1,6.907755278982137,1.0
7063,combatting,1,1,6.907755278982137,1.0
7064,combinatorial,1,1,6.907755278982137,1.0
7065,combinatory,1,1,6.907755278982137,1.0
7066,comes,1,1,6.907755278982137,1.0
7067,commandeered,1,1,6.907755278982137,1.0
7068,commenced,1,1,6.907755278982137,1.0
7069,commencement,1,1,6.907755278982137,1.0
7070,commendable,1,1,6.907755278982137,1.0
7071,comment,1,1,6.907755278982137,1.0
7072,commissural,1,1,6.907755278982137,1.0
7073,commissure,1,1,6.907755278982137,1.0
7074,committed,1,1,6.907755278982137,1.0
7075,committee,1,1,6.907755278982137,1.0
7076,commonalities,1,1,6.907755278982137,1.0
7077,communities,1,1,6.907755278982137,1.0
7078,community-based,1,1,6.907755278982137,1.0
7079,companies,1,1,6.907755278982137,1.0
7080,company,1,1,6.907755278982137,1.0
7081,compensated,1,1,6.907755278982137,1.0
7082,compensatory,1,1,6.907755278982137,1.0
7083,competence,1,1,6.907755278982137,1.0
7084,competes,1,1,6.907755278982137,1.0
7085,complaints,1,1,6.907755278982137,1.0
7086,complementing,1,1,6.907755278982137,1.0
7087,complements,1,1,6.907755278982137,1.0
7088,complexities,1,1,6.907755278982137,1.0
7089,compliance-limiting,1,1,6.907755278982137,1.0
7090,compliant,1,1,6.907755278982137,1.0
7091,composition-of-matter,1,1,6.907755278982137,1.0
7092,compounded,1,1,6.907755278982137,1.0
7093,comprehending,1,1,6.907755278982137,1.0
7094,comprehension,1,1,6.907755278982137,1.0
7095,compulsive,1,1,6.907755278982137,1.0
7096,concentrate,1,1,6.907755278982137,1.0
7097,concentrates,1,1,6.907755278982137,1.0
7098,concentrating,1,1,6.907755278982137,1.0
7099,conceptual,1,1,6.907755278982137,1.0
7100,conceptualized,1,1,6.907755278982137,1.0
7101,conceptually,1,1,6.907755278982137,1.0
7102,concerned,1,1,6.907755278982137,1.0
7103,concise,1,1,6.907755278982137,1.0
7104,concludes,1,1,6.907755278982137,1.0
7105,conclusionscertain,1,1,6.907755278982137,1.0
7106,conclusively,1,1,6.907755278982137,1.0
7107,concrete,1,1,6.907755278982137,1.0
7108,condensed,1,1,6.907755278982137,1.0
7109,conditional,1,1,6.907755278982137,1.0
7110,conditioned,1,1,6.907755278982137,1.0
7111,conductance,1,1,6.907755278982137,1.0
7112,conducting,1,1,6.907755278982137,1.0
7113,conduction,1,1,6.907755278982137,1.0
7114,conferred,1,1,6.907755278982137,1.0
7115,confidentiality,1,1,6.907755278982137,1.0
7116,configuration,1,1,6.907755278982137,1.0
7117,confined,1,1,6.907755278982137,1.0
7118,confirmation,1,1,6.907755278982137,1.0
7119,conformationally-constrained,1,1,6.907755278982137,1.0
7120,conformations,1,1,6.907755278982137,1.0
7121,confronted,1,1,6.907755278982137,1.0
7122,confusion,1,1,6.907755278982137,1.0
7123,conjectures,1,1,6.907755278982137,1.0
7124,conjugating,1,1,6.907755278982137,1.0
7125,connectedness,1,1,6.907755278982137,1.0
7126,connects,1,1,6.907755278982137,1.0
7127,consecutive,1,1,6.907755278982137,1.0
7128,consensus-based,1,1,6.907755278982137,1.0
7129,considerably,1,1,6.907755278982137,1.0
7130,consolidate,1,1,6.907755278982137,1.0
7131,constantly,1,1,6.907755278982137,1.0
7132,constants,1,1,6.907755278982137,1.0
7133,constellation,1,1,6.907755278982137,1.0
7134,constituents,1,1,6.907755278982137,1.0
7135,constrict,1,1,6.907755278982137,1.0
7136,construction,1,1,6.907755278982137,1.0
7137,constructs,1,1,6.907755278982137,1.0
7138,consultations,1,1,6.907755278982137,1.0
7139,consummatory,1,1,6.907755278982137,1.0
7140,contact,1,1,6.907755278982137,1.0
7141,containment,1,1,6.907755278982137,1.0
7142,contend,1,1,6.907755278982137,1.0
7143,contentious,1,1,6.907755278982137,1.0
7144,context-dependent,1,1,6.907755278982137,1.0
7145,continuing,1,1,6.907755278982137,1.0
7146,continuity,1,1,6.907755278982137,1.0
7147,continuum,1,1,6.907755278982137,1.0
7148,contouring,1,1,6.907755278982137,1.0
7149,contraceptive,1,1,6.907755278982137,1.0
7150,contraction,1,1,6.907755278982137,1.0
7151,contraindicated,1,1,6.907755278982137,1.0
7152,contrasts,1,1,6.907755278982137,1.0
7153,contributors,1,1,6.907755278982137,1.0
7154,contributory,1,1,6.907755278982137,1.0
7155,controversies,1,1,6.907755278982137,1.0
7156,convened,1,1,6.907755278982137,1.0
7157,convergence,1,1,6.907755278982137,1.0
7158,conversion,1,1,6.907755278982137,1.0
7159,convert,1,1,6.907755278982137,1.0
7160,conveys,1,1,6.907755278982137,1.0
7161,convincing,1,1,6.907755278982137,1.0
7162,coomassie,1,1,6.907755278982137,1.0
7163,coomatide,1,1,6.907755278982137,1.0
7164,cooperates,1,1,6.907755278982137,1.0
7165,cooperative,1,1,6.907755278982137,1.0
7166,coordinates,1,1,6.907755278982137,1.0
7167,coordinating,1,1,6.907755278982137,1.0
7168,coprescribed,1,1,6.907755278982137,1.0
7169,coreleased,1,1,6.907755278982137,1.0
7170,corner,1,1,6.907755278982137,1.0
7171,correct,1,1,6.907755278982137,1.0
7172,corrects,1,1,6.907755278982137,1.0
7173,corresponded,1,1,6.907755278982137,1.0
7174,correspondence,1,1,6.907755278982137,1.0
7175,correspondent,1,1,6.907755278982137,1.0
7176,correspondingly,1,1,6.907755278982137,1.0
7177,corroborated,1,1,6.907755278982137,1.0
7178,corroborating,1,1,6.907755278982137,1.0
7179,corticosteroids,1,1,6.907755278982137,1.0
7180,corticotropin,1,1,6.907755278982137,1.0
7181,cotadutide,1,1,6.907755278982137,1.0
7182,cotreatment,1,1,6.907755278982137,1.0
7183,coturnix,1,1,6.907755278982137,1.0
7184,coulter,1,1,6.907755278982137,1.0
7185,counter-regulatory,1,1,6.907755278982137,1.0
7186,countermeasures,1,1,6.907755278982137,1.0
7187,counterregulatory,1,1,6.907755278982137,1.0
7188,counts,1,1,6.907755278982137,1.0
7189,couple,1,1,6.907755278982137,1.0
7190,couples,1,1,6.907755278982137,1.0
7191,courses,1,1,6.907755278982137,1.0
7192,cousin,1,1,6.907755278982137,1.0
7193,covalently,1,1,6.907755278982137,1.0
7194,covariates,1,1,6.907755278982137,1.0
7195,cover,1,1,6.907755278982137,1.0
7196,cox,1,1,6.907755278982137,1.0
7197,cp,1,1,6.907755278982137,1.0
7198,cr-edta,1,1,6.907755278982137,1.0
7199,craniofacial,1,1,6.907755278982137,1.0
7200,cravings,1,1,6.907755278982137,1.0
7201,creasing,1,1,6.907755278982137,1.0
7202,creates,1,1,6.907755278982137,1.0
7203,creatinine,1,1,6.907755278982137,1.0
7204,creative,1,1,6.907755278982137,1.0
7205,crebbp,1,1,6.907755278982137,1.0
7206,creer,1,1,6.907755278982137,1.0
7207,crispr-cas9,1,1,6.907755278982137,1.0
7208,critique,1,1,6.907755278982137,1.0
7209,crnp,1,1,6.907755278982137,1.0
7210,crocin,1,1,6.907755278982137,1.0
7211,cross-disorder,1,1,6.907755278982137,1.0
7212,cross-linking,1,1,6.907755278982137,1.0
7213,cross-react,1,1,6.907755278982137,1.0
7214,cross-reactivity,1,1,6.907755278982137,1.0
7215,cross-referencing,1,1,6.907755278982137,1.0
7216,crossed,1,1,6.907755278982137,1.0
7217,crossroads,1,1,6.907755278982137,1.0
7218,crp,1,1,6.907755278982137,1.0
7219,crude,1,1,6.907755278982137,1.0
7220,crush,1,1,6.907755278982137,1.0
7221,cryoelectron,1,1,6.907755278982137,1.0
7222,cryogenic,1,1,6.907755278982137,1.0
7223,cryptic,1,1,6.907755278982137,1.0
7224,cue,1,1,6.907755278982137,1.0
7225,cui,1,1,6.907755278982137,1.0
7226,culminating,1,1,6.907755278982137,1.0
7227,culprit,1,1,6.907755278982137,1.0
7228,curative,1,1,6.907755278982137,1.0
7229,curcumin,1,1,6.907755278982137,1.0
7230,curiosity,1,1,6.907755278982137,1.0
7231,curtail,1,1,6.907755278982137,1.0
7232,customized,1,1,6.907755278982137,1.0
7233,cut-off,1,1,6.907755278982137,1.0
7234,cvps,1,1,6.907755278982137,1.0
7235,cyclase-activating,1,1,6.907755278982137,1.0
7236,cyclase-camp,1,1,6.907755278982137,1.0
7237,cyclase-mediated,1,1,6.907755278982137,1.0
7238,cyclization,1,1,6.907755278982137,1.0
7239,cyclohepta,1,1,6.907755278982137,1.0
7240,cyclopenta,1,1,6.907755278982137,1.0
7241,cynanchum,1,1,6.907755278982137,1.0
7242,cynomolgus,1,1,6.907755278982137,1.0
7243,cysteine-mediated,1,1,6.907755278982137,1.0
7244,cysteines,1,1,6.907755278982137,1.0
7245,cytometry,1,1,6.907755278982137,1.0
7246,cytoprotection,1,1,6.907755278982137,1.0
7247,cytoprotective,1,1,6.907755278982137,1.0
7248,cytosol,1,1,6.907755278982137,1.0
7249,cytosolic,1,1,6.907755278982137,1.0
7250,cytotoxic,1,1,6.907755278982137,1.0
7251,d-cells,1,1,6.907755278982137,1.0
7252,d-galactoside,1,1,6.907755278982137,1.0
7253,d-lys3,1,1,6.907755278982137,1.0
7254,d-old,1,1,6.907755278982137,1.0
7255,d-sim,1,1,6.907755278982137,1.0
7256,d-specific,1,1,6.907755278982137,1.0
7257,d-xylose,1,1,6.907755278982137,1.0
7258,da-15864,1,1,6.907755278982137,1.0
7259,daergic,1,1,6.907755278982137,1.0
7260,dairy,1,1,6.907755278982137,1.0
7261,daizein,1,1,6.907755278982137,1.0
7262,dampened,1,1,6.907755278982137,1.0
7263,dampening,1,1,6.907755278982137,1.0
7264,dams,1,1,6.907755278982137,1.0
7265,dapagliflozin,1,1,6.907755278982137,1.0
7266,dat,1,1,6.907755278982137,1.0
7267,dates,1,1,6.907755278982137,1.0
7268,dating,1,1,6.907755278982137,1.0
7269,davalintide,1,1,6.907755278982137,1.0
7270,dawn,1,1,6.907755278982137,1.0
7271,day-old,1,1,6.907755278982137,1.0
7272,de-duplication,1,1,6.907755278982137,1.0
7273,de-identified,1,1,6.907755278982137,1.0
7274,de-sensitization,1,1,6.907755278982137,1.0
7275,deacetylase,1,1,6.907755278982137,1.0
7276,deal,1,1,6.907755278982137,1.0
7277,dealing,1,1,6.907755278982137,1.0
7278,debilitating,1,1,6.907755278982137,1.0
7279,decade-long,1,1,6.907755278982137,1.0
7280,deceleration,1,1,6.907755278982137,1.0
7281,decent,1,1,6.907755278982137,1.0
7282,decide,1,1,6.907755278982137,1.0
7283,decided,1,1,6.907755278982137,1.0
7284,deciphering,1,1,6.907755278982137,1.0
7285,decision-support,1,1,6.907755278982137,1.0
7286,decisive,1,1,6.907755278982137,1.0
7287,declines,1,1,6.907755278982137,1.0
7288,decodes,1,1,6.907755278982137,1.0
7289,deconditioning,1,1,6.907755278982137,1.0
7290,decrements,1,1,6.907755278982137,1.0
7291,dectin-1,1,1,6.907755278982137,1.0
7292,deepens,1,1,6.907755278982137,1.0
7293,defaults,1,1,6.907755278982137,1.0
7294,defect,1,1,6.907755278982137,1.0
7295,deficiency-the,1,1,6.907755278982137,1.0
7296,defines,1,1,6.907755278982137,1.0
7297,degenerative,1,1,6.907755278982137,1.0
7298,degradative,1,1,6.907755278982137,1.0
7299,degrade,1,1,6.907755278982137,1.0
7300,degrading,1,1,6.907755278982137,1.0
7301,dehydroalanine,1,1,6.907755278982137,1.0
7302,delimited,1,1,6.907755278982137,1.0
7303,delineate,1,1,6.907755278982137,1.0
7304,delta,1,1,6.907755278982137,1.0
7305,delve,1,1,6.907755278982137,1.0
7306,demanded,1,1,6.907755278982137,1.0
7307,demanding,1,1,6.907755278982137,1.0
7308,demonstrably,1,1,6.907755278982137,1.0
7309,demonstratethat,1,1,6.907755278982137,1.0
7310,dendritic,1,1,6.907755278982137,1.0
7311,denervating,1,1,6.907755278982137,1.0
7312,dense,1,1,6.907755278982137,1.0
7313,densely,1,1,6.907755278982137,1.0
7314,deoxy-d-glucose,1,1,6.907755278982137,1.0
7315,deoxycorticosterone,1,1,6.907755278982137,1.0
7316,deoxyglucose,1,1,6.907755278982137,1.0
7317,dependability,1,1,6.907755278982137,1.0
7318,dependency,1,1,6.907755278982137,1.0
7319,dependent-insulinotropic,1,1,6.907755278982137,1.0
7320,depleted,1,1,6.907755278982137,1.0
7321,deployment,1,1,6.907755278982137,1.0
7322,depolarisation,1,1,6.907755278982137,1.0
7323,depolarized,1,1,6.907755278982137,1.0
7324,deposits,1,1,6.907755278982137,1.0
7325,depressant,1,1,6.907755278982137,1.0
7326,depressed,1,1,6.907755278982137,1.0
7327,depth,1,1,6.907755278982137,1.0
7328,derivative,1,1,6.907755278982137,1.0
7329,derive,1,1,6.907755278982137,1.0
7330,dermal,1,1,6.907755278982137,1.0
7331,dermatology,1,1,6.907755278982137,1.0
7332,dersimonian-laird,1,1,6.907755278982137,1.0
7333,desaturase,1,1,6.907755278982137,1.0
7334,desciptionthe,1,1,6.907755278982137,1.0
7335,descriptions,1,1,6.907755278982137,1.0
7336,desensitisation,1,1,6.907755278982137,1.0
7337,desiring,1,1,6.907755278982137,1.0
7338,desorption,1,1,6.907755278982137,1.0
7339,destroy,1,1,6.907755278982137,1.0
7340,detachment,1,1,6.907755278982137,1.0
7341,detailing,1,1,6.907755278982137,1.0
7342,deteriorated,1,1,6.907755278982137,1.0
7343,determines,1,1,6.907755278982137,1.0
7344,develops,1,1,6.907755278982137,1.0
7345,device,1,1,6.907755278982137,1.0
7346,dexamethasone,1,1,6.907755278982137,1.0
7347,diabesity,1,1,6.907755278982137,1.0
7348,diabetes-obesity,1,1,6.907755278982137,1.0
7349,diabetes-prone,1,1,6.907755278982137,1.0
7350,diacylglycerol,1,1,6.907755278982137,1.0
7351,diagnose,1,1,6.907755278982137,1.0
7352,diagnoses,1,1,6.907755278982137,1.0
7353,dialkyne,1,1,6.907755278982137,1.0
7354,diaphoresis,1,1,6.907755278982137,1.0
7355,diarrhoea-reported,1,1,6.907755278982137,1.0
7356,diarrhoeal,1,1,6.907755278982137,1.0
7357,diazoxide,1,1,6.907755278982137,1.0
7358,dictates,1,1,6.907755278982137,1.0
7359,diencephalic,1,1,6.907755278982137,1.0
7360,diencephalon,1,1,6.907755278982137,1.0
7361,diet-related,1,1,6.907755278982137,1.0
7362,dietetic,1,1,6.907755278982137,1.0
7363,dietitian-led,1,1,6.907755278982137,1.0
7364,dietitians,1,1,6.907755278982137,1.0
7365,differentiates,1,1,6.907755278982137,1.0
7366,differentiating,1,1,6.907755278982137,1.0
7367,differently,1,1,6.907755278982137,1.0
7368,difficulty,1,1,6.907755278982137,1.0
7369,diffusely,1,1,6.907755278982137,1.0
7370,diffusion,1,1,6.907755278982137,1.0
7371,digitonin-collagenase,1,1,6.907755278982137,1.0
7372,dihydroxy-4,1,1,6.907755278982137,1.0
7373,dilated,1,1,6.907755278982137,1.0
7374,dilemma,1,1,6.907755278982137,1.0
7375,diligence,1,1,6.907755278982137,1.0
7376,dimerization-dependent,1,1,6.907755278982137,1.0
7377,dimethoxychalcone,1,1,6.907755278982137,1.0
7378,dimethyl-peptidyl-peptidase-iv,1,1,6.907755278982137,1.0
7379,diminishes,1,1,6.907755278982137,1.0
7380,dinucleotide,1,1,6.907755278982137,1.0
7381,dioxaoctanoic,1,1,6.907755278982137,1.0
7382,dipeptide,1,1,6.907755278982137,1.0
7383,dipeptidyl-peptidase-4,1,1,6.907755278982137,1.0
7384,dipeptidyl-peptidase-iv,1,1,6.907755278982137,1.0
7385,dipeptidylpeptidase-4,1,1,6.907755278982137,1.0
7386,dipeptydil-peptidase-4,1,1,6.907755278982137,1.0
7387,diphtheria,1,1,6.907755278982137,1.0
7388,diplopia,1,1,6.907755278982137,1.0
7389,direct-to-consumer,1,1,6.907755278982137,1.0
7390,dis,1,1,6.907755278982137,1.0
7391,disabilities,1,1,6.907755278982137,1.0
7392,disability,1,1,6.907755278982137,1.0
7393,disaccharides,1,1,6.907755278982137,1.0
7394,disadvantage,1,1,6.907755278982137,1.0
7395,disadvantaged,1,1,6.907755278982137,1.0
7396,disappointingly,1,1,6.907755278982137,1.0
7397,discernable,1,1,6.907755278982137,1.0
7398,discerned,1,1,6.907755278982137,1.0
7399,discernible,1,1,6.907755278982137,1.0
7400,discharged,1,1,6.907755278982137,1.0
7401,discharges,1,1,6.907755278982137,1.0
7402,disclosed,1,1,6.907755278982137,1.0
7403,disclosure,1,1,6.907755278982137,1.0
7404,discontinue,1,1,6.907755278982137,1.0
7405,discontinuers,1,1,6.907755278982137,1.0
7406,discordant,1,1,6.907755278982137,1.0
7407,discrepancy,1,1,6.907755278982137,1.0
7408,discrimination,1,1,6.907755278982137,1.0
7409,discussionalthough,1,1,6.907755278982137,1.0
7410,disease-related,1,1,6.907755278982137,1.0
7411,dislocation,1,1,6.907755278982137,1.0
7412,disorders-both,1,1,6.907755278982137,1.0
7413,disparate,1,1,6.907755278982137,1.0
7414,disparity,1,1,6.907755278982137,1.0
7415,dispensable,1,1,6.907755278982137,1.0
7416,dispersed,1,1,6.907755278982137,1.0
7417,displace,1,1,6.907755278982137,1.0
7418,displaceable,1,1,6.907755278982137,1.0
7419,displacement,1,1,6.907755278982137,1.0
7420,displacing,1,1,6.907755278982137,1.0
7421,displays,1,1,6.907755278982137,1.0
7422,disrupting,1,1,6.907755278982137,1.0
7423,disruptions,1,1,6.907755278982137,1.0
7424,disruptive,1,1,6.907755278982137,1.0
7425,disrupts,1,1,6.907755278982137,1.0
7426,dissect,1,1,6.907755278982137,1.0
7427,dissertations,1,1,6.907755278982137,1.0
7428,dissociated,1,1,6.907755278982137,1.0
7429,dissociating,1,1,6.907755278982137,1.0
7430,dissolve,1,1,6.907755278982137,1.0
7431,distant,1,1,6.907755278982137,1.0
7432,distinctive,1,1,6.907755278982137,1.0
7433,distinctively,1,1,6.907755278982137,1.0
7434,disulfide-binding,1,1,6.907755278982137,1.0
7435,diuresis,1,1,6.907755278982137,1.0
7436,diversity-notably,1,1,6.907755278982137,1.0
7437,diverts,1,1,6.907755278982137,1.0
7438,division,1,1,6.907755278982137,1.0
7439,divisions,1,1,6.907755278982137,1.0
7440,dizziness,1,1,6.907755278982137,1.0
7441,dm-related,1,1,6.907755278982137,1.0
7442,dmh,1,1,6.907755278982137,1.0
7443,dobutamine,1,1,6.907755278982137,1.0
7444,docked,1,1,6.907755278982137,1.0
7445,documentation,1,1,6.907755278982137,1.0
7446,documenting,1,1,6.907755278982137,1.0
7447,does-dependent,1,1,6.907755278982137,1.0
7448,domain-g-protein-coupled,1,1,6.907755278982137,1.0
7449,dominantly,1,1,6.907755278982137,1.0
7450,donor,1,1,6.907755278982137,1.0
7451,dopamine-transporter,1,1,6.907755278982137,1.0
7452,doppler,1,1,6.907755278982137,1.0
7453,dorothy,1,1,6.907755278982137,1.0
7454,dorsal-ventral,1,1,6.907755278982137,1.0
7455,dorsalis,1,1,6.907755278982137,1.0
7456,dorso-ventral,1,1,6.907755278982137,1.0
7457,dorsocaudally,1,1,6.907755278982137,1.0
7458,dorsomedial,1,1,6.907755278982137,1.0
7459,dosages,1,1,6.907755278982137,1.0
7460,dosalis,1,1,6.907755278982137,1.0
7461,dose-escalation,1,1,6.907755278982137,1.0
7462,dose-related,1,1,6.907755278982137,1.0
7463,dosimetry,1,1,6.907755278982137,1.0
7464,dosing-cycle,1,1,6.907755278982137,1.0
7465,dota-exendin-4,1,1,6.907755278982137,1.0
7466,double-edged,1,1,6.907755278982137,1.0
7467,double-immunofluorescence,1,1,6.907755278982137,1.0
7468,double-independent,1,1,6.907755278982137,1.0
7469,double-labelled,1,1,6.907755278982137,1.0
7470,doubled,1,1,6.907755278982137,1.0
7471,down-regulation,1,1,6.907755278982137,1.0
7472,downs,1,1,6.907755278982137,1.0
7473,doxorubicin-induced,1,1,6.907755278982137,1.0
7474,dpp-4-modulating,1,1,6.907755278982137,1.0
7475,dpp-4-resistant,1,1,6.907755278982137,1.0
7476,dpta-exendin-4,1,1,6.907755278982137,1.0
7477,dra,1,1,6.907755278982137,1.0
7478,draining,1,1,6.907755278982137,1.0
7479,drastically,1,1,6.907755278982137,1.0
7480,draw,1,1,6.907755278982137,1.0
7481,drawback,1,1,6.907755278982137,1.0
7482,drawbacks,1,1,6.907755278982137,1.0
7483,drawing,1,1,6.907755278982137,1.0
7484,dried,1,1,6.907755278982137,1.0
7485,drink,1,1,6.907755278982137,1.0
7486,drinking-in-the-dark,1,1,6.907755278982137,1.0
7487,drives,1,1,6.907755278982137,1.0
7488,dropped,1,1,6.907755278982137,1.0
7489,drp-1,1,1,6.907755278982137,1.0
7490,drug-drug,1,1,6.907755278982137,1.0
7491,drug-microbe-host,1,1,6.907755278982137,1.0
7492,drug-specific,1,1,6.907755278982137,1.0
7493,dry,1,1,6.907755278982137,1.0
7494,dual-acting,1,1,6.907755278982137,1.0
7495,dual-energy,1,1,6.907755278982137,1.0
7496,dual-luciferase,1,1,6.907755278982137,1.0
7497,dual-targeted,1,1,6.907755278982137,1.0
7498,duct,1,1,6.907755278982137,1.0
7499,ducts,1,1,6.907755278982137,1.0
7500,dulaglutide-induced,1,1,6.907755278982137,1.0
7501,dulaglutide-morbilliform,1,1,6.907755278982137,1.0
7502,dulaglutide-related,1,1,6.907755278982137,1.0
7503,dumping,1,1,6.907755278982137,1.0
7504,dunedin,1,1,6.907755278982137,1.0
7505,duraglutide,1,1,6.907755278982137,1.0
7506,dusk,1,1,6.907755278982137,1.0
7507,dwls,1,1,6.907755278982137,1.0
7508,dxa,1,1,6.907755278982137,1.0
7509,dysbiotic,1,1,6.907755278982137,1.0
7510,dyscrasias,1,1,6.907755278982137,1.0
7511,dysfunctions,1,1,6.907755278982137,1.0
7512,dysgeusia,1,1,6.907755278982137,1.0
7513,dysglycaemia,1,1,6.907755278982137,1.0
7514,dysmenorrhea,1,1,6.907755278982137,1.0
7515,dysmetabolic,1,1,6.907755278982137,1.0
7516,dysmetabolism,1,1,6.907755278982137,1.0
7517,dysmorphic,1,1,6.907755278982137,1.0
7518,dysmotility,1,1,6.907755278982137,1.0
7519,dyspepsia,1,1,6.907755278982137,1.0
7520,dyspeptic,1,1,6.907755278982137,1.0
7521,dysplastic,1,1,6.907755278982137,1.0
7522,dystrophic,1,1,6.907755278982137,1.0
7523,dysuria,1,1,6.907755278982137,1.0
7524,e-value,1,1,6.907755278982137,1.0
7525,eagerly,1,1,6.907755278982137,1.0
7526,early-phase,1,1,6.907755278982137,1.0
7527,early-pregnancy,1,1,6.907755278982137,1.0
7528,earned,1,1,6.907755278982137,1.0
7529,ease,1,1,6.907755278982137,1.0
7530,easily,1,1,6.907755278982137,1.0
7531,eastern,1,1,6.907755278982137,1.0
7532,eb,1,1,6.907755278982137,1.0
7533,eb-treated,1,1,6.907755278982137,1.0
7534,ebgms,1,1,6.907755278982137,1.0
7535,ebscohost,1,1,6.907755278982137,1.0
7536,ebts,1,1,6.907755278982137,1.0
7537,ecc,1,1,6.907755278982137,1.0
7538,ecd,1,1,6.907755278982137,1.0
7539,echocardiographic,1,1,6.907755278982137,1.0
7540,echotexture,1,1,6.907755278982137,1.0
7541,ecological,1,1,6.907755278982137,1.0
7542,economics,1,1,6.907755278982137,1.0
7543,economies,1,1,6.907755278982137,1.0
7544,effect-the,1,1,6.907755278982137,1.0
7545,effects-beyond,1,1,6.907755278982137,1.0
7546,effects-including,1,1,6.907755278982137,1.0
7547,efficacies,1,1,6.907755278982137,1.0
7548,efficaciously,1,1,6.907755278982137,1.0
7549,effluvium,1,1,6.907755278982137,1.0
7550,efflux,1,1,6.907755278982137,1.0
7551,effort-based,1,1,6.907755278982137,1.0
7552,efpeglenatide,1,1,6.907755278982137,1.0
7553,egcg,1,1,6.907755278982137,1.0
7554,eightfold,1,1,6.907755278982137,1.0
7555,eighty-nine,1,1,6.907755278982137,1.0
7556,eighty-one,1,1,6.907755278982137,1.0
7557,elaborate,1,1,6.907755278982137,1.0
7558,elaborated,1,1,6.907755278982137,1.0
7559,elaborates,1,1,6.907755278982137,1.0
7560,elastin-like-polypeptide,1,1,6.907755278982137,1.0
7561,electric,1,1,6.907755278982137,1.0
7562,electrically,1,1,6.907755278982137,1.0
7563,electrochemiluminescence,1,1,6.907755278982137,1.0
7564,electrogenic,1,1,6.907755278982137,1.0
7565,electromyographic,1,1,6.907755278982137,1.0
7566,electrophilic,1,1,6.907755278982137,1.0
7567,electrophoresis,1,1,6.907755278982137,1.0
7568,element-binding,1,1,6.907755278982137,1.0
7569,elevate,1,1,6.907755278982137,1.0
7570,elevating,1,1,6.907755278982137,1.0
7571,elevations,1,1,6.907755278982137,1.0
7572,eliciting,1,1,6.907755278982137,1.0
7573,elp,1,1,6.907755278982137,1.0
7574,elps,1,1,6.907755278982137,1.0
7575,elucidates,1,1,6.907755278982137,1.0
7576,em,1,1,6.907755278982137,1.0
7577,embedding,1,1,6.907755278982137,1.0
7578,embolism,1,1,6.907755278982137,1.0
7579,embracing,1,1,6.907755278982137,1.0
7580,emea,1,1,6.907755278982137,1.0
7581,emerge,1,1,6.907755278982137,1.0
7582,emesis,1,1,6.907755278982137,1.0
7583,emg,1,1,6.907755278982137,1.0
7584,emotional,1,1,6.907755278982137,1.0
7585,emphasising,1,1,6.907755278982137,1.0
7586,employs,1,1,6.907755278982137,1.0
7587,emptiness,1,1,6.907755278982137,1.0
7588,emptying-altogether,1,1,6.907755278982137,1.0
7589,ena,1,1,6.907755278982137,1.0
7590,enactive,1,1,6.907755278982137,1.0
7591,enacts,1,1,6.907755278982137,1.0
7592,enantiomers,1,1,6.907755278982137,1.0
7593,encasing,1,1,6.907755278982137,1.0
7594,encephalopathy,1,1,6.907755278982137,1.0
7595,encompass,1,1,6.907755278982137,1.0
7596,encourage,1,1,6.907755278982137,1.0
7597,encourages,1,1,6.907755278982137,1.0
7598,endeavors,1,1,6.907755278982137,1.0
7599,endeavours,1,1,6.907755278982137,1.0
7600,ended,1,1,6.907755278982137,1.0
7601,endo-pancreatic,1,1,6.907755278982137,1.0
7602,endobariatric,1,1,6.907755278982137,1.0
7603,endobariatrics,1,1,6.907755278982137,1.0
7604,endocardium,1,1,6.907755278982137,1.0
7605,endocrinol,1,1,6.907755278982137,1.0
7606,endocrinology,1,1,6.907755278982137,1.0
7607,endocrinopathy,1,1,6.907755278982137,1.0
7608,endometrium,1,1,6.907755278982137,1.0
7609,endorsed,1,1,6.907755278982137,1.0
7610,endorses,1,1,6.907755278982137,1.0
7611,endoscope,1,1,6.907755278982137,1.0
7612,endothelial-protective,1,1,6.907755278982137,1.0
7613,endothelin-converting,1,1,6.907755278982137,1.0
7614,endothelium-dependent,1,1,6.907755278982137,1.0
7615,endothelium-independent,1,1,6.907755278982137,1.0
7616,endotoxemia,1,1,6.907755278982137,1.0
7617,endotracheal,1,1,6.907755278982137,1.0
7618,endowed,1,1,6.907755278982137,1.0
7619,endpoint,1,1,6.907755278982137,1.0
7620,enduring,1,1,6.907755278982137,1.0
7621,energetics,1,1,6.907755278982137,1.0
7622,energies,1,1,6.907755278982137,1.0
7623,energy-dense,1,1,6.907755278982137,1.0
7624,energy-saving,1,1,6.907755278982137,1.0
7625,eneteroendocrine,1,1,6.907755278982137,1.0
7626,enforced,1,1,6.907755278982137,1.0
7627,engages,1,1,6.907755278982137,1.0
7628,engendered,1,1,6.907755278982137,1.0
7629,enho,1,1,6.907755278982137,1.0
7630,enjoy,1,1,6.907755278982137,1.0
7631,enjoyed,1,1,6.907755278982137,1.0
7632,enjoyment,1,1,6.907755278982137,1.0
7633,enlarged,1,1,6.907755278982137,1.0
7634,enlarges,1,1,6.907755278982137,1.0
7635,enos,1,1,6.907755278982137,1.0
7636,enterally,1,1,6.907755278982137,1.0
7637,entering,1,1,6.907755278982137,1.0
7638,entero-endocrine,1,1,6.907755278982137,1.0
7639,enterobacteriaceae,1,1,6.907755278982137,1.0
7640,enterococcus,1,1,6.907755278982137,1.0
7641,enterocytes,1,1,6.907755278982137,1.0
7642,enteroendoceine,1,1,6.907755278982137,1.0
7643,enteroendocrine-specific,1,1,6.907755278982137,1.0
7644,enterogastrons,1,1,6.907755278982137,1.0
7645,enteropeptide,1,1,6.907755278982137,1.0
7646,enters,1,1,6.907755278982137,1.0
7647,enthalpy,1,1,6.907755278982137,1.0
7648,entirely,1,1,6.907755278982137,1.0
7649,entraining,1,1,6.907755278982137,1.0
7650,entrapment,1,1,6.907755278982137,1.0
7651,entropic,1,1,6.907755278982137,1.0
7652,entry,1,1,6.907755278982137,1.0
7653,environmentally,1,1,6.907755278982137,1.0
7654,envisaged,1,1,6.907755278982137,1.0
7655,enzyme-1,1,1,6.907755278982137,1.0
7656,enzyme-resistant,1,1,6.907755278982137,1.0
7657,eosinophilic,1,1,6.907755278982137,1.0
7658,ep,1,1,6.907755278982137,1.0
7659,epeg,1,1,6.907755278982137,1.0
7660,epidemics,1,1,6.907755278982137,1.0
7661,epidemiology,1,1,6.907755278982137,1.0
7662,epidermal,1,1,6.907755278982137,1.0
7663,epigallocatechin,1,1,6.907755278982137,1.0
7664,epigastric,1,1,6.907755278982137,1.0
7665,epigenetics,1,1,6.907755278982137,1.0
7666,epinephrine,1,1,6.907755278982137,1.0
7667,epioleanolic,1,1,6.907755278982137,1.0
7668,episode,1,1,6.907755278982137,1.0
7669,equilibrium,1,1,6.907755278982137,1.0
7670,equimolar,1,1,6.907755278982137,1.0
7671,equipotent,1,1,6.907755278982137,1.0
7672,equipped,1,1,6.907755278982137,1.0
7673,equivalency,1,1,6.907755278982137,1.0
7674,equivalents,1,1,6.907755278982137,1.0
7675,eradicate,1,1,6.907755278982137,1.0
7676,eruption,1,1,6.907755278982137,1.0
7677,erysipelotrichaceae,1,1,6.907755278982137,1.0
7678,erythroid,1,1,6.907755278982137,1.0
7679,escalate,1,1,6.907755278982137,1.0
7680,escalating,1,1,6.907755278982137,1.0
7681,escape,1,1,6.907755278982137,1.0
7682,essence,1,1,6.907755278982137,1.0
7683,essentially,1,1,6.907755278982137,1.0
7684,establishes,1,1,6.907755278982137,1.0
7685,esterification,1,1,6.907755278982137,1.0
7686,estradiol,1,1,6.907755278982137,1.0
7687,estradiol-3-benzoate,1,1,6.907755278982137,1.0
7688,estradiol-progesterone,1,1,6.907755278982137,1.0
7689,etabolic,1,1,6.907755278982137,1.0
7690,etc,1,1,6.907755278982137,1.0
7691,ethic,1,1,6.907755278982137,1.0
7692,etiologic,1,1,6.907755278982137,1.0
7693,etiology,1,1,6.907755278982137,1.0
7694,etomoxir,1,1,6.907755278982137,1.0
7695,eu-dka,1,1,6.907755278982137,1.0
7696,euglycaemic,1,1,6.907755278982137,1.0
7697,ever-evolving,1,1,6.907755278982137,1.0
7698,ever-growing,1,1,6.907755278982137,1.0
7699,evoke,1,1,6.907755278982137,1.0
7700,ewca,1,1,6.907755278982137,1.0
7701,exacerbation,1,1,6.907755278982137,1.0
7702,examples,1,1,6.907755278982137,1.0
7703,exanthematous,1,1,6.907755278982137,1.0
7704,exceeding,1,1,6.907755278982137,1.0
7705,exception,1,1,6.907755278982137,1.0
7706,excerpta,1,1,6.907755278982137,1.0
7707,excessively,1,1,6.907755278982137,1.0
7708,exchanger,1,1,6.907755278982137,1.0
7709,excite,1,1,6.907755278982137,1.0
7710,excited,1,1,6.907755278982137,1.0
7711,exclude,1,1,6.907755278982137,1.0
7712,exclusivity,1,1,6.907755278982137,1.0
7713,executed,1,1,6.907755278982137,1.0
7714,exemplar,1,1,6.907755278982137,1.0
7715,exemplified,1,1,6.907755278982137,1.0
7716,exemplify,1,1,6.907755278982137,1.0
7717,exenatide-based,1,1,6.907755278982137,1.0
7718,exendin-4-based,1,1,6.907755278982137,1.0
7719,exendin-4-like,1,1,6.907755278982137,1.0
7720,exendin-9-39,1,1,6.907755278982137,1.0
7721,exendin-avid,1,1,6.907755278982137,1.0
7722,exendins-3,1,1,6.907755278982137,1.0
7723,exentin-4,1,1,6.907755278982137,1.0
7724,exercising,1,1,6.907755278982137,1.0
7725,exertion,1,1,6.907755278982137,1.0
7726,exhaustion,1,1,6.907755278982137,1.0
7727,existed,1,1,6.907755278982137,1.0
7728,exogenously,1,1,6.907755278982137,1.0
7729,exons,1,1,6.907755278982137,1.0
7730,expectation,1,1,6.907755278982137,1.0
7731,expediting,1,1,6.907755278982137,1.0
7732,expense,1,1,6.907755278982137,1.0
7733,expenses,1,1,6.907755278982137,1.0
7734,experiencing,1,1,6.907755278982137,1.0
7735,expirations,1,1,6.907755278982137,1.0
7736,explant,1,1,6.907755278982137,1.0
7737,explicable,1,1,6.907755278982137,1.0
7738,explicit,1,1,6.907755278982137,1.0
7739,exploit,1,1,6.907755278982137,1.0
7740,exploitation,1,1,6.907755278982137,1.0
7741,exploiting,1,1,6.907755278982137,1.0
7742,exponentiate,1,1,6.907755278982137,1.0
7743,expose,1,1,6.907755278982137,1.0
7744,extended-interval,1,1,6.907755278982137,1.0
7745,extended-release,1,1,6.907755278982137,1.0
7746,extensions,1,1,6.907755278982137,1.0
7747,extra-glycaemic,1,1,6.907755278982137,1.0
7748,extra-glycemic,1,1,6.907755278982137,1.0
7749,extrabulbar,1,1,6.907755278982137,1.0
7750,extractable,1,1,6.907755278982137,1.0
7751,extrahepatic,1,1,6.907755278982137,1.0
7752,extraislet,1,1,6.907755278982137,1.0
7753,extranuclear,1,1,6.907755278982137,1.0
7754,extremity,1,1,6.907755278982137,1.0
7755,extubated,1,1,6.907755278982137,1.0
7756,eye-related,1,1,6.907755278982137,1.0
7757,f-fluoro-2-deoxy-glucose,1,1,6.907755278982137,1.0
7758,faced,1,1,6.907755278982137,1.0
7759,facialis,1,1,6.907755278982137,1.0
7760,facilitated,1,1,6.907755278982137,1.0
7761,facilitation,1,1,6.907755278982137,1.0
7762,facility,1,1,6.907755278982137,1.0
7763,facp,1,1,6.907755278982137,1.0
7764,factor-8,1,1,6.907755278982137,1.0
7765,factor-a,1,1,6.907755278982137,1.0
7766,failures,1,1,6.907755278982137,1.0
7767,fallen,1,1,6.907755278982137,1.0
7768,falsifiable,1,1,6.907755278982137,1.0
7769,family-centered,1,1,6.907755278982137,1.0
7770,family-level,1,1,6.907755278982137,1.0
7771,fas,1,1,6.907755278982137,1.0
7772,fascinating,1,1,6.907755278982137,1.0
7773,fast-clearing,1,1,6.907755278982137,1.0
7774,fasting-based,1,1,6.907755278982137,1.0
7775,fate,1,1,6.907755278982137,1.0
7776,fatness,1,1,6.907755278982137,1.0
7777,fatty-acylated,1,1,6.907755278982137,1.0
7778,favorably,1,1,6.907755278982137,1.0
7779,favoring,1,1,6.907755278982137,1.0
7780,fb,1,1,6.907755278982137,1.0
7781,fda-approved,1,1,6.907755278982137,1.0
7782,fdg,1,1,6.907755278982137,1.0
7783,fear,1,1,6.907755278982137,1.0
7784,featured,1,1,6.907755278982137,1.0
7785,february,1,1,6.907755278982137,1.0
7786,federally,1,1,6.907755278982137,1.0
7787,federation,1,1,6.907755278982137,1.0
7788,feed-forward,1,1,6.907755278982137,1.0
7789,feeding-relevant,1,1,6.907755278982137,1.0
7790,feel,1,1,6.907755278982137,1.0
7791,feeling,1,1,6.907755278982137,1.0
7792,femoral,1,1,6.907755278982137,1.0
7793,fermentative,1,1,6.907755278982137,1.0
7794,fertilization,1,1,6.907755278982137,1.0
7795,fevers,1,1,6.907755278982137,1.0
7796,ffar,1,1,6.907755278982137,1.0
7797,fi,1,1,6.907755278982137,1.0
7798,fiber-deprived,1,1,6.907755278982137,1.0
7799,fibriallary,1,1,6.907755278982137,1.0
7800,fibroblasts,1,1,6.907755278982137,1.0
7801,fibroids,1,1,6.907755278982137,1.0
7802,fibrosis-related,1,1,6.907755278982137,1.0
7803,fibrovascular,1,1,6.907755278982137,1.0
7804,fiddle,1,1,6.907755278982137,1.0
7805,fight,1,1,6.907755278982137,1.0
7806,figured,1,1,6.907755278982137,1.0
7807,filaments,1,1,6.907755278982137,1.0
7808,filings,1,1,6.907755278982137,1.0
7809,fills,1,1,6.907755278982137,1.0
7810,fine-tuning,1,1,6.907755278982137,1.0
7811,fine-turning,1,1,6.907755278982137,1.0
7812,finerenone,1,1,6.907755278982137,1.0
7813,finger,1,1,6.907755278982137,1.0
7814,fingerprints,1,1,6.907755278982137,1.0
7815,finished,1,1,6.907755278982137,1.0
7816,first-approved,1,1,6.907755278982137,1.0
7817,first-in-class,1,1,6.907755278982137,1.0
7818,fits,1,1,6.907755278982137,1.0
7819,fitted,1,1,6.907755278982137,1.0
7820,fivefold,1,1,6.907755278982137,1.0
7821,fixed-dose,1,1,6.907755278982137,1.0
7822,fixed-effect,1,1,6.907755278982137,1.0
7823,fizz,1,1,6.907755278982137,1.0
7824,flares,1,1,6.907755278982137,1.0
7825,flatbush,1,1,6.907755278982137,1.0
7826,flattened,1,1,6.907755278982137,1.0
7827,flavokawain,1,1,6.907755278982137,1.0
7828,flavonoid,1,1,6.907755278982137,1.0
7829,flavor-nutrient,1,1,6.907755278982137,1.0
7830,fletcher,1,1,6.907755278982137,1.0
7831,flexible,1,1,6.907755278982137,1.0
7832,flight,1,1,6.907755278982137,1.0
7833,floors,1,1,6.907755278982137,1.0
7834,flora,1,1,6.907755278982137,1.0
7835,fluctuations,1,1,6.907755278982137,1.0
7836,fluids,1,1,6.907755278982137,1.0
7837,fluorescence-activated,1,1,6.907755278982137,1.0
7838,fluorescent-activated,1,1,6.907755278982137,1.0
7839,fluorescently-tagged,1,1,6.907755278982137,1.0
7840,fluoro-exendin-4,1,1,6.907755278982137,1.0
7841,flux,1,1,6.907755278982137,1.0
7842,fmol,1,1,6.907755278982137,1.0
7843,focussed,1,1,6.907755278982137,1.0
7844,focusses,1,1,6.907755278982137,1.0
7845,folate,1,1,6.907755278982137,1.0
7846,folding,1,1,6.907755278982137,1.0
7847,folds,1,1,6.907755278982137,1.0
7848,foley,1,1,6.907755278982137,1.0
7849,follicle,1,1,6.907755278982137,1.0
7850,follow-ups,1,1,6.907755278982137,1.0
7851,food-based,1,1,6.907755278982137,1.0
7852,food-motivated,1,1,6.907755278982137,1.0
7853,food-seeking,1,1,6.907755278982137,1.0
7854,forced,1,1,6.907755278982137,1.0
7855,forces,1,1,6.907755278982137,1.0
7856,foremost,1,1,6.907755278982137,1.0
7857,forerunner,1,1,6.907755278982137,1.0
7858,forkhead,1,1,6.907755278982137,1.0
7859,formal,1,1,6.907755278982137,1.0
7860,formalin,1,1,6.907755278982137,1.0
7861,formats,1,1,6.907755278982137,1.0
7862,formula,1,1,6.907755278982137,1.0
7863,formulary,1,1,6.907755278982137,1.0
7864,forskolin,1,1,6.907755278982137,1.0
7865,forth,1,1,6.907755278982137,1.0
7866,forty-nine,1,1,6.907755278982137,1.0
7867,fos-like,1,1,6.907755278982137,1.0
7868,fossa,1,1,6.907755278982137,1.0
7869,fostered,1,1,6.907755278982137,1.0
7870,fourteen,1,1,6.907755278982137,1.0
7871,fphys,1,1,6.907755278982137,1.0
7872,fractional,1,1,6.907755278982137,1.0
7873,frail,1,1,6.907755278982137,1.0
7874,frameworks,1,1,6.907755278982137,1.0
7875,frank,1,1,6.907755278982137,1.0
7876,frc,1,1,6.907755278982137,1.0
7877,frcs-insulin,1,1,6.907755278982137,1.0
7878,freedom,1,1,6.907755278982137,1.0
7879,frees,1,1,6.907755278982137,1.0
7880,freshly,1,1,6.907755278982137,1.0
7881,friendly,1,1,6.907755278982137,1.0
7882,frontline,1,1,6.907755278982137,1.0
7883,fructooligosaccharides,1,1,6.907755278982137,1.0
7884,fructose,1,1,6.907755278982137,1.0
7885,fructose-fed,1,1,6.907755278982137,1.0
7886,fruitless,1,1,6.907755278982137,1.0
7887,fruits,1,1,6.907755278982137,1.0
7888,fsp,1,1,6.907755278982137,1.0
7889,ft-ir,1,1,6.907755278982137,1.0
7890,fu,1,1,6.907755278982137,1.0
7891,fuel,1,1,6.907755278982137,1.0
7892,fueled,1,1,6.907755278982137,1.0
7893,fulfil,1,1,6.907755278982137,1.0
7894,fulfill,1,1,6.907755278982137,1.0
7895,function-a,1,1,6.907755278982137,1.0
7896,function-related,1,1,6.907755278982137,1.0
7897,functionalized,1,1,6.907755278982137,1.0
7898,fundamentally,1,1,6.907755278982137,1.0
7899,funded,1,1,6.907755278982137,1.0
7900,fundoscopy,1,1,6.907755278982137,1.0
7901,furthest,1,1,6.907755278982137,1.0
7902,fusion-protein,1,1,6.907755278982137,1.0
7903,fxr-creb,1,1,6.907755278982137,1.0
7904,g-cells,1,1,6.907755278982137,1.0
7905,g-ly6c,1,1,6.907755278982137,1.0
7906,g-proteins,1,1,6.907755278982137,1.0
7907,g-to-a,1,1,6.907755278982137,1.0
7908,gabaa,1,1,6.907755278982137,1.0
7909,gabaar,1,1,6.907755278982137,1.0
7910,gaining,1,1,6.907755278982137,1.0
7911,gallate,1,1,6.907755278982137,1.0
7912,gallium,1,1,6.907755278982137,1.0
7913,gallstones,1,1,6.907755278982137,1.0
7914,game-changers,1,1,6.907755278982137,1.0
7915,gamma,1,1,6.907755278982137,1.0
7916,garment,1,1,6.907755278982137,1.0
7917,garnered,1,1,6.907755278982137,1.0
7918,gasseri,1,1,6.907755278982137,1.0
7919,gastrin-17,1,1,6.907755278982137,1.0
7920,gastrin-mediated,1,1,6.907755278982137,1.0
7921,gastritis,1,1,6.907755278982137,1.0
7922,gastroinhibitory,1,1,6.907755278982137,1.0
7923,gastrointestinal-derived,1,1,6.907755278982137,1.0
7924,gastrointestinal-released,1,1,6.907755278982137,1.0
7925,gastroprokinetic,1,1,6.907755278982137,1.0
7926,gathered,1,1,6.907755278982137,1.0
7927,gavage,1,1,6.907755278982137,1.0
7928,gazdar,1,1,6.907755278982137,1.0
7929,gbp,1,1,6.907755278982137,1.0
7930,gc-ms,1,1,6.907755278982137,1.0
7931,gdf,1,1,6.907755278982137,1.0
7932,gele-dependent,1,1,6.907755278982137,1.0
7933,generalised,1,1,6.907755278982137,1.0
7934,generations,1,1,6.907755278982137,1.0
7935,generative,1,1,6.907755278982137,1.0
7936,generic,1,1,6.907755278982137,1.0
7937,genetics,1,1,6.907755278982137,1.0
7938,genomics,1,1,6.907755278982137,1.0
7939,genotype-specific,1,1,6.907755278982137,1.0
7940,genotypes,1,1,6.907755278982137,1.0
7941,genuine,1,1,6.907755278982137,1.0
7942,geographic,1,1,6.907755278982137,1.0
7943,geometric,1,1,6.907755278982137,1.0
7944,gerd,1,1,6.907755278982137,1.0
7945,germ-free,1,1,6.907755278982137,1.0
7946,geroprotectors,1,1,6.907755278982137,1.0
7947,gf,1,1,6.907755278982137,1.0
7948,ghba,1,1,6.907755278982137,1.0
7949,ghrp-6,1,1,6.907755278982137,1.0
7950,gi-dependent,1,1,6.907755278982137,1.0
7951,gia,1,1,6.907755278982137,1.0
7952,gila-monster,1,1,6.907755278982137,1.0
7953,gip-induced,1,1,6.907755278982137,1.0
7954,giprs,1,1,6.907755278982137,1.0
7955,girl,1,1,6.907755278982137,1.0
7956,girth,1,1,6.907755278982137,1.0
7957,gis,1,1,6.907755278982137,1.0
7958,gl-1,1,1,6.907755278982137,1.0
7959,glia,1,1,6.907755278982137,1.0
7960,glimpse,1,1,6.907755278982137,1.0
7961,gliptin,1,1,6.907755278982137,1.0
7962,globe,1,1,6.907755278982137,1.0
7963,globesity,1,1,6.907755278982137,1.0
7964,glp-1-activated,1,1,6.907755278982137,1.0
7965,glp-1-derived,1,1,6.907755278982137,1.0
7966,glp-1-docked,1,1,6.907755278982137,1.0
7967,glp-1-dominant,1,1,6.907755278982137,1.0
7968,glp-1-expressing,1,1,6.907755278982137,1.0
7969,glp-1-immunopositive,1,1,6.907755278982137,1.0
7970,glp-1-independent,1,1,6.907755278982137,1.0
7971,glp-1-inducing,1,1,6.907755278982137,1.0
7972,glp-1-lytacs,1,1,6.907755278982137,1.0
7973,glp-1-ptd-abp,1,1,6.907755278982137,1.0
7974,glp-1-resistant,1,1,6.907755278982137,1.0
7975,glp-1-rs,1,1,6.907755278982137,1.0
7976,glp-1-when,1,1,6.907755278982137,1.0
7977,glp-1derivatives,1,1,6.907755278982137,1.0
7978,glp-1exerts,1,1,6.907755278982137,1.0
7979,glp-1r-gs,1,1,6.907755278982137,1.0
7980,glp-1r-immunreactive,1,1,6.907755278982137,1.0
7981,glp-1r-ir,1,1,6.907755278982137,1.0
7982,glp-1r-profiles,1,1,6.907755278982137,1.0
7983,glp-1r-targeted,1,1,6.907755278982137,1.0
7984,glp-1ra-stimulated,1,1,6.907755278982137,1.0
7985,glp-iras,1,1,6.907755278982137,1.0
7986,glp-l,1,1,6.907755278982137,1.0
7987,glp-r,1,1,6.907755278982137,1.0
7988,glp-ras,1,1,6.907755278982137,1.0
7989,glu-9,1,1,6.907755278982137,1.0
7990,glua,1,1,6.907755278982137,1.0
7991,glucagon-based,1,1,6.907755278982137,1.0
7992,glucagon-glp-1,1,1,6.907755278982137,1.0
7993,glucagone-like,1,1,6.907755278982137,1.0
7994,glucagonemia,1,1,6.907755278982137,1.0
7995,glucagonotropically,1,1,6.907755278982137,1.0
7996,gluco-sensitive,1,1,6.907755278982137,1.0
7997,glucocentric,1,1,6.907755278982137,1.0
7998,glucogen,1,1,6.907755278982137,1.0
7999,glucoincretin,1,1,6.907755278982137,1.0
8000,glucometabolic,1,1,6.907755278982137,1.0
8001,gluconeogenic,1,1,6.907755278982137,1.0
8002,glucophage,1,1,6.907755278982137,1.0
8003,glucose-bovine,1,1,6.907755278982137,1.0
8004,glucose-dependant,1,1,6.907755278982137,1.0
8005,glucose-dependently,1,1,6.907755278982137,1.0
8006,glucose-intolerant,1,1,6.907755278982137,1.0
8007,glucose-mediated,1,1,6.907755278982137,1.0
8008,glucose-reduction,1,1,6.907755278982137,1.0
8009,glucose-resistant,1,1,6.907755278982137,1.0
8010,glucose-responsive,1,1,6.907755278982137,1.0
8011,glucose-tolerance,1,1,6.907755278982137,1.0
8012,glucoseproduction,1,1,6.907755278982137,1.0
8013,glucosyl-isoquercitrin,1,1,6.907755278982137,1.0
8014,glucotoxiciy,1,1,6.907755278982137,1.0
8015,glue,1,1,6.907755278982137,1.0
8016,glur,1,1,6.907755278982137,1.0
8017,glutamyl,1,1,6.907755278982137,1.0
8018,glutamyltransferase,1,1,6.907755278982137,1.0
8019,gly-pro,1,1,6.907755278982137,1.0
8020,glyceryl,1,1,6.907755278982137,1.0
8021,glycine,1,1,6.907755278982137,1.0
8022,glycoaldehyde-bsa,1,1,6.907755278982137,1.0
8023,glycoborinine,1,1,6.907755278982137,1.0
8024,glycol,1,1,6.907755278982137,1.0
8025,glycopeptides,1,1,6.907755278982137,1.0
8026,glycosides,1,1,6.907755278982137,1.0
8027,glycosmis,1,1,6.907755278982137,1.0
8028,glycosphingolipid,1,1,6.907755278982137,1.0
8029,glycosphingolipids,1,1,6.907755278982137,1.0
8030,glycosylation,1,1,6.907755278982137,1.0
8031,glycyrrhizic,1,1,6.907755278982137,1.0
8032,glyfuran,1,1,6.907755278982137,1.0
8033,glyphyllamide,1,1,6.907755278982137,1.0
8034,glyphyllazole,1,1,6.907755278982137,1.0
8035,golden,1,1,6.907755278982137,1.0
8036,gonadotropins,1,1,6.907755278982137,1.0
8037,gong,1,1,6.907755278982137,1.0
8038,govern,1,1,6.907755278982137,1.0
8039,governed,1,1,6.907755278982137,1.0
8040,governing,1,1,6.907755278982137,1.0
8041,government,1,1,6.907755278982137,1.0
8042,governs,1,1,6.907755278982137,1.0
8043,gpa,1,1,6.907755278982137,1.0
8044,gpcr-based,1,1,6.907755278982137,1.0
8045,gpl-1,1,1,6.907755278982137,1.0
8046,gpvrgpfpiiv,1,1,6.907755278982137,1.0
8047,gpx,1,1,6.907755278982137,1.0
8048,gq-coupled,1,1,6.907755278982137,1.0
8049,graded,1,1,6.907755278982137,1.0
8050,gradient,1,1,6.907755278982137,1.0
8051,graft,1,1,6.907755278982137,1.0
8052,grant,1,1,6.907755278982137,1.0
8053,granules,1,1,6.907755278982137,1.0
8054,granulosa,1,1,6.907755278982137,1.0
8055,gratitude,1,1,6.907755278982137,1.0
8056,gravida,1,1,6.907755278982137,1.0
8057,grey,1,1,6.907755278982137,1.0
8058,grks,1,1,6.907755278982137,1.0
8059,ground-breaking,1,1,6.907755278982137,1.0
8060,groundbreaking,1,1,6.907755278982137,1.0
8061,group-those,1,1,6.907755278982137,1.0
8062,grouping,1,1,6.907755278982137,1.0
8063,growth-factor-like,1,1,6.907755278982137,1.0
8064,gsea,1,1,6.907755278982137,1.0
8065,gsk,1,1,6.907755278982137,1.0
8066,gst,1,1,6.907755278982137,1.0
8067,gt-ag,1,1,6.907755278982137,1.0
8068,gtpases,1,1,6.907755278982137,1.0
8069,guanidinium-solubilized,1,1,6.907755278982137,1.0
8070,guanosine,1,1,6.907755278982137,1.0
8071,guarantee,1,1,6.907755278982137,1.0
8072,guideline,1,1,6.907755278982137,1.0
8073,guideline-directed,1,1,6.907755278982137,1.0
8074,guideline-informed,1,1,6.907755278982137,1.0
8075,guideline-recommended,1,1,6.907755278982137,1.0
8076,gurmarin,1,1,6.907755278982137,1.0
8077,gustducin-deficient,1,1,6.907755278982137,1.0
8078,gut-associated,1,1,6.907755278982137,1.0
8079,gut-bone,1,1,6.907755278982137,1.0
8080,gut-mediated,1,1,6.907755278982137,1.0
8081,gut-pancreas-liver,1,1,6.907755278982137,1.0
8082,gut-produced,1,1,6.907755278982137,1.0
8083,gut-secreted,1,1,6.907755278982137,1.0
8084,gut-to-brain,1,1,6.907755278982137,1.0
8085,gynecoid,1,1,6.907755278982137,1.0
8086,gynecologists,1,1,6.907755278982137,1.0
8087,gynecology,1,1,6.907755278982137,1.0
8088,h-89,1,1,6.907755278982137,1.0
8089,h-his-aib-glu-gly-thr-phe-thr-ser-asp-bip-bip-nh2,1,1,6.907755278982137,1.0
8090,habener,1,1,6.907755278982137,1.0
8091,haemostasis,1,1,6.907755278982137,1.0
8092,hailey-hailey,1,1,6.907755278982137,1.0
8093,half-lives,1,1,6.907755278982137,1.0
8094,half-time,1,1,6.907755278982137,1.0
8095,hallmark,1,1,6.907755278982137,1.0
8096,halt,1,1,6.907755278982137,1.0
8097,halted,1,1,6.907755278982137,1.0
8098,halting,1,1,6.907755278982137,1.0
8099,hamper,1,1,6.907755278982137,1.0
8100,hampered,1,1,6.907755278982137,1.0
8101,happens,1,1,6.907755278982137,1.0
8102,harboring,1,1,6.907755278982137,1.0
8103,hard,1,1,6.907755278982137,1.0
8104,harm,1,1,6.907755278982137,1.0
8105,harmonized,1,1,6.907755278982137,1.0
8106,hashimoto,1,1,6.907755278982137,1.0
8107,hazards,1,1,6.907755278982137,1.0
8108,hca,1,1,6.907755278982137,1.0
8109,hco,1,1,6.907755278982137,1.0
8110,hd-caused,1,1,6.907755278982137,1.0
8111,hd-induced,1,1,6.907755278982137,1.0
8112,hdl,1,1,6.907755278982137,1.0
8113,hdl-cholesterol,1,1,6.907755278982137,1.0
8114,headings,1,1,6.907755278982137,1.0
8115,health-care,1,1,6.907755278982137,1.0
8116,healthspan,1,1,6.907755278982137,1.0
8117,hear,1,1,6.907755278982137,1.0
8118,heaves,1,1,6.907755278982137,1.0
8119,hedonic,1,1,6.907755278982137,1.0
8120,height,1,1,6.907755278982137,1.0
8121,heights,1,1,6.907755278982137,1.0
8122,held,1,1,6.907755278982137,1.0
8123,helices,1,1,6.907755278982137,1.0
8124,helix-stabilizing,1,1,6.907755278982137,1.0
8125,hematoma,1,1,6.907755278982137,1.0
8126,hematopoietic,1,1,6.907755278982137,1.0
8127,hemorrhagic,1,1,6.907755278982137,1.0
8128,hemostatic,1,1,6.907755278982137,1.0
8129,hepatocellular,1,1,6.907755278982137,1.0
8130,hepatogenous,1,1,6.907755278982137,1.0
8131,hepatologic,1,1,6.907755278982137,1.0
8132,hepatology,1,1,6.907755278982137,1.0
8133,hepatoportal,1,1,6.907755278982137,1.0
8134,hepatotoxicity,1,1,6.907755278982137,1.0
8135,hepg,1,1,6.907755278982137,1.0
8136,herald,1,1,6.907755278982137,1.0
8137,herbs,1,1,6.907755278982137,1.0
8138,hernias,1,1,6.907755278982137,1.0
8139,heterocycle,1,1,6.907755278982137,1.0
8140,heterologous,1,1,6.907755278982137,1.0
8141,hexokinase,1,1,6.907755278982137,1.0
8142,hg-challenged,1,1,6.907755278982137,1.0
8143,hg-induced,1,1,6.907755278982137,1.0
8144,hiatal,1,1,6.907755278982137,1.0
8145,hidden,1,1,6.907755278982137,1.0
8146,high-dp,1,1,6.907755278982137,1.0
8147,high-fat-diet-induced,1,1,6.907755278982137,1.0
8148,high-fiber,1,1,6.907755278982137,1.0
8149,high-glucose,1,1,6.907755278982137,1.0
8150,high-glucose-induced,1,1,6.907755278982137,1.0
8151,high-mortality,1,1,6.907755278982137,1.0
8152,high-potency,1,1,6.907755278982137,1.0
8153,high-pressure,1,1,6.907755278982137,1.0
8154,high-resolution,1,1,6.907755278982137,1.0
8155,high-sodium,1,1,6.907755278982137,1.0
8156,high-sucrose,1,1,6.907755278982137,1.0
8157,high-valued,1,1,6.907755278982137,1.0
8158,high-yield,1,1,6.907755278982137,1.0
8159,highest-risk,1,1,6.907755278982137,1.0
8160,hinder,1,1,6.907755278982137,1.0
8161,hindered,1,1,6.907755278982137,1.0
8162,hinders,1,1,6.907755278982137,1.0
8163,hindgut,1,1,6.907755278982137,1.0
8164,hippocampal-dependent,1,1,6.907755278982137,1.0
8165,his-7,1,1,6.907755278982137,1.0
8166,his-tagged,1,1,6.907755278982137,1.0
8167,histologically,1,1,6.907755278982137,1.0
8168,histone,1,1,6.907755278982137,1.0
8169,histopathology,1,1,6.907755278982137,1.0
8170,historial,1,1,6.907755278982137,1.0
8171,historical,1,1,6.907755278982137,1.0
8172,history-taking,1,1,6.907755278982137,1.0
8173,hitherto,1,1,6.907755278982137,1.0
8174,hiv-associated,1,1,6.907755278982137,1.0
8175,hodgkin,1,1,6.907755278982137,1.0
8176,holdemanella,1,1,6.907755278982137,1.0
8177,holidays,1,1,6.907755278982137,1.0
8178,hollowing,1,1,6.907755278982137,1.0
8179,homa,1,1,6.907755278982137,1.0
8180,homa-ir,1,1,6.907755278982137,1.0
8181,home,1,1,6.907755278982137,1.0
8182,homoeostasis,1,1,6.907755278982137,1.0
8183,homologs,1,1,6.907755278982137,1.0
8184,homologue,1,1,6.907755278982137,1.0
8185,homozygosity,1,1,6.907755278982137,1.0
8186,homozygous,1,1,6.907755278982137,1.0
8187,hopeful,1,1,6.907755278982137,1.0
8188,hormone-derived,1,1,6.907755278982137,1.0
8189,hormones-mainly,1,1,6.907755278982137,1.0
8190,hospitalisations,1,1,6.907755278982137,1.0
8191,host-microbiome,1,1,6.907755278982137,1.0
8192,hosts,1,1,6.907755278982137,1.0
8193,hot,1,1,6.907755278982137,1.0
8194,hrec,1,1,6.907755278982137,1.0
8195,hresims,1,1,6.907755278982137,1.0
8196,hrv,1,1,6.907755278982137,1.0
8197,hts,1,1,6.907755278982137,1.0
8198,hu,1,1,6.907755278982137,1.0
8199,huang,1,1,6.907755278982137,1.0
8200,hugely,1,1,6.907755278982137,1.0
8201,human-derived,1,1,6.907755278982137,1.0
8202,human-induced,1,1,6.907755278982137,1.0
8203,humankind,1,1,6.907755278982137,1.0
8204,hundreds,1,1,6.907755278982137,1.0
8205,hurdles,1,1,6.907755278982137,1.0
8206,husbandry,1,1,6.907755278982137,1.0
8207,huvec,1,1,6.907755278982137,1.0
8208,hybridized,1,1,6.907755278982137,1.0
8209,hydration,1,1,6.907755278982137,1.0
8210,hydrocarbonized,1,1,6.907755278982137,1.0
8211,hydrogel-based,1,1,6.907755278982137,1.0
8212,hydrogels,1,1,6.907755278982137,1.0
8213,hydrophilic,1,1,6.907755278982137,1.0
8214,hydroxybenzoyl,1,1,6.907755278982137,1.0
8215,hydroxydeoxyguanosine,1,1,6.907755278982137,1.0
8216,hydroxyderricin,1,1,6.907755278982137,1.0
8217,hydroxylase,1,1,6.907755278982137,1.0
8218,hydroxytryptamine,1,1,6.907755278982137,1.0
8219,hyperactivation,1,1,6.907755278982137,1.0
8220,hypergastrinemia,1,1,6.907755278982137,1.0
8221,hypergly-cemia,1,1,6.907755278982137,1.0
8222,hyperglycaemic,1,1,6.907755278982137,1.0
8223,hyperhydration,1,1,6.907755278982137,1.0
8224,hyperinsulinaemia,1,1,6.907755278982137,1.0
8225,hyperinsulinism,1,1,6.907755278982137,1.0
8226,hyperkalemia,1,1,6.907755278982137,1.0
8227,hyperlipidaemia,1,1,6.907755278982137,1.0
8228,hypermetabolism,1,1,6.907755278982137,1.0
8229,hypermetric,1,1,6.907755278982137,1.0
8230,hypernutrition,1,1,6.907755278982137,1.0
8231,hyperphagia,1,1,6.907755278982137,1.0
8232,hyperplasias,1,1,6.907755278982137,1.0
8233,hyperpolarization,1,1,6.907755278982137,1.0
8234,hyperpolarization-activated,1,1,6.907755278982137,1.0
8235,hyperpolarized,1,1,6.907755278982137,1.0
8236,hypertensive,1,1,6.907755278982137,1.0
8237,hypertriglyceridemia,1,1,6.907755278982137,1.0
8238,hyperuricemia,1,1,6.907755278982137,1.0
8239,hypo,1,1,6.907755278982137,1.0
8240,hypogonadal,1,1,6.907755278982137,1.0
8241,hypoperfusion,1,1,6.907755278982137,1.0
8242,hypoperfusion-induced,1,1,6.907755278982137,1.0
8243,hypophagia,1,1,6.907755278982137,1.0
8244,hypophysiotropic,1,1,6.907755278982137,1.0
8245,hypothalamic-pituitary,1,1,6.907755278982137,1.0
8246,hypothalamic-pituitary-gonadal,1,1,6.907755278982137,1.0
8247,hypotheses,1,1,6.907755278982137,1.0
8248,hypothesis-generating,1,1,6.907755278982137,1.0
8249,hypothyroidism,1,1,6.907755278982137,1.0
8250,hysterectomy,1,1,6.907755278982137,1.0
8251,i-exendin,1,1,6.907755278982137,1.0
8252,i-hippuran,1,1,6.907755278982137,1.0
8253,i-insulin,1,1,6.907755278982137,1.0
8254,i-tail,1,1,6.907755278982137,1.0
8255,ibd-related,1,1,6.907755278982137,1.0
8256,ibts,1,1,6.907755278982137,1.0
8257,icam,1,1,6.907755278982137,1.0
8258,icd-10,1,1,6.907755278982137,1.0
8259,icd-11,1,1,6.907755278982137,1.0
8260,ics,1,1,6.907755278982137,1.0
8261,icu,1,1,6.907755278982137,1.0
8262,igf-1r,1,1,6.907755278982137,1.0
8263,iggs,1,1,6.907755278982137,1.0
8264,iglar,1,1,6.907755278982137,1.0
8265,ignite,1,1,6.907755278982137,1.0
8266,ih-induced,1,1,6.907755278982137,1.0
8267,iic,1,1,6.907755278982137,1.0
8268,iihwop,1,1,6.907755278982137,1.0
8269,iko,1,1,6.907755278982137,1.0
8270,il-10,1,1,6.907755278982137,1.0
8271,ileostomy,1,1,6.907755278982137,1.0
8272,illegal,1,1,6.907755278982137,1.0
8273,illnesses,1,1,6.907755278982137,1.0
8274,illuminate,1,1,6.907755278982137,1.0
8275,illustrating,1,1,6.907755278982137,1.0
8276,illustration,1,1,6.907755278982137,1.0
8277,image,1,1,6.907755278982137,1.0
8278,imaged,1,1,6.907755278982137,1.0
8279,imidazole,1,1,6.907755278982137,1.0
8280,iminodiacetic,1,1,6.907755278982137,1.0
8281,immature,1,1,6.907755278982137,1.0
8282,immediate-release,1,1,6.907755278982137,1.0
8283,immensely,1,1,6.907755278982137,1.0
8284,imminent,1,1,6.907755278982137,1.0
8285,immobilised,1,1,6.907755278982137,1.0
8286,immortal,1,1,6.907755278982137,1.0
8287,immortalized,1,1,6.907755278982137,1.0
8288,immune-inflammatory,1,1,6.907755278982137,1.0
8289,immune-mediated,1,1,6.907755278982137,1.0
8290,immune-modulation,1,1,6.907755278982137,1.0
8291,immunity,1,1,6.907755278982137,1.0
8292,immuno-expression,1,1,6.907755278982137,1.0
8293,immuno-metabolism,1,1,6.907755278982137,1.0
8294,immunoblots,1,1,6.907755278982137,1.0
8295,immunofluorescent,1,1,6.907755278982137,1.0
8296,immunofluorescently-labelled,1,1,6.907755278982137,1.0
8297,immunogenic,1,1,6.907755278982137,1.0
8298,immunogenicity,1,1,6.907755278982137,1.0
8299,immunoglobulin,1,1,6.907755278982137,1.0
8300,immunohistochemically,1,1,6.907755278982137,1.0
8301,immunolabelling,1,1,6.907755278982137,1.0
8302,immunologically,1,1,6.907755278982137,1.0
8303,immunology,1,1,6.907755278982137,1.0
8304,immunomagnetic,1,1,6.907755278982137,1.0
8305,immunometabolic,1,1,6.907755278982137,1.0
8306,immunomodulation,1,1,6.907755278982137,1.0
8307,immunosuppressive,1,1,6.907755278982137,1.0
8308,impacting,1,1,6.907755278982137,1.0
8309,impairedoxidation,1,1,6.907755278982137,1.0
8310,impedance,1,1,6.907755278982137,1.0
8311,impetus,1,1,6.907755278982137,1.0
8312,implant,1,1,6.907755278982137,1.0
8313,implantation,1,1,6.907755278982137,1.0
8314,implanted,1,1,6.907755278982137,1.0
8315,implementing,1,1,6.907755278982137,1.0
8316,implicates,1,1,6.907755278982137,1.0
8317,importancealbeit,1,1,6.907755278982137,1.0
8318,importanceit,1,1,6.907755278982137,1.0
8319,impossible,1,1,6.907755278982137,1.0
8320,impure,1,1,6.907755278982137,1.0
8321,in-dota,1,1,6.907755278982137,1.0
8322,in-house,1,1,6.907755278982137,1.0
8323,in-person,1,1,6.907755278982137,1.0
8324,in-vivo,1,1,6.907755278982137,1.0
8325,inactivating,1,1,6.907755278982137,1.0
8326,inadequacies,1,1,6.907755278982137,1.0
8327,inauspicious,1,1,6.907755278982137,1.0
8328,incentives,1,1,6.907755278982137,1.0
8329,incidences,1,1,6.907755278982137,1.0
8330,inconsistencies,1,1,6.907755278982137,1.0
8331,inconsistently,1,1,6.907755278982137,1.0
8332,incretin-associated,1,1,6.907755278982137,1.0
8333,incretin-axis,1,1,6.907755278982137,1.0
8334,incretin-degrading,1,1,6.907755278982137,1.0
8335,incretin-derived,1,1,6.907755278982137,1.0
8336,incretin-mediated,1,1,6.907755278982137,1.0
8337,incretin-releasing,1,1,6.907755278982137,1.0
8338,incretin-stimulated,1,1,6.907755278982137,1.0
8339,incretinbased,1,1,6.907755278982137,1.0
8340,incretinisation,1,1,6.907755278982137,1.0
8341,indexed,1,1,6.907755278982137,1.0
8342,indexes,1,1,6.907755278982137,1.0
8343,indian,1,1,6.907755278982137,1.0
8344,indication-expansion,1,1,6.907755278982137,1.0
8345,indices,1,1,6.907755278982137,1.0
8346,indispensable,1,1,6.907755278982137,1.0
8347,individualize,1,1,6.907755278982137,1.0
8348,individualizing,1,1,6.907755278982137,1.0
8349,induced-serotonin,1,1,6.907755278982137,1.0
8350,inducibility,1,1,6.907755278982137,1.0
8351,inducting,1,1,6.907755278982137,1.0
8352,inefficient,1,1,6.907755278982137,1.0
8353,inequalities,1,1,6.907755278982137,1.0
8354,inequities,1,1,6.907755278982137,1.0
8355,inertia,1,1,6.907755278982137,1.0
8356,inevitably,1,1,6.907755278982137,1.0
8357,infants,1,1,6.907755278982137,1.0
8358,infected,1,1,6.907755278982137,1.0
8359,infection-related,1,1,6.907755278982137,1.0
8360,inference,1,1,6.907755278982137,1.0
8361,infestation,1,1,6.907755278982137,1.0
8362,infiltrating,1,1,6.907755278982137,1.0
8363,infiltrative,1,1,6.907755278982137,1.0
8364,inflame,1,1,6.907755278982137,1.0
8365,inflamed,1,1,6.907755278982137,1.0
8366,inflammation-mediated,1,1,6.907755278982137,1.0
8367,inflating,1,1,6.907755278982137,1.0
8368,infliximab,1,1,6.907755278982137,1.0
8369,infographics,1,1,6.907755278982137,1.0
8370,infraction,1,1,6.907755278982137,1.0
8371,infralimbic,1,1,6.907755278982137,1.0
8372,infrastructure,1,1,6.907755278982137,1.0
8373,infusing,1,1,6.907755278982137,1.0
8374,ingeniously,1,1,6.907755278982137,1.0
8375,ingest,1,1,6.907755278982137,1.0
8376,ingesting,1,1,6.907755278982137,1.0
8377,inhibitor-1,1,1,6.907755278982137,1.0
8378,inhibitor-treated,1,1,6.907755278982137,1.0
8379,inhibtors,1,1,6.907755278982137,1.0
8380,initiative,1,1,6.907755278982137,1.0
8381,injectables,1,1,6.907755278982137,1.0
8382,injection-related,1,1,6.907755278982137,1.0
8383,injection-site,1,1,6.907755278982137,1.0
8384,injuries,1,1,6.907755278982137,1.0
8385,innate,1,1,6.907755278982137,1.0
8386,inner,1,1,6.907755278982137,1.0
8387,innervate,1,1,6.907755278982137,1.0
8388,innervates,1,1,6.907755278982137,1.0
8389,innervating,1,1,6.907755278982137,1.0
8390,innovent,1,1,6.907755278982137,1.0
8391,inotropic,1,1,6.907755278982137,1.0
8392,input,1,1,6.907755278982137,1.0
8393,inquiry,1,1,6.907755278982137,1.0
8394,inroads,1,1,6.907755278982137,1.0
8395,inserted,1,1,6.907755278982137,1.0
8396,insightful,1,1,6.907755278982137,1.0
8397,inspection,1,1,6.907755278982137,1.0
8398,instance,1,1,6.907755278982137,1.0
8399,instances,1,1,6.907755278982137,1.0
8400,instant,1,1,6.907755278982137,1.0
8401,instillation,1,1,6.907755278982137,1.0
8402,instrumental,1,1,6.907755278982137,1.0
8403,instrumentation,1,1,6.907755278982137,1.0
8404,insulin-glp-1,1,1,6.907755278982137,1.0
8405,insulin-glucose,1,1,6.907755278982137,1.0
8406,insulin-mediated,1,1,6.907755278982137,1.0
8407,insulin-requiring,1,1,6.907755278982137,1.0
8408,insulin-responsive,1,1,6.907755278982137,1.0
8409,insulin-secretion,1,1,6.907755278982137,1.0
8410,insulinomimetic,1,1,6.907755278982137,1.0
8411,insulinopenic,1,1,6.907755278982137,1.0
8412,insurers,1,1,6.907755278982137,1.0
8413,intake-reducing,1,1,6.907755278982137,1.0
8414,integrate,1,1,6.907755278982137,1.0
8415,intensify,1,1,6.907755278982137,1.0
8416,intensifying,1,1,6.907755278982137,1.0
8417,intent,1,1,6.907755278982137,1.0
8418,intention,1,1,6.907755278982137,1.0
8419,interactome,1,1,6.907755278982137,1.0
8420,interbody,1,1,6.907755278982137,1.0
8421,intercept,1,1,6.907755278982137,1.0
8422,interdisciplinary,1,1,6.907755278982137,1.0
8423,interfacing,1,1,6.907755278982137,1.0
8424,interferon-inducible,1,1,6.907755278982137,1.0
8425,interleuin-6,1,1,6.907755278982137,1.0
8426,interleukin-1,1,1,6.907755278982137,1.0
8427,intermeal,1,1,6.907755278982137,1.0
8428,intermedia,1,1,6.907755278982137,1.0
8429,intermediate,1,1,6.907755278982137,1.0
8430,internet,1,1,6.907755278982137,1.0
8431,internists,1,1,6.907755278982137,1.0
8432,interpenduncular,1,1,6.907755278982137,1.0
8433,interplays,1,1,6.907755278982137,1.0
8434,interposition,1,1,6.907755278982137,1.0
8435,interpret,1,1,6.907755278982137,1.0
8436,interpreting,1,1,6.907755278982137,1.0
8437,interpretive,1,1,6.907755278982137,1.0
8438,interprofessional,1,1,6.907755278982137,1.0
8439,interrogate,1,1,6.907755278982137,1.0
8440,interrupted,1,1,6.907755278982137,1.0
8441,interrupting,1,1,6.907755278982137,1.0
8442,interruption,1,1,6.907755278982137,1.0
8443,intersection,1,1,6.907755278982137,1.0
8444,intersects,1,1,6.907755278982137,1.0
8445,intertriginous,1,1,6.907755278982137,1.0
8446,intertwined,1,1,6.907755278982137,1.0
8447,intervene,1,1,6.907755278982137,1.0
8448,interviews,1,1,6.907755278982137,1.0
8449,intestinal-secreted,1,1,6.907755278982137,1.0
8450,intestinal-specific,1,1,6.907755278982137,1.0
8451,intestinally,1,1,6.907755278982137,1.0
8452,intestinimonas,1,1,6.907755278982137,1.0
8453,intestinotrophic,1,1,6.907755278982137,1.0
8454,intima,1,1,6.907755278982137,1.0
8455,intolerant,1,1,6.907755278982137,1.0
8456,intoxications,1,1,6.907755278982137,1.0
8457,intra-arterial,1,1,6.907755278982137,1.0
8458,intra-cerebral,1,1,6.907755278982137,1.0
8459,intra-endosomal,1,1,6.907755278982137,1.0
8460,intra-islet,1,1,6.907755278982137,1.0
8461,intra-nacc,1,1,6.907755278982137,1.0
8462,intracerebral,1,1,6.907755278982137,1.0
8463,intractable,1,1,6.907755278982137,1.0
8464,intraportal,1,1,6.907755278982137,1.0
8465,intrathecal,1,1,6.907755278982137,1.0
8466,intrauterine,1,1,6.907755278982137,1.0
8467,introduce,1,1,6.907755278982137,1.0
8468,introduces,1,1,6.907755278982137,1.0
8469,introductionthe,1,1,6.907755278982137,1.0
8470,inulin,1,1,6.907755278982137,1.0
8471,invasions,1,1,6.907755278982137,1.0
8472,investigators,1,1,6.907755278982137,1.0
8473,invisible,1,1,6.907755278982137,1.0
8474,ionization,1,1,6.907755278982137,1.0
8475,ionotropic,1,1,6.907755278982137,1.0
8476,ipomoea,1,1,6.907755278982137,1.0
8477,ipsc,1,1,6.907755278982137,1.0
8478,iptg,1,1,6.907755278982137,1.0
8479,ir-specific,1,1,6.907755278982137,1.0
8480,irb-approved,1,1,6.907755278982137,1.0
8481,iron,1,1,6.907755278982137,1.0
8482,irritability,1,1,6.907755278982137,1.0
8483,irritable,1,1,6.907755278982137,1.0
8484,irritation,1,1,6.907755278982137,1.0
8485,irritative,1,1,6.907755278982137,1.0
8486,irs-1,1,1,6.907755278982137,1.0
8487,ischaemia-induced,1,1,6.907755278982137,1.0
8488,ischaemia-reperfusion,1,1,6.907755278982137,1.0
8489,ischemia-induced,1,1,6.907755278982137,1.0
8490,islet-specific,1,1,6.907755278982137,1.0
8491,isoaltholacton,1,1,6.907755278982137,1.0
8492,isoelectric,1,1,6.907755278982137,1.0
8493,isolate,1,1,6.907755278982137,1.0
8494,isolation,1,1,6.907755278982137,1.0
8495,isoleucine,1,1,6.907755278982137,1.0
8496,isopropylthio,1,1,6.907755278982137,1.0
8497,isoproterenol,1,1,6.907755278982137,1.0
8498,isothermal,1,1,6.907755278982137,1.0
8499,isovolumetric,1,1,6.907755278982137,1.0
8500,issuing,1,1,6.907755278982137,1.0
8501,italian,1,1,6.907755278982137,1.0
8502,iv-related,1,1,6.907755278982137,1.0
8503,iv-resistant,1,1,6.907755278982137,1.0
8504,j-mono,1,1,6.907755278982137,1.0
8505,james,1,1,6.907755278982137,1.0
8506,japonica,1,1,6.907755278982137,1.0
8507,jaundice,1,1,6.907755278982137,1.0
8508,jin,1,1,6.907755278982137,1.0
8509,jmir,1,1,6.907755278982137,1.0
8510,jnj,1,1,6.907755278982137,1.0
8511,joanna,1,1,6.907755278982137,1.0
8512,joel,1,1,6.907755278982137,1.0
8513,john,1,1,6.907755278982137,1.0
8514,jointly,1,1,6.907755278982137,1.0
8515,journal,1,1,6.907755278982137,1.0
8516,judgment,1,1,6.907755278982137,1.0
8517,juice,1,1,6.907755278982137,1.0
8518,jumps,1,1,6.907755278982137,1.0
8519,junction,1,1,6.907755278982137,1.0
8520,junctions,1,1,6.907755278982137,1.0
8521,juxtamedullary,1,1,6.907755278982137,1.0
8522,k-akt,1,1,6.907755278982137,1.0
8523,k-cell,1,1,6.907755278982137,1.0
8524,kakotrichi,1,1,6.907755278982137,1.0
8525,kanie,1,1,6.907755278982137,1.0
8526,karagiannis,1,1,6.907755278982137,1.0
8527,kb,1,1,6.907755278982137,1.0
8528,keap,1,1,6.907755278982137,1.0
8529,keeping,1,1,6.907755278982137,1.0
8530,keratinocyte,1,1,6.907755278982137,1.0
8531,ketonemia,1,1,6.907755278982137,1.0
8532,keyword,1,1,6.907755278982137,1.0
8533,kglp-1-loaded,1,1,6.907755278982137,1.0
8534,kinetic,1,1,6.907755278982137,1.0
8535,kinetochore,1,1,6.907755278982137,1.0
8536,kingdom,1,1,6.907755278982137,1.0
8537,kir,1,1,6.907755278982137,1.0
8538,kiss-1,1,1,6.907755278982137,1.0
8539,kiss-1r,1,1,6.907755278982137,1.0
8540,kisspeptin-1,1,1,6.907755278982137,1.0
8541,kit-8,1,1,6.907755278982137,1.0
8542,kits,1,1,6.907755278982137,1.0
8543,kj,1,1,6.907755278982137,1.0
8544,kk,1,1,6.907755278982137,1.0
8545,kkay,1,1,6.907755278982137,1.0
8546,km,1,1,6.907755278982137,1.0
8547,knock,1,1,6.907755278982137,1.0
8548,knock-out,1,1,6.907755278982137,1.0
8549,knowledge-based,1,1,6.907755278982137,1.0
8550,knudsen,1,1,6.907755278982137,1.0
8551,kqt,1,1,6.907755278982137,1.0
8552,kt-derived,1,1,6.907755278982137,1.0
8553,kunming,1,1,6.907755278982137,1.0
8554,kv,1,1,6.907755278982137,1.0
8555,kynurenic,1,1,6.907755278982137,1.0
8556,l-alanine,1,1,6.907755278982137,1.0
8557,l-amino-acid-defined,1,1,6.907755278982137,1.0
8558,l-lactic-co-glycolic,1,1,6.907755278982137,1.0
8559,l-lysine,1,1,6.907755278982137,1.0
8560,l-proline,1,1,6.907755278982137,1.0
8561,l-type,1,1,6.907755278982137,1.0
8562,labelling,1,1,6.907755278982137,1.0
8563,lability,1,1,6.907755278982137,1.0
8564,labor,1,1,6.907755278982137,1.0
8565,labs,1,1,6.907755278982137,1.0
8566,lacks,1,1,6.907755278982137,1.0
8567,lactam,1,1,6.907755278982137,1.0
8568,lactiplantibacillus,1,1,6.907755278982137,1.0
8569,lancet,1,1,6.907755278982137,1.0
8570,lang,1,1,6.907755278982137,1.0
8571,langerhans,1,1,6.907755278982137,1.0
8572,lanterns,1,1,6.907755278982137,1.0
8573,laparoscopic,1,1,6.907755278982137,1.0
8574,laparotomy,1,1,6.907755278982137,1.0
8575,laryngeal,1,1,6.907755278982137,1.0
8576,lasalle,1,1,6.907755278982137,1.0
8577,lasker,1,1,6.907755278982137,1.0
8578,late-phase,1,1,6.907755278982137,1.0
8579,lavage,1,1,6.907755278982137,1.0
8580,lawrence,1,1,6.907755278982137,1.0
8581,laxity,1,1,6.907755278982137,1.0
8582,lay,1,1,6.907755278982137,1.0
8583,layer-type,1,1,6.907755278982137,1.0
8584,layered,1,1,6.907755278982137,1.0
8585,lays,1,1,6.907755278982137,1.0
8586,lcfa-gpr120,1,1,6.907755278982137,1.0
8587,lcfa-induced,1,1,6.907755278982137,1.0
8588,leaked,1,1,6.907755278982137,1.0
8589,lecture,1,1,6.907755278982137,1.0
8590,lehrskov,1,1,6.907755278982137,1.0
8591,lengths,1,1,6.907755278982137,1.0
8592,lentiviral,1,1,6.907755278982137,1.0
8593,lentivirus,1,1,6.907755278982137,1.0
8594,leptin-spexin,1,1,6.907755278982137,1.0
8595,lesion-based,1,1,6.907755278982137,1.0
8596,lethargy,1,1,6.907755278982137,1.0
8597,leucine,1,1,6.907755278982137,1.0
8598,leukemia,1,1,6.907755278982137,1.0
8599,leukocyte,1,1,6.907755278982137,1.0
8600,lever,1,1,6.907755278982137,1.0
8601,leveraged,1,1,6.907755278982137,1.0
8602,lha,1,1,6.907755278982137,1.0
8603,li,1,1,6.907755278982137,1.0
8604,lib,1,1,6.907755278982137,1.0
8605,liberal,1,1,6.907755278982137,1.0
8606,licenced,1,1,6.907755278982137,1.0
8607,license,1,1,6.907755278982137,1.0
8608,lick,1,1,6.907755278982137,1.0
8609,licl,1,1,6.907755278982137,1.0
8610,licorice,1,1,6.907755278982137,1.0
8611,lie,1,1,6.907755278982137,1.0
8612,life-debilitating,1,1,6.907755278982137,1.0
8613,life-long,1,1,6.907755278982137,1.0
8614,lifetime,1,1,6.907755278982137,1.0
8615,ligament,1,1,6.907755278982137,1.0
8616,ligand-dependent,1,1,6.907755278982137,1.0
8617,ligand-directed,1,1,6.907755278982137,1.0
8618,ligand-glucagon,1,1,6.907755278982137,1.0
8619,likelihood,1,1,6.907755278982137,1.0
8620,lilacs,1,1,6.907755278982137,1.0
8621,linagliptin-mediated,1,1,6.907755278982137,1.0
8622,linchpin,1,1,6.907755278982137,1.0
8623,liner,1,1,6.907755278982137,1.0
8624,lining,1,1,6.907755278982137,1.0
8625,linkage,1,1,6.907755278982137,1.0
8626,lipase,1,1,6.907755278982137,1.0
8627,lipid-lowering,1,1,6.907755278982137,1.0
8628,lipidation,1,1,6.907755278982137,1.0
8629,lipophilicity,1,1,6.907755278982137,1.0
8630,lipopolysaccharide,1,1,6.907755278982137,1.0
8631,liposomes,1,1,6.907755278982137,1.0
8632,liquids,1,1,6.907755278982137,1.0
8633,liraglutide-inhibited,1,1,6.907755278982137,1.0
8634,liraglutide-treated,1,1,6.907755278982137,1.0
8635,list,1,1,6.907755278982137,1.0
8636,listing,1,1,6.907755278982137,1.0
8637,liter,1,1,6.907755278982137,1.0
8638,liu,1,1,6.907755278982137,1.0
8639,live-cell,1,1,6.907755278982137,1.0
8640,lixi,1,1,6.907755278982137,1.0
8641,lixisenatide-have,1,1,6.907755278982137,1.0
8642,lkb-1,1,1,6.907755278982137,1.0
8643,ll,1,1,6.907755278982137,1.0
8644,lnc,1,1,6.907755278982137,1.0
8645,loads,1,1,6.907755278982137,1.0
8646,lobular,1,1,6.907755278982137,1.0
8647,localize,1,1,6.907755278982137,1.0
8648,locally,1,1,6.907755278982137,1.0
8649,location-specific,1,1,6.907755278982137,1.0
8650,locus,1,1,6.907755278982137,1.0
8651,long-sought-after,1,1,6.907755278982137,1.0
8652,longer-term,1,1,6.907755278982137,1.0
8653,longest,1,1,6.907755278982137,1.0
8654,longevity-promoting,1,1,6.907755278982137,1.0
8655,longum,1,1,6.907755278982137,1.0
8656,loop-contributed,1,1,6.907755278982137,1.0
8657,loops,1,1,6.907755278982137,1.0
8658,loose,1,1,6.907755278982137,1.0
8659,loosening,1,1,6.907755278982137,1.0
8660,lorcaserin,1,1,6.907755278982137,1.0
8661,loses,1,1,6.907755278982137,1.0
8662,loss-dependent,1,1,6.907755278982137,1.0
8663,loss-include,1,1,6.907755278982137,1.0
8664,loss-independent,1,1,6.907755278982137,1.0
8665,lotte,1,1,6.907755278982137,1.0
8666,low-affinity,1,1,6.907755278982137,1.0
8667,low-density,1,1,6.907755278982137,1.0
8668,low-glycemic,1,1,6.907755278982137,1.0
8669,lps-cascade,1,1,6.907755278982137,1.0
8670,ltd,1,1,6.907755278982137,1.0
8671,ltr,1,1,6.907755278982137,1.0
8672,lucia,1,1,6.907755278982137,1.0
8673,lumen-apposing,1,1,6.907755278982137,1.0
8674,luminescence,1,1,6.907755278982137,1.0
8675,lunar,1,1,6.907755278982137,1.0
8676,lung-targeted,1,1,6.907755278982137,1.0
8677,luteinizing,1,1,6.907755278982137,1.0
8678,lyerly,1,1,6.907755278982137,1.0
8679,lymphedema-specific,1,1,6.907755278982137,1.0
8680,lymphocyte,1,1,6.907755278982137,1.0
8681,lymphoma,1,1,6.907755278982137,1.0
8682,lymphovenous,1,1,6.907755278982137,1.0
8683,lypotoxicity,1,1,6.907755278982137,1.0
8684,lys-288,1,1,6.907755278982137,1.0
8685,lys-induced,1,1,6.907755278982137,1.0
8686,lysine-288,1,1,6.907755278982137,1.0
8687,lysosome-targeting,1,1,6.907755278982137,1.0
8688,lysozyme,1,1,6.907755278982137,1.0
8689,lytac,1,1,6.907755278982137,1.0
8690,m-1,1,1,6.907755278982137,1.0
8691,macaque,1,1,6.907755278982137,1.0
8692,maces,1,1,6.907755278982137,1.0
8693,macroalbuminuria,1,1,6.907755278982137,1.0
8694,macromolecules,1,1,6.907755278982137,1.0
8695,macropinocytosis,1,1,6.907755278982137,1.0
8696,macular,1,1,6.907755278982137,1.0
8697,mafb,1,1,6.907755278982137,1.0
8698,magnocellular,1,1,6.907755278982137,1.0
8699,mainlythrough,1,1,6.907755278982137,1.0
8700,maintenance-oriented,1,1,6.907755278982137,1.0
8701,makeup,1,1,6.907755278982137,1.0
8702,mal-pegs,1,1,6.907755278982137,1.0
8703,maldi-tof-ms,1,1,6.907755278982137,1.0
8704,males-though,1,1,6.907755278982137,1.0
8705,malformations,1,1,6.907755278982137,1.0
8706,malic,1,1,6.907755278982137,1.0
8707,malnutrition,1,1,6.907755278982137,1.0
8708,mamillary,1,1,6.907755278982137,1.0
8709,mammals,1,1,6.907755278982137,1.0
8710,manageable,1,1,6.907755278982137,1.0
8711,manager,1,1,6.907755278982137,1.0
8712,mandated,1,1,6.907755278982137,1.0
8713,mangiferin,1,1,6.907755278982137,1.0
8714,mango,1,1,6.907755278982137,1.0
8715,manifested,1,1,6.907755278982137,1.0
8716,manifesting,1,1,6.907755278982137,1.0
8717,manifests,1,1,6.907755278982137,1.0
8718,manifold,1,1,6.907755278982137,1.0
8719,manners,1,1,6.907755278982137,1.0
8720,mannose,1,1,6.907755278982137,1.0
8721,mantsiou,1,1,6.907755278982137,1.0
8722,manual,1,1,6.907755278982137,1.0
8723,manufacturability,1,1,6.907755278982137,1.0
8724,manufacture,1,1,6.907755278982137,1.0
8725,manufactured,1,1,6.907755278982137,1.0
8726,manufacturer,1,1,6.907755278982137,1.0
8727,manufacturer-recommended,1,1,6.907755278982137,1.0
8728,manufacturing,1,1,6.907755278982137,1.0
8729,mapks,1,1,6.907755278982137,1.0
8730,mapped,1,1,6.907755278982137,1.0
8731,marginal,1,1,6.907755278982137,1.0
8732,maritide,1,1,6.907755278982137,1.0
8733,marking,1,1,6.907755278982137,1.0
8734,marred,1,1,6.907755278982137,1.0
8735,marrow,1,1,6.907755278982137,1.0
8736,masld-related,1,1,6.907755278982137,1.0
8737,massive,1,1,6.907755278982137,1.0
8738,mast,1,1,6.907755278982137,1.0
8739,master,1,1,6.907755278982137,1.0
8740,mastery,1,1,6.907755278982137,1.0
8741,mastocytosis,1,1,6.907755278982137,1.0
8742,match,1,1,6.907755278982137,1.0
8743,materials-methods,1,1,6.907755278982137,1.0
8744,matrices,1,1,6.907755278982137,1.0
8745,matrix-assisted,1,1,6.907755278982137,1.0
8746,matrix-receptor,1,1,6.907755278982137,1.0
8747,matsuda,1,1,6.907755278982137,1.0
8748,maximally,1,1,6.907755278982137,1.0
8749,maximizing,1,1,6.907755278982137,1.0
8750,mci,1,1,6.907755278982137,1.0
8751,mcprc,1,1,6.907755278982137,1.0
8752,mda,1,1,6.907755278982137,1.0
8753,mdd,1,1,6.907755278982137,1.0
8754,mds,1,1,6.907755278982137,1.0
8755,meal-stimulated,1,1,6.907755278982137,1.0
8756,meal-wise,1,1,6.907755278982137,1.0
8757,meaning,1,1,6.907755278982137,1.0
8758,meat,1,1,6.907755278982137,1.0
8759,mechanism-informed,1,1,6.907755278982137,1.0
8760,medi,1,1,6.907755278982137,1.0
8761,medica,1,1,6.907755278982137,1.0
8762,medicalization,1,1,6.907755278982137,1.0
8763,medicalizing,1,1,6.907755278982137,1.0
8764,medically,1,1,6.907755278982137,1.0
8765,medicaments,1,1,6.907755278982137,1.0
8766,medication-date,1,1,6.907755278982137,1.0
8767,medication-specific,1,1,6.907755278982137,1.0
8768,medications-whether,1,1,6.907755278982137,1.0
8769,medicolegal,1,1,6.907755278982137,1.0
8770,mediterranean,1,1,6.907755278982137,1.0
8771,medrxiv,1,1,6.907755278982137,1.0
8772,meetings,1,1,6.907755278982137,1.0
8773,mek,1,1,6.907755278982137,1.0
8774,melanocortin-4,1,1,6.907755278982137,1.0
8775,melastatin,1,1,6.907755278982137,1.0
8776,membership,1,1,6.907755278982137,1.0
8777,membrane-anchored,1,1,6.907755278982137,1.0
8778,menadione,1,1,6.907755278982137,1.0
8779,menarandrense,1,1,6.907755278982137,1.0
8780,menarandrosides,1,1,6.907755278982137,1.0
8781,meng,1,1,6.907755278982137,1.0
8782,menopause,1,1,6.907755278982137,1.0
8783,mentioned,1,1,6.907755278982137,1.0
8784,mer,1,1,6.907755278982137,1.0
8785,merger,1,1,6.907755278982137,1.0
8786,merit,1,1,6.907755278982137,1.0
8787,mesencephalon,1,1,6.907755278982137,1.0
8788,mesoporous,1,1,6.907755278982137,1.0
8789,message,1,1,6.907755278982137,1.0
8790,meta-inflammation,1,1,6.907755278982137,1.0
8791,metab,1,1,6.907755278982137,1.0
8792,metabolic-inflammatory-aging,1,1,6.907755278982137,1.0
8793,metabolically-inactive,1,1,6.907755278982137,1.0
8794,metabolism-regulating,1,1,6.907755278982137,1.0
8795,metabolized,1,1,6.907755278982137,1.0
8796,metabolome,1,1,6.907755278982137,1.0
8797,metal,1,1,6.907755278982137,1.0
8798,metald,1,1,6.907755278982137,1.0
8799,metalloproteinase,1,1,6.907755278982137,1.0
8800,metalloproteinases,1,1,6.907755278982137,1.0
8801,metastatic,1,1,6.907755278982137,1.0
8802,metformin-induced,1,1,6.907755278982137,1.0
8803,methadone,1,1,6.907755278982137,1.0
8804,methodswe,1,1,6.907755278982137,1.0
8805,methyl,1,1,6.907755278982137,1.0
8806,methyl-4-phenyl-1,1,1,6.907755278982137,1.0
8807,methylation,1,1,6.907755278982137,1.0
8808,metric,1,1,6.907755278982137,1.0
8809,metrics,1,1,6.907755278982137,1.0
8810,mets,1,1,6.907755278982137,1.0
8811,mgcs,1,1,6.907755278982137,1.0
8812,mglutag,1,1,6.907755278982137,1.0
8813,mi-induced,1,1,6.907755278982137,1.0
8814,micellar,1,1,6.907755278982137,1.0
8815,micelles,1,1,6.907755278982137,1.0
8816,microbial-induced,1,1,6.907755278982137,1.0
8817,microbiomes,1,1,6.907755278982137,1.0
8818,microbiota-derived,1,1,6.907755278982137,1.0
8819,microbiota-endocannabinoid,1,1,6.907755278982137,1.0
8820,microbiota-gut-brain,1,1,6.907755278982137,1.0
8821,microcarrier-based,1,1,6.907755278982137,1.0
8822,microcirculatory,1,1,6.907755278982137,1.0
8823,microdialysis,1,1,6.907755278982137,1.0
8824,microenvironments,1,1,6.907755278982137,1.0
8825,microg,1,1,6.907755278982137,1.0
8826,microglia,1,1,6.907755278982137,1.0
8827,microgram,1,1,6.907755278982137,1.0
8828,microinjection,1,1,6.907755278982137,1.0
8829,microneedles,1,1,6.907755278982137,1.0
8830,microrna-27a,1,1,6.907755278982137,1.0
8831,microscopy-based,1,1,6.907755278982137,1.0
8832,microspheres,1,1,6.907755278982137,1.0
8833,microstructural,1,1,6.907755278982137,1.0
8834,microstructure,1,1,6.907755278982137,1.0
8835,microvillus,1,1,6.907755278982137,1.0
8836,mid,1,1,6.907755278982137,1.0
8837,mid-life,1,1,6.907755278982137,1.0
8838,middle-aged,1,1,6.907755278982137,1.0
8839,middle-income,1,1,6.907755278982137,1.0
8840,milestone,1,1,6.907755278982137,1.0
8841,milestones,1,1,6.907755278982137,1.0
8842,milieu,1,1,6.907755278982137,1.0
8843,mimics,1,1,6.907755278982137,1.0
8844,min-6,1,1,6.907755278982137,1.0
8845,mindful,1,1,6.907755278982137,1.0
8846,mineral,1,1,6.907755278982137,1.0
8847,mineralization,1,1,6.907755278982137,1.0
8848,mini,1,1,6.907755278982137,1.0
8849,mini-mental,1,1,6.907755278982137,1.0
8850,mini-osmotic,1,1,6.907755278982137,1.0
8851,minimized,1,1,6.907755278982137,1.0
8852,minimum,1,1,6.907755278982137,1.0
8853,mining,1,1,6.907755278982137,1.0
8854,minipigs,1,1,6.907755278982137,1.0
8855,minocycline,1,1,6.907755278982137,1.0
8856,minus,1,1,6.907755278982137,1.0
8857,minute,1,1,6.907755278982137,1.0
8858,miranda,1,1,6.907755278982137,1.0
8859,mirrored,1,1,6.907755278982137,1.0
8860,misdiagnosis,1,1,6.907755278982137,1.0
8861,misfolded,1,1,6.907755278982137,1.0
8862,misfolding,1,1,6.907755278982137,1.0
8863,mismatch,1,1,6.907755278982137,1.0
8864,mission,1,1,6.907755278982137,1.0
8865,mitochondrial-circadian,1,1,6.907755278982137,1.0
8866,mitochondrial-derived,1,1,6.907755278982137,1.0
8867,mitogen-activated,1,1,6.907755278982137,1.0
8868,mitotic,1,1,6.907755278982137,1.0
8869,mitral,1,1,6.907755278982137,1.0
8870,mixed-design,1,1,6.907755278982137,1.0
8871,mixed-effects,1,1,6.907755278982137,1.0
8872,mixed-methods,1,1,6.907755278982137,1.0
8873,mizuno,1,1,6.907755278982137,1.0
8874,mmh,1,1,6.907755278982137,1.0
8875,mmp,1,1,6.907755278982137,1.0
8876,mmp-2,1,1,6.907755278982137,1.0
8877,mnemonic,1,1,6.907755278982137,1.0
8878,mobility,1,1,6.907755278982137,1.0
8879,mobilize,1,1,6.907755278982137,1.0
8880,mochi,1,1,6.907755278982137,1.0
8881,modelled,1,1,6.907755278982137,1.0
8882,moderate-severe,1,1,6.907755278982137,1.0
8883,moderately,1,1,6.907755278982137,1.0
8884,moderating,1,1,6.907755278982137,1.0
8885,moderation,1,1,6.907755278982137,1.0
8886,modestly,1,1,6.907755278982137,1.0
8887,modifier,1,1,6.907755278982137,1.0
8888,modulatory,1,1,6.907755278982137,1.0
8889,mofs,1,1,6.907755278982137,1.0
8890,mojsov,1,1,6.907755278982137,1.0
8891,molecular-level,1,1,6.907755278982137,1.0
8892,molecularly,1,1,6.907755278982137,1.0
8893,moment,1,1,6.907755278982137,1.0
8894,mono-125i-iodinated,1,1,6.907755278982137,1.0
8895,mono-125i-tglp-1,1,1,6.907755278982137,1.0
8896,mono-gpcr,1,1,6.907755278982137,1.0
8897,monoamine,1,1,6.907755278982137,1.0
8898,monocular,1,1,6.907755278982137,1.0
8899,monocytes,1,1,6.907755278982137,1.0
8900,monosodium,1,1,6.907755278982137,1.0
8901,months-long,1,1,6.907755278982137,1.0
8902,morbidly,1,1,6.907755278982137,1.0
8903,morphometrical,1,1,6.907755278982137,1.0
8904,morris,1,1,6.907755278982137,1.0
8905,mossy,1,1,6.907755278982137,1.0
8906,motifs,1,1,6.907755278982137,1.0
8907,motions,1,1,6.907755278982137,1.0
8908,motivated,1,1,6.907755278982137,1.0
8909,motivation,1,1,6.907755278982137,1.0
8910,motoris,1,1,6.907755278982137,1.0
8911,motorius,1,1,6.907755278982137,1.0
8912,mounjaro,1,1,6.907755278982137,1.0
8913,mounting,1,1,6.907755278982137,1.0
8914,mounts,1,1,6.907755278982137,1.0
8915,mouth,1,1,6.907755278982137,1.0
8916,move,1,1,6.907755278982137,1.0
8917,movements,1,1,6.907755278982137,1.0
8918,mpn,1,1,6.907755278982137,1.0
8919,mptp-induced,1,1,6.907755278982137,1.0
8920,mra,1,1,6.907755278982137,1.0
8921,msh,1,1,6.907755278982137,1.0
8922,mtc,1,1,6.907755278982137,1.0
8923,mucin,1,1,6.907755278982137,1.0
8924,mucoadhesive,1,1,6.907755278982137,1.0
8925,mucosae,1,1,6.907755278982137,1.0
8926,multi-component,1,1,6.907755278982137,1.0
8927,multi-disciplinary,1,1,6.907755278982137,1.0
8928,multi-function,1,1,6.907755278982137,1.0
8929,multi-ingredient,1,1,6.907755278982137,1.0
8930,multi-level,1,1,6.907755278982137,1.0
8931,multi-omics,1,1,6.907755278982137,1.0
8932,multi-site,1,1,6.907755278982137,1.0
8933,multi-targeting,1,1,6.907755278982137,1.0
8934,multi-visit,1,1,6.907755278982137,1.0
8935,multi-year,1,1,6.907755278982137,1.0
8936,multicenter,1,1,6.907755278982137,1.0
8937,multidose,1,1,6.907755278982137,1.0
8938,multihormonal,1,1,6.907755278982137,1.0
8939,multilevel,1,1,6.907755278982137,1.0
8940,multimers,1,1,6.907755278982137,1.0
8941,multimodal,1,1,6.907755278982137,1.0
8942,multireceptor,1,1,6.907755278982137,1.0
8943,multisystem,1,1,6.907755278982137,1.0
8944,multitarget,1,1,6.907755278982137,1.0
8945,multivariate,1,1,6.907755278982137,1.0
8946,muscularis,1,1,6.907755278982137,1.0
8947,muslims,1,1,6.907755278982137,1.0
8948,mutants,1,1,6.907755278982137,1.0
8949,mutation,1,1,6.907755278982137,1.0
8950,mutual,1,1,6.907755278982137,1.0
8951,myd,1,1,6.907755278982137,1.0
8952,myelin,1,1,6.907755278982137,1.0
8953,myelination,1,1,6.907755278982137,1.0
8954,myelodysplastic,1,1,6.907755278982137,1.0
8955,myeloproliferative,1,1,6.907755278982137,1.0
8956,mykiss,1,1,6.907755278982137,1.0
8957,mylohyoid,1,1,6.907755278982137,1.0
8958,myogenic,1,1,6.907755278982137,1.0
8959,myography,1,1,6.907755278982137,1.0
8960,myriad,1,1,6.907755278982137,1.0
8961,n-acetylglucosamine,1,1,6.907755278982137,1.0
8962,n-containing,1,1,6.907755278982137,1.0
8963,n-methylated,1,1,6.907755278982137,1.0
8964,n-palmitoyl,1,1,6.907755278982137,1.0
8965,n-pga,1,1,6.907755278982137,1.0
8966,n-termini,1,1,6.907755278982137,1.0
8967,n-truncated,1,1,6.907755278982137,1.0
8968,n-type,1,1,6.907755278982137,1.0
8969,nad,1,1,6.907755278982137,1.0
8970,nadirs,1,1,6.907755278982137,1.0
8971,naloxone,1,1,6.907755278982137,1.0
8972,namgok,1,1,6.907755278982137,1.0
8973,nano,1,1,6.907755278982137,1.0
8974,nano-formulated,1,1,6.907755278982137,1.0
8975,nanoassemblies,1,1,6.907755278982137,1.0
8976,nanocapsules,1,1,6.907755278982137,1.0
8977,nanocarrier,1,1,6.907755278982137,1.0
8978,nanodevices,1,1,6.907755278982137,1.0
8979,nanomolar,1,1,6.907755278982137,1.0
8980,nanoshapes,1,1,6.907755278982137,1.0
8981,nanostructured,1,1,6.907755278982137,1.0
8982,nanostructures,1,1,6.907755278982137,1.0
8983,narrow-therapeutic,1,1,6.907755278982137,1.0
8984,nascent,1,1,6.907755278982137,1.0
8985,nausea-related,1,1,6.907755278982137,1.0
8986,ncl-h716,1,1,6.907755278982137,1.0
8987,nct,1,1,6.907755278982137,1.0
8988,ndd,1,1,6.907755278982137,1.0
8989,ndgs,1,1,6.907755278982137,1.0
8990,ndp,1,1,6.907755278982137,1.0
8991,ndp-based,1,1,6.907755278982137,1.0
8992,ndp-promoted,1,1,6.907755278982137,1.0
8993,necessarily,1,1,6.907755278982137,1.0
8994,necessitate,1,1,6.907755278982137,1.0
8995,necessitated,1,1,6.907755278982137,1.0
8996,nedd,1,1,6.907755278982137,1.0
8997,nefas,1,1,6.907755278982137,1.0
8998,negated,1,1,6.907755278982137,1.0
8999,negligible,1,1,6.907755278982137,1.0
9000,nep,1,1,6.907755278982137,1.0
9001,nephrectomy,1,1,6.907755278982137,1.0
9002,nephron,1,1,6.907755278982137,1.0
9003,nesfatin,1,1,6.907755278982137,1.0
9004,nesfatin-1-producing,1,1,6.907755278982137,1.0
9005,neuen,1,1,6.907755278982137,1.0
9006,neun-positive,1,1,6.907755278982137,1.0
9007,neuro-anatomical,1,1,6.907755278982137,1.0
9008,neuro-immuno-hormonal,1,1,6.907755278982137,1.0
9009,neuro-ophthalmology,1,1,6.907755278982137,1.0
9010,neurobehavioral,1,1,6.907755278982137,1.0
9011,neurochemical,1,1,6.907755278982137,1.0
9012,neurocircuitry,1,1,6.907755278982137,1.0
9013,neurocircuits,1,1,6.907755278982137,1.0
9014,neurodiverse,1,1,6.907755278982137,1.0
9015,neuroincretin,1,1,6.907755278982137,1.0
9016,neuroinflammatory,1,1,6.907755278982137,1.0
9017,neurologists,1,1,6.907755278982137,1.0
9018,neuromedin,1,1,6.907755278982137,1.0
9019,neurometabolic,1,1,6.907755278982137,1.0
9020,neuromodulator,1,1,6.907755278982137,1.0
9021,neuron-activity,1,1,6.907755278982137,1.0
9022,neuron-derived,1,1,6.907755278982137,1.0
9023,neuronally-produced,1,1,6.907755278982137,1.0
9024,neurones,1,1,6.907755278982137,1.0
9025,neuropathic,1,1,6.907755278982137,1.0
9026,neuropathology,1,1,6.907755278982137,1.0
9027,neuropsychiatry,1,1,6.907755278982137,1.0
9028,neurotoxic,1,1,6.907755278982137,1.0
9029,neurotoxicity,1,1,6.907755278982137,1.0
9030,neutravidin,1,1,6.907755278982137,1.0
9031,never,1,1,6.907755278982137,1.0
9032,never-fed,1,1,6.907755278982137,1.0
9033,news,1,1,6.907755278982137,1.0
9034,ni-nta,1,1,6.907755278982137,1.0
9035,nickname,1,1,6.907755278982137,1.0
9036,niddm,1,1,6.907755278982137,1.0
9037,nigricans,1,1,6.907755278982137,1.0
9038,nil,1,1,6.907755278982137,1.0
9039,ninety-seven,1,1,6.907755278982137,1.0
9040,ninth,1,1,6.907755278982137,1.0
9041,nlrp-3,1,1,6.907755278982137,1.0
9042,nma,1,1,6.907755278982137,1.0
9043,nmr-determined,1,1,6.907755278982137,1.0
9044,nn-2211,1,1,6.907755278982137,1.0
9045,no-cf,1,1,6.907755278982137,1.0
9046,no-cgmp,1,1,6.907755278982137,1.0
9047,no-diabetes,1,1,6.907755278982137,1.0
9048,no-go,1,1,6.907755278982137,1.0
9049,nociceptive,1,1,6.907755278982137,1.0
9050,nodaga-exendin,1,1,6.907755278982137,1.0
9051,node,1,1,6.907755278982137,1.0
9052,node-specific,1,1,6.907755278982137,1.0
9053,nodules,1,1,6.907755278982137,1.0
9054,non-adherence,1,1,6.907755278982137,1.0
9055,non-asians,1,1,6.907755278982137,1.0
9056,non-biased,1,1,6.907755278982137,1.0
9057,non-carriers,1,1,6.907755278982137,1.0
9058,non-digestible,1,1,6.907755278982137,1.0
9059,non-electrophilic,1,1,6.907755278982137,1.0
9060,non-fatal,1,1,6.907755278982137,1.0
9061,non-genomic,1,1,6.907755278982137,1.0
9062,non-gfap,1,1,6.907755278982137,1.0
9063,non-glp-1,1,1,6.907755278982137,1.0
9064,non-glucidic,1,1,6.907755278982137,1.0
9065,non-glycaemic,1,1,6.907755278982137,1.0
9066,non-glycemic,1,1,6.907755278982137,1.0
9067,non-human,1,1,6.907755278982137,1.0
9068,non-hypothalamic,1,1,6.907755278982137,1.0
9069,non-immunomodulatory,1,1,6.907755278982137,1.0
9070,non-incretin,1,1,6.907755278982137,1.0
9071,non-inferiority,1,1,6.907755278982137,1.0
9072,non-insulin-based,1,1,6.907755278982137,1.0
9073,non-insulin-dependent,1,1,6.907755278982137,1.0
9074,non-invasive,1,1,6.907755278982137,1.0
9075,non-ischemic,1,1,6.907755278982137,1.0
9076,non-neural,1,1,6.907755278982137,1.0
9077,non-nutrient,1,1,6.907755278982137,1.0
9078,non-oncology,1,1,6.907755278982137,1.0
9079,non-responders,1,1,6.907755278982137,1.0
9080,non-significant,1,1,6.907755278982137,1.0
9081,non-steroidal,1,1,6.907755278982137,1.0
9082,non-t1d,1,1,6.907755278982137,1.0
9083,non-t2dm,1,1,6.907755278982137,1.0
9084,non-toxic,1,1,6.907755278982137,1.0
9085,non-users,1,1,6.907755278982137,1.0
9086,non-weight-bearing,1,1,6.907755278982137,1.0
9087,noncovalent,1,1,6.907755278982137,1.0
9088,nonetheless,1,1,6.907755278982137,1.0
9089,nonfood,1,1,6.907755278982137,1.0
9090,noninferior,1,1,6.907755278982137,1.0
9091,noninferiority,1,1,6.907755278982137,1.0
9092,noninflamed,1,1,6.907755278982137,1.0
9093,nonmetabolizable,1,1,6.907755278982137,1.0
9094,nonnutritive,1,1,6.907755278982137,1.0
9095,nonoverlapping,1,1,6.907755278982137,1.0
9096,nonrandomized,1,1,6.907755278982137,1.0
9097,nonredundant,1,1,6.907755278982137,1.0
9098,nonrenal,1,1,6.907755278982137,1.0
9099,nonselective,1,1,6.907755278982137,1.0
9100,nonstandard,1,1,6.907755278982137,1.0
9101,nonsteroidal,1,1,6.907755278982137,1.0
9102,nor-labdane,1,1,6.907755278982137,1.0
9103,noradrenergic,1,1,6.907755278982137,1.0
9104,norepinephrine,1,1,6.907755278982137,1.0
9105,norlignans,1,1,6.907755278982137,1.0
9106,normalizes,1,1,6.907755278982137,1.0
9107,normally,1,1,6.907755278982137,1.0
9108,normoglycaemia,1,1,6.907755278982137,1.0
9109,normotensive,1,1,6.907755278982137,1.0
9110,normoxic,1,1,6.907755278982137,1.0
9111,nose,1,1,6.907755278982137,1.0
9112,noticing,1,1,6.907755278982137,1.0
9113,notifications,1,1,6.907755278982137,1.0
9114,notified,1,1,6.907755278982137,1.0
9115,novak,1,1,6.907755278982137,1.0
9116,npo,1,1,6.907755278982137,1.0
9117,npy,1,1,6.907755278982137,1.0
9118,npy-y2-receptor,1,1,6.907755278982137,1.0
9119,ns,1,1,6.907755278982137,1.0
9120,ntr-mediated,1,1,6.907755278982137,1.0
9121,ntrk,1,1,6.907755278982137,1.0
9122,nuance,1,1,6.907755278982137,1.0
9123,nuances,1,1,6.907755278982137,1.0
9124,nucleic,1,1,6.907755278982137,1.0
9125,nurses,1,1,6.907755278982137,1.0
9126,nutraceuticals,1,1,6.907755278982137,1.0
9127,nutrient-activated,1,1,6.907755278982137,1.0
9128,nutrient-dependent,1,1,6.907755278982137,1.0
9129,nutrient-driven,1,1,6.907755278982137,1.0
9130,nutrient-rich,1,1,6.907755278982137,1.0
9131,nutrient-sensing,1,1,6.907755278982137,1.0
9132,nutriments,1,1,6.907755278982137,1.0
9133,nutritionally,1,1,6.907755278982137,1.0
9134,nz,1,1,6.907755278982137,1.0
9135,o-glcnacylated,1,1,6.907755278982137,1.0
9136,o-linked,1,1,6.907755278982137,1.0
9137,ob-rb,1,1,6.907755278982137,1.0
9138,obes,1,1,6.907755278982137,1.0
9139,obesity-focused,1,1,6.907755278982137,1.0
9140,obesity-mediated,1,1,6.907755278982137,1.0
9141,obesogenic,1,1,6.907755278982137,1.0
9142,objects,1,1,6.907755278982137,1.0
9143,obscurus,1,1,6.907755278982137,1.0
9144,observable,1,1,6.907755278982137,1.0
9145,obstetricians,1,1,6.907755278982137,1.0
9146,obstipation,1,1,6.907755278982137,1.0
9147,obtaining,1,1,6.907755278982137,1.0
9148,occasion,1,1,6.907755278982137,1.0
9149,occasions,1,1,6.907755278982137,1.0
9150,occupied,1,1,6.907755278982137,1.0
9151,occuring,1,1,6.907755278982137,1.0
9152,october,1,1,6.907755278982137,1.0
9153,oea-mediated,1,1,6.907755278982137,1.0
9154,offending,1,1,6.907755278982137,1.0
9155,offset,1,1,6.907755278982137,1.0
9156,ogt,1,1,6.907755278982137,1.0
9157,ogtts,1,1,6.907755278982137,1.0
9158,ohdg,1,1,6.907755278982137,1.0
9159,ohdg-positive,1,1,6.907755278982137,1.0
9160,oil-treated,1,1,6.907755278982137,1.0
9161,olanzapine,1,1,6.907755278982137,1.0
9162,oleoylethanolamide,1,1,6.907755278982137,1.0
9163,oligomers,1,1,6.907755278982137,1.0
9164,oligonucleotide,1,1,6.907755278982137,1.0
9165,oligosaccharide,1,1,6.907755278982137,1.0
9166,oligosaccharides,1,1,6.907755278982137,1.0
9167,once-every-4-months,1,1,6.907755278982137,1.0
9168,oncologic,1,1,6.907755278982137,1.0
9169,oncoming,1,1,6.907755278982137,1.0
9170,oncorhynchus,1,1,6.907755278982137,1.0
9171,one-quarter,1,1,6.907755278982137,1.0
9172,one-third,1,1,6.907755278982137,1.0
9173,one-to-one,1,1,6.907755278982137,1.0
9174,onto,1,1,6.907755278982137,1.0
9175,ontology,1,1,6.907755278982137,1.0
9176,oocyte,1,1,6.907755278982137,1.0
9177,open-chest,1,1,6.907755278982137,1.0
9178,open-type,1,1,6.907755278982137,1.0
9179,opening,1,1,6.907755278982137,1.0
9180,openion,1,1,6.907755278982137,1.0
9181,operates,1,1,6.907755278982137,1.0
9182,operators,1,1,6.907755278982137,1.0
9183,ophthalmologic,1,1,6.907755278982137,1.0
9184,ophthalmological,1,1,6.907755278982137,1.0
9185,ophthalmologists,1,1,6.907755278982137,1.0
9186,ophthalmology,1,1,6.907755278982137,1.0
9187,opn,1,1,6.907755278982137,1.0
9188,opposed,1,1,6.907755278982137,1.0
9189,opposes,1,1,6.907755278982137,1.0
9190,optimally,1,1,6.907755278982137,1.0
9191,optimise,1,1,6.907755278982137,1.0
9192,optimised,1,1,6.907755278982137,1.0
9193,optimistic,1,1,6.907755278982137,1.0
9194,optimizes,1,1,6.907755278982137,1.0
9195,opting,1,1,6.907755278982137,1.0
9196,optional,1,1,6.907755278982137,1.0
9197,orchestrated,1,1,6.907755278982137,1.0
9198,orchestration,1,1,6.907755278982137,1.0
9199,ordered,1,1,6.907755278982137,1.0
9200,ordering,1,1,6.907755278982137,1.0
9201,orders,1,1,6.907755278982137,1.0
9202,orexin-1,1,1,6.907755278982137,1.0
9203,organ-damaging,1,1,6.907755278982137,1.0
9204,organ-wide,1,1,6.907755278982137,1.0
9205,organism,1,1,6.907755278982137,1.0
9206,organoid-derived,1,1,6.907755278982137,1.0
9207,organophosphate,1,1,6.907755278982137,1.0
9208,orient,1,1,6.907755278982137,1.0
9209,oriented,1,1,6.907755278982137,1.0
9210,originates,1,1,6.907755278982137,1.0
9211,orphan,1,1,6.907755278982137,1.0
9212,os-glp1r-egfp,1,1,6.907755278982137,1.0
9213,oscillospira,1,1,6.907755278982137,1.0
9214,osmolality,1,1,6.907755278982137,1.0
9215,osseous,1,1,6.907755278982137,1.0
9216,osteoarthritis,1,1,6.907755278982137,1.0
9217,osteoblasts,1,1,6.907755278982137,1.0
9218,osteoclast,1,1,6.907755278982137,1.0
9219,osteoclasts,1,1,6.907755278982137,1.0
9220,osteogenesis,1,1,6.907755278982137,1.0
9221,osteoprotective,1,1,6.907755278982137,1.0
9222,otalgia,1,1,6.907755278982137,1.0
9223,outcomes-based,1,1,6.907755278982137,1.0
9224,outlook,1,1,6.907755278982137,1.0
9225,outpatients,1,1,6.907755278982137,1.0
9226,outperform,1,1,6.907755278982137,1.0
9227,outside,1,1,6.907755278982137,1.0
9228,outspreading,1,1,6.907755278982137,1.0
9229,outward,1,1,6.907755278982137,1.0
9230,ova-enhanced,1,1,6.907755278982137,1.0
9231,ova-reduced,1,1,6.907755278982137,1.0
9232,ovalbumin,1,1,6.907755278982137,1.0
9233,ovariectomized,1,1,6.907755278982137,1.0
9234,ovariectomy,1,1,6.907755278982137,1.0
9235,ovaries,1,1,6.907755278982137,1.0
9236,over-expression,1,1,6.907755278982137,1.0
9237,overburdened,1,1,6.907755278982137,1.0
9238,overcame,1,1,6.907755278982137,1.0
9239,overcoming,1,1,6.907755278982137,1.0
9240,overlapping,1,1,6.907755278982137,1.0
9241,overlaps,1,1,6.907755278982137,1.0
9242,overload-mediated,1,1,6.907755278982137,1.0
9243,overlook,1,1,6.907755278982137,1.0
9244,overlooked,1,1,6.907755278982137,1.0
9245,overly,1,1,6.907755278982137,1.0
9246,overrepresented,1,1,6.907755278982137,1.0
9247,overstressed,1,1,6.907755278982137,1.0
9248,overviews,1,1,6.907755278982137,1.0
9249,overwhelm,1,1,6.907755278982137,1.0
9250,overwhelmed,1,1,6.907755278982137,1.0
9251,ovulatory,1,1,6.907755278982137,1.0
9252,oxidative-stress,1,1,6.907755278982137,1.0
9253,oxide-cyclic,1,1,6.907755278982137,1.0
9254,oxide-positive,1,1,6.907755278982137,1.0
9255,oxm,1,1,6.907755278982137,1.0
9256,oxoguanine,1,1,6.907755278982137,1.0
9257,oxytocin,1,1,6.907755278982137,1.0
9258,p-c-jun,1,1,6.907755278982137,1.0
9259,p-erk1,1,1,6.907755278982137,1.0
9260,p-nf,1,1,6.907755278982137,1.0
9261,p-p38,1,1,6.907755278982137,1.0
9262,p-stat3,1,1,6.907755278982137,1.0
9263,packaged,1,1,6.907755278982137,1.0
9264,paediatric,1,1,6.907755278982137,1.0
9265,pain-modulating,1,1,6.907755278982137,1.0
9266,painful,1,1,6.907755278982137,1.0
9267,pair-wise,1,1,6.907755278982137,1.0
9268,paired-pulse,1,1,6.907755278982137,1.0
9269,pairwise,1,1,6.907755278982137,1.0
9270,pakt-s473,1,1,6.907755278982137,1.0
9271,palatable,1,1,6.907755278982137,1.0
9272,palliated,1,1,6.907755278982137,1.0
9273,palpitations,1,1,6.907755278982137,1.0
9274,pam,1,1,6.907755278982137,1.0
9275,pamps,1,1,6.907755278982137,1.0
9276,pan-binders,1,1,6.907755278982137,1.0
9277,pan-interaction,1,1,6.907755278982137,1.0
9278,pancreas-specific,1,1,6.907755278982137,1.0
9279,pancreatic-derived,1,1,6.907755278982137,1.0
9280,panniculitis,1,1,6.907755278982137,1.0
9281,panvascular,1,1,6.907755278982137,1.0
9282,papillae,1,1,6.907755278982137,1.0
9283,papilledema,1,1,6.907755278982137,1.0
9284,paraclinical,1,1,6.907755278982137,1.0
9285,parafollicular,1,1,6.907755278982137,1.0
9286,paralleled,1,1,6.907755278982137,1.0
9287,parental,1,1,6.907755278982137,1.0
9288,parietal,1,1,6.907755278982137,1.0
9289,parity,1,1,6.907755278982137,1.0
9290,parkin,1,1,6.907755278982137,1.0
9291,parkinsonism,1,1,6.907755278982137,1.0
9292,parosmia,1,1,6.907755278982137,1.0
9293,parse,1,1,6.907755278982137,1.0
9294,parthenolide,1,1,6.907755278982137,1.0
9295,participant,1,1,6.907755278982137,1.0
9296,participates,1,1,6.907755278982137,1.0
9297,particulate,1,1,6.907755278982137,1.0
9298,partitioning,1,1,6.907755278982137,1.0
9299,partners,1,1,6.907755278982137,1.0
9300,pasi,1,1,6.907755278982137,1.0
9301,pass,1,1,6.907755278982137,1.0
9302,pastoris,1,1,6.907755278982137,1.0
9303,patency,1,1,6.907755278982137,1.0
9304,pathobiological,1,1,6.907755278982137,1.0
9305,pathogen,1,1,6.907755278982137,1.0
9306,pathogen-associated,1,1,6.907755278982137,1.0
9307,pathognomic,1,1,6.907755278982137,1.0
9308,pathologically,1,1,6.907755278982137,1.0
9309,patient-centred,1,1,6.907755278982137,1.0
9310,patient-friendly,1,1,6.907755278982137,1.0
9311,patients-a,1,1,6.907755278982137,1.0
9312,patulous,1,1,6.907755278982137,1.0
9313,paucity,1,1,6.907755278982137,1.0
9314,pave,1,1,6.907755278982137,1.0
9315,paving,1,1,6.907755278982137,1.0
9316,pax,1,1,6.907755278982137,1.0
9317,paying,1,1,6.907755278982137,1.0
9318,pb,1,1,6.907755278982137,1.0
9319,pba,1,1,6.907755278982137,1.0
9320,pbbm,1,1,6.907755278982137,1.0
9321,pcos-related,1,1,6.907755278982137,1.0
9322,pcp,1,1,6.907755278982137,1.0
9323,pd-l1,1,1,6.907755278982137,1.0
9324,pdd,1,1,6.907755278982137,1.0
9325,pdx,1,1,6.907755278982137,1.0
9326,peaked,1,1,6.907755278982137,1.0
9327,pediatrician,1,1,6.907755278982137,1.0
9328,peg,1,1,6.907755278982137,1.0
9329,pegylation,1,1,6.907755278982137,1.0
9330,pelvic,1,1,6.907755278982137,1.0
9331,pemphigoid,1,1,6.907755278982137,1.0
9332,penetrants,1,1,6.907755278982137,1.0
9333,penetratin-glp-1fusion,1,1,6.907755278982137,1.0
9334,penile,1,1,6.907755278982137,1.0
9335,pentapeptides,1,1,6.907755278982137,1.0
9336,pentaphylla,1,1,6.907755278982137,1.0
9337,pepck,1,1,6.907755278982137,1.0
9338,pepsin,1,1,6.907755278982137,1.0
9339,peptide-1-based,1,1,6.907755278982137,1.0
9340,peptide-1-immunoreactivity,1,1,6.907755278982137,1.0
9341,peptide-1-receptor,1,1,6.907755278982137,1.0
9342,peptide-1-related,1,1,6.907755278982137,1.0
9343,peptide-29,1,1,6.907755278982137,1.0
9344,peptide-5,1,1,6.907755278982137,1.0
9345,peptide-elp,1,1,6.907755278982137,1.0
9346,peptide-expressing,1,1,6.907755278982137,1.0
9347,peptide-hormones,1,1,6.907755278982137,1.0
9348,peptide-protein,1,1,6.907755278982137,1.0
9349,peptide-secreting,1,1,6.907755278982137,1.0
9350,peptide-yy,1,1,6.907755278982137,1.0
9351,peptidomics,1,1,6.907755278982137,1.0
9352,perconditioning,1,1,6.907755278982137,1.0
9353,perfluorinated,1,1,6.907755278982137,1.0
9354,perform,1,1,6.907755278982137,1.0
9355,performances,1,1,6.907755278982137,1.0
9356,performing,1,1,6.907755278982137,1.0
9357,periconception,1,1,6.907755278982137,1.0
9358,pericyte,1,1,6.907755278982137,1.0
9359,pericytes,1,1,6.907755278982137,1.0
9360,perifusion,1,1,6.907755278982137,1.0
9361,perifusions,1,1,6.907755278982137,1.0
9362,perikaryonal,1,1,6.907755278982137,1.0
9363,perilous,1,1,6.907755278982137,1.0
9364,perinatal,1,1,6.907755278982137,1.0
9365,perineal,1,1,6.907755278982137,1.0
9366,periodically,1,1,6.907755278982137,1.0
9367,periorbital,1,1,6.907755278982137,1.0
9368,periportal,1,1,6.907755278982137,1.0
9369,perirenal,1,1,6.907755278982137,1.0
9370,peristalsis,1,1,6.907755278982137,1.0
9371,perisurgically,1,1,6.907755278982137,1.0
9372,peritoneal,1,1,6.907755278982137,1.0
9373,perivenous,1,1,6.907755278982137,1.0
9374,permeable,1,1,6.907755278982137,1.0
9375,permeation,1,1,6.907755278982137,1.0
9376,permits,1,1,6.907755278982137,1.0
9377,peroxide-induced,1,1,6.907755278982137,1.0
9378,perpetuate,1,1,6.907755278982137,1.0
9379,persists,1,1,6.907755278982137,1.0
9380,person,1,1,6.907755278982137,1.0
9381,person-centered,1,1,6.907755278982137,1.0
9382,personalised,1,1,6.907755278982137,1.0
9383,personally,1,1,6.907755278982137,1.0
9384,persuade,1,1,6.907755278982137,1.0
9385,persuasive,1,1,6.907755278982137,1.0
9386,pertain,1,1,6.907755278982137,1.0
9387,pertained,1,1,6.907755278982137,1.0
9388,pertains,1,1,6.907755278982137,1.0
9389,perturbation,1,1,6.907755278982137,1.0
9390,pesticides,1,1,6.907755278982137,1.0
9391,phage,1,1,6.907755278982137,1.0
9392,pharmacoepidemiologic,1,1,6.907755278982137,1.0
9393,pharmacogenetics,1,1,6.907755278982137,1.0
9394,pharmacophore,1,1,6.907755278982137,1.0
9395,pharmacotherapeutics,1,1,6.907755278982137,1.0
9396,pharmacy,1,1,6.907755278982137,1.0
9397,phasic,1,1,6.907755278982137,1.0
9398,phe-62,1,1,6.907755278982137,1.0
9399,phe-88,1,1,6.907755278982137,1.0
9400,phenolic,1,1,6.907755278982137,1.0
9401,phenotype-based,1,1,6.907755278982137,1.0
9402,phenotype-specific,1,1,6.907755278982137,1.0
9403,phenotypic,1,1,6.907755278982137,1.0
9404,phentolamine,1,1,6.907755278982137,1.0
9405,phenylephrine,1,1,6.907755278982137,1.0
9406,phenylephrine-induced,1,1,6.907755278982137,1.0
9407,phloridzin,1,1,6.907755278982137,1.0
9408,phosphatase,1,1,6.907755278982137,1.0
9409,phosphate,1,1,6.907755278982137,1.0
9410,phosphatidylcholine,1,1,6.907755278982137,1.0
9411,phosphatidylinositol,1,1,6.907755278982137,1.0
9412,phosphatidylinositol-3,1,1,6.907755278982137,1.0
9413,phospho-ikk,1,1,6.907755278982137,1.0
9414,phospho-jak2,1,1,6.907755278982137,1.0
9415,phospho-nf,1,1,6.907755278982137,1.0
9416,phospho-stat3,1,1,6.907755278982137,1.0
9417,phosphoinositide,1,1,6.907755278982137,1.0
9418,phosphoinositide-3-kinase,1,1,6.907755278982137,1.0
9419,phospholipid,1,1,6.907755278982137,1.0
9420,phosphorylate,1,1,6.907755278982137,1.0
9421,phosphorylation-dependent,1,1,6.907755278982137,1.0
9422,phosphorylation-independent,1,1,6.907755278982137,1.0
9423,physicochemical,1,1,6.907755278982137,1.0
9424,physiologic-dose,1,1,6.907755278982137,1.0
9425,physiology-informed,1,1,6.907755278982137,1.0
9426,phytochemical,1,1,6.907755278982137,1.0
9427,phytochemicals,1,1,6.907755278982137,1.0
9428,pichia,1,1,6.907755278982137,1.0
9429,picomolar,1,1,6.907755278982137,1.0
9430,picos-defined,1,1,6.907755278982137,1.0
9431,piglets,1,1,6.907755278982137,1.0
9432,pills,1,1,6.907755278982137,1.0
9433,pink,1,1,6.907755278982137,1.0
9434,pinpointed,1,1,6.907755278982137,1.0
9435,pinpointing,1,1,6.907755278982137,1.0
9436,pioneer,1,1,6.907755278982137,1.0
9437,pipeline,1,1,6.907755278982137,1.0
9438,piqued,1,1,6.907755278982137,1.0
9439,pituitary-adrenocortical,1,1,6.907755278982137,1.0
9440,pka-dependent,1,1,6.907755278982137,1.0
9441,placebo-treated,1,1,6.907755278982137,1.0
9442,placed,1,1,6.907755278982137,1.0
9443,placement,1,1,6.907755278982137,1.0
9444,plagued,1,1,6.907755278982137,1.0
9445,plan,1,1,6.907755278982137,1.0
9446,planned,1,1,6.907755278982137,1.0
9447,plans,1,1,6.907755278982137,1.0
9448,plant-derived,1,1,6.907755278982137,1.0
9449,plantarum,1,1,6.907755278982137,1.0
9450,plaque-modifying,1,1,6.907755278982137,1.0
9451,plasmas,1,1,6.907755278982137,1.0
9452,plasmids,1,1,6.907755278982137,1.0
9453,plasminogen,1,1,6.907755278982137,1.0
9454,plastic,1,1,6.907755278982137,1.0
9455,played,1,1,6.907755278982137,1.0
9456,player,1,1,6.907755278982137,1.0
9457,pleiotropy,1,1,6.907755278982137,1.0
9458,pleotropic,1,1,6.907755278982137,1.0
9459,plethora,1,1,6.907755278982137,1.0
9460,plexuses,1,1,6.907755278982137,1.0
9461,pluripotent,1,1,6.907755278982137,1.0
9462,pmos,1,1,6.907755278982137,1.0
9463,pneumocytes,1,1,6.907755278982137,1.0
9464,polar,1,1,6.907755278982137,1.0
9465,polarization,1,1,6.907755278982137,1.0
9466,policies,1,1,6.907755278982137,1.0
9467,polish,1,1,6.907755278982137,1.0
9468,pollutants,1,1,6.907755278982137,1.0
9469,poly-incretin-agonist,1,1,6.907755278982137,1.0
9470,polyendocrine,1,1,6.907755278982137,1.0
9471,polymerase,1,1,6.907755278982137,1.0
9472,polymerisation,1,1,6.907755278982137,1.0
9473,polymerization,1,1,6.907755278982137,1.0
9474,polymers,1,1,6.907755278982137,1.0
9475,polymorbidity,1,1,6.907755278982137,1.0
9476,polymorphisms,1,1,6.907755278982137,1.0
9477,polyols,1,1,6.907755278982137,1.0
9478,polypeptide-gip,1,1,6.907755278982137,1.0
9479,polypharmacy,1,1,6.907755278982137,1.0
9480,polysaccharide,1,1,6.907755278982137,1.0
9481,polysaccharides,1,1,6.907755278982137,1.0
9482,polysomnograms,1,1,6.907755278982137,1.0
9483,pons,1,1,6.907755278982137,1.0
9484,pools,1,1,6.907755278982137,1.0
9485,populace,1,1,6.907755278982137,1.0
9486,porous,1,1,6.907755278982137,1.0
9487,porta,1,1,6.907755278982137,1.0
9488,portalvenous,1,1,6.907755278982137,1.0
9489,portosystemic,1,1,6.907755278982137,1.0
9490,portrayal,1,1,6.907755278982137,1.0
9491,posing,1,1,6.907755278982137,1.0
9492,posit,1,1,6.907755278982137,1.0
9493,positional,1,1,6.907755278982137,1.0
9494,possibilities,1,1,6.907755278982137,1.0
9495,post-bariatric,1,1,6.907755278982137,1.0
9496,post-discontinuation,1,1,6.907755278982137,1.0
9497,post-endocytic,1,1,6.907755278982137,1.0
9498,post-gastrectomy,1,1,6.907755278982137,1.0
9499,post-hoc,1,1,6.907755278982137,1.0
9500,post-hospitalization,1,1,6.907755278982137,1.0
9501,post-infarct,1,1,6.907755278982137,1.0
9502,post-meal,1,1,6.907755278982137,1.0
9503,post-myocardial,1,1,6.907755278982137,1.0
9504,post-secretory,1,1,6.907755278982137,1.0
9505,post-surgery,1,1,6.907755278982137,1.0
9506,post-surgical,1,1,6.907755278982137,1.0
9507,post-test,1,1,6.907755278982137,1.0
9508,post-transcriptional,1,1,6.907755278982137,1.0
9509,postabsorptive,1,1,6.907755278982137,1.0
9510,postmeal,1,1,6.907755278982137,1.0
9511,postmenstrual,1,1,6.907755278982137,1.0
9512,postmortem,1,1,6.907755278982137,1.0
9513,potassium,1,1,6.907755278982137,1.0
9514,potassium-induced,1,1,6.907755278982137,1.0
9515,potential-evoked,1,1,6.907755278982137,1.0
9516,potentiating,1,1,6.907755278982137,1.0
9517,pp,1,1,6.907755278982137,1.0
9518,pparg,1,1,6.907755278982137,1.0
9519,practicing,1,1,6.907755278982137,1.0
9520,prader-willi,1,1,6.907755278982137,1.0
9521,pre-approval,1,1,6.907755278982137,1.0
9522,pre-defined,1,1,6.907755278982137,1.0
9523,pre-endoscopic,1,1,6.907755278982137,1.0
9524,pre-glp-1,1,1,6.907755278982137,1.0
9525,pre-menopausal,1,1,6.907755278982137,1.0
9526,pre-obesity,1,1,6.907755278982137,1.0
9527,pre-ogtt,1,1,6.907755278982137,1.0
9528,pre-print,1,1,6.907755278982137,1.0
9529,precautions,1,1,6.907755278982137,1.0
9530,preceding,1,1,6.907755278982137,1.0
9531,precipitated,1,1,6.907755278982137,1.0
9532,precipitating,1,1,6.907755278982137,1.0
9533,precisely,1,1,6.907755278982137,1.0
9534,precursors,1,1,6.907755278982137,1.0
9535,prediabetic,1,1,6.907755278982137,1.0
9536,predictable,1,1,6.907755278982137,1.0
9537,prediction,1,1,6.907755278982137,1.0
9538,predictors,1,1,6.907755278982137,1.0
9539,predispose,1,1,6.907755278982137,1.0
9540,predisposes,1,1,6.907755278982137,1.0
9541,predominates,1,1,6.907755278982137,1.0
9542,preexisting,1,1,6.907755278982137,1.0
9543,prefer,1,1,6.907755278982137,1.0
9544,preferences,1,1,6.907755278982137,1.0
9545,preglucagonergic,1,1,6.907755278982137,1.0
9546,pregnancy-related,1,1,6.907755278982137,1.0
9547,pregnane-type,1,1,6.907755278982137,1.0
9548,pregnanes,1,1,6.907755278982137,1.0
9549,pregnenolone-3-o-gentiobioside,1,1,6.907755278982137,1.0
9550,preincubation,1,1,6.907755278982137,1.0
9551,preoptic,1,1,6.907755278982137,1.0
9552,prepare,1,1,6.907755278982137,1.0
9553,prepro-cck,1,1,6.907755278982137,1.0
9554,prepro-pyy,1,1,6.907755278982137,1.0
9555,prerequisite,1,1,6.907755278982137,1.0
9556,prescribe,1,1,6.907755278982137,1.0
9557,prescription-record,1,1,6.907755278982137,1.0
9558,presenilin,1,1,6.907755278982137,1.0
9559,presentations,1,1,6.907755278982137,1.0
9560,preserves,1,1,6.907755278982137,1.0
9561,prespecified,1,1,6.907755278982137,1.0
9562,pressure-lowering,1,1,6.907755278982137,1.0
9563,pressures,1,1,6.907755278982137,1.0
9564,prestigious,1,1,6.907755278982137,1.0
9565,presumed,1,1,6.907755278982137,1.0
9566,presyncope,1,1,6.907755278982137,1.0
9567,pretectal,1,1,6.907755278982137,1.0
9568,pretreated,1,1,6.907755278982137,1.0
9569,pretreating,1,1,6.907755278982137,1.0
9570,prevailing,1,1,6.907755278982137,1.0
9571,preventable,1,1,6.907755278982137,1.0
9572,previewed,1,1,6.907755278982137,1.0
9573,previews,1,1,6.907755278982137,1.0
9574,prevotella,1,1,6.907755278982137,1.0
9575,primacy,1,1,6.907755278982137,1.0
9576,primate,1,1,6.907755278982137,1.0
9577,primed,1,1,6.907755278982137,1.0
9578,priorities,1,1,6.907755278982137,1.0
9579,prioritising,1,1,6.907755278982137,1.0
9580,prioritization,1,1,6.907755278982137,1.0
9581,prioritize,1,1,6.907755278982137,1.0
9582,prioritized,1,1,6.907755278982137,1.0
9583,prisma-scr,1,1,6.907755278982137,1.0
9584,private,1,1,6.907755278982137,1.0
9585,privilege,1,1,6.907755278982137,1.0
9586,privileged,1,1,6.907755278982137,1.0
9587,pro-apoptotic,1,1,6.907755278982137,1.0
9588,pro-cognitive,1,1,6.907755278982137,1.0
9589,pro-fibrotic,1,1,6.907755278982137,1.0
9590,pro-insulin,1,1,6.907755278982137,1.0
9591,pro-opiomelanocortin,1,1,6.907755278982137,1.0
9592,pro-survival,1,1,6.907755278982137,1.0
9593,proactive,1,1,6.907755278982137,1.0
9594,proapoptotic,1,1,6.907755278982137,1.0
9595,probability,1,1,6.907755278982137,1.0
9596,probe-dependence,1,1,6.907755278982137,1.0
9597,probe-dependent,1,1,6.907755278982137,1.0
9598,probiotic-mediated,1,1,6.907755278982137,1.0
9599,probiotics,1,1,6.907755278982137,1.0
9600,procaspase-3,1,1,6.907755278982137,1.0
9601,procedure-related,1,1,6.907755278982137,1.0
9602,proceed,1,1,6.907755278982137,1.0
9603,proconvertase,1,1,6.907755278982137,1.0
9604,procyanidin-rich,1,1,6.907755278982137,1.0
9605,produces,1,1,6.907755278982137,1.0
9606,productive,1,1,6.907755278982137,1.0
9607,professional,1,1,6.907755278982137,1.0
9608,profoundly,1,1,6.907755278982137,1.0
9609,progesterone,1,1,6.907755278982137,1.0
9610,proglucagon-expressing,1,1,6.907755278982137,1.0
9611,progressed,1,1,6.907755278982137,1.0
9612,progressing,1,1,6.907755278982137,1.0
9613,progressively,1,1,6.907755278982137,1.0
9614,projected,1,1,6.907755278982137,1.0
9615,projecting,1,1,6.907755278982137,1.0
9616,projects,1,1,6.907755278982137,1.0
9617,prokaryotic,1,1,6.907755278982137,1.0
9618,prokinetic,1,1,6.907755278982137,1.0
9619,prolactin-releasing,1,1,6.907755278982137,1.0
9620,prolongs,1,1,6.907755278982137,1.0
9621,prom,1,1,6.907755278982137,1.0
9622,prominence,1,1,6.907755278982137,1.0
9623,promotive,1,1,6.907755278982137,1.0
9624,prompt,1,1,6.907755278982137,1.0
9625,proof-of-concept,1,1,6.907755278982137,1.0
9626,proopiomelanocortin,1,1,6.907755278982137,1.0
9627,prophylactic,1,1,6.907755278982137,1.0
9628,prophylaxes,1,1,6.907755278982137,1.0
9629,proposing,1,1,6.907755278982137,1.0
9630,proprietary,1,1,6.907755278982137,1.0
9631,prosenescent,1,1,6.907755278982137,1.0
9632,prospect,1,1,6.907755278982137,1.0
9633,prospectively,1,1,6.907755278982137,1.0
9634,prospero,1,1,6.907755278982137,1.0
9635,prostaglandins,1,1,6.907755278982137,1.0
9636,prostate-specific,1,1,6.907755278982137,1.0
9637,prosthetic,1,1,6.907755278982137,1.0
9638,protease-resistant,1,1,6.907755278982137,1.0
9639,proteases,1,1,6.907755278982137,1.0
9640,proteasome-mediated,1,1,6.907755278982137,1.0
9641,protectionist,1,1,6.907755278982137,1.0
9642,protein-based,1,1,6.907755278982137,1.0
9643,protein-biased,1,1,6.907755278982137,1.0
9644,protein-enriched,1,1,6.907755278982137,1.0
9645,proteome,1,1,6.907755278982137,1.0
9646,proteosome,1,1,6.907755278982137,1.0
9647,protocol-driven,1,1,6.907755278982137,1.0
9648,proton,1,1,6.907755278982137,1.0
9649,protract,1,1,6.907755278982137,1.0
9650,provoke,1,1,6.907755278982137,1.0
9651,provoked,1,1,6.907755278982137,1.0
9652,provokes,1,1,6.907755278982137,1.0
9653,proximities,1,1,6.907755278982137,1.0
9654,proximity,1,1,6.907755278982137,1.0
9655,prrp,1,1,6.907755278982137,1.0
9656,prrs,1,1,6.907755278982137,1.0
9657,prudent,1,1,6.907755278982137,1.0
9658,pruritus,1,1,6.907755278982137,1.0
9659,psoriatic,1,1,6.907755278982137,1.0
9660,psychinfo,1,1,6.907755278982137,1.0
9661,psychology,1,1,6.907755278982137,1.0
9662,psychopathological,1,1,6.907755278982137,1.0
9663,psychopathology,1,1,6.907755278982137,1.0
9664,psychopharmacological,1,1,6.907755278982137,1.0
9665,psycinfo,1,1,6.907755278982137,1.0
9666,ptau,1,1,6.907755278982137,1.0
9667,ptd,1,1,6.907755278982137,1.0
9668,puberty,1,1,6.907755278982137,1.0
9669,publication,1,1,6.907755278982137,1.0
9670,puk,1,1,6.907755278982137,1.0
9671,pull-down,1,1,6.907755278982137,1.0
9672,pump,1,1,6.907755278982137,1.0
9673,pumping,1,1,6.907755278982137,1.0
9674,pumps,1,1,6.907755278982137,1.0
9675,purely,1,1,6.907755278982137,1.0
9676,purkinje,1,1,6.907755278982137,1.0
9677,pursue,1,1,6.907755278982137,1.0
9678,putatively,1,1,6.907755278982137,1.0
9679,puts,1,1,6.907755278982137,1.0
9680,putting,1,1,6.907755278982137,1.0
9681,pyloric,1,1,6.907755278982137,1.0
9682,pylorus-ligated,1,1,6.907755278982137,1.0
9683,pyrimidines,1,1,6.907755278982137,1.0
9684,pyroptosis-related,1,1,6.907755278982137,1.0
9685,pyy-dependent,1,1,6.907755278982137,1.0
9686,qd,1,1,6.907755278982137,1.0
9687,qrt-pcr,1,1,6.907755278982137,1.0
9688,qsar,1,1,6.907755278982137,1.0
9689,qualities,1,1,6.907755278982137,1.0
9690,quantities,1,1,6.907755278982137,1.0
9691,queried,1,1,6.907755278982137,1.0
9692,query,1,1,6.907755278982137,1.0
9693,quick,1,1,6.907755278982137,1.0
9694,quickly,1,1,6.907755278982137,1.0
9695,quiescence,1,1,6.907755278982137,1.0
9696,r-dependent,1,1,6.907755278982137,1.0
9697,r-ires-cre,1,1,6.907755278982137,1.0
9698,r-specific,1,1,6.907755278982137,1.0
9699,ra-based,1,1,6.907755278982137,1.0
9700,ra-treated,1,1,6.907755278982137,1.0
9701,raas,1,1,6.907755278982137,1.0
9702,rab,1,1,6.907755278982137,1.0
9703,rabbit,1,1,6.907755278982137,1.0
9704,race,1,1,6.907755278982137,1.0
9705,radicals,1,1,6.907755278982137,1.0
9706,radiolabeling,1,1,6.907755278982137,1.0
9707,radiological,1,1,6.907755278982137,1.0
9708,radiologists,1,1,6.907755278982137,1.0
9709,radioscintigraphy,1,1,6.907755278982137,1.0
9710,radiotheranostics,1,1,6.907755278982137,1.0
9711,radiotherapeutic,1,1,6.907755278982137,1.0
9712,radiotherapy,1,1,6.907755278982137,1.0
9713,rainbow,1,1,6.907755278982137,1.0
9714,ramifications,1,1,6.907755278982137,1.0
9715,rana,1,1,6.907755278982137,1.0
9716,random-effects,1,1,6.907755278982137,1.0
9717,ranked,1,1,6.907755278982137,1.0
9718,rapamycin-insensitive,1,1,6.907755278982137,1.0
9719,raphe,1,1,6.907755278982137,1.0
9720,rash,1,1,6.907755278982137,1.0
9721,rasrole,1,1,6.907755278982137,1.0
9722,rate-limiting,1,1,6.907755278982137,1.0
9723,rationally,1,1,6.907755278982137,1.0
9724,raw,1,1,6.907755278982137,1.0
9725,rd,1,1,6.907755278982137,1.0
9726,re-analysis,1,1,6.907755278982137,1.0
9727,re-direct,1,1,6.907755278982137,1.0
9728,re-elevation,1,1,6.907755278982137,1.0
9729,re-emerge,1,1,6.907755278982137,1.0
9730,re-purposed,1,1,6.907755278982137,1.0
9731,re-purposing,1,1,6.907755278982137,1.0
9732,reacts,1,1,6.907755278982137,1.0
9733,reading,1,1,6.907755278982137,1.0
9734,readings,1,1,6.907755278982137,1.0
9735,realize,1,1,6.907755278982137,1.0
9736,realm,1,1,6.907755278982137,1.0
9737,reasonable,1,1,6.907755278982137,1.0
9738,reassess,1,1,6.907755278982137,1.0
9739,reassurance,1,1,6.907755278982137,1.0
9740,rebaudiana,1,1,6.907755278982137,1.0
9741,rebound,1,1,6.907755278982137,1.0
9742,recapitulate,1,1,6.907755278982137,1.0
9743,recapitulated,1,1,6.907755278982137,1.0
9744,receives,1,1,6.907755278982137,1.0
9745,receptor-93,1,1,6.907755278982137,1.0
9746,receptor-binding,1,1,6.907755278982137,1.0
9747,receptor-deficient,1,1,6.907755278982137,1.0
9748,receptor-gamma,1,1,6.907755278982137,1.0
9749,receptor-independent,1,1,6.907755278982137,1.0
9750,receptor-null,1,1,6.907755278982137,1.0
9751,receptor-targeting,1,1,6.907755278982137,1.0
9752,recesses,1,1,6.907755278982137,1.0
9753,recessive,1,1,6.907755278982137,1.0
9754,recognize,1,1,6.907755278982137,1.0
9755,recombinase-mediated,1,1,6.907755278982137,1.0
9756,reconcile,1,1,6.907755278982137,1.0
9757,reconciliation,1,1,6.907755278982137,1.0
9758,reconciling,1,1,6.907755278982137,1.0
9759,reconstituted,1,1,6.907755278982137,1.0
9760,reconstitution,1,1,6.907755278982137,1.0
9761,reconstructive,1,1,6.907755278982137,1.0
9762,reconstructs,1,1,6.907755278982137,1.0
9763,recording,1,1,6.907755278982137,1.0
9764,recordings,1,1,6.907755278982137,1.0
9765,recount,1,1,6.907755278982137,1.0
9766,recover,1,1,6.907755278982137,1.0
9767,rectal,1,1,6.907755278982137,1.0
9768,rectifying,1,1,6.907755278982137,1.0
9769,recur,1,1,6.907755278982137,1.0
9770,recurring,1,1,6.907755278982137,1.0
9771,redistribution,1,1,6.907755278982137,1.0
9772,redressing,1,1,6.907755278982137,1.0
9773,reduced-calorie,1,1,6.907755278982137,1.0
9774,reevaluated,1,1,6.907755278982137,1.0
9775,refers,1,1,6.907755278982137,1.0
9776,reflection,1,1,6.907755278982137,1.0
9777,refolding,1,1,6.907755278982137,1.0
9778,refrigerated,1,1,6.907755278982137,1.0
9779,regained,1,1,6.907755278982137,1.0
9780,regards,1,1,6.907755278982137,1.0
9781,regeneration,1,1,6.907755278982137,1.0
9782,region-dependent,1,1,6.907755278982137,1.0
9783,register-based,1,1,6.907755278982137,1.0
9784,registry,1,1,6.907755278982137,1.0
9785,regressing,1,1,6.907755278982137,1.0
9786,regrowth,1,1,6.907755278982137,1.0
9787,regulatory-approved,1,1,6.907755278982137,1.0
9788,reimbursement,1,1,6.907755278982137,1.0
9789,reinforce,1,1,6.907755278982137,1.0
9790,reinforcement,1,1,6.907755278982137,1.0
9791,reinitiating,1,1,6.907755278982137,1.0
9792,reinitiation,1,1,6.907755278982137,1.0
9793,reinstating,1,1,6.907755278982137,1.0
9794,reintroducing,1,1,6.907755278982137,1.0
9795,reintroduction,1,1,6.907755278982137,1.0
9796,rejection,1,1,6.907755278982137,1.0
9797,relate,1,1,6.907755278982137,1.0
9798,relates,1,1,6.907755278982137,1.0
9799,releasable,1,1,6.907755278982137,1.0
9800,releases,1,1,6.907755278982137,1.0
9801,reliability,1,1,6.907755278982137,1.0
9802,reliance,1,1,6.907755278982137,1.0
9803,relied,1,1,6.907755278982137,1.0
9804,relies,1,1,6.907755278982137,1.0
9805,relieve,1,1,6.907755278982137,1.0
9806,religious,1,1,6.907755278982137,1.0
9807,relocating,1,1,6.907755278982137,1.0
9808,rely,1,1,6.907755278982137,1.0
9809,relying,1,1,6.907755278982137,1.0
9810,remap,1,1,6.907755278982137,1.0
9811,reminiscent,1,1,6.907755278982137,1.0
9812,removed,1,1,6.907755278982137,1.0
9813,removing,1,1,6.907755278982137,1.0
9814,renal-cardiac,1,1,6.907755278982137,1.0
9815,renaturation,1,1,6.907755278982137,1.0
9816,rendered,1,1,6.907755278982137,1.0
9817,rendering,1,1,6.907755278982137,1.0
9818,renin,1,1,6.907755278982137,1.0
9819,renoprotection,1,1,6.907755278982137,1.0
9820,renowned,1,1,6.907755278982137,1.0
9821,reordering,1,1,6.907755278982137,1.0
9822,reperfuse,1,1,6.907755278982137,1.0
9823,repetitive,1,1,6.907755278982137,1.0
9824,replacing,1,1,6.907755278982137,1.0
9825,replenishment,1,1,6.907755278982137,1.0
9826,replication,1,1,6.907755278982137,1.0
9827,repressive,1,1,6.907755278982137,1.0
9828,reproduced,1,1,6.907755278982137,1.0
9829,reproducibility,1,1,6.907755278982137,1.0
9830,reproducibly,1,1,6.907755278982137,1.0
9831,reproduction,1,1,6.907755278982137,1.0
9832,reproductive-age,1,1,6.907755278982137,1.0
9833,reprogram,1,1,6.907755278982137,1.0
9834,repurpose,1,1,6.907755278982137,1.0
9835,reputation,1,1,6.907755278982137,1.0
9836,rer,1,1,6.907755278982137,1.0
9837,rescuing,1,1,6.907755278982137,1.0
9838,researched,1,1,6.907755278982137,1.0
9839,resembles,1,1,6.907755278982137,1.0
9840,reserpine,1,1,6.907755278982137,1.0
9841,reserve,1,1,6.907755278982137,1.0
9842,reserves,1,1,6.907755278982137,1.0
9843,reset,1,1,6.907755278982137,1.0
9844,reshaping,1,1,6.907755278982137,1.0
9845,residue-residue,1,1,6.907755278982137,1.0
9846,resilience,1,1,6.907755278982137,1.0
9847,resilient,1,1,6.907755278982137,1.0
9848,resin,1,1,6.907755278982137,1.0
9849,resistin,1,1,6.907755278982137,1.0
9850,resisting,1,1,6.907755278982137,1.0
9851,resolving,1,1,6.907755278982137,1.0
9852,resource,1,1,6.907755278982137,1.0
9853,resourced,1,1,6.907755278982137,1.0
9854,restarted,1,1,6.907755278982137,1.0
9855,resting,1,1,6.907755278982137,1.0
9856,restorative,1,1,6.907755278982137,1.0
9857,restrains,1,1,6.907755278982137,1.0
9858,restricting,1,1,6.907755278982137,1.0
9859,resultsa,1,1,6.907755278982137,1.0
9860,retain,1,1,6.907755278982137,1.0
9861,retaining,1,1,6.907755278982137,1.0
9862,retains,1,1,6.907755278982137,1.0
9863,retinol-binding,1,1,6.907755278982137,1.0
9864,retrieve,1,1,6.907755278982137,1.0
9865,returned,1,1,6.907755278982137,1.0
9866,reuptake,1,1,6.907755278982137,1.0
9867,rev,1,1,6.907755278982137,1.0
9868,revascularization,1,1,6.907755278982137,1.0
9869,reverse-phase,1,1,6.907755278982137,1.0
9870,reversed-phase,1,1,6.907755278982137,1.0
9871,reverses,1,1,6.907755278982137,1.0
9872,revert,1,1,6.907755278982137,1.0
9873,reviewmanger,1,1,6.907755278982137,1.0
9874,revisiting,1,1,6.907755278982137,1.0
9875,revisits,1,1,6.907755278982137,1.0
9876,revolutionary,1,1,6.907755278982137,1.0
9877,rewind,1,1,6.907755278982137,1.0
9878,rg,1,1,6.907755278982137,1.0
9879,rgc,1,1,6.907755278982137,1.0
9880,rgc-5,1,1,6.907755278982137,1.0
9881,rhein,1,1,6.907755278982137,1.0
9882,rhesus,1,1,6.907755278982137,1.0
9883,rheumatic,1,1,6.907755278982137,1.0
9884,rhythmic,1,1,6.907755278982137,1.0
9885,rias,1,1,6.907755278982137,1.0
9886,riddled,1,1,6.907755278982137,1.0
9887,rigid,1,1,6.907755278982137,1.0
9888,rigidity,1,1,6.907755278982137,1.0
9889,rigorously,1,1,6.907755278982137,1.0
9890,ring,1,1,6.907755278982137,1.0
9891,rings,1,1,6.907755278982137,1.0
9892,ripre-induced,1,1,6.907755278982137,1.0
9893,rises,1,1,6.907755278982137,1.0
9894,risk-reducing,1,1,6.907755278982137,1.0
9895,risk-reduction,1,1,6.907755278982137,1.0
9896,rivaling,1,1,6.907755278982137,1.0
9897,rna-sequencing,1,1,6.907755278982137,1.0
9898,rnas,1,1,6.907755278982137,1.0
9899,rnascope,1,1,6.907755278982137,1.0
9900,roadmap,1,1,6.907755278982137,1.0
9901,robins-e,1,1,6.907755278982137,1.0
9902,robustly,1,1,6.907755278982137,1.0
9903,robustness,1,1,6.907755278982137,1.0
9904,rolling,1,1,6.907755278982137,1.0
9905,room,1,1,6.907755278982137,1.0
9906,rostral,1,1,6.907755278982137,1.0
9907,rotenone,1,1,6.907755278982137,1.0
9908,rough,1,1,6.907755278982137,1.0
9909,roughly,1,1,6.907755278982137,1.0
9910,rounds,1,1,6.907755278982137,1.0
9911,roundtable,1,1,6.907755278982137,1.0
9912,routines,1,1,6.907755278982137,1.0
9913,rrna,1,1,6.907755278982137,1.0
9914,rrs,1,1,6.907755278982137,1.0
9915,rs-fed,1,1,6.907755278982137,1.0
9916,rtta,1,1,6.907755278982137,1.0
9917,rule,1,1,6.907755278982137,1.0
9918,rules,1,1,6.907755278982137,1.0
9919,ruminant,1,1,6.907755278982137,1.0
9920,runx,1,1,6.907755278982137,1.0
9921,rutaceae,1,1,6.907755278982137,1.0
9922,rygb-induced,1,1,6.907755278982137,1.0
9923,rygb-regulated,1,1,6.907755278982137,1.0
9924,rylg,1,1,6.907755278982137,1.0
9925,s-glutathionylation,1,1,6.907755278982137,1.0
9926,saccharides,1,1,6.907755278982137,1.0
9927,saccharin,1,1,6.907755278982137,1.0
9928,sacrifice,1,1,6.907755278982137,1.0
9929,safeguarding,1,1,6.907755278982137,1.0
9930,safer,1,1,6.907755278982137,1.0
9931,salient,1,1,6.907755278982137,1.0
9932,salivary,1,1,6.907755278982137,1.0
9933,salpingectomy,1,1,6.907755278982137,1.0
9934,salt-treated,1,1,6.907755278982137,1.0
9935,sandwich,1,1,6.907755278982137,1.0
9936,sanger,1,1,6.907755278982137,1.0
9937,saponin,1,1,6.907755278982137,1.0
9938,satiety-promoting,1,1,6.907755278982137,1.0
9939,satisfaction,1,1,6.907755278982137,1.0
9940,satisfactorily,1,1,6.907755278982137,1.0
9941,satisfied,1,1,6.907755278982137,1.0
9942,saturable,1,1,6.907755278982137,1.0
9943,saturated,1,1,6.907755278982137,1.0
9944,saxagliptin,1,1,6.907755278982137,1.0
9945,sb,1,1,6.907755278982137,1.0
9946,scaffolds,1,1,6.907755278982137,1.0
9947,scale-up,1,1,6.907755278982137,1.0
9948,scales,1,1,6.907755278982137,1.0
9949,scalp,1,1,6.907755278982137,1.0
9950,scarcity,1,1,6.907755278982137,1.0
9951,scatchard,1,1,6.907755278982137,1.0
9952,scheduled,1,1,6.907755278982137,1.0
9953,schedules,1,1,6.907755278982137,1.0
9954,schiff,1,1,6.907755278982137,1.0
9955,sciencedirect,1,1,6.907755278982137,1.0
9956,scientists,1,1,6.907755278982137,1.0
9957,scintillation,1,1,6.907755278982137,1.0
9958,scios,1,1,6.907755278982137,1.0
9959,score-weighted,1,1,6.907755278982137,1.0
9960,score-weighting,1,1,6.907755278982137,1.0
9961,scored,1,1,6.907755278982137,1.0
9962,scoring,1,1,6.907755278982137,1.0
9963,scrutinized,1,1,6.907755278982137,1.0
9964,sd,1,1,6.907755278982137,1.0
9965,seahorse,1,1,6.907755278982137,1.0
9966,seaweeds,1,1,6.907755278982137,1.0
9967,second-generation,1,1,6.907755278982137,1.0
9968,second-line,1,1,6.907755278982137,1.0
9969,secretagogin,1,1,6.907755278982137,1.0
9970,secretagogs,1,1,6.907755278982137,1.0
9971,secretion-stimulating,1,1,6.907755278982137,1.0
9972,secretogogues,1,1,6.907755278982137,1.0
9973,secrets,1,1,6.907755278982137,1.0
9974,sedentary,1,1,6.907755278982137,1.0
9975,segment,1,1,6.907755278982137,1.0
9976,segmental,1,1,6.907755278982137,1.0
9977,self-control,1,1,6.907755278982137,1.0
9978,self-efficacy,1,1,6.907755278982137,1.0
9979,self-limiting,1,1,6.907755278982137,1.0
9980,self-report,1,1,6.907755278982137,1.0
9981,self-reported,1,1,6.907755278982137,1.0
9982,self-restraint,1,1,6.907755278982137,1.0
9983,sella,1,1,6.907755278982137,1.0
9984,send,1,1,6.907755278982137,1.0
9985,senescent,1,1,6.907755278982137,1.0
9986,senolytics,1,1,6.907755278982137,1.0
9987,senomorphics,1,1,6.907755278982137,1.0
9988,sensed,1,1,6.907755278982137,1.0
9989,sensitized,1,1,6.907755278982137,1.0
9990,sensor,1,1,6.907755278982137,1.0
9991,sensory-driven,1,1,6.907755278982137,1.0
9992,separable,1,1,6.907755278982137,1.0
9993,separately,1,1,6.907755278982137,1.0
9994,sepsis-induced,1,1,6.907755278982137,1.0
9995,septal,1,1,6.907755278982137,1.0
9996,septum,1,1,6.907755278982137,1.0
9997,sequelae,1,1,6.907755278982137,1.0
9998,sequenced,1,1,6.907755278982137,1.0
9999,sequestrants,1,1,6.907755278982137,1.0
10000,ser-14,1,1,6.907755278982137,1.0
10001,ser-8-glp-1,1,1,6.907755278982137,1.0
10002,serendipitous,1,1,6.907755278982137,1.0
10003,serial,1,1,6.907755278982137,1.0
10004,serines,1,1,6.907755278982137,1.0
10005,seriously,1,1,6.907755278982137,1.0
10006,serotonergic,1,1,6.907755278982137,1.0
10007,serotonin-induced,1,1,6.907755278982137,1.0
10008,served,1,1,6.907755278982137,1.0
10009,server,1,1,6.907755278982137,1.0
10010,setup-the,1,1,6.907755278982137,1.0
10011,sex-4,1,1,6.907755278982137,1.0
10012,sg-1,1,1,6.907755278982137,1.0
10013,sh-sy5y,1,1,6.907755278982137,1.0
10014,shall,1,1,6.907755278982137,1.0
10015,shaped,1,1,6.907755278982137,1.0
10016,shares,1,1,6.907755278982137,1.0
10017,sharply,1,1,6.907755278982137,1.0
10018,shear-stress,1,1,6.907755278982137,1.0
10019,sheds,1,1,6.907755278982137,1.0
10020,shelf-stable,1,1,6.907755278982137,1.0
10021,shell,1,1,6.907755278982137,1.0
10022,shells,1,1,6.907755278982137,1.0
10023,short-bowel,1,1,6.907755278982137,1.0
10024,short-duration,1,1,6.907755278982137,1.0
10025,short-lived,1,1,6.907755278982137,1.0
10026,shortens,1,1,6.907755278982137,1.0
10027,shortlisted,1,1,6.907755278982137,1.0
10028,shrinkage,1,1,6.907755278982137,1.0
10029,shunt,1,1,6.907755278982137,1.0
10030,shutdown,1,1,6.907755278982137,1.0
10031,sialic,1,1,6.907755278982137,1.0
10032,side-effect,1,1,6.907755278982137,1.0
10033,signalling-wnt,1,1,6.907755278982137,1.0
10034,signals-such,1,1,6.907755278982137,1.0
10035,signatures,1,1,6.907755278982137,1.0
10036,significancetirzepatide,1,1,6.907755278982137,1.0
10037,silent,1,1,6.907755278982137,1.0
10038,silicon,1,1,6.907755278982137,1.0
10039,silver,1,1,6.907755278982137,1.0
10040,simplicity,1,1,6.907755278982137,1.0
10041,simplify,1,1,6.907755278982137,1.0
10042,simulated,1,1,6.907755278982137,1.0
10043,simulates,1,1,6.907755278982137,1.0
10044,simvastatin,1,1,6.907755278982137,1.0
10045,single-day,1,1,6.907755278982137,1.0
10046,single-dose,1,1,6.907755278982137,1.0
10047,single-nucleotide,1,1,6.907755278982137,1.0
10048,single-substance,1,1,6.907755278982137,1.0
10049,sipsc,1,1,6.907755278982137,1.0
10050,sirna-mediated,1,1,6.907755278982137,1.0
10051,sirnas,1,1,6.907755278982137,1.0
10052,sirtuin,1,1,6.907755278982137,1.0
10053,sister,1,1,6.907755278982137,1.0
10054,site-directed,1,1,6.907755278982137,1.0
10055,sitting,1,1,6.907755278982137,1.0
10056,situ-perfused,1,1,6.907755278982137,1.0
10057,situated,1,1,6.907755278982137,1.0
10058,situation,1,1,6.907755278982137,1.0
10059,sixteen,1,1,6.907755278982137,1.0
10060,sixth,1,1,6.907755278982137,1.0
10061,sixty,1,1,6.907755278982137,1.0
10062,size-suppressive,1,1,6.907755278982137,1.0
10063,skills,1,1,6.907755278982137,1.0
10064,skin-related,1,1,6.907755278982137,1.0
10065,sle,1,1,6.907755278982137,1.0
10066,sli,1,1,6.907755278982137,1.0
10067,slice,1,1,6.907755278982137,1.0
10068,sln,1,1,6.907755278982137,1.0
10069,slope,1,1,6.907755278982137,1.0
10070,slopes,1,1,6.907755278982137,1.0
10071,slower,1,1,6.907755278982137,1.0
10072,slower-clearing,1,1,6.907755278982137,1.0
10073,small-scale,1,1,6.907755278982137,1.0
10074,smaller,1,1,6.907755278982137,1.0
10075,smallest,1,1,6.907755278982137,1.0
10076,smart,1,1,6.907755278982137,1.0
10077,smart-c,1,1,6.907755278982137,1.0
10078,smell,1,1,6.907755278982137,1.0
10079,smes,1,1,6.907755278982137,1.0
10080,smoking,1,1,6.907755278982137,1.0
10081,sn,1,1,6.907755278982137,1.0
10082,snac,1,1,6.907755278982137,1.0
10083,snakehead,1,1,6.907755278982137,1.0
10084,socio-economic,1,1,6.907755278982137,1.0
10085,socs,1,1,6.907755278982137,1.0
10086,softened,1,1,6.907755278982137,1.0
10087,sojourn,1,1,6.907755278982137,1.0
10088,solely,1,1,6.907755278982137,1.0
10089,solidify,1,1,6.907755278982137,1.0
10090,solitaries,1,1,6.907755278982137,1.0
10091,soluble-insoluble,1,1,6.907755278982137,1.0
10092,solve,1,1,6.907755278982137,1.0
10093,solvent,1,1,6.907755278982137,1.0
10094,somatostatin-14,1,1,6.907755278982137,1.0
10095,somatostatin-like,1,1,6.907755278982137,1.0
10096,somehow,1,1,6.907755278982137,1.0
10097,somewhat,1,1,6.907755278982137,1.0
10098,sons,1,1,6.907755278982137,1.0
10099,soon,1,1,6.907755278982137,1.0
10100,sophisticated,1,1,6.907755278982137,1.0
10101,sourced,1,1,6.907755278982137,1.0
10102,southeast,1,1,6.907755278982137,1.0
10103,southern,1,1,6.907755278982137,1.0
10104,spanning,1,1,6.907755278982137,1.0
10105,sparing,1,1,6.907755278982137,1.0
10106,sparked,1,1,6.907755278982137,1.0
10107,spatially,1,1,6.907755278982137,1.0
10108,specialist,1,1,6.907755278982137,1.0
10109,specialized,1,1,6.907755278982137,1.0
10110,specially,1,1,6.907755278982137,1.0
10111,specificities,1,1,6.907755278982137,1.0
10112,specimens,1,1,6.907755278982137,1.0
10113,spect,1,1,6.907755278982137,1.0
10114,spectra,1,1,6.907755278982137,1.0
10115,spectroscopies,1,1,6.907755278982137,1.0
10116,spectroscopy,1,1,6.907755278982137,1.0
10117,speculate,1,1,6.907755278982137,1.0
10118,speeds,1,1,6.907755278982137,1.0
10119,spent,1,1,6.907755278982137,1.0
10120,sperm,1,1,6.907755278982137,1.0
10121,spermatogenesis,1,1,6.907755278982137,1.0
10122,spermidine,1,1,6.907755278982137,1.0
10123,spices,1,1,6.907755278982137,1.0
10124,spikes,1,1,6.907755278982137,1.0
10125,spillover,1,1,6.907755278982137,1.0
10126,splenic,1,1,6.907755278982137,1.0
10127,splenocytes,1,1,6.907755278982137,1.0
10128,splice,1,1,6.907755278982137,1.0
10129,spotlight,1,1,6.907755278982137,1.0
10130,sprays,1,1,6.907755278982137,1.0
10131,spreading,1,1,6.907755278982137,1.0
10132,spurring,1,1,6.907755278982137,1.0
10133,src,1,1,6.907755278982137,1.0
10134,sryps,1,1,6.907755278982137,1.0
10135,sstr,1,1,6.907755278982137,1.0
10136,st-segment,1,1,6.907755278982137,1.0
10137,stabilisation,1,1,6.907755278982137,1.0
10138,stabilities,1,1,6.907755278982137,1.0
10139,stabilizer,1,1,6.907755278982137,1.0
10140,stable-peptide-based,1,1,6.907755278982137,1.0
10141,stage-targeted,1,1,6.907755278982137,1.0
10142,stain,1,1,6.907755278982137,1.0
10143,stand,1,1,6.907755278982137,1.0
10144,standards,1,1,6.907755278982137,1.0
10145,stands,1,1,6.907755278982137,1.0
10146,stat,1,1,6.907755278982137,1.0
10147,stated,1,1,6.907755278982137,1.0
10148,statement,1,1,6.907755278982137,1.0
10149,static,1,1,6.907755278982137,1.0
10150,station,1,1,6.907755278982137,1.0
10151,stations,1,1,6.907755278982137,1.0
10152,statistic,1,1,6.907755278982137,1.0
10153,statuses,1,1,6.907755278982137,1.0
10154,stay,1,1,6.907755278982137,1.0
10155,steadily,1,1,6.907755278982137,1.0
10156,steady,1,1,6.907755278982137,1.0
10157,stearic,1,1,6.907755278982137,1.0
10158,stearoyl-coa,1,1,6.907755278982137,1.0
10159,steepness,1,1,6.907755278982137,1.0
10160,stemmed,1,1,6.907755278982137,1.0
10161,stemming,1,1,6.907755278982137,1.0
10162,sterically,1,1,6.907755278982137,1.0
10163,steroid,1,1,6.907755278982137,1.0
10164,steroid-refractory,1,1,6.907755278982137,1.0
10165,steroidal,1,1,6.907755278982137,1.0
10166,stevia,1,1,6.907755278982137,1.0
10167,stifling,1,1,6.907755278982137,1.0
10168,stigmatized,1,1,6.907755278982137,1.0
10169,stimuli-responsive,1,1,6.907755278982137,1.0
10170,stimulus,1,1,6.907755278982137,1.0
10171,sting-elicited,1,1,6.907755278982137,1.0
10172,stirred,1,1,6.907755278982137,1.0
10173,stones,1,1,6.907755278982137,1.0
10174,stories,1,1,6.907755278982137,1.0
10175,stream,1,1,6.907755278982137,1.0
10176,streamlined,1,1,6.907755278982137,1.0
10177,strengthening,1,1,6.907755278982137,1.0
10178,streptococcal,1,1,6.907755278982137,1.0
10179,streptozocin-induced,1,1,6.907755278982137,1.0
10180,stress-activated,1,1,6.907755278982137,1.0
10181,stress-associated,1,1,6.907755278982137,1.0
10182,stressor,1,1,6.907755278982137,1.0
10183,strictly,1,1,6.907755278982137,1.0
10184,strikingly,1,1,6.907755278982137,1.0
10185,strobe,1,1,6.907755278982137,1.0
10186,structure-activity-relationship,1,1,6.907755278982137,1.0
10187,structure-function,1,1,6.907755278982137,1.0
10188,students,1,1,6.907755278982137,1.0
10189,stunning,1,1,6.907755278982137,1.0
10190,style,1,1,6.907755278982137,1.0
10191,stz-treated,1,1,6.907755278982137,1.0
10192,su,1,1,6.907755278982137,1.0
10193,sub-diaphragmatic,1,1,6.907755278982137,1.0
10194,sub-mixtures,1,1,6.907755278982137,1.0
10195,sub-picomolar,1,1,6.907755278982137,1.0
10196,subclass,1,1,6.907755278982137,1.0
10197,subclinical,1,1,6.907755278982137,1.0
10198,subcutaneoussemaglutide,1,1,6.907755278982137,1.0
10199,subdivision,1,1,6.907755278982137,1.0
10200,subdivisions,1,1,6.907755278982137,1.0
10201,subepithelial,1,1,6.907755278982137,1.0
10202,subfamily,1,1,6.907755278982137,1.0
10203,subjective,1,1,6.907755278982137,1.0
10204,subpopulation,1,1,6.907755278982137,1.0
10205,subpopulations,1,1,6.907755278982137,1.0
10206,subserve,1,1,6.907755278982137,1.0
10207,substantiate,1,1,6.907755278982137,1.0
10208,substantiated,1,1,6.907755278982137,1.0
10209,substantive,1,1,6.907755278982137,1.0
10210,substituting,1,1,6.907755278982137,1.0
10211,substudies,1,1,6.907755278982137,1.0
10212,substudy,1,1,6.907755278982137,1.0
10213,subtotal,1,1,6.907755278982137,1.0
10214,subtypes,1,1,6.907755278982137,1.0
10215,subunits,1,1,6.907755278982137,1.0
10216,subventricular,1,1,6.907755278982137,1.0
10217,successes,1,1,6.907755278982137,1.0
10218,successive,1,1,6.907755278982137,1.0
10219,suctioned,1,1,6.907755278982137,1.0
10220,suffered,1,1,6.907755278982137,1.0
10221,sugar-lowering,1,1,6.907755278982137,1.0
10222,sugars,1,1,6.907755278982137,1.0
10223,suggestion,1,1,6.907755278982137,1.0
10224,suggestions,1,1,6.907755278982137,1.0
10225,suioh,1,1,6.907755278982137,1.0
10226,suited,1,1,6.907755278982137,1.0
10227,suits,1,1,6.907755278982137,1.0
10228,sulfated,1,1,6.907755278982137,1.0
10229,summit,1,1,6.907755278982137,1.0
10230,sunitinib,1,1,6.907755278982137,1.0
10231,sunred,1,1,6.907755278982137,1.0
10232,superimposed,1,1,6.907755278982137,1.0
10233,supplemented,1,1,6.907755278982137,1.0
10234,supra-physiological,1,1,6.907755278982137,1.0
10235,suprachiasmatic,1,1,6.907755278982137,1.0
10236,supracommissuralis,1,1,6.907755278982137,1.0
10237,supraglottic,1,1,6.907755278982137,1.0
10238,surfaces,1,1,6.907755278982137,1.0
10239,surmount-osa,1,1,6.907755278982137,1.0
10240,surpass-cvot,1,1,6.907755278982137,1.0
10241,surpassed,1,1,6.907755278982137,1.0
10242,surplus,1,1,6.907755278982137,1.0
10243,surprise,1,1,6.907755278982137,1.0
10244,surprising,1,1,6.907755278982137,1.0
10245,surrogate,1,1,6.907755278982137,1.0
10246,surround,1,1,6.907755278982137,1.0
10247,surveyed,1,1,6.907755278982137,1.0
10248,surveys,1,1,6.907755278982137,1.0
10249,surviving,1,1,6.907755278982137,1.0
10250,survivors,1,1,6.907755278982137,1.0
10251,survivorship,1,1,6.907755278982137,1.0
10252,suspect,1,1,6.907755278982137,1.0
10253,suspectum,1,1,6.907755278982137,1.0
10254,suspicion,1,1,6.907755278982137,1.0
10255,sustainability,1,1,6.907755278982137,1.0
10256,sustains,1,1,6.907755278982137,1.0
10257,sutterella,1,1,6.907755278982137,1.0
10258,svetlana,1,1,6.907755278982137,1.0
10259,swallow,1,1,6.907755278982137,1.0
10260,sweden,1,1,6.907755278982137,1.0
10261,sweet-taste,1,1,6.907755278982137,1.0
10262,sweetened,1,1,6.907755278982137,1.0
10263,sweetener,1,1,6.907755278982137,1.0
10264,sweeteners,1,1,6.907755278982137,1.0
10265,swing,1,1,6.907755278982137,1.0
10266,sword,1,1,6.907755278982137,1.0
10267,sympatho-gastro-spinal-reticular-hypothalamic,1,1,6.907755278982137,1.0
10268,symptom-based,1,1,6.907755278982137,1.0
10269,symptom-focused,1,1,6.907755278982137,1.0
10270,synapse,1,1,6.907755278982137,1.0
10271,synapses,1,1,6.907755278982137,1.0
10272,synaptosome,1,1,6.907755278982137,1.0
10273,synchronization,1,1,6.907755278982137,1.0
10274,synchronously,1,1,6.907755278982137,1.0
10275,synergic,1,1,6.907755278982137,1.0
10276,synergism,1,1,6.907755278982137,1.0
10277,synergy-nash,1,1,6.907755278982137,1.0
10278,synphase,1,1,6.907755278982137,1.0
10279,synthesise,1,1,6.907755278982137,1.0
10280,synthesised,1,1,6.907755278982137,1.0
10281,synthetically,1,1,6.907755278982137,1.0
10282,synuclein,1,1,6.907755278982137,1.0
10283,syrcle,1,1,6.907755278982137,1.0
10284,syrian,1,1,6.907755278982137,1.0
10285,syringaldehyde,1,1,6.907755278982137,1.0
10286,syst,1,1,6.907755278982137,1.0
10287,systemically,1,1,6.907755278982137,1.0
10288,table,1,1,6.907755278982137,1.0
10289,tackle,1,1,6.907755278982137,1.0
10290,tag,1,1,6.907755278982137,1.0
10291,tagged,1,1,6.907755278982137,1.0
10292,tail,1,1,6.907755278982137,1.0
10293,takaoka,1,1,6.907755278982137,1.0
10294,take-home,1,1,6.907755278982137,1.0
10295,takes,1,1,6.907755278982137,1.0
10296,tapering,1,1,6.907755278982137,1.0
10297,target-mediates,1,1,6.907755278982137,1.0
10298,target-to-background,1,1,6.907755278982137,1.0
10299,targetable,1,1,6.907755278982137,1.0
10300,targetscan,1,1,6.907755278982137,1.0
10301,tasks,1,1,6.907755278982137,1.0
10302,taspoglutide-bound,1,1,6.907755278982137,1.0
10303,tastant,1,1,6.907755278982137,1.0
10304,taste-signaling,1,1,6.907755278982137,1.0
10305,tbas,1,1,6.907755278982137,1.0
10306,tctr,1,1,6.907755278982137,1.0
10307,tdtomato-fluorescence,1,1,6.907755278982137,1.0
10308,tdtomato-positive,1,1,6.907755278982137,1.0
10309,team,1,1,6.907755278982137,1.0
10310,teams,1,1,6.907755278982137,1.0
10311,technical,1,1,6.907755278982137,1.0
10312,telemedicine-based,1,1,6.907755278982137,1.0
10313,telemeters,1,1,6.907755278982137,1.0
10314,telencephali,1,1,6.907755278982137,1.0
10315,telencephalic,1,1,6.907755278982137,1.0
10316,tell,1,1,6.907755278982137,1.0
10317,telogen,1,1,6.907755278982137,1.0
10318,telomerase,1,1,6.907755278982137,1.0
10319,temper,1,1,6.907755278982137,1.0
10320,temperatures,1,1,6.907755278982137,1.0
10321,tempered,1,1,6.907755278982137,1.0
10322,template,1,1,6.907755278982137,1.0
10323,templates,1,1,6.907755278982137,1.0
10324,temples,1,1,6.907755278982137,1.0
10325,temporally,1,1,6.907755278982137,1.0
10326,tendencies,1,1,6.907755278982137,1.0
10327,tendency,1,1,6.907755278982137,1.0
10328,tendon,1,1,6.907755278982137,1.0
10329,teratogenicity,1,1,6.907755278982137,1.0
10330,terminal,1,1,6.907755278982137,1.0
10331,terminated,1,1,6.907755278982137,1.0
10332,tertiary,1,1,6.907755278982137,1.0
10333,testicles,1,1,6.907755278982137,1.0
10334,testosterone-stimulated,1,1,6.907755278982137,1.0
10335,tet-reporter,1,1,6.907755278982137,1.0
10336,tethered,1,1,6.907755278982137,1.0
10337,tetrachloride,1,1,6.907755278982137,1.0
10338,tetraethylene,1,1,6.907755278982137,1.0
10339,tetrahydropyridine,1,1,6.907755278982137,1.0
10340,textbook,1,1,6.907755278982137,1.0
10341,tgs,1,1,6.907755278982137,1.0
10342,thai,1,1,6.907755278982137,1.0
10343,themanagement,1,1,6.907755278982137,1.0
10344,theorizes,1,1,6.907755278982137,1.0
10345,theory,1,1,6.907755278982137,1.0
10346,theory-based,1,1,6.907755278982137,1.0
10347,theranostics,1,1,6.907755278982137,1.0
10348,thereof,1,1,6.907755278982137,1.0
10349,thermodynamic,1,1,6.907755278982137,1.0
10350,thermodynamics,1,1,6.907755278982137,1.0
10351,theses,1,1,6.907755278982137,1.0
10352,thiamine,1,1,6.907755278982137,1.0
10353,thiazolidinedione,1,1,6.907755278982137,1.0
10354,thick,1,1,6.907755278982137,1.0
10355,thickness,1,1,6.907755278982137,1.0
10356,think,1,1,6.907755278982137,1.0
10357,thioredoxin-modified,1,1,6.907755278982137,1.0
10358,thoracic,1,1,6.907755278982137,1.0
10359,thousand-fold,1,1,6.907755278982137,1.0
10360,threats,1,1,6.907755278982137,1.0
10361,threonine,1,1,6.907755278982137,1.0
10362,threonines,1,1,6.907755278982137,1.0
10363,threshold,1,1,6.907755278982137,1.0
10364,thresholds,1,1,6.907755278982137,1.0
10365,thrice-daily,1,1,6.907755278982137,1.0
10366,thromboembolic,1,1,6.907755278982137,1.0
10367,thrombogenicity,1,1,6.907755278982137,1.0
10368,thromboprophylactic,1,1,6.907755278982137,1.0
10369,thromboxane-mediated,1,1,6.907755278982137,1.0
10370,thyroid-related,1,1,6.907755278982137,1.0
10371,thyrotoxicosis,1,1,6.907755278982137,1.0
10372,tide,1,1,6.907755278982137,1.0
10373,tight,1,1,6.907755278982137,1.0
10374,time-based,1,1,6.907755278982137,1.0
10375,time-driven,1,1,6.907755278982137,1.0
10376,time-lagged,1,1,6.907755278982137,1.0
10377,time-to-onset,1,1,6.907755278982137,1.0
10378,timed,1,1,6.907755278982137,1.0
10379,timepoint,1,1,6.907755278982137,1.0
10380,timescales,1,1,6.907755278982137,1.0
10381,timp-1,1,1,6.907755278982137,1.0
10382,timp-2,1,1,6.907755278982137,1.0
10383,title,1,1,6.907755278982137,1.0
10384,titles,1,1,6.907755278982137,1.0
10385,titratable,1,1,6.907755278982137,1.0
10386,titrated,1,1,6.907755278982137,1.0
10387,tms,1,1,6.907755278982137,1.0
10388,to-date,1,1,6.907755278982137,1.0
10389,tolerable,1,1,6.907755278982137,1.0
10390,tolerance-was,1,1,6.907755278982137,1.0
10391,tolerating,1,1,6.907755278982137,1.0
10392,toll-like,1,1,6.907755278982137,1.0
10393,tone,1,1,6.907755278982137,1.0
10394,topical,1,1,6.907755278982137,1.0
10395,topiramate,1,1,6.907755278982137,1.0
10396,tortuosity,1,1,6.907755278982137,1.0
10397,totally,1,1,6.907755278982137,1.0
10398,touted,1,1,6.907755278982137,1.0
10399,toxicants,1,1,6.907755278982137,1.0
10400,toxicities,1,1,6.907755278982137,1.0
10401,toxicology,1,1,6.907755278982137,1.0
10402,toxsentryweb,1,1,6.907755278982137,1.0
10403,traceable,1,1,6.907755278982137,1.0
10404,tracers,1,1,6.907755278982137,1.0
10405,traces,1,1,6.907755278982137,1.0
10406,trachea,1,1,6.907755278982137,1.0
10407,tracheal,1,1,6.907755278982137,1.0
10408,traction,1,1,6.907755278982137,1.0
10409,traits,1,1,6.907755278982137,1.0
10410,trajectories,1,1,6.907755278982137,1.0
10411,trans-differentiation,1,1,6.907755278982137,1.0
10412,trans-well,1,1,6.907755278982137,1.0
10413,transaminases,1,1,6.907755278982137,1.0
10414,transcription-polymerase,1,1,6.907755278982137,1.0
10415,transcytosis,1,1,6.907755278982137,1.0
10416,transdifferentiate,1,1,6.907755278982137,1.0
10417,transduced,1,1,6.907755278982137,1.0
10418,transducing,1,1,6.907755278982137,1.0
10419,transectioning,1,1,6.907755278982137,1.0
10420,transfected,1,1,6.907755278982137,1.0
10421,transformation,1,1,6.907755278982137,1.0
10422,transgastric,1,1,6.907755278982137,1.0
10423,transiently,1,1,6.907755278982137,1.0
10424,transitioning,1,1,6.907755278982137,1.0
10425,transjugular,1,1,6.907755278982137,1.0
10426,translatable,1,1,6.907755278982137,1.0
10427,translates,1,1,6.907755278982137,1.0
10428,translating,1,1,6.907755278982137,1.0
10429,transmembraneous,1,1,6.907755278982137,1.0
10430,transmitter,1,1,6.907755278982137,1.0
10431,transplant-listed,1,1,6.907755278982137,1.0
10432,transplants,1,1,6.907755278982137,1.0
10433,transporter-mediated,1,1,6.907755278982137,1.0
10434,trapped,1,1,6.907755278982137,1.0
10435,traumatic,1,1,6.907755278982137,1.0
10436,traverse,1,1,6.907755278982137,1.0
10437,treatable,1,1,6.907755278982137,1.0
10438,treatment-adherent,1,1,6.907755278982137,1.0
10439,treatment-induced,1,1,6.907755278982137,1.0
10440,treatment-limiting,1,1,6.907755278982137,1.0
10441,trending,1,1,6.907755278982137,1.0
10442,tri-agonism,1,1,6.907755278982137,1.0
10443,tri-agonists,1,1,6.907755278982137,1.0
10444,triamterene,1,1,6.907755278982137,1.0
10445,trichostatin,1,1,6.907755278982137,1.0
10446,tried,1,1,6.907755278982137,1.0
10447,trifluoroethanol,1,1,6.907755278982137,1.0
10448,trifunctional,1,1,6.907755278982137,1.0
10449,triggers,1,1,6.907755278982137,1.0
10450,trimester,1,1,6.907755278982137,1.0
10451,trimethylamine-n-oxide,1,1,6.907755278982137,1.0
10452,trioleate,1,1,6.907755278982137,1.0
10453,trip,1,1,6.907755278982137,1.0
10454,triphosphate,1,1,6.907755278982137,1.0
10455,triphosphate-sensor,1,1,6.907755278982137,1.0
10456,triple-acting,1,1,6.907755278982137,1.0
10457,triterpenoid,1,1,6.907755278982137,1.0
10458,triumvirate,1,1,6.907755278982137,1.0
10459,trizepatide,1,1,6.907755278982137,1.0
10460,trough,1,1,6.907755278982137,1.0
10461,trout,1,1,6.907755278982137,1.0
10462,trp-ile,1,1,6.907755278982137,1.0
10463,trpa,1,1,6.907755278982137,1.0
10464,trpa-1,1,1,6.907755278982137,1.0
10465,trpm,1,1,6.907755278982137,1.0
10466,trulicity,1,1,6.907755278982137,1.0
10467,truncal,1,1,6.907755278982137,1.0
10468,tryptophan,1,1,6.907755278982137,1.0
10469,tryptophan-cage,1,1,6.907755278982137,1.0
10470,tryptophan-selective,1,1,6.907755278982137,1.0
10471,ttx,1,1,6.907755278982137,1.0
10472,tubular,1,1,6.907755278982137,1.0
10473,tudca,1,1,6.907755278982137,1.0
10474,tumour,1,1,6.907755278982137,1.0
10475,tunable,1,1,6.907755278982137,1.0
10476,tunica,1,1,6.907755278982137,1.0
10477,turned,1,1,6.907755278982137,1.0
10478,twenty,1,1,6.907755278982137,1.0
10479,twenty-four,1,1,6.907755278982137,1.0
10480,twenty-six,1,1,6.907755278982137,1.0
10481,twenty-three,1,1,6.907755278982137,1.0
10482,twigs,1,1,6.907755278982137,1.0
10483,twincretin,1,1,6.907755278982137,1.0
10484,two-channel,1,1,6.907755278982137,1.0
10485,two-dimensional,1,1,6.907755278982137,1.0
10486,two-thirds,1,1,6.907755278982137,1.0
10487,two-year,1,1,6.907755278982137,1.0
10488,type-1,1,1,6.907755278982137,1.0
10489,type-ii,1,1,6.907755278982137,1.0
10490,tyr,1,1,6.907755278982137,1.0
10491,ubiquitously,1,1,6.907755278982137,1.0
10492,ucp,1,1,6.907755278982137,1.0
10493,udekem,1,1,6.907755278982137,1.0
10494,ultimate,1,1,6.907755278982137,1.0
10495,umbrella,1,1,6.907755278982137,1.0
10496,unabated,1,1,6.907755278982137,1.0
10497,unacceptable,1,1,6.907755278982137,1.0
10498,unaddressed,1,1,6.907755278982137,1.0
10499,unadjusted,1,1,6.907755278982137,1.0
10500,unappealing,1,1,6.907755278982137,1.0
10501,unattempted,1,1,6.907755278982137,1.0
10502,unblocking,1,1,6.907755278982137,1.0
10503,uncharted,1,1,6.907755278982137,1.0
10504,unclassified,1,1,6.907755278982137,1.0
10505,uncompensated,1,1,6.907755278982137,1.0
10506,uncomplicated,1,1,6.907755278982137,1.0
10507,unconjugated,1,1,6.907755278982137,1.0
10508,unconnected,1,1,6.907755278982137,1.0
10509,unconsciousness,1,1,6.907755278982137,1.0
10510,uncoupling,1,1,6.907755278982137,1.0
10511,undefined,1,1,6.907755278982137,1.0
10512,under-described,1,1,6.907755278982137,1.0
10513,under-recognized,1,1,6.907755278982137,1.0
10514,underappreciated,1,1,6.907755278982137,1.0
10515,underlines,1,1,6.907755278982137,1.0
10516,undermine,1,1,6.907755278982137,1.0
10517,undernutrition,1,1,6.907755278982137,1.0
10518,underpins,1,1,6.907755278982137,1.0
10519,underrepresented,1,1,6.907755278982137,1.0
10520,undertook,1,1,6.907755278982137,1.0
10521,underweight,1,1,6.907755278982137,1.0
10522,undescribed,1,1,6.907755278982137,1.0
10523,undetermined,1,1,6.907755278982137,1.0
10524,undiagnosed,1,1,6.907755278982137,1.0
10525,undoubtedly,1,1,6.907755278982137,1.0
10526,uneven,1,1,6.907755278982137,1.0
10527,unevenly,1,1,6.907755278982137,1.0
10528,unexplained,1,1,6.907755278982137,1.0
10529,unexposed,1,1,6.907755278982137,1.0
10530,unfavorable,1,1,6.907755278982137,1.0
10531,unfolded,1,1,6.907755278982137,1.0
10532,unfused,1,1,6.907755278982137,1.0
10533,unhealthy,1,1,6.907755278982137,1.0
10534,uniform,1,1,6.907755278982137,1.0
10535,uniformly,1,1,6.907755278982137,1.0
10536,unifying,1,1,6.907755278982137,1.0
10537,unintentional,1,1,6.907755278982137,1.0
10538,unity,1,1,6.907755278982137,1.0
10539,univariate,1,1,6.907755278982137,1.0
10540,unmeasured,1,1,6.907755278982137,1.0
10541,unobserved,1,1,6.907755278982137,1.0
10542,unplanned,1,1,6.907755278982137,1.0
10543,unrecognized,1,1,6.907755278982137,1.0
10544,unregulated,1,1,6.907755278982137,1.0
10545,unrelated,1,1,6.907755278982137,1.0
10546,unreported,1,1,6.907755278982137,1.0
10547,unrestrained,1,1,6.907755278982137,1.0
10548,unrestricted,1,1,6.907755278982137,1.0
10549,unsettled,1,1,6.907755278982137,1.0
10550,unstable,1,1,6.907755278982137,1.0
10551,unstandardised,1,1,6.907755278982137,1.0
10552,unsuccessful,1,1,6.907755278982137,1.0
10553,unsuitable,1,1,6.907755278982137,1.0
10554,untargeted,1,1,6.907755278982137,1.0
10555,untoward,1,1,6.907755278982137,1.0
10556,unusual,1,1,6.907755278982137,1.0
10557,unveil,1,1,6.907755278982137,1.0
10558,unveiled,1,1,6.907755278982137,1.0
10559,unwanted,1,1,6.907755278982137,1.0
10560,unwelcome,1,1,6.907755278982137,1.0
10561,up-regulate,1,1,6.907755278982137,1.0
10562,up-regulating,1,1,6.907755278982137,1.0
10563,up-take,1,1,6.907755278982137,1.0
10564,upadacitinib,1,1,6.907755278982137,1.0
10565,upcoming,1,1,6.907755278982137,1.0
10566,updated,1,1,6.907755278982137,1.0
10567,upregulates,1,1,6.907755278982137,1.0
10568,upregulating,1,1,6.907755278982137,1.0
10569,upregulations,1,1,6.907755278982137,1.0
10570,ups,1,1,6.907755278982137,1.0
10571,upstream,1,1,6.907755278982137,1.0
10572,upward,1,1,6.907755278982137,1.0
10573,urethane,1,1,6.907755278982137,1.0
10574,urethane-chloralose,1,1,6.907755278982137,1.0
10575,urogenital,1,1,6.907755278982137,1.0
10576,urticaria,1,1,6.907755278982137,1.0
10577,uruchi,1,1,6.907755278982137,1.0
10578,uscn,1,1,6.907755278982137,1.0
10579,use-related,1,1,6.907755278982137,1.0
10580,usefully,1,1,6.907755278982137,1.0
10581,user,1,1,6.907755278982137,1.0
10582,ushered,1,1,6.907755278982137,1.0
10583,usp,1,1,6.907755278982137,1.0
10584,ustekinumab,1,1,6.907755278982137,1.0
10585,uterus,1,1,6.907755278982137,1.0
10586,utilisation,1,1,6.907755278982137,1.0
10587,utilising,1,1,6.907755278982137,1.0
10588,utilities,1,1,6.907755278982137,1.0
10589,utmost,1,1,6.907755278982137,1.0
10590,utr,1,1,6.907755278982137,1.0
10591,uv-visible,1,1,6.907755278982137,1.0
10592,vaccine,1,1,6.907755278982137,1.0
10593,vagally,1,1,6.907755278982137,1.0
10594,vagally-mediated,1,1,6.907755278982137,1.0
10595,vagi,1,1,6.907755278982137,1.0
10596,vago-vagal,1,1,6.907755278982137,1.0
10597,valid,1,1,6.907755278982137,1.0
10598,valproic,1,1,6.907755278982137,1.0
10599,valve,1,1,6.907755278982137,1.0
10600,vans,1,1,6.907755278982137,1.0
10601,varicosities,1,1,6.907755278982137,1.0
10602,varies,1,1,6.907755278982137,1.0
10603,vascularity,1,1,6.907755278982137,1.0
10604,vascularized,1,1,6.907755278982137,1.0
10605,vascularly,1,1,6.907755278982137,1.0
10606,vasculitic,1,1,6.907755278982137,1.0
10607,vasoactive,1,1,6.907755278982137,1.0
10608,vasoactivity,1,1,6.907755278982137,1.0
10609,vasoconstriction,1,1,6.907755278982137,1.0
10610,vasopressin,1,1,6.907755278982137,1.0
10611,vasoprotective,1,1,6.907755278982137,1.0
10612,vast,1,1,6.907755278982137,1.0
10613,vastly,1,1,6.907755278982137,1.0
10614,vectorial,1,1,6.907755278982137,1.0
10615,vectors,1,1,6.907755278982137,1.0
10616,vegan,1,1,6.907755278982137,1.0
10617,vegetables,1,1,6.907755278982137,1.0
10618,vegetarian,1,1,6.907755278982137,1.0
10619,vegf,1,1,6.907755278982137,1.0
10620,vegf-a,1,1,6.907755278982137,1.0
10621,vehicle-infused,1,1,6.907755278982137,1.0
10622,vehicle-treated,1,1,6.907755278982137,1.0
10623,veins,1,1,6.907755278982137,1.0
10624,vena,1,1,6.907755278982137,1.0
10625,ventralis,1,1,6.907755278982137,1.0
10626,ventrolateral,1,1,6.907755278982137,1.0
10627,venus,1,1,6.907755278982137,1.0
10628,verapamil,1,1,6.907755278982137,1.0
10629,verifying,1,1,6.907755278982137,1.0
10630,verity,1,1,6.907755278982137,1.0
10631,vertebrates,1,1,6.907755278982137,1.0
10632,vesicular,1,1,6.907755278982137,1.0
10633,veterans,1,1,6.907755278982137,1.0
10634,vi,1,1,6.907755278982137,1.0
10635,viable,1,1,6.907755278982137,1.0
10636,vicinity,1,1,6.907755278982137,1.0
10637,vicious,1,1,6.907755278982137,1.0
10638,victoza-novo,1,1,6.907755278982137,1.0
10639,videomicroscopy,1,1,6.907755278982137,1.0
10640,vietnam,1,1,6.907755278982137,1.0
10641,viewed,1,1,6.907755278982137,1.0
10642,viewpoints,1,1,6.907755278982137,1.0
10643,vii,1,1,6.907755278982137,1.0
10644,villosum,1,1,6.907755278982137,1.0
10645,villus,1,1,6.907755278982137,1.0
10646,vilsb,1,1,6.907755278982137,1.0
10647,vimentin,1,1,6.907755278982137,1.0
10648,virtue,1,1,6.907755278982137,1.0
10649,virulence,1,1,6.907755278982137,1.0
10650,visits,1,1,6.907755278982137,1.0
10651,visualizing,1,1,6.907755278982137,1.0
10652,vitro-maturated,1,1,6.907755278982137,1.0
10653,vldl-tg,1,1,6.907755278982137,1.0
10654,void,1,1,6.907755278982137,1.0
10655,voltage-sensitive,1,1,6.907755278982137,1.0
10656,volumetric,1,1,6.907755278982137,1.0
10657,volunteer,1,1,6.907755278982137,1.0
10658,vpa-therapy,1,1,6.907755278982137,1.0
10659,vulnerabilities,1,1,6.907755278982137,1.0
10660,waggoner,1,1,6.907755278982137,1.0
10661,waist-to-hip,1,1,6.907755278982137,1.0
10662,wake,1,1,6.907755278982137,1.0
10663,wall,1,1,6.907755278982137,1.0
10664,wanfang,1,1,6.907755278982137,1.0
10665,wasting,1,1,6.907755278982137,1.0
10666,water-salt,1,1,6.907755278982137,1.0
10667,wave,1,1,6.907755278982137,1.0
10668,wdl,1,1,6.907755278982137,1.0
10669,weakened,1,1,6.907755278982137,1.0
10670,weaker,1,1,6.907755278982137,1.0
10671,wealth,1,1,6.907755278982137,1.0
10672,web-based,1,1,6.907755278982137,1.0
10673,websites,1,1,6.907755278982137,1.0
10674,weight-bearing,1,1,6.907755278982137,1.0
10675,weight-centered,1,1,6.907755278982137,1.0
10676,weight-control,1,1,6.907755278982137,1.0
10677,weight-defense,1,1,6.907755278982137,1.0
10678,weight-inclusive,1,1,6.907755278982137,1.0
10679,weight-mediated,1,1,6.907755278982137,1.0
10680,weight-modifying,1,1,6.907755278982137,1.0
10681,weight-targeted,1,1,6.907755278982137,1.0
10682,well-being,1,1,6.907755278982137,1.0
10683,well-characterised,1,1,6.907755278982137,1.0
10684,well-conserved,1,1,6.907755278982137,1.0
10685,well-controlled,1,1,6.907755278982137,1.0
10686,well-informed,1,1,6.907755278982137,1.0
10687,wherein,1,1,6.907755278982137,1.0
10688,wholegrain,1,1,6.907755278982137,1.0
10689,wider,1,1,6.907755278982137,1.0
10690,wire,1,1,6.907755278982137,1.0
10691,wired,1,1,6.907755278982137,1.0
10692,wirgcrl,1,1,6.907755278982137,1.0
10693,wisdom,1,1,6.907755278982137,1.0
10694,withdrawing,1,1,6.907755278982137,1.0
10695,within-person,1,1,6.907755278982137,1.0
10696,wonderful,1,1,6.907755278982137,1.0
10697,words,1,1,6.907755278982137,1.0
10698,workforce,1,1,6.907755278982137,1.0
10699,working,1,1,6.907755278982137,1.0
10700,workload,1,1,6.907755278982137,1.0
10701,worsen,1,1,6.907755278982137,1.0
10702,worsened,1,1,6.907755278982137,1.0
10703,worsens,1,1,6.907755278982137,1.0
10704,worth,1,1,6.907755278982137,1.0
10705,worthwhile,1,1,6.907755278982137,1.0
10706,x-box,1,1,6.907755278982137,1.0
10707,x-ray,1,1,6.907755278982137,1.0
10708,xaa-pro,1,1,6.907755278982137,1.0
10709,xanthoangelol,1,1,6.907755278982137,1.0
10710,xglp-1,1,1,6.907755278982137,1.0
10711,xu,1,1,6.907755278982137,1.0
10712,y-maze,1,1,6.907755278982137,1.0
10713,yearly,1,1,6.907755278982137,1.0
10714,yes,1,1,6.907755278982137,1.0
10715,yfp-tagged,1,1,6.907755278982137,1.0
10716,yi,1,1,6.907755278982137,1.0
10717,yogeswaran,1,1,6.907755278982137,1.0
10718,yogurt,1,1,6.907755278982137,1.0
10719,young-onset,1,1,6.907755278982137,1.0
10720,youth,1,1,6.907755278982137,1.0
10721,yr-old,1,1,6.907755278982137,1.0
10722,zd,1,1,6.907755278982137,1.0
10723,zealand,1,1,6.907755278982137,1.0
10724,zeitgeber,1,1,6.907755278982137,1.0
10725,zepbound,1,1,6.907755278982137,1.0
10726,zhang,1,1,6.907755278982137,1.0
10727,zinc,1,1,6.907755278982137,1.0
10728,zucker,1,1,6.907755278982137,1.0
10729,~,1,1,6.907755278982137,1.0
10730,©,1,1,6.907755278982137,1.0
10731,≈,1,1,6.907755278982137,1.0
10732,⩾,1,1,6.907755278982137,1.0
