rank,term,CF,DF,IDF,CF_per_DF
1,the,6727,976,0.024292692569044483,6.892418032786885
2,and,6530,982,0.01816397062767112,6.64969450101833
3,of,6015,980,0.02020270731751947,6.137755102040816
4,in,4617,957,0.04395188752918277,4.824451410658307
5,glp-1,3863,929,0.07364654016829851,4.158234660925727
6,to,2876,895,0.11093156070728162,3.21340782122905
7,a,2331,849,0.1636960926707897,2.745583038869258
8,with,1772,733,0.3106095770954856,2.417462482946794
9,for,1570,732,0.31197476502082544,2.1448087431693987
10,is,1307,680,0.38566248081198473,1.9220588235294118
11,that,1240,631,0.4604494164409239,1.9651347068145801
12,on,1074,589,0.5293290953305504,1.8234295415959254
13,receptor,1035,620,0.47803580094299974,1.6693548387096775
14,as,1002,520,0.653926467406664,1.926923076923077
15,by,986,520,0.653926467406664,1.896153846153846
16,glucagon-like,973,928,0.07472354619593657,1.0484913793103448
17,this,947,655,0.4231200433468852,1.4458015267175572
18,diabetes,819,545,0.6069694843188931,1.5027522935779816
19,effects,809,471,0.7528971849657193,1.7176220806794056
20,peptide-1,781,753,0.28369005118224344,1.0371845949535192
21,are,776,486,0.7215466550816433,1.5967078189300412
22,we,759,475,0.7444404749474958,1.5978947368421053
23,agonists,753,461,0.7743572359854886,1.6334056399132322
24,was,724,351,1.0469690555162712,2.0626780626780628
25,were,671,320,1.1394342831883648,2.096875
26,have,657,431,0.8416471888783893,1.5243619489559164
27,secretion,621,268,1.3167682984712803,2.3171641791044775
28,these,619,440,0.8209805520698303,1.4068181818181817
29,insulin,616,309,1.1744140020843916,1.993527508090615
30,treatment,597,394,0.9314043696842033,1.515228426395939
31,or,582,349,1.0526833567797098,1.667621776504298
32,glucose,572,307,1.18090753139494,1.8631921824104234
33,an,569,401,0.9137938516755679,1.4189526184538654
34,weight,551,315,1.155182640156504,1.7492063492063492
35,type,532,415,0.8794767587514388,1.2819277108433735
36,from,515,351,1.0469690555162712,1.4672364672364673
37,patients,510,281,1.2694006096483914,1.8149466192170818
38,obesity,499,278,1.2801341652915,1.7949640287769784
39,cells,489,206,1.579879110192556,2.3737864077669903
40,ras,445,147,1.9173226922034008,3.0272108843537415
41,their,441,292,1.2310014767138553,1.5102739726027397
42,peptide,431,315,1.155182640156504,1.3682539682539683
43,be,422,315,1.155182640156504,1.3396825396825396
44,has,404,306,1.1841701770297564,1.3202614379084967
45,may,395,293,1.2275826699650698,1.348122866894198
46,review,395,322,1.1332037334377287,1.2267080745341614
47,clinical,392,262,1.3394107752210402,1.4961832061068703
48,potential,382,290,1.2378743560016172,1.3172413793103448
49,studies,381,239,1.4312917270506262,1.594142259414226
50,which,377,295,1.2207799226423173,1.2779661016949153
51,glp-1r,356,112,2.1892564076870427,3.1785714285714284
52,been,342,253,1.3743657902546167,1.3517786561264822
53,cardiovascular,342,168,1.783791299578878,2.0357142857142856
54,also,341,271,1.3056364581024362,1.2583025830258303
55,not,340,263,1.3356012468043725,1.2927756653992395
56,t,334,153,1.8773173575897015,2.183006535947712
57,effect,321,203,1.5945492999403497,1.5812807881773399
58,levels,317,205,1.5847452998437288,1.5463414634146342
59,its,314,213,1.546463113272712,1.4741784037558685
60,study,312,238,1.4354846053106625,1.3109243697478992
61,loss,308,205,1.5847452998437288,1.502439024390244
62,metabolic,308,195,1.6347557204183902,1.5794871794871794
63,results,306,264,1.3318061758358208,1.1590909090909092
64,use,300,207,1.575036485716768,1.4492753623188406
65,risk,299,177,1.731605546408308,1.689265536723164
66,increased,293,203,1.5945492999403497,1.4433497536945812
67,disease,286,201,1.6044503709230613,1.4228855721393034
68,but,285,226,1.487220279709851,1.261061946902655
69,control,284,216,1.5324768712979722,1.3148148148148149
70,at,280,185,1.6873994539038122,1.5135135135135136
71,however,270,251,1.3823023398503531,1.0756972111553784
72,mice,265,121,2.111964733385396,2.190082644628099
73,role,265,225,1.491654876777717,1.1777777777777778
74,evidence,259,189,1.6660082639224947,1.3703703703703705
75,gip,248,104,2.2633643798407643,2.3846153846153846
76,mechanisms,248,193,1.6450650900772514,1.2849740932642486
77,expression,247,117,2.145581344184381,2.111111111111111
78,incretin,246,168,1.783791299578878,1.4642857142857142
79,after,245,171,1.7660917224794772,1.432748538011696
80,including,240,202,1.5994875815809322,1.188118811881188
81,both,239,195,1.6347557204183902,1.2256410256410257
82,it,239,188,1.6713133161521878,1.2712765957446808
83,therapeutic,233,192,1.6502599069543555,1.2135416666666667
84,associated,225,173,1.7544636844843582,1.300578034682081
85,cell,217,131,2.0325579557809856,1.6564885496183206
86,dm,214,101,2.2926347621408776,2.118811881188119
87,management,214,161,1.8263509139976741,1.329192546583851
88,mellitus,212,188,1.6713133161521878,1.127659574468085
89,body,211,160,1.8325814637483102,1.31875
90,agonist,210,163,1.8140050781753747,1.2883435582822085
91,such,206,177,1.731605546408308,1.1638418079096045
92,p,205,71,2.645075401940822,2.887323943661972
93,using,205,177,1.731605546408308,1.1581920903954803
94,liraglutide,204,101,2.2926347621408776,2.01980198019802
95,trials,204,147,1.9173226922034008,1.3877551020408163
96,data,201,168,1.783791299578878,1.1964285714285714
97,gastric,199,123,2.0955709236097197,1.6178861788617886
98,glucagon,199,134,2.0099154790312257,1.4850746268656716
99,can,198,160,1.8325814637483102,1.2375
100,response,197,130,2.0402208285265546,1.5153846153846153
101,function,196,150,1.8971199848858813,1.3066666666666666
102,hormone,196,166,1.7957674906255938,1.180722891566265
103,food,194,115,2.162823150618887,1.6869565217391305
104,therapy,194,144,1.9379419794061366,1.3472222222222223
105,glp-1ras,193,69,2.6736487743848776,2.7971014492753623
106,drugs,192,137,1.9877743531540122,1.4014598540145986
107,blood,189,151,1.8904754421672127,1.2516556291390728
108,significantly,186,134,2.0099154790312257,1.3880597014925373
109,between,183,134,2.0099154790312257,1.3656716417910448
110,ra,179,82,2.501036031717884,2.182926829268293
111,our,177,146,1.9241486572738007,1.2123287671232876
112,recent,177,154,1.870802676568508,1.1493506493506493
113,significant,176,150,1.8971199848858813,1.1733333333333333
114,outcomes,173,115,2.162823150618887,1.5043478260869565
115,receptors,172,130,2.0402208285265546,1.323076923076923
116,through,172,140,1.9661128563728327,1.2285714285714286
117,intake,171,98,2.322787800311565,1.7448979591836735
118,other,171,144,1.9379419794061366,1.1875
119,release,171,107,2.234926444520231,1.5981308411214954
120,used,171,150,1.8971199848858813,1.14
121,signaling,168,107,2.234926444520231,1.5700934579439252
122,well,167,150,1.8971199848858813,1.1133333333333333
123,efficacy,160,136,1.995100393246085,1.1764705882352942
124,findings,160,147,1.9173226922034008,1.08843537414966
125,semaglutide,160,85,2.4651040224918206,1.8823529411764706
126,therapies,160,116,2.1541650878757723,1.3793103448275863
127,current,158,137,1.9877743531540122,1.1532846715328466
128,while,158,148,1.9105430052180221,1.0675675675675675
129,diabetic,157,100,2.302585092994046,1.57
130,no,156,129,2.047942874620465,1.2093023255813953
131,reduced,155,120,2.120263536200091,1.2916666666666667
132,agents,153,108,2.2256240518579173,1.4166666666666667
133,administration,151,112,2.1892564076870427,1.3482142857142858
134,benefits,150,116,2.1541650878757723,1.293103448275862
135,intestinal,149,97,2.3330443004787544,1.5360824742268042
136,medications,149,92,2.385966701933097,1.6195652173913044
137,new,149,124,2.0874737133771,1.2016129032258065
138,novel,149,130,2.0402208285265546,1.146153846153846
139,pancreatic,149,103,2.2730262907525014,1.4466019417475728
140,research,149,116,2.1541650878757723,1.2844827586206897
141,activity,148,109,2.2164073967529934,1.3577981651376148
142,more,148,125,2.0794415416798357,1.184
143,d,147,65,2.7333680090865,2.2615384615384615
144,human,147,103,2.2730262907525014,1.4271844660194175
145,s,147,106,2.24431618487007,1.3867924528301887
146,further,146,131,2.0325579557809856,1.1145038167938932
147,into,144,126,2.0714733720306593,1.1428571428571428
148,system,144,117,2.145581344184381,1.2307692307692308
149,glycemic,143,110,2.207274913189721,1.3
150,gut,141,89,2.419118909249997,1.5842696629213484
151,most,137,111,2.198225077669803,1.2342342342342343
152,action,135,114,2.1715568305876416,1.1842105263157894
153,brain,135,80,2.5257286443082556,1.6875
154,during,135,95,2.3538783873815965,1.4210526315789473
155,insulinotropic,134,114,2.1715568305876416,1.1754385964912282
156,protein,134,88,2.4304184645039304,1.5227272727272727
157,reduce,133,111,2.198225077669803,1.1981981981981982
158,via,133,110,2.207274913189721,1.209090909090909
159,activation,132,96,2.3434070875143007,1.375
160,than,132,108,2.2256240518579173,1.2222222222222223
161,l,131,61,2.796881414808826,2.1475409836065573
162,compared,130,102,2.282782465697866,1.2745098039215685
163,drug,130,103,2.2730262907525014,1.2621359223300972
164,methods,128,127,2.0635681925235456,1.0078740157480315
165,c,127,74,2.6036901857779675,1.7162162162162162
166,found,127,106,2.24431618487007,1.1981132075471699
167,gastrointestinal,127,106,2.24431618487007,1.1981132075471699
168,adverse,124,94,2.364460496712133,1.3191489361702127
169,plasma,123,84,2.4769384801388235,1.4642857142857142
170,safety,123,93,2.375155785828881,1.3225806451612903
171,demonstrated,122,114,2.1715568305876416,1.0701754385964912
172,development,121,103,2.2730262907525014,1.174757281553398
173,important,121,108,2.2256240518579173,1.1203703703703705
174,suggest,121,118,2.137070654516472,1.0254237288135593
175,increase,120,98,2.322787800311565,1.2244897959183674
176,present,120,111,2.198225077669803,1.0810810810810811
177,health,119,92,2.385966701933097,1.2934782608695652
178,glucose-dependent,118,110,2.207274913189721,1.0727272727272728
179,addition,117,111,2.198225077669803,1.054054054054054
180,improve,117,104,2.2633643798407643,1.125
181,tirzepatide,117,58,2.8473122684357177,2.0172413793103448
182,metabolism,116,93,2.375155785828881,1.2473118279569892
183,shown,116,104,2.2633643798407643,1.1153846153846154
184,reduction,115,92,2.385966701933097,1.25
185,decreased,114,90,2.407945608651872,1.2666666666666666
186,effective,114,107,2.234926444520231,1.0654205607476634
187,hormones,113,81,2.513306124309698,1.3950617283950617
188,actions,112,89,2.419118909249997,1.2584269662921348
189,central,112,86,2.4534079827286295,1.302325581395349
190,oral,112,76,2.5770219386958058,1.4736842105263157
191,there,112,96,2.3434070875143007,1.1666666666666667
192,all,111,83,2.488914671185539,1.3373493975903614
193,glp,111,38,3.270169119255751,2.9210526315789473
194,here,110,110,2.207274913189721,1.0
195,homeostasis,110,94,2.364460496712133,1.1702127659574468
196,rats,110,57,2.864704011147587,1.9298245614035088
197,combination,109,71,2.645075401940822,1.5352112676056338
198,patient,109,87,2.441847160327553,1.2528735632183907
199,peptides,109,66,2.7181005369557116,1.6515151515151516
200,regulation,109,90,2.407945608651872,1.211111111111111
201,two,109,88,2.4304184645039304,1.2386363636363635
202,amide,108,46,3.079113882493042,2.347826086956522
203,dual,108,72,2.631089159966082,1.5
204,due,108,101,2.2926347621408776,1.0693069306930694
205,high,108,84,2.4769384801388235,1.2857142857142858
206,postprandial,108,61,2.796881414808826,1.7704918032786885
207,showed,108,95,2.3538783873815965,1.1368421052631579
208,chronic,106,84,2.4769384801388235,1.2619047619047619
209,improved,106,93,2.375155785828881,1.1397849462365592
210,inhibitors,105,75,2.5902671654458267,1.4
211,neurons,105,52,2.9565115604007097,2.019230769230769
212,conclusion,104,104,2.2633643798407643,1.0
213,pathways,103,87,2.441847160327553,1.1839080459770115
214,they,103,87,2.441847160327553,1.1839080459770115
215,emptying,102,80,2.5257286443082556,1.275
216,enteroendocrine,102,68,2.6882475738060303,1.5
217,complications,101,75,2.5902671654458267,1.3466666666666667
218,induced,101,75,2.5902671654458267,1.3466666666666667
219,mechanism,101,85,2.4651040224918206,1.188235294117647
220,heart,100,59,2.8302178350764176,1.694915254237288
221,reported,100,80,2.5257286443082556,1.25
222,higher,99,72,2.631089159966082,1.375
223,several,99,85,2.4651040224918206,1.1647058823529413
224,investigated,98,92,2.385966701933097,1.065217391304348
225,liver,98,58,2.8473122684357177,1.6896551724137931
226,one,98,82,2.501036031717884,1.1951219512195121
227,diseases,97,76,2.5770219386958058,1.2763157894736843
228,g,97,56,2.882403588246988,1.7321428571428572
229,polypeptide,97,95,2.3538783873815965,1.0210526315789474
230,provide,97,92,2.385966701933097,1.0543478260869565
231,although,96,89,2.419118909249997,1.0786516853932584
232,could,96,83,2.488914671185539,1.1566265060240963
233,inflammation,96,68,2.6882475738060303,1.411764705882353
234,group,95,38,3.270169119255751,2.5
235,remains,95,95,2.3538783873815965,1.0
236,furthermore,94,91,2.396895772465287,1.032967032967033
237,vitro,94,76,2.5770219386958058,1.236842105263158
238,beneficial,93,85,2.4651040224918206,1.0941176470588236
239,following,93,79,2.5383074265151158,1.1772151898734178
240,molecular,93,79,2.5383074265151158,1.1772151898734178
241,vivo,93,67,2.703062659591171,1.3880597014925373
242,increasing,92,82,2.501036031717884,1.1219512195121952
243,available,91,77,2.563949857128453,1.1818181818181819
244,disorders,91,74,2.6036901857779675,1.2297297297297298
245,endogenous,91,64,2.7488721956224653,1.421875
246,i,91,47,3.0576076772720784,1.9361702127659575
247,observed,91,81,2.513306124309698,1.123456790123457
248,known,89,83,2.488914671185539,1.072289156626506
249,only,89,82,2.501036031717884,1.0853658536585367
250,whether,89,80,2.5257286443082556,1.1125
251,major,88,81,2.513306124309698,1.0864197530864197
252,when,88,79,2.5383074265151158,1.1139240506329113
253,developed,87,83,2.488914671185539,1.0481927710843373
254,future,87,86,2.4534079827286295,1.0116279069767442
255,involved,87,71,2.645075401940822,1.2253521126760563
256,pyy,87,25,3.6888794541139363,3.48
257,without,87,77,2.563949857128453,1.12987012987013
258,acid,86,58,2.8473122684357177,1.4827586206896552
259,different,86,72,2.631089159966082,1.1944444444444444
260,impact,86,74,2.6036901857779675,1.162162162162162
261,analysis,85,72,2.631089159966082,1.1805555555555556
262,emerging,85,83,2.488914671185539,1.0240963855421688
263,lower,85,65,2.7333680090865,1.3076923076923077
264,had,84,69,2.6736487743848776,1.2173913043478262
265,kidney,84,47,3.0576076772720784,1.7872340425531914
266,related,84,76,2.5770219386958058,1.105263157894737
267,surgery,84,49,3.0159349808715104,1.7142857142857142
268,r,83,25,3.6888794541139363,3.32
269,resistance,83,69,2.6736487743848776,1.2028985507246377
270,literature,82,72,2.631089159966082,1.1388888888888888
271,models,82,66,2.7181005369557116,1.2424242424242424
272,need,82,72,2.631089159966082,1.1388888888888888
273,recently,82,80,2.5257286443082556,1.025
274,case,81,58,2.8473122684357177,1.396551724137931
275,conditions,81,71,2.645075401940822,1.1408450704225352
276,factors,81,63,2.7646205525906042,1.2857142857142858
277,limited,81,76,2.5770219386958058,1.0657894736842106
278,pathway,81,57,2.864704011147587,1.4210526315789473
279,promising,81,76,2.5770219386958058,1.0657894736842106
280,those,81,65,2.7333680090865,1.2461538461538462
281,mass,80,61,2.796881414808826,1.3114754098360655
282,production,80,56,2.882403588246988,1.4285714285714286
283,exendin-4,79,41,3.1941832122778293,1.9268292682926829
284,long-term,79,72,2.631089159966082,1.0972222222222223
285,low,79,67,2.703062659591171,1.1791044776119404
286,target,79,70,2.659260036932778,1.1285714285714286
287,changes,78,67,2.703062659591171,1.164179104477612
288,events,78,68,2.6882475738060303,1.1470588235294117
289,physiological,78,73,2.617295837833746,1.0684931506849316
290,stress,78,49,3.0159349808715104,1.5918367346938775
291,various,78,72,2.631089159966082,1.0833333333333333
292,class,77,66,2.7181005369557116,1.1666666666666667
293,enhanced,76,65,2.7333680090865,1.1692307692307693
294,h,76,37,3.2968373663379125,2.054054054054054
295,model,76,62,2.7806208939370456,1.2258064516129032
296,multiple,76,72,2.631089159966082,1.0555555555555556
297,preclinical,76,57,2.864704011147587,1.3333333333333333
298,analogues,75,49,3.0159349808715104,1.530612244897959
299,concentrations,75,54,2.9187712324178627,1.3888888888888888
300,did,75,66,2.7181005369557116,1.1363636363636365
301,energy,75,55,2.900422093749666,1.3636363636363635
302,show,75,68,2.6882475738060303,1.1029411764705883
303,strategies,75,70,2.659260036932778,1.0714285714285714
304,tolerance,75,54,2.9187712324178627,1.3888888888888888
305,among,74,65,2.7333680090865,1.1384615384615384
306,glp-1ra,74,36,3.324236340526027,2.0555555555555554
307,will,74,62,2.7806208939370456,1.1935483870967742
308,exenatide,73,49,3.0159349808715104,1.489795918367347
309,many,73,65,2.7333680090865,1.123076923076923
310,possible,73,64,2.7488721956224653,1.140625
311,thus,73,68,2.6882475738060303,1.0735294117647058
312,binding,72,47,3.0576076772720784,1.5319148936170213
313,key,72,67,2.703062659591171,1.0746268656716418
314,reducing,72,66,2.7181005369557116,1.0909090909090908
315,small,72,59,2.8302178350764176,1.2203389830508475
316,underlying,72,67,2.703062659591171,1.0746268656716418
317,understanding,72,66,2.7181005369557116,1.0909090909090908
318,based,71,66,2.7181005369557116,1.0757575757575757
319,dysfunction,71,59,2.8302178350764176,1.2033898305084745
320,expressed,71,58,2.8473122684357177,1.2241379310344827
321,individuals,71,57,2.864704011147587,1.2456140350877194
322,renal,71,41,3.1941832122778293,1.7317073170731707
323,diet,70,47,3.0576076772720784,1.4893617021276595
324,mouse,70,45,3.101092789211817,1.5555555555555556
325,therefore,70,68,2.6882475738060303,1.0294117647058822
326,analogs,69,44,3.123565645063876,1.5681818181818181
327,appetite,69,57,2.864704011147587,1.2105263157894737
328,currently,69,66,2.7181005369557116,1.0454545454545454
329,gene,69,44,3.123565645063876,1.5681818181818181
330,how,69,58,2.8473122684357177,1.1896551724137931
331,identified,69,63,2.7646205525906042,1.0952380952380953
332,mg,69,36,3.324236340526027,1.9166666666666667
333,obese,69,45,3.101092789211817,1.5333333333333334
334,people,69,50,2.995732273553991,1.38
335,revealed,69,64,2.7488721956224653,1.078125
336,some,69,63,2.7646205525906042,1.0952380952380953
337,association,68,50,2.995732273553991,1.36
338,failure,68,44,3.123565645063876,1.5454545454545454
339,secreted,68,62,2.7806208939370456,1.096774193548387
340,similar,68,62,2.7806208939370456,1.096774193548387
341,acute,67,53,2.9374633654300153,1.2641509433962264
342,islets,67,31,3.473768074496991,2.161290322580645
343,report,67,62,2.7806208939370456,1.0806451612903225
344,who,67,55,2.900422093749666,1.2181818181818183
345,level,66,54,2.9187712324178627,1.2222222222222223
346,over,66,57,2.864704011147587,1.1578947368421053
347,inhibition,65,47,3.0576076772720784,1.3829787234042554
348,potent,65,56,2.882403588246988,1.1607142857142858
349,rat,65,43,3.1465551632885744,1.5116279069767442
350,side,65,58,2.8473122684357177,1.1206896551724137
351,stimulation,65,55,2.900422093749666,1.1818181818181819
352,background,64,64,2.7488721956224653,1.0
353,conclusions,64,64,2.7488721956224653,1.0
354,dipeptidyl,64,64,2.7488721956224653,1.0
355,direct,64,56,2.882403588246988,1.1428571428571428
356,metformin,64,27,3.611918412977808,2.3703703703703702
357,treatments,64,57,2.864704011147587,1.1228070175438596
358,beyond,63,59,2.8302178350764176,1.0677966101694916
359,care,63,49,3.0159349808715104,1.2857142857142858
360,across,62,52,2.9565115604007097,1.1923076923076923
361,fasting,62,38,3.270169119255751,1.631578947368421
362,fat,62,42,3.170085660698769,1.4761904761904763
363,fatty,62,45,3.101092789211817,1.3777777777777778
364,included,62,53,2.9374633654300153,1.169811320754717
365,kg,62,38,3.270169119255751,1.631578947368421
366,primary,62,51,2.9759296462578115,1.2156862745098038
367,approach,61,56,2.882403588246988,1.0892857142857142
368,common,61,58,2.8473122684357177,1.0517241379310345
369,despite,61,59,2.8302178350764176,1.0338983050847457
370,leading,61,59,2.8302178350764176,1.0338983050847457
371,lipid,61,41,3.1941832122778293,1.4878048780487805
372,responses,61,48,3.036554268074246,1.2708333333333333
373,support,61,58,2.8473122684357177,1.0517241379310345
374,treating,61,57,2.864704011147587,1.0701754385964912
375,ad,60,19,3.9633162998156966,3.1578947368421053
376,demonstrate,60,57,2.864704011147587,1.0526315789473684
377,functions,60,49,3.0159349808715104,1.2244897959183674
378,intestine,60,39,3.2441936328524905,1.5384615384615385
379,pharmacological,60,51,2.9759296462578115,1.1764705882352942
380,specific,60,48,3.036554268074246,1.25
381,suggests,60,59,2.8302178350764176,1.0169491525423728
382,approved,59,48,3.036554268074246,1.2291666666666667
383,inflammatory,59,43,3.1465551632885744,1.372093023255814
384,peripheral,59,45,3.101092789211817,1.3111111111111111
385,randomized,59,56,2.882403588246988,1.0535714285714286
386,cognitive,58,29,3.540459448995663,2.0
387,groups,58,38,3.270169119255751,1.5263157894736843
388,performed,58,51,2.9759296462578115,1.1372549019607843
389,remain,58,58,2.8473122684357177,1.0
390,treat,58,48,3.036554268074246,1.2083333333333333
391,within,58,52,2.9565115604007097,1.1153846153846154
392,being,57,54,2.9187712324178627,1.0555555555555556
393,first,57,52,2.9565115604007097,1.0961538461538463
394,greater,57,45,3.101092789211817,1.2666666666666666
395,improvement,57,49,3.0159349808715104,1.163265306122449
396,properties,57,49,3.0159349808715104,1.163265306122449
397,regarding,57,51,2.9759296462578115,1.1176470588235294
398,tissue,57,43,3.1465551632885744,1.3255813953488371
399,under,57,47,3.0576076772720784,1.2127659574468086
400,discuss,56,54,2.9187712324178627,1.037037037037037
401,dose,56,45,3.101092789211817,1.2444444444444445
402,enhance,56,49,3.0159349808715104,1.1428571428571428
403,gpr,56,13,4.3428059215206005,4.3076923076923075
404,m,56,32,3.4420193761824107,1.75
405,particularly,56,53,2.9374633654300153,1.0566037735849056
406,years,56,49,3.0159349808715104,1.1428571428571428
407,about,55,44,3.123565645063876,1.25
408,mediated,55,50,2.995732273553991,1.1
409,sensitivity,55,43,3.1465551632885744,1.2790697674418605
410,affect,54,49,3.0159349808715104,1.1020408163265305
411,aim,54,53,2.9374633654300153,1.0188679245283019
412,animal,54,47,3.0576076772720784,1.148936170212766
413,article,54,52,2.9565115604007097,1.0384615384615385
414,because,54,49,3.0159349808715104,1.1020408163265305
415,endothelial,54,33,3.411247717515657,1.6363636363636365
416,evaluated,54,50,2.995732273553991,1.08
417,investigate,54,51,2.9759296462578115,1.0588235294117647
418,medication,54,46,3.079113882493042,1.173913043478261
419,mortality,54,38,3.270169119255751,1.4210526315789473
420,mrna,54,34,3.3813947543659757,1.588235294117647
421,number,54,49,3.0159349808715104,1.1020408163265305
422,should,54,46,3.079113882493042,1.173913043478261
423,strategy,54,48,3.036554268074246,1.125
424,dpp-4,53,26,3.649658740960655,2.0384615384615383
425,established,53,47,3.0576076772720784,1.127659574468085
426,improving,53,53,2.9374633654300153,1.0
427,like,53,47,3.0576076772720784,1.127659574468085
428,min,53,29,3.540459448995663,1.8275862068965518
429,neuroprotective,53,43,3.1465551632885744,1.2325581395348837
430,targeting,53,46,3.079113882493042,1.1521739130434783
431,antidiabetic,52,42,3.170085660698769,1.2380952380952381
432,b,52,30,3.506557897319982,1.7333333333333334
433,increases,52,41,3.1941832122778293,1.2682926829268293
434,injection,52,41,3.1941832122778293,1.2682926829268293
435,l-cells,52,31,3.473768074496991,1.6774193548387097
436,objective,51,50,2.995732273553991,1.02
437,pancreas,51,33,3.411247717515657,1.5454545454545454
438,rates,51,33,3.411247717515657,1.5454545454545454
439,three,51,43,3.1465551632885744,1.186046511627907
440,tissues,51,38,3.270169119255751,1.3421052631578947
441,active,50,42,3.170085660698769,1.1904761904761905
442,contribute,50,47,3.0576076772720784,1.0638297872340425
443,delivery,50,30,3.506557897319982,1.6666666666666667
444,hepatic,50,33,3.411247717515657,1.5151515151515151
445,highly,50,48,3.036554268074246,1.0416666666666667
446,pd,50,10,4.605170185988092,5.0
447,pressure,50,43,3.1465551632885744,1.1627906976744187
448,stimulate,50,43,3.1465551632885744,1.1627906976744187
449,stimulated,50,36,3.324236340526027,1.3888888888888888
450,against,49,42,3.170085660698769,1.1666666666666667
451,assessed,49,47,3.0576076772720784,1.0425531914893618
452,basal,49,25,3.6888794541139363,1.96
453,ca,49,23,3.7722610630529876,2.130434782608696
454,cancer,49,21,3.8632328412587142,2.3333333333333335
455,conducted,49,46,3.079113882493042,1.065217391304348
456,exposure,49,30,3.506557897319982,1.6333333333333333
457,impaired,49,37,3.2968373663379125,1.3243243243243243
458,now,49,46,3.079113882493042,1.065217391304348
459,profile,49,44,3.123565645063876,1.1136363636363635
460,provides,49,49,3.0159349808715104,1.0
461,whereas,49,43,3.1465551632885744,1.1395348837209303
462,cardiac,48,21,3.8632328412587142,2.2857142857142856
463,characterized,48,48,3.036554268074246,1.0
464,hba,48,26,3.649658740960655,1.8461538461538463
465,indicate,48,47,3.0576076772720784,1.0212765957446808
466,might,48,43,3.1465551632885744,1.1162790697674418
467,nafld,48,10,4.605170185988092,4.8
468,needed,48,47,3.0576076772720784,1.0212765957446808
469,oxidative,48,38,3.270169119255751,1.263157894736842
470,proglucagon,48,28,3.575550768806933,1.7142857142857142
471,protective,48,36,3.324236340526027,1.3333333333333333
472,regulate,48,45,3.101092789211817,1.0666666666666667
473,sglt,48,21,3.8632328412587142,2.2857142857142856
474,short,48,46,3.079113882493042,1.0434782608695652
475,signalling,48,30,3.506557897319982,1.6
476,suppression,48,39,3.2441936328524905,1.2307692307692308
477,total,48,37,3.2968373663379125,1.2972972972972974
478,treated,48,40,3.2188758248682006,1.2
479,aimed,47,47,3.0576076772720784,1.0
480,antagonist,47,39,3.2441936328524905,1.205128205128205
481,concentration,47,31,3.473768074496991,1.5161290322580645
482,e,47,30,3.506557897319982,1.5666666666666667
483,guidelines,47,39,3.2441936328524905,1.205128205128205
484,hyperglycemia,47,38,3.270169119255751,1.236842105263158
485,hypoglycemia,47,28,3.575550768806933,1.6785714285714286
486,induce,47,43,3.1465551632885744,1.0930232558139534
487,n,47,25,3.6888794541139363,1.88
488,nervous,47,45,3.101092789211817,1.0444444444444445
489,positive,47,38,3.270169119255751,1.236842105263158
490,protection,47,38,3.270169119255751,1.236842105263158
491,satiety,47,36,3.324236340526027,1.3055555555555556
492,serum,47,30,3.506557897319982,1.5666666666666667
493,suggested,47,45,3.101092789211817,1.0444444444444445
494,widely,47,44,3.123565645063876,1.0681818181818181
495,anti-inflammatory,46,38,3.270169119255751,1.2105263157894737
496,area,46,34,3.3813947543659757,1.3529411764705883
497,early,46,39,3.2441936328524905,1.1794871794871795
498,examined,46,45,3.101092789211817,1.0222222222222221
499,feeding,46,34,3.3813947543659757,1.3529411764705883
500,growing,46,44,3.123565645063876,1.0454545454545454
501,include,46,44,3.123565645063876,1.0454545454545454
502,isolated,46,36,3.324236340526027,1.2777777777777777
503,moreover,46,44,3.123565645063876,1.0454545454545454
504,reports,46,38,3.270169119255751,1.2105263157894737
505,respectively,46,43,3.1465551632885744,1.069767441860465
506,suggesting,46,44,3.123565645063876,1.0454545454545454
507,adults,45,36,3.324236340526027,1.25
508,alone,45,38,3.270169119255751,1.1842105263157894
509,biological,45,36,3.324236340526027,1.25
510,camp,45,30,3.506557897319982,1.5
511,disorder,45,36,3.324236340526027,1.25
512,factor,45,42,3.170085660698769,1.0714285714285714
513,given,45,42,3.170085660698769,1.0714285714285714
514,glp-1-based,45,31,3.473768074496991,1.4516129032258065
515,healthy,45,38,3.270169119255751,1.1842105263157894
516,influence,45,40,3.2188758248682006,1.125
517,islet,45,27,3.611918412977808,1.6666666666666667
518,measured,45,42,3.170085660698769,1.0714285714285714
519,neuronal,45,30,3.506557897319982,1.5
520,pcos,45,11,4.509860006183766,4.090909090909091
521,potentially,45,44,3.123565645063876,1.0227272727272727
522,practice,45,33,3.411247717515657,1.3636363636363635
523,subjects,45,33,3.411247717515657,1.3636363636363635
524,systematic,45,33,3.411247717515657,1.3636363636363635
525,targets,45,39,3.2441936328524905,1.1538461538461537
526,test,45,39,3.2441936328524905,1.1538461538461537
527,agonism,44,27,3.611918412977808,1.6296296296296295
528,aspiration,44,23,3.7722610630529876,1.9130434782608696
529,become,44,41,3.1941832122778293,1.0731707317073171
530,before,44,39,3.2441936328524905,1.1282051282051282
531,cause,44,42,3.170085660698769,1.0476190476190477
532,comprehensive,44,42,3.170085660698769,1.0476190476190477
533,emerged,44,43,3.1465551632885744,1.0232558139534884
534,ex,44,10,4.605170185988092,4.4
535,index,44,41,3.1941832122778293,1.0731707317073171
536,infusion,44,21,3.8632328412587142,2.0952380952380953
537,perioperative,44,24,3.7297014486341915,1.8333333333333333
538,purpose,44,40,3.2188758248682006,1.1
539,rapid,44,41,3.1941832122778293,1.0731707317073171
540,syndrome,44,38,3.270169119255751,1.1578947368421053
541,ability,43,42,3.170085660698769,1.0238095238095237
542,acids,43,33,3.411247717515657,1.303030303030303
543,benefit,43,38,3.270169119255751,1.131578947368421
544,complex,43,42,3.170085660698769,1.0238095238095237
545,controlled,43,43,3.1465551632885744,1.0
546,cv,43,11,4.509860006183766,3.909090909090909
547,focus,43,43,3.1465551632885744,1.0
548,global,43,40,3.2188758248682006,1.075
549,glucose-lowering,43,31,3.473768074496991,1.3870967741935485
550,increasingly,43,40,3.2188758248682006,1.075
551,modulation,43,34,3.3813947543659757,1.2647058823529411
552,rate,43,36,3.324236340526027,1.1944444444444444
553,reporting,43,25,3.6888794541139363,1.72
554,symptoms,43,33,3.411247717515657,1.303030303030303
555,trial,43,37,3.2968373663379125,1.162162162162162
556,vs,43,18,4.017383521085972,2.388888888888889
557,yet,43,41,3.1941832122778293,1.048780487804878
558,additionally,42,41,3.1941832122778293,1.024390243902439
559,aims,42,42,3.170085660698769,1.0
560,approaches,42,39,3.2441936328524905,1.0769230769230769
561,challenges,42,37,3.2968373663379125,1.135135135135135
562,differences,42,34,3.3813947543659757,1.2352941176470589
563,either,42,39,3.2441936328524905,1.0769230769230769
564,highlight,42,42,3.170085660698769,1.0
565,humans,42,39,3.2441936328524905,1.0769230769230769
566,inhibitor,42,34,3.3813947543659757,1.2352941176470589
567,studied,42,39,3.2441936328524905,1.0769230769230769
568,administered,41,39,3.2441936328524905,1.0512820512820513
569,cck,41,12,4.422848629194137,3.4166666666666665
570,decrease,41,36,3.324236340526027,1.1388888888888888
571,exert,41,38,3.270169119255751,1.0789473684210527
572,experimental,41,38,3.270169119255751,1.0789473684210527
573,managing,41,41,3.1941832122778293,1.0
574,relationship,41,38,3.270169119255751,1.0789473684210527
575,search,41,32,3.4420193761824107,1.28125
576,weeks,41,27,3.611918412977808,1.5185185185185186
577,considered,40,38,3.270169119255751,1.0526315789473684
578,cvd,40,13,4.3428059215206005,3.076923076923077
579,degradation,40,30,3.506557897319982,1.3333333333333333
580,inhibitory,40,34,3.3813947543659757,1.1764705882352942
581,less,40,36,3.324236340526027,1.1111111111111112
582,mitochondrial,40,25,3.6888794541139363,1.6
583,overall,40,39,3.2441936328524905,1.0256410256410255
584,promote,40,36,3.324236340526027,1.1111111111111112
585,regulating,40,36,3.324236340526027,1.1111111111111112
586,result,40,37,3.2968373663379125,1.0810810810810811
587,severe,40,28,3.575550768806933,1.4285714285714286
588,systemic,40,36,3.324236340526027,1.1111111111111112
589,time,40,39,3.2441936328524905,1.0256410256410255
590,analogue,39,33,3.411247717515657,1.1818181818181819
591,dietary,39,30,3.506557897319982,1.3
592,endocrine,39,35,3.3524072174927233,1.1142857142857143
593,even,39,34,3.3813947543659757,1.1470588235294117
594,gain,39,31,3.473768074496991,1.2580645161290323
595,highlights,39,39,3.2441936328524905,1.0
596,injury,39,27,3.611918412977808,1.4444444444444444
597,line,39,32,3.4420193761824107,1.21875
598,nutrient,39,29,3.540459448995663,1.3448275862068966
599,particular,39,38,3.270169119255751,1.0263157894736843
600,populations,39,37,3.2968373663379125,1.054054054054054
601,relevant,39,39,3.2441936328524905,1.0
602,required,39,38,3.270169119255751,1.0263157894736843
603,sodium,39,23,3.7722610630529876,1.6956521739130435
604,taking,39,23,3.7722610630529876,1.6956521739130435
605,additional,38,36,3.324236340526027,1.0555555555555556
606,apoptosis,38,24,3.7297014486341915,1.5833333333333333
607,application,38,36,3.324236340526027,1.0555555555555556
608,assess,38,35,3.3524072174927233,1.0857142857142856
609,caused,38,34,3.3813947543659757,1.1176470588235294
610,cellular,38,33,3.411247717515657,1.1515151515151516
611,ci,38,17,4.074541934925921,2.235294117647059
612,compounds,38,25,3.6888794541139363,1.52
613,directly,38,36,3.324236340526027,1.0555555555555556
614,half-life,38,29,3.540459448995663,1.3103448275862069
615,incretins,38,29,3.540459448995663,1.3103448275862069
616,investigation,38,35,3.3524072174927233,1.0857142857142856
617,long-acting,38,30,3.506557897319982,1.2666666666666666
618,normal,38,34,3.3813947543659757,1.1176470588235294
619,nucleus,38,24,3.7297014486341915,1.5833333333333333
620,range,38,32,3.4420193761824107,1.1875
621,together,38,38,3.270169119255751,1.0
622,cohort,37,26,3.649658740960655,1.4230769230769231
623,daily,37,25,3.6888794541139363,1.48
624,days,37,26,3.649658740960655,1.4230769230769231
625,dulaglutide,37,26,3.649658740960655,1.4230769230769231
626,exendin,37,20,3.912023005428146,1.85
627,functional,37,32,3.4420193761824107,1.15625
628,glycaemic,37,29,3.540459448995663,1.2758620689655173
629,introduction,37,37,3.2968373663379125,1.0
630,lead,37,35,3.3524072174927233,1.0571428571428572
631,meal,37,26,3.649658740960655,1.4230769230769231
632,medical,37,29,3.540459448995663,1.2758620689655173
633,reduces,37,33,3.411247717515657,1.121212121212121
634,unclear,37,36,3.324236340526027,1.0277777777777777
635,vascular,37,27,3.611918412977808,1.3703703703703705
636,adipose,36,25,3.6888794541139363,1.44
637,clinically,36,34,3.3813947543659757,1.0588235294117647
638,combined,36,34,3.3813947543659757,1.0588235294117647
639,critical,36,33,3.411247717515657,1.0909090909090908
640,db,36,11,4.509860006183766,3.272727272727273
641,determined,36,32,3.4420193761824107,1.125
642,especially,36,36,3.324236340526027,1.0
643,evaluate,36,36,3.324236340526027,1.0
644,existing,36,34,3.3813947543659757,1.0588235294117647
645,finally,36,36,3.324236340526027,1.0
646,identify,36,36,3.324236340526027,1.0
647,implications,36,31,3.473768074496991,1.1612903225806452
648,importance,36,36,3.324236340526027,1.0
649,improvements,36,34,3.3813947543659757,1.0588235294117647
650,incretin-based,36,30,3.506557897319982,1.2
651,knowledge,36,34,3.3813947543659757,1.0588235294117647
652,likely,36,36,3.324236340526027,1.0
653,outcome,36,34,3.3813947543659757,1.0588235294117647
654,peptidase-4,36,36,3.324236340526027,1.0
655,still,36,35,3.3524072174927233,1.0285714285714285
656,systems,36,32,3.4420193761824107,1.125
657,tract,36,33,3.411247717515657,1.0909090909090908
658,up,36,30,3.506557897319982,1.2
659,bmi,35,20,3.912023005428146,1.75
660,confirmed,35,31,3.473768074496991,1.1290322580645162
661,design,35,31,3.473768074496991,1.1290322580645162
662,discussed,35,33,3.411247717515657,1.0606060606060606
663,do,35,34,3.3813947543659757,1.0294117647058822
664,eating,35,16,4.135166556742356,2.1875
665,glutag,35,17,4.074541934925921,2.0588235294117645
666,imaging,35,26,3.649658740960655,1.3461538461538463
667,independent,35,34,3.3813947543659757,1.0294117647058822
668,manner,35,33,3.411247717515657,1.0606060606060606
669,muscle,35,21,3.8632328412587142,1.6666666666666667
670,narrative,35,34,3.3813947543659757,1.0294117647058822
671,offer,35,33,3.411247717515657,1.0606060606060606
672,options,35,31,3.473768074496991,1.1290322580645162
673,plays,35,34,3.3813947543659757,1.0294117647058822
674,population,35,29,3.540459448995663,1.206896551724138
675,postoperative,35,12,4.422848629194137,2.9166666666666665
676,pubmed,35,35,3.3524072174927233,1.0
677,reductions,35,28,3.575550768806933,1.25
678,stimulates,35,32,3.4420193761824107,1.09375
679,assay,34,22,3.816712825623821,1.5454545454545454
680,basis,34,31,3.473768074496991,1.096774193548387
681,better,34,34,3.3813947543659757,1.0
682,cardiometabolic,34,28,3.575550768806933,1.2142857142857142
683,change,34,29,3.540459448995663,1.1724137931034482
684,context,34,32,3.4420193761824107,1.0625
685,contrast,34,34,3.3813947543659757,1.0
686,fold,34,22,3.816712825623821,1.5454545454545454
687,ii,34,25,3.6888794541139363,1.36
688,inhibited,34,29,3.540459448995663,1.1724137931034482
689,interest,34,34,3.3813947543659757,1.0
690,large,34,32,3.4420193761824107,1.0625
691,membrane,34,23,3.7722610630529876,1.4782608695652173
692,modulate,34,31,3.473768074496991,1.096774193548387
693,months,34,22,3.816712825623821,1.5454545454545454
694,phase,34,25,3.6888794541139363,1.36
695,released,34,34,3.3813947543659757,1.0
696,rs,34,9,4.710530701645918,3.7777777777777777
697,synthesis,34,28,3.575550768806933,1.2142857142857142
698,age,33,26,3.649658740960655,1.2692307692307692
699,alcohol,33,14,4.268697949366879,2.357142857142857
700,ampk,33,15,4.199705077879927,2.2
701,analyzed,33,32,3.4420193761824107,1.03125
702,beta,33,23,3.7722610630529876,1.434782608695652
703,bone,33,14,4.268697949366879,2.357142857142857
704,day,33,21,3.8632328412587142,1.5714285714285714
705,determine,33,33,3.411247717515657,1.0
706,glucose-stimulated,33,26,3.649658740960655,1.2692307692307692
707,hypoglycemic,33,26,3.649658740960655,1.2692307692307692
708,indicated,33,30,3.506557897319982,1.1
709,intracellular,33,29,3.540459448995663,1.1379310344827587
710,main,33,29,3.540459448995663,1.1379310344827587
711,male,33,24,3.7297014486341915,1.375
712,myocardial,33,18,4.017383521085972,1.8333333333333333
713,play,33,32,3.4420193761824107,1.03125
714,presence,33,29,3.540459448995663,1.1379310344827587
715,previously,33,33,3.411247717515657,1.0
716,pulmonary,33,19,3.9633162998156966,1.736842105263158
717,resulting,33,33,3.411247717515657,1.0
718,signals,33,24,3.7297014486341915,1.375
719,stroke,33,9,4.710530701645918,3.6666666666666665
720,therapeutics,33,28,3.575550768806933,1.1785714285714286
721,work,33,32,3.4420193761824107,1.03125
722,areas,32,28,3.575550768806933,1.1428571428571428
723,beta-cell,32,21,3.8632328412587142,1.5238095238095237
724,classes,32,22,3.816712825623821,1.4545454545454546
725,discovery,32,26,3.649658740960655,1.2307692307692308
726,discusses,32,31,3.473768074496991,1.032258064516129
727,each,32,29,3.540459448995663,1.103448275862069
728,elevated,32,30,3.506557897319982,1.0666666666666667
729,four,32,26,3.649658740960655,1.2307692307692308
730,gi,32,16,4.135166556742356,2.0
731,nutrients,32,28,3.575550768806933,1.1428571428571428
732,part,32,30,3.506557897319982,1.0666666666666667
733,placebo,32,18,4.017383521085972,1.7777777777777777
734,prevention,32,28,3.575550768806933,1.1428571428571428
735,quality,32,31,3.473768074496991,1.032258064516129
736,represent,32,31,3.473768074496991,1.032258064516129
737,risks,32,27,3.611918412977808,1.1851851851851851
738,stc-1,32,17,4.074541934925921,1.8823529411764706
739,absorption,31,17,4.074541934925921,1.8235294117647058
740,activated,31,24,3.7297014486341915,1.2916666666666667
741,amino,31,24,3.7297014486341915,1.2916666666666667
742,any,31,29,3.540459448995663,1.0689655172413792
743,attention,31,31,3.473768074496991,1.0
744,cases,31,25,3.6888794541139363,1.24
745,content,31,25,3.6888794541139363,1.24
746,cyclic,31,22,3.816712825623821,1.4090909090909092
747,essential,31,30,3.506557897319982,1.0333333333333334
748,inhibits,31,25,3.6888794541139363,1.24
749,interventions,31,30,3.506557897319982,1.0333333333333334
750,ml,31,18,4.017383521085972,1.7222222222222223
751,neurodegenerative,31,25,3.6888794541139363,1.24
752,option,31,29,3.540459448995663,1.0689655172413792
753,phosphorylation,31,25,3.6888794541139363,1.24
754,physiology,31,26,3.649658740960655,1.1923076923076923
755,produced,31,29,3.540459448995663,1.0689655172413792
756,promoting,31,30,3.506557897319982,1.0333333333333334
757,rapidly,31,30,3.506557897319982,1.0333333333333334
758,understood,31,31,3.473768074496991,1.0
759,women,31,19,3.9633162998156966,1.631578947368421
760,worldwide,31,31,3.473768074496991,1.0
761,analog,30,21,3.8632328412587142,1.4285714285714286
762,bariatric,30,21,3.8632328412587142,1.4285714285714286
763,clinicians,30,29,3.540459448995663,1.0344827586206897
764,does,30,30,3.506557897319982,1.0
765,enhancing,30,27,3.611918412977808,1.1111111111111112
766,ghrelin,30,8,4.8283137373023015,3.75
767,hypothesis,30,27,3.611918412977808,1.1111111111111112
768,interaction,30,22,3.816712825623821,1.3636363636363635
769,interactions,30,23,3.7722610630529876,1.3043478260869565
770,led,30,30,3.506557897319982,1.0
771,native,30,26,3.649658740960655,1.1538461538461537
772,nausea,30,24,3.7297014486341915,1.25
773,overview,30,30,3.506557897319982,1.0
774,parameters,30,28,3.575550768806933,1.0714285714285714
775,selected,30,27,3.611918412977808,1.1111111111111112
776,specifically,30,28,3.575550768806933,1.0714285714285714
777,agent,29,28,3.575550768806933,1.0357142857142858
778,articles,29,22,3.816712825623821,1.3181818181818181
779,children,29,11,4.509860006183766,2.6363636363636362
780,controls,29,23,3.7722610630529876,1.2608695652173914
781,dpp,29,15,4.199705077879927,1.9333333333333333
782,herein,29,28,3.575550768806933,1.0357142857142858
783,impairment,29,17,4.074541934925921,1.7058823529411764
784,improves,29,27,3.611918412977808,1.0740740740740742
785,information,29,26,3.649658740960655,1.1153846153846154
786,ingestion,29,25,3.6888794541139363,1.16
787,lifestyle,29,21,3.8632328412587142,1.380952380952381
788,lowering,29,28,3.575550768806933,1.0357142857142858
789,nerve,29,19,3.9633162998156966,1.5263157894736843
790,ongoing,29,27,3.611918412977808,1.0740740740740742
791,perfused,29,13,4.3428059215206005,2.230769230769231
792,prevented,29,21,3.8632328412587142,1.380952380952381
793,primarily,29,27,3.611918412977808,1.0740740740740742
794,progression,29,27,3.611918412977808,1.0740740740740742
795,prolonged,29,26,3.649658740960655,1.1153846153846154
796,proteins,29,20,3.912023005428146,1.45
797,roles,29,29,3.540459448995663,1.0
798,secretory,29,22,3.816712825623821,1.3181818181818181
799,stability,29,24,3.7297014486341915,1.2083333333333333
800,structure,29,25,3.6888794541139363,1.16
801,summarize,29,29,3.540459448995663,1.0
802,survival,29,23,3.7722610630529876,1.2608695652173914
803,affinity,28,20,3.912023005428146,1.4
804,cardioprotective,28,22,3.816712825623821,1.2727272727272727
805,concerns,28,27,3.611918412977808,1.037037037037037
806,criteria,28,24,3.7297014486341915,1.1666666666666667
807,exerts,28,26,3.649658740960655,1.0769230769230769
808,explored,28,27,3.611918412977808,1.037037037037037
809,explores,28,28,3.575550768806933,1.0
810,hypothalamic,28,16,4.135166556742356,1.75
811,kinase,28,24,3.7297014486341915,1.1666666666666667
812,mainly,28,27,3.611918412977808,1.037037037037037
813,n-terminal,28,17,4.074541934925921,1.6470588235294117
814,often,28,28,3.575550768806933,1.0
815,overweight,28,20,3.912023005428146,1.4
816,previous,28,21,3.8632328412587142,1.3333333333333333
817,proliferation,28,20,3.912023005428146,1.4
818,terms,28,23,3.7722610630529876,1.2173913043478262
819,ventricular,28,14,4.268697949366879,2.0
820,western,28,26,3.649658740960655,1.0769230769230769
821,address,27,26,3.649658740960655,1.0384615384615385
822,affecting,27,26,3.649658740960655,1.0384615384615385
823,animals,27,22,3.816712825623821,1.2272727272727273
824,assessment,27,24,3.7297014486341915,1.125
825,attenuated,27,25,3.6888794541139363,1.08
826,circulating,27,25,3.6888794541139363,1.08
827,condition,27,26,3.649658740960655,1.0384615384615385
828,describe,27,26,3.649658740960655,1.0384615384615385
829,dr,27,7,4.961845129926823,3.857142857142857
830,experiments,27,23,3.7722610630529876,1.173913043478261
831,extracellular,27,19,3.9633162998156966,1.4210526315789473
832,fibrosis,27,19,3.9633162998156966,1.4210526315789473
833,fusion,27,11,4.509860006183766,2.4545454545454546
834,help,27,24,3.7297014486341915,1.125
835,inhibit,27,24,3.7297014486341915,1.125
836,intact,27,21,3.8632328412587142,1.2857142857142858
837,limitations,27,25,3.6888794541139363,1.08
838,optimal,27,22,3.816712825623821,1.2272727272727273
839,period,27,19,3.9633162998156966,1.4210526315789473
840,pleiotropic,27,24,3.7297014486341915,1.125
841,prevent,27,26,3.649658740960655,1.0384615384615385
842,received,27,24,3.7297014486341915,1.125
843,reward,27,14,4.268697949366879,1.9285714285714286
844,selective,27,22,3.816712825623821,1.2272727272727273
845,signal,27,21,3.8632328412587142,1.2857142857142858
846,since,27,25,3.6888794541139363,1.08
847,sleep,27,15,4.199705077879927,1.8
848,supporting,27,26,3.649658740960655,1.0384615384615385
849,surgical,27,19,3.9633162998156966,1.4210526315789473
850,upon,27,25,3.6888794541139363,1.08
851,utilization,27,21,3.8632328412587142,1.2857142857142858
852,analyses,26,24,3.7297014486341915,1.0833333333333333
853,behavior,26,19,3.9633162998156966,1.368421052631579
854,cns,26,14,4.268697949366879,1.8571428571428572
855,compound,26,21,3.8632328412587142,1.2380952380952381
856,considerations,26,23,3.7722610630529876,1.1304347826086956
857,consumption,26,17,4.074541934925921,1.5294117647058822
858,coronary,26,16,4.135166556742356,1.625
859,doses,26,23,3.7722610630529876,1.1304347826086956
860,enhances,26,24,3.7297014486341915,1.0833333333333333
861,examine,26,24,3.7297014486341915,1.0833333333333333
862,expressing,26,18,4.017383521085972,1.4444444444444444
863,fully,26,26,3.649658740960655,1.0
864,hypothalamus,26,21,3.8632328412587142,1.2380952380952381
865,initiation,26,24,3.7297014486341915,1.0833333333333333
866,intervention,26,23,3.7722610630529876,1.1304347826086956
867,lean,26,17,4.074541934925921,1.5294117647058822
868,leptin,26,11,4.509860006183766,2.3636363636363638
869,linked,26,24,3.7297014486341915,1.0833333333333333
870,monitoring,26,25,3.6888794541139363,1.04
871,osa,26,7,4.961845129926823,3.7142857142857144
872,ppg,26,8,4.8283137373023015,3.25
873,receiving,26,25,3.6888794541139363,1.04
874,reviews,26,23,3.7722610630529876,1.1304347826086956
875,rygb,26,7,4.961845129926823,3.7142857142857144
876,science,26,24,3.7297014486341915,1.0833333333333333
877,standard,26,24,3.7297014486341915,1.0833333333333333
878,summary,26,25,3.6888794541139363,1.04
879,undergoing,26,22,3.816712825623821,1.1818181818181819
880,versus,26,20,3.912023005428146,1.3
881,where,26,24,3.7297014486341915,1.0833333333333333
882,accumulation,25,17,4.074541934925921,1.4705882352941178
883,calcium,25,16,4.135166556742356,1.5625
884,crucial,25,24,3.7297014486341915,1.0416666666666667
885,database,25,24,3.7297014486341915,1.0416666666666667
886,exhibited,25,22,3.816712825623821,1.1363636363636365
887,explore,25,25,3.6888794541139363,1.0
888,gcg,25,9,4.710530701645918,2.7777777777777777
889,gipr,25,9,4.710530701645918,2.7777777777777777
890,glp-1rs,25,16,4.135166556742356,1.5625
891,hemoglobin,25,24,3.7297014486341915,1.0416666666666667
892,hypertension,25,20,3.912023005428146,1.25
893,incidence,25,24,3.7297014486341915,1.0416666666666667
894,insights,25,25,3.6888794541139363,1.0
895,life,25,20,3.912023005428146,1.25
896,pancreatitis,25,17,4.074541934925921,1.4705882352941178
897,pathogenesis,25,23,3.7722610630529876,1.0869565217391304
898,pc,25,11,4.509860006183766,2.272727272727273
899,prevalence,25,24,3.7297014486341915,1.0416666666666667
900,ratio,25,21,3.8632328412587142,1.1904761904761905
901,regulates,25,24,3.7297014486341915,1.0416666666666667
902,robust,25,25,3.6888794541139363,1.0
903,sodium-glucose,25,25,3.6888794541139363,1.0
904,structural,25,17,4.074541934925921,1.4705882352941178
905,summarizes,25,24,3.7297014486341915,1.0416666666666667
906,synthesized,25,20,3.912023005428146,1.25
907,thereby,25,23,3.7722610630529876,1.0869565217391304
908,vagal,25,15,4.199705077879927,1.6666666666666667
909,volume,25,13,4.3428059215206005,1.9230769230769231
910,achieve,24,24,3.7297014486341915,1.0
911,activating,24,21,3.8632328412587142,1.1428571428571428
912,appear,24,23,3.7722610630529876,1.0434782608695652
913,balance,24,23,3.7722610630529876,1.0434782608695652
914,bias,24,18,4.017383521085972,1.3333333333333333
915,comorbidities,24,23,3.7722610630529876,1.0434782608695652
916,detected,24,21,3.8632328412587142,1.1428571428571428
917,distinct,24,22,3.816712825623821,1.0909090909090908
918,enzyme,24,21,3.8632328412587142,1.1428571428571428
919,fda,24,19,3.9633162998156966,1.263157894736842
920,form,24,22,3.816712825623821,1.0909090909090908
921,gastrin,24,6,5.115995809754082,4.0
922,guidance,24,21,3.8632328412587142,1.1428571428571428
923,highlighting,24,24,3.7297014486341915,1.0
924,ileum,24,16,4.135166556742356,1.5
925,observational,24,20,3.912023005428146,1.2
926,portal,24,9,4.710530701645918,2.6666666666666665
927,profiles,24,22,3.816712825623821,1.0909090909090908
928,ror,24,4,5.521460917862246,6.0
929,same,24,23,3.7722610630529876,1.0434782608695652
930,stimulating,24,24,3.7297014486341915,1.0
931,them,24,23,3.7722610630529876,1.0434782608695652
932,though,24,23,3.7722610630529876,1.0434782608695652
933,affected,23,22,3.816712825623821,1.0454545454545454
934,alternative,23,23,3.7722610630529876,1.0
935,alzheimer,23,23,3.7722610630529876,1.0
936,baseline,23,16,4.135166556742356,1.4375
937,circulation,23,18,4.017383521085972,1.2777777777777777
938,ckd,23,9,4.710530701645918,2.5555555555555554
939,colon,23,11,4.509860006183766,2.090909090909091
940,coupled,23,20,3.912023005428146,1.15
941,culture,23,12,4.422848629194137,1.9166666666666667
942,delayed,23,20,3.912023005428146,1.15
943,develop,23,21,3.8632328412587142,1.0952380952380953
944,distribution,23,15,4.199705077879927,1.5333333333333334
945,event,23,18,4.017383521085972,1.2777777777777777
946,family,23,19,3.9633162998156966,1.2105263157894737
947,field,23,19,3.9633162998156966,1.2105263157894737
948,focused,23,23,3.7722610630529876,1.0
949,formation,23,21,3.8632328412587142,1.0952380952380953
950,glp-2,23,12,4.422848629194137,1.9166666666666667
951,growth,23,22,3.816712825623821,1.0454545454545454
952,indicating,23,22,3.816712825623821,1.0454545454545454
953,lixisenatide,23,16,4.135166556742356,1.4375
954,long,23,23,3.7722610630529876,1.0
955,mechanistic,23,22,3.816712825623821,1.0454545454545454
956,morbidity,23,22,3.816712825623821,1.0454545454545454
957,organs,23,20,3.912023005428146,1.15
958,pregnancy,23,8,4.8283137373023015,2.875
959,procedures,23,18,4.017383521085972,1.2777777777777777
960,promoted,23,19,3.9633162998156966,1.2105263157894737
961,proposed,23,23,3.7722610630529876,1.0
962,providing,23,23,3.7722610630529876,1.0
963,rather,23,22,3.816712825623821,1.0454545454545454
964,relative,23,21,3.8632328412587142,1.0952380952380953
965,safe,23,23,3.7722610630529876,1.0
966,screening,23,17,4.074541934925921,1.3529411764705883
967,so,23,22,3.816712825623821,1.0454545454545454
968,strong,23,22,3.816712825623821,1.0454545454545454
969,taste,23,11,4.509860006183766,2.090909090909091
970,then,23,21,3.8632328412587142,1.0952380952380953
971,thyroid,23,11,4.509860006183766,2.090909090909091
972,understand,23,21,3.8632328412587142,1.0952380952380953
973,unknown,23,23,3.7722610630529876,1.0
974,very,23,23,3.7722610630529876,1.0
975,acting,22,20,3.912023005428146,1.1
976,along,22,22,3.816712825623821,1.0
977,altered,22,20,3.912023005428146,1.1
978,anti-obesity,22,17,4.074541934925921,1.2941176470588236
979,assays,22,16,4.135166556742356,1.375
980,behavioral,22,13,4.3428059215206005,1.6923076923076923
981,behaviors,22,14,4.268697949366879,1.5714285714285714
982,decline,22,19,3.9633162998156966,1.1578947368421053
983,decreasing,22,21,3.8632328412587142,1.0476190476190477
984,developing,22,20,3.912023005428146,1.1
985,distal,22,18,4.017383521085972,1.2222222222222223
986,er,22,4,5.521460917862246,5.5
987,focusing,22,22,3.816712825623821,1.0
988,fxr,22,3,5.809142990314028,7.333333333333333
989,gaps,22,20,3.912023005428146,1.1
990,her,22,6,5.115995809754082,3.6666666666666665
991,if,22,20,3.912023005428146,1.1
992,iv,22,16,4.135166556742356,1.375
993,k,22,13,4.3428059215206005,1.6923076923076923
994,little,22,21,3.8632328412587142,1.0476190476190477
995,maintaining,22,17,4.074541934925921,1.2941176470588236
996,masld,22,8,4.8283137373023015,2.75
997,microbiota,22,14,4.268697949366879,1.5714285714285714
998,modulating,22,22,3.816712825623821,1.0
999,molecule,22,19,3.9633162998156966,1.1578947368421053
1000,out,22,21,3.8632328412587142,1.0476190476190477
1001,prescribing,22,17,4.074541934925921,1.2941176470588236
1002,processes,22,21,3.8632328412587142,1.0476190476190477
1003,products,22,20,3.912023005428146,1.1
1004,prospective,22,22,3.816712825623821,1.0
1005,responsible,22,20,3.912023005428146,1.1
1006,retrospective,22,21,3.8632328412587142,1.0476190476190477
1007,series,22,20,3.912023005428146,1.1
1008,stomach,22,19,3.9633162998156966,1.1578947368421053
1009,strongly,22,20,3.912023005428146,1.1
1010,substantial,22,22,3.816712825623821,1.0
1011,superior,22,21,3.8632328412587142,1.0476190476190477
1012,synaptic,22,16,4.135166556742356,1.375
1013,tool,22,21,3.8632328412587142,1.0476190476190477
1014,weekly,22,18,4.017383521085972,1.2222222222222223
1015,absence,21,17,4.074541934925921,1.2352941176470589
1016,acts,21,19,3.9633162998156966,1.105263157894737
1017,adherence,21,18,4.017383521085972,1.1666666666666667
1018,alpha,21,10,4.605170185988092,2.1
1019,channel,21,13,4.3428059215206005,1.6153846153846154
1020,clearance,21,17,4.074541934925921,1.2352941176470589
1021,described,21,20,3.912023005428146,1.05
1022,effectiveness,21,18,4.017383521085972,1.1666666666666667
1023,examines,21,20,3.912023005428146,1.05
1024,exogenous,21,17,4.074541934925921,1.2352941176470589
1025,fraction,21,18,4.017383521085972,1.1666666666666667
1026,hf,21,8,4.8283137373023015,2.625
1027,high-fat,21,15,4.199705077879927,1.4
1028,indirect,21,20,3.912023005428146,1.05
1029,largely,21,21,3.8632328412587142,1.0
1030,murine,21,19,3.9633162998156966,1.105263157894737
1031,nh,21,4,5.521460917862246,5.25
1032,nmol,21,11,4.509860006183766,1.9090909090909092
1033,numerous,21,21,3.8632328412587142,1.0
1034,obtained,21,18,4.017383521085972,1.1666666666666667
1035,orally,21,20,3.912023005428146,1.05
1036,peptidase,21,21,3.8632328412587142,1.0
1037,per,21,18,4.017383521085972,1.1666666666666667
1038,preoperative,21,10,4.605170185988092,2.1
1039,proven,21,21,3.8632328412587142,1.0
1040,regulated,21,20,3.912023005428146,1.05
1041,relevance,21,20,3.912023005428146,1.05
1042,resulted,21,21,3.8632328412587142,1.0
1043,rodents,21,19,3.9633162998156966,1.105263157894737
1044,seen,21,16,4.135166556742356,1.3125
1045,selection,21,17,4.074541934925921,1.2352941176470589
1046,sequence,21,19,3.9633162998156966,1.105263157894737
1047,single,21,20,3.912023005428146,1.05
1048,site,21,18,4.017383521085972,1.1666666666666667
1049,size,21,16,4.135166556742356,1.3125
1050,states,21,19,3.9633162998156966,1.105263157894737
1051,suppressed,21,16,4.135166556742356,1.3125
1052,tolerability,21,17,4.074541934925921,1.2352941176470589
1053,week,21,15,4.199705077879927,1.4
1054,year-old,21,21,3.8632328412587142,1.0
1055,able,20,16,4.135166556742356,1.25
1056,abolished,20,17,4.074541934925921,1.1764705882352942
1057,act,20,19,3.9633162998156966,1.0526315789473684
1058,addressing,20,19,3.9633162998156966,1.0526315789473684
1059,advances,20,19,3.9633162998156966,1.0526315789473684
1060,affects,20,19,3.9633162998156966,1.0526315789473684
1061,albumin,20,14,4.268697949366879,1.4285714285714286
1062,asthma,20,5,5.298317366548036,4.0
1063,biased,20,6,5.115995809754082,3.3333333333333335
1064,contributes,20,20,3.912023005428146,1.0
1065,critically,20,19,3.9633162998156966,1.0526315789473684
1066,dependent,20,18,4.017383521085972,1.1111111111111112
1067,discontinuation,20,17,4.074541934925921,1.1764705882352942
1068,extend,20,20,3.912023005428146,1.0
1069,genetic,20,15,4.199705077879927,1.3333333333333333
1070,glp-1-induced,20,13,4.3428059215206005,1.5384615384615385
1071,gspe,20,3,5.809142990314028,6.666666666666667
1072,history,20,17,4.074541934925921,1.1764705882352942
1073,hyperglycaemia,20,13,4.3428059215206005,1.5384615384615385
1074,hypothesized,20,18,4.017383521085972,1.1111111111111112
1075,il-6,20,7,4.961845129926823,2.857142857142857
1076,immunoreactivity,20,13,4.3428059215206005,1.5384615384615385
1077,inclusion,20,19,3.9633162998156966,1.0526315789473684
1078,induces,20,20,3.912023005428146,1.0
1079,involving,20,20,3.912023005428146,1.0
1080,ligands,20,17,4.074541934925921,1.1764705882352942
1081,markers,20,18,4.017383521085972,1.1111111111111112
1082,meta-analysis,20,17,4.074541934925921,1.1764705882352942
1083,mimetics,20,13,4.3428059215206005,1.5384615384615385
1084,needs,20,16,4.135166556742356,1.25
1085,neural,20,18,4.017383521085972,1.1111111111111112
1086,nm,20,13,4.3428059215206005,1.5384615384615385
1087,once,20,15,4.199705077879927,1.3333333333333333
1088,pain,20,11,4.509860006183766,1.8181818181818181
1089,pathophysiology,20,20,3.912023005428146,1.0
1090,pet,20,8,4.8283137373023015,2.5
1091,pharmacologic,20,16,4.135166556742356,1.25
1092,prescribed,20,20,3.912023005428146,1.0
1093,pvn,20,5,5.298317366548036,4.0
1094,regions,20,19,3.9633162998156966,1.0526315789473684
1095,reproductive,20,11,4.509860006183766,1.8181818181818181
1096,second,20,20,3.912023005428146,1.0
1097,subcutaneous,20,18,4.017383521085972,1.1111111111111112
1098,useful,20,20,3.912023005428146,1.0
1099,wild-type,20,15,4.199705077879927,1.3333333333333333
1100,activities,19,18,4.017383521085972,1.0555555555555556
1101,appears,19,19,3.9633162998156966,1.0
1102,atherosclerotic,19,15,4.199705077879927,1.2666666666666666
1103,aud,19,6,5.115995809754082,3.1666666666666665
1104,axis,19,17,4.074541934925921,1.1176470588235294
1105,broader,19,19,3.9633162998156966,1.0
1106,challenge,19,16,4.135166556742356,1.1875
1107,commonly,19,19,3.9633162998156966,1.0
1108,concern,19,17,4.074541934925921,1.1176470588235294
1109,consequences,19,17,4.074541934925921,1.1176470588235294
1110,correlated,19,17,4.074541934925921,1.1176470588235294
1111,databases,19,19,3.9633162998156966,1.0
1112,decreases,19,17,4.074541934925921,1.1176470588235294
1113,delay,19,18,4.017383521085972,1.0555555555555556
1114,derived,19,19,3.9633162998156966,1.0
1115,describes,19,19,3.9633162998156966,1.0
1116,diet-induced,19,16,4.135166556742356,1.1875
1117,duration,19,18,4.017383521085972,1.0555555555555556
1118,engineered,19,11,4.509860006183766,1.7272727272727273
1119,female,19,16,4.135166556742356,1.1875
1120,frequently,19,19,3.9633162998156966,1.0
1121,gsis,19,6,5.115995809754082,3.1666666666666665
1122,gut-derived,19,17,4.074541934925921,1.1176470588235294
1123,having,19,18,4.017383521085972,1.0555555555555556
1124,indicates,19,19,3.9633162998156966,1.0
1125,infarction,19,14,4.268697949366879,1.3571428571428572
1126,initially,19,17,4.074541934925921,1.1176470588235294
1127,injectable,19,15,4.199705077879927,1.2666666666666666
1128,issues,19,18,4.017383521085972,1.0555555555555556
1129,lactis,19,6,5.115995809754082,3.1666666666666665
1130,last,19,19,3.9633162998156966,1.0
1131,leads,19,17,4.074541934925921,1.1176470588235294
1132,mixed,19,16,4.135166556742356,1.1875
1133,modulates,19,19,3.9633162998156966,1.0
1134,naion,19,5,5.298317366548036,3.8
1135,necessary,19,18,4.017383521085972,1.0555555555555556
1136,offers,19,19,3.9633162998156966,1.0
1137,participants,19,16,4.135166556742356,1.1875
1138,pathophysiological,19,19,3.9633162998156966,1.0
1139,perspective,19,18,4.017383521085972,1.0555555555555556
1140,practical,19,17,4.074541934925921,1.1176470588235294
1141,prevalent,19,18,4.017383521085972,1.0555555555555556
1142,prior,19,18,4.017383521085972,1.0555555555555556
1143,promotes,19,15,4.199705077879927,1.2666666666666666
1144,published,19,17,4.074541934925921,1.1176470588235294
1145,regulatory,19,17,4.074541934925921,1.1176470588235294
1146,represents,19,18,4.017383521085972,1.0555555555555556
1147,sepsis,19,5,5.298317366548036,3.8
1148,severity,19,17,4.074541934925921,1.1176470588235294
1149,she,19,11,4.509860006183766,1.7272727272727273
1150,somatostatin,19,8,4.8283137373023015,2.375
1151,tested,19,18,4.017383521085972,1.0555555555555556
1152,type-2,19,14,4.268697949366879,1.3571428571428572
1153,uptake,19,15,4.199705077879927,1.2666666666666666
1154,water,19,10,4.605170185988092,1.9
1155,access,18,15,4.199705077879927,1.2
1156,adult,18,12,4.422848629194137,1.5
1157,aging,18,12,4.422848629194137,1.5
1158,amp,18,10,4.605170185988092,1.8
1159,best,18,14,4.268697949366879,1.2857142857142858
1160,candidate,18,17,4.074541934925921,1.0588235294117647
1161,cochrane,18,16,4.135166556742356,1.125
1162,conclude,18,18,4.017383521085972,1.0
1163,consistent,18,17,4.074541934925921,1.0588235294117647
1164,continuous,18,16,4.135166556742356,1.125
1165,date,18,18,4.017383521085972,1.0
1166,dna,18,9,4.710530701645918,2.0
1167,dosing,18,15,4.199705077879927,1.2
1168,efficient,18,17,4.074541934925921,1.0588235294117647
1169,evaluation,18,18,4.017383521085972,1.0
1170,exercise,18,12,4.422848629194137,1.5
1171,exhibit,18,18,4.017383521085972,1.0
1172,express,18,16,4.135166556742356,1.125
1173,favorable,18,17,4.074541934925921,1.0588235294117647
1174,features,18,16,4.135166556742356,1.125
1175,five,18,14,4.268697949366879,1.2857142857142858
1176,followed,18,18,4.017383521085972,1.0
1177,frequency,18,13,4.3428059215206005,1.3846153846153846
1178,generation,18,12,4.422848629194137,1.5
1179,glut,18,4,5.521460917862246,4.5
1180,immune,18,15,4.199705077879927,1.2
1181,immunohistochemistry,18,16,4.135166556742356,1.125
1182,induction,18,16,4.135166556742356,1.125
1183,infection,18,12,4.422848629194137,1.5
1184,markedly,18,17,4.074541934925921,1.0588235294117647
1185,medicine,18,14,4.268697949366879,1.2857142857142858
1186,memory,18,11,4.509860006183766,1.6363636363636365
1187,modifications,18,18,4.017383521085972,1.0
1188,motility,18,17,4.074541934925921,1.0588235294117647
1189,neurodegeneration,18,12,4.422848629194137,1.5
1190,nts,18,6,5.115995809754082,3.0
1191,perfusion,18,10,4.605170185988092,1.8
1192,process,18,16,4.135166556742356,1.125
1193,producing,18,15,4.199705077879927,1.2
1194,protect,18,15,4.199705077879927,1.2
1195,questions,18,17,4.074541934925921,1.0588235294117647
1196,require,18,18,4.017383521085972,1.0
1197,reviewed,18,16,4.135166556742356,1.125
1198,rise,18,17,4.074541934925921,1.0588235294117647
1199,serious,18,17,4.074541934925921,1.0588235294117647
1200,serve,18,18,4.017383521085972,1.0
1201,sitagliptin,18,6,5.115995809754082,3.0
1202,six,18,15,4.199705077879927,1.2
1203,toward,18,18,4.017383521085972,1.0
1204,towards,18,13,4.3428059215206005,1.3846153846153846
1205,traditional,18,18,4.017383521085972,1.0
1206,types,18,16,4.135166556742356,1.125
1207,us,18,16,4.135166556742356,1.125
1208,abdominal,17,12,4.422848629194137,1.4166666666666667
1209,airway,17,7,4.961845129926823,2.4285714285714284
1210,alterations,17,14,4.268697949366879,1.2142857142857142
1211,anesthesia,17,10,4.605170185988092,1.7
1212,approximately,17,15,4.199705077879927,1.1333333333333333
1213,artery,17,15,4.199705077879927,1.1333333333333333
1214,barrier,17,13,4.3428059215206005,1.3076923076923077
1215,biology,17,16,4.135166556742356,1.0625
1216,blockade,17,12,4.422848629194137,1.4166666666666667
1217,certain,17,17,4.074541934925921,1.0
1218,cholecystokinin,17,15,4.199705077879927,1.1333333333333333
1219,clarify,17,17,4.074541934925921,1.0
1220,cocaine,17,5,5.298317366548036,3.4
1221,cultured,17,15,4.199705077879927,1.1333333333333333
1222,designed,17,16,4.135166556742356,1.0625
1223,diverse,17,17,4.074541934925921,1.0
1224,elisa,17,13,4.3428059215206005,1.3076923076923077
1225,elucidate,17,17,4.074541934925921,1.0
1226,exposed,17,14,4.268697949366879,1.2142857142857142
1227,few,17,17,4.074541934925921,1.0
1228,focuses,17,17,4.074541934925921,1.0
1229,glycemia,17,14,4.268697949366879,1.2142857142857142
1230,guide,17,17,4.074541934925921,1.0
1231,individual,17,16,4.135166556742356,1.0625
1232,inhibiting,17,17,4.074541934925921,1.0
1233,initial,17,17,4.074541934925921,1.0
1234,ischemic,17,15,4.199705077879927,1.1333333333333333
1235,lack,17,17,4.074541934925921,1.0
1236,library,17,17,4.074541934925921,1.0
1237,luminal,17,11,4.509860006183766,1.5454545454545454
1238,lung,17,10,4.605170185988092,1.7
1239,men,17,11,4.509860006183766,1.5454545454545454
1240,metabolites,17,9,4.710530701645918,1.8888888888888888
1241,modified,17,16,4.135166556742356,1.0625
1242,natural,17,13,4.3428059215206005,1.3076923076923077
1243,negative,17,14,4.268697949366879,1.2142857142857142
1244,notably,17,16,4.135166556742356,1.0625
1245,pka,17,9,4.710530701645918,1.8888888888888888
1246,potency,17,15,4.199705077879927,1.1333333333333333
1247,presented,17,17,4.074541934925921,1.0
1248,preventing,17,16,4.135166556742356,1.0625
1249,progressive,17,17,4.074541934925921,1.0
1250,public,17,16,4.135166556742356,1.0625
1251,rare,17,16,4.135166556742356,1.0625
1252,recommendations,17,15,4.199705077879927,1.1333333333333333
1253,regulator,17,16,4.135166556742356,1.0625
1254,relatively,17,17,4.074541934925921,1.0
1255,respiratory,17,11,4.509860006183766,1.5454545454545454
1256,sex,17,7,4.961845129926823,2.4285714285714284
1257,slow,17,17,4.074541934925921,1.0
1258,species,17,17,4.074541934925921,1.0
1259,staining,17,10,4.605170185988092,1.7
1260,state,17,17,4.074541934925921,1.0
1261,targeted,17,13,4.3428059215206005,1.3076923076923077
1262,tgr,17,4,5.521460917862246,4.25
1263,vomiting,17,14,4.268697949366879,1.2142857142857142
1264,widespread,17,17,4.074541934925921,1.0
1265,year,17,9,4.710530701645918,1.8888888888888888
1266,yy,17,17,4.074541934925921,1.0
1267,accompanied,16,16,4.135166556742356,1.0
1268,achieved,16,14,4.268697949366879,1.1428571428571428
1269,anti-diabetic,16,15,4.199705077879927,1.0666666666666667
1270,appropriate,16,14,4.268697949366879,1.1428571428571428
1271,assessing,16,16,4.135166556742356,1.0
1272,brainstem,16,12,4.422848629194137,1.3333333333333333
1273,burden,16,16,4.135166556742356,1.0
1274,causes,16,16,4.135166556742356,1.0
1275,characteristics,16,13,4.3428059215206005,1.2307692307692308
1276,conventional,16,15,4.199705077879927,1.0666666666666667
1277,damage,16,12,4.422848629194137,1.3333333333333333
1278,demonstrating,16,16,4.135166556742356,1.0
1279,diarrhea,16,8,4.8283137373023015,2.0
1280,differentiation,16,15,4.199705077879927,1.0666666666666667
1281,elevation,16,16,4.135166556742356,1.0
1282,enhancement,16,16,4.135166556742356,1.0
1283,establish,16,16,4.135166556742356,1.0
1284,ethanol,16,4,5.521460917862246,4.0
1285,evaluates,16,16,4.135166556742356,1.0
1286,expert,16,16,4.135166556742356,1.0
1287,fed,16,13,4.3428059215206005,1.2307692307692308
1288,free,16,13,4.3428059215206005,1.2307692307692308
1289,genes,16,12,4.422848629194137,1.3333333333333333
1290,heterogeneity,16,12,4.422848629194137,1.3333333333333333
1291,hippocampal,16,9,4.710530701645918,1.7777777777777777
1292,hypoglycaemia,16,13,4.3428059215206005,1.2307692307692308
1293,implicated,16,16,4.135166556742356,1.0
1294,inducing,16,16,4.135166556742356,1.0
1295,issue,16,16,4.135166556742356,1.0
1296,l-cell,16,10,4.605170185988092,1.6
1297,landscape,16,16,4.135166556742356,1.0
1298,least,16,15,4.199705077879927,1.0666666666666667
1299,meals,16,14,4.268697949366879,1.1428571428571428
1300,medline,16,16,4.135166556742356,1.0
1301,mimic,16,16,4.135166556742356,1.0
1302,molecules,16,14,4.268697949366879,1.1428571428571428
1303,newly,16,8,4.8283137373023015,2.0
1304,non-diabetic,16,13,4.3428059215206005,1.2307692307692308
1305,obstructive,16,12,4.422848629194137,1.3333333333333333
1306,paper,16,14,4.268697949366879,1.1428571428571428
1307,parkinson,16,15,4.199705077879927,1.0666666666666667
1308,pharmacotherapy,16,16,4.135166556742356,1.0
1309,possibly,16,15,4.199705077879927,1.0666666666666667
1310,produce,16,14,4.268697949366879,1.1428571428571428
1311,promise,16,16,4.135166556742356,1.0
1312,propose,16,16,4.135166556742356,1.0
1313,psychiatric,16,8,4.8283137373023015,2.0
1314,real-world,16,15,4.199705077879927,1.0666666666666667
1315,regimen,16,11,4.509860006183766,1.4545454545454546
1316,secretagogues,16,9,4.710530701645918,1.7777777777777777
1317,status,16,11,4.509860006183766,1.4545454545454546
1318,subsequent,16,16,4.135166556742356,1.0
1319,subsequently,16,16,4.135166556742356,1.0
1320,sustained,16,13,4.3428059215206005,1.2307692307692308
1321,synthesizes,16,16,4.135166556742356,1.0
1322,toxicity,16,12,4.422848629194137,1.3333333333333333
1323,albiglutide,15,8,4.8283137373023015,1.875
1324,allosteric,15,8,4.8283137373023015,1.875
1325,already,15,15,4.199705077879927,1.0
1326,antihyperglycemic,15,11,4.509860006183766,1.3636363636363635
1327,applications,15,15,4.199705077879927,1.0
1328,attractive,15,15,4.199705077879927,1.0
1329,autophagy,15,6,5.115995809754082,2.5
1330,bile,15,5,5.298317366548036,3.0
1331,bl,15,13,4.3428059215206005,1.1538461538461537
1332,bypass,15,15,4.199705077879927,1.0
1333,cardioprotection,15,6,5.115995809754082,2.5
1334,comparison,15,15,4.199705077879927,1.0
1335,contents,15,10,4.605170185988092,1.5
1336,decades,15,15,4.199705077879927,1.0
1337,delaying,15,15,4.199705077879927,1.0
1338,diagnosed,15,10,4.605170185988092,1.5
1339,downstream,15,15,4.199705077879927,1.0
1340,efforts,15,15,4.199705077879927,1.0
1341,employed,15,14,4.268697949366879,1.0714285714285714
1342,ensure,15,15,4.199705077879927,1.0
1343,evaluating,15,15,4.199705077879927,1.0
1344,expanding,15,14,4.268697949366879,1.0714285714285714
1345,expected,15,15,4.199705077879927,1.0
1346,far,15,15,4.199705077879927,1.0
1347,forms,15,12,4.422848629194137,1.25
1348,hand,15,11,4.509860006183766,1.3636363636363635
1349,hfd,15,6,5.115995809754082,2.5
1350,highest,15,13,4.3428059215206005,1.1538461538461537
1351,hormonal,15,14,4.268697949366879,1.0714285714285714
1352,ileal,15,12,4.422848629194137,1.25
1353,importantly,15,15,4.199705077879927,1.0
1354,innovative,15,13,4.3428059215206005,1.1538461538461537
1355,insight,15,15,4.199705077879927,1.0
1356,involvement,15,14,4.268697949366879,1.0714285714285714
1357,ir,15,9,4.710530701645918,1.6666666666666667
1358,ischemia,15,12,4.422848629194137,1.25
1359,link,15,13,4.3428059215206005,1.1538461538461537
1360,localization,15,10,4.605170185988092,1.5
1361,lys,15,7,4.961845129926823,2.142857142857143
1362,maintain,15,15,4.199705077879927,1.0
1363,maintenance,15,14,4.268697949366879,1.0714285714285714
1364,mc,15,3,5.809142990314028,5.0
1365,median,15,8,4.8283137373023015,1.875
1366,mediating,15,15,4.199705077879927,1.0
1367,method,15,15,4.199705077879927,1.0
1368,modification,15,13,4.3428059215206005,1.1538461538461537
1369,modulators,15,13,4.3428059215206005,1.1538461538461537
1370,motor,15,12,4.422848629194137,1.25
1371,neuroprotection,15,10,4.605170185988092,1.5
1372,normalized,15,14,4.268697949366879,1.0714285714285714
1373,occurring,15,15,4.199705077879927,1.0
1374,offering,15,14,4.268697949366879,1.0714285714285714
1375,opinion,15,15,4.199705077879927,1.0
1376,optimize,15,15,4.199705077879927,1.0
1377,pattern,15,13,4.3428059215206005,1.1538461538461537
1378,patterns,15,12,4.422848629194137,1.25
1379,pharmacovigilance,15,11,4.509860006183766,1.3636363636363635
1380,predominantly,15,14,4.268697949366879,1.0714285714285714
1381,preliminary,15,15,4.199705077879927,1.0
1382,preproglucagon,15,11,4.509860006183766,1.3636363636363635
1383,presents,15,15,4.199705077879927,1.0
1384,pretreatment,15,10,4.605170185988092,1.5
1385,processing,15,14,4.268697949366879,1.0714285714285714
1386,psoriasis,15,6,5.115995809754082,2.5
1387,q,15,5,5.298317366548036,3.0
1388,recognized,15,14,4.268697949366879,1.0714285714285714
1389,recombinant,15,14,4.268697949366879,1.0714285714285714
1390,region,15,13,4.3428059215206005,1.1538461538461537
1391,sa,15,3,5.809142990314028,5.0
1392,searched,15,14,4.268697949366879,1.0714285714285714
1393,setting,15,14,4.268697949366879,1.0714285714285714
1394,seven,15,12,4.422848629194137,1.25
1395,similarly,15,14,4.268697949366879,1.0714285714285714
1396,supports,15,15,4.199705077879927,1.0
1397,sweet,15,7,4.961845129926823,2.142857142857143
1398,united,15,14,4.268697949366879,1.0714285714285714
1399,upper,15,13,4.3428059215206005,1.1538461538461537
1400,v,15,10,4.605170185988092,1.5
1401,world,15,14,4.268697949366879,1.0714285714285714
1402,adenosine,14,10,4.605170185988092,1.4
1403,advanced,14,13,4.3428059215206005,1.0769230769230769
1404,approval,14,12,4.422848629194137,1.1666666666666667
1405,aspects,14,14,4.268697949366879,1.0
1406,atherosclerosis,14,9,4.710530701645918,1.5555555555555556
1407,candidates,14,14,4.268697949366879,1.0
1408,capable,14,13,4.3428059215206005,1.0769230769230769
1409,carbohydrate,14,10,4.605170185988092,1.4
1410,cerebral,14,9,4.710530701645918,1.5555555555555556
1411,cholesterol,14,8,4.8283137373023015,1.75
1412,clear,14,13,4.3428059215206005,1.0769230769230769
1413,cohorts,14,11,4.509860006183766,1.2727272727272727
1414,colonic,14,7,4.961845129926823,2.0
1415,complication,14,12,4.422848629194137,1.1666666666666667
1416,composition,14,11,4.509860006183766,1.2727272727272727
1417,confirm,14,14,4.268697949366879,1.0
1418,consider,14,14,4.268697949366879,1.0
1419,containing,14,14,4.268697949366879,1.0
1420,contributing,14,13,4.3428059215206005,1.0769230769230769
1421,controlling,14,14,4.268697949366879,1.0
1422,cost,14,14,4.268697949366879,1.0
1423,covered,14,14,4.268697949366879,1.0
1424,demonstrates,14,14,4.268697949366879,1.0
1425,derivatives,14,7,4.961845129926823,2.0
1426,difference,14,13,4.3428059215206005,1.0769230769230769
1427,digestion,14,9,4.710530701645918,1.5555555555555556
1428,domain,14,12,4.422848629194137,1.1666666666666667
1429,elucidated,14,14,4.268697949366879,1.0
1430,embase,14,14,4.268697949366879,1.0
1431,end,14,12,4.422848629194137,1.1666666666666667
1432,extended,14,12,4.422848629194137,1.1666666666666667
1433,ga,14,4,5.521460917862246,3.5
1434,good,14,13,4.3428059215206005,1.0769230769230769
1435,iii,14,12,4.422848629194137,1.1666666666666667
1436,intolerance,14,13,4.3428059215206005,1.0769230769230769
1437,knockout,14,9,4.710530701645918,1.5555555555555556
1438,lines,14,11,4.509860006183766,1.2727272727272727
1439,linking,14,14,4.268697949366879,1.0
1440,meta-analyses,14,14,4.268697949366879,1.0
1441,mmol,14,8,4.8283137373023015,1.75
1442,mtor,14,8,4.8283137373023015,1.75
1443,network,14,13,4.3428059215206005,1.0769230769230769
1444,neuroinflammation,14,13,4.3428059215206005,1.0769230769230769
1445,neurological,14,13,4.3428059215206005,1.0769230769230769
1446,o,14,8,4.8283137373023015,1.75
1447,odds,14,10,4.605170185988092,1.4
1448,older,14,9,4.710530701645918,1.5555555555555556
1449,order,14,14,4.268697949366879,1.0
1450,originally,14,14,4.268697949366879,1.0
1451,oxygen,14,9,4.710530701645918,1.5555555555555556
1452,past,14,14,4.268697949366879,1.0
1453,pharmacotherapies,14,13,4.3428059215206005,1.0769230769230769
1454,poorly,14,13,4.3428059215206005,1.0769230769230769
1455,prediabetes,14,5,5.298317366548036,2.8
1456,preserved,14,13,4.3428059215206005,1.0769230769230769
1457,propensity,14,13,4.3428059215206005,1.0769230769230769
1458,prostate,14,3,5.809142990314028,4.666666666666667
1459,provided,14,13,4.3428059215206005,1.0769230769230769
1460,requires,14,14,4.268697949366879,1.0
1461,reveal,14,14,4.268697949366879,1.0
1462,satiation,14,6,5.115995809754082,2.3333333333333335
1463,scopus,14,14,4.268697949366879,1.0
1464,sud,14,3,5.809142990314028,4.666666666666667
1465,sugar,14,11,4.509860006183766,1.2727272727272727
1466,synergistic,14,13,4.3428059215206005,1.0769230769230769
1467,term,14,11,4.509860006183766,1.2727272727272727
1468,tests,14,13,4.3428059215206005,1.0769230769230769
1469,unique,14,14,4.268697949366879,1.0
1470,valuable,14,14,4.268697949366879,1.0
1471,web,14,14,4.268697949366879,1.0
1472,young,14,13,4.3428059215206005,1.0769230769230769
1473,adiposity,13,9,4.710530701645918,1.4444444444444444
1474,adjunct,13,13,4.3428059215206005,1.0
1475,advantage,13,12,4.422848629194137,1.0833333333333333
1476,advantages,13,13,4.3428059215206005,1.0
1477,ages,13,3,5.809142990314028,4.333333333333333
1478,akt,13,8,4.8283137373023015,1.625
1479,al,13,11,4.509860006183766,1.1818181818181819
1480,amount,13,13,4.3428059215206005,1.0
1481,antibody,13,8,4.8283137373023015,1.625
1482,apnea,13,13,4.3428059215206005,1.0
1483,bowel,13,11,4.509860006183766,1.1818181818181819
1484,capacity,13,13,4.3428059215206005,1.0
1485,cfrd,13,2,6.214608098422191,6.5
1486,chromatography,13,10,4.605170185988092,1.3
1487,circadian,13,4,5.521460917862246,3.25
1488,cleavage,13,12,4.422848629194137,1.0833333333333333
1489,collectively,13,13,4.3428059215206005,1.0
1490,comparable,13,12,4.422848629194137,1.0833333333333333
1491,concomitant,13,13,4.3428059215206005,1.0
1492,confidence,13,12,4.422848629194137,1.0833333333333333
1493,constructed,13,13,4.3428059215206005,1.0
1494,convertase,13,9,4.710530701645918,1.4444444444444444
1495,correlation,13,10,4.605170185988092,1.3
1496,decade,13,13,4.3428059215206005,1.0
1497,dementia,13,7,4.961845129926823,1.8571428571428572
1498,detection,13,9,4.710530701645918,1.4444444444444444
1499,digestive,13,6,5.115995809754082,2.1666666666666665
1500,dio,13,8,4.8283137373023015,1.625
1501,disruption,13,11,4.509860006183766,1.1818181818181819
1502,dose-dependent,13,12,4.422848629194137,1.0833333333333333
1503,dpp-iv,13,7,4.961845129926823,1.8571428571428572
1504,effectively,13,12,4.422848629194137,1.0833333333333333
1505,epithelial,13,10,4.605170185988092,1.3
1506,et,13,11,4.509860006183766,1.1818181818181819
1507,exocytosis,13,7,4.961845129926823,1.8571428571428572
1508,gcgr,13,6,5.115995809754082,2.1666666666666665
1509,generally,13,13,4.3428059215206005,1.0
1510,glucagon-like-peptide-1,13,13,4.3428059215206005,1.0
1511,great,13,11,4.509860006183766,1.1818181818181819
1512,hs,13,2,6.214608098422191,6.5
1513,hypertrophy,13,6,5.115995809754082,2.1666666666666665
1514,identifying,13,13,4.3428059215206005,1.0
1515,indirectly,13,13,4.3428059215206005,1.0
1516,injections,13,11,4.509860006183766,1.1818181818181819
1517,insl,13,1,6.907755278982137,13.0
1518,involves,13,13,4.3428059215206005,1.0
1519,j,13,12,4.422848629194137,1.0833333333333333
1520,later,13,13,4.3428059215206005,1.0
1521,learning,13,9,4.710530701645918,1.4444444444444444
1522,light,13,13,4.3428059215206005,1.0
1523,limit,13,13,4.3428059215206005,1.0
1524,living,13,11,4.509860006183766,1.1818181818181819
1525,load,13,11,4.509860006183766,1.1818181818181819
1526,manage,13,13,4.3428059215206005,1.0
1527,mcs,13,2,6.214608098422191,6.5
1528,mediate,13,13,4.3428059215206005,1.0
1529,medicines,13,11,4.509860006183766,1.1818181818181819
1530,minutes,13,7,4.961845129926823,1.8571428571428572
1531,mitigate,13,11,4.509860006183766,1.1818181818181819
1532,must,13,13,4.3428059215206005,1.0
1533,next,13,13,4.3428059215206005,1.0
1534,obesity-related,13,11,4.509860006183766,1.1818181818181819
1535,objectives,13,12,4.422848629194137,1.0833333333333333
1536,occurs,13,11,4.509860006183766,1.1818181818181819
1537,ocular,13,5,5.298317366548036,2.6
1538,others,13,12,4.422848629194137,1.0833333333333333
1539,parallel,13,12,4.422848629194137,1.0833333333333333
1540,partially,13,13,4.3428059215206005,1.0
1541,pathological,13,12,4.422848629194137,1.0833333333333333
1542,pharmacokinetics,13,12,4.422848629194137,1.0833333333333333
1543,pharmacology,13,13,4.3428059215206005,1.0
1544,protein-coupled,13,12,4.422848629194137,1.0833333333333333
1545,rationale,13,12,4.422848629194137,1.0833333333333333
1546,rcts,13,5,5.298317366548036,2.6
1547,remained,13,11,4.509860006183766,1.1818181818181819
1548,repair,13,7,4.961845129926823,1.8571428571428572
1549,requiring,13,13,4.3428059215206005,1.0
1550,retinopathy,13,9,4.710530701645918,1.4444444444444444
1551,rising,13,13,4.3428059215206005,1.0
1552,serotonin,13,4,5.521460917862246,3.25
1553,shift,13,12,4.422848629194137,1.0833333333333333
1554,showing,13,13,4.3428059215206005,1.0
1555,shows,13,13,4.3428059215206005,1.0
1556,significance,13,12,4.422848629194137,1.0833333333333333
1557,skeletal,13,10,4.605170185988092,1.3
1558,small-molecule,13,9,4.710530701645918,1.4444444444444444
1559,spinal,13,5,5.298317366548036,2.6
1560,stable,13,13,4.3428059215206005,1.0
1561,steatosis,13,9,4.710530701645918,1.4444444444444444
1562,substance,13,9,4.710530701645918,1.4444444444444444
1563,suppress,13,12,4.422848629194137,1.0833333333333333
1564,synthetic,13,12,4.422848629194137,1.0833333333333333
1565,times,13,12,4.422848629194137,1.0833333333333333
1566,triple,13,11,4.509860006183766,1.1818181818181819
1567,utilized,13,13,4.3428059215206005,1.0
1568,visceral,13,11,4.509860006183766,1.1818181818181819
1569,woman,13,13,4.3428059215206005,1.0
1570,addiction,12,9,4.710530701645918,1.3333333333333333
1571,adjunctive,12,9,4.710530701645918,1.3333333333333333
1572,amyloid,12,9,4.710530701645918,1.3333333333333333
1573,anorexigenic,12,10,4.605170185988092,1.2
1574,ascophyllan,12,1,6.907755278982137,12.0
1575,availability,12,11,4.509860006183766,1.0909090909090908
1576,behind,12,11,4.509860006183766,1.0909090909090908
1577,biosynthesis,12,10,4.605170185988092,1.2
1578,blotting,12,11,4.509860006183766,1.0909090909090908
1579,bp,12,4,5.521460917862246,3.0
1580,cart,12,2,6.214608098422191,6.0
1581,cd,12,8,4.8283137373023015,1.5
1582,chemical,12,11,4.509860006183766,1.0909090909090908
1583,colitis,12,3,5.809142990314028,4.0
1584,completely,12,10,4.605170185988092,1.2
1585,conjugates,12,5,5.298317366548036,2.4
1586,considerable,12,12,4.422848629194137,1.0
1587,cotransporter,12,12,4.422848629194137,1.0
1588,cotransporter-2,12,12,4.422848629194137,1.0
1589,death,12,10,4.605170185988092,1.2
1590,define,12,10,4.605170185988092,1.2
1591,density,12,10,4.605170185988092,1.2
1592,diabetes-related,12,9,4.710530701645918,1.3333333333333333
1593,directions,12,12,4.422848629194137,1.0
1594,discovered,12,12,4.422848629194137,1.0
1595,dynamics,12,11,4.509860006183766,1.0909090909090908
1596,dysfunction-associated,12,10,4.605170185988092,1.2
1597,eat,12,3,5.809142990314028,4.0
1598,efficacious,12,11,4.509860006183766,1.0909090909090908
1599,evolving,12,11,4.509860006183766,1.0909090909090908
1600,f,12,7,4.961845129926823,1.7142857142857142
1601,failed,12,11,4.509860006183766,1.0909090909090908
1602,finding,12,11,4.509860006183766,1.0909090909090908
1603,follow-up,12,12,4.422848629194137,1.0
1604,framework,12,11,4.509860006183766,1.0909090909090908
1605,frequent,12,12,4.422848629194137,1.0
1606,g-protein,12,11,4.509860006183766,1.0909090909090908
1607,gained,12,12,4.422848629194137,1.0
1608,gap,12,11,4.509860006183766,1.0909090909090908
1609,gk,12,3,5.809142990314028,4.0
1610,goal,12,8,4.8283137373023015,1.5
1611,grk,12,2,6.214608098422191,6.0
1612,healthcare,12,12,4.422848629194137,1.0
1613,hence,12,11,4.509860006183766,1.0909090909090908
1614,hfpef,12,3,5.809142990314028,4.0
1615,hour,12,7,4.961845129926823,1.7142857142857142
1616,ibd,12,5,5.298317366548036,2.4
1617,icv,12,5,5.298317366548036,2.4
1618,ih,12,2,6.214608098422191,6.0
1619,impacts,12,12,4.422848629194137,1.0
1620,intraperitoneal,12,12,4.422848629194137,1.0
1621,intravenous,12,11,4.509860006183766,1.0909090909090908
1622,introduced,12,11,4.509860006183766,1.0909090909090908
1623,large-scale,12,12,4.422848629194137,1.0
1624,larger,12,12,4.422848629194137,1.0
1625,left,12,10,4.605170185988092,1.2
1626,longer,12,11,4.509860006183766,1.0909090909090908
1627,materials,12,10,4.605170185988092,1.2
1628,mechanistically,12,12,4.422848629194137,1.0
1629,million,12,9,4.710530701645918,1.3333333333333333
1630,mir-27a,12,1,6.907755278982137,12.0
1631,modulated,12,11,4.509860006183766,1.0909090909090908
1632,ng,12,8,4.8283137373023015,1.5
1633,nondiabetic,12,8,4.8283137373023015,1.5
1634,occurred,12,10,4.605170185988092,1.2
1635,outline,12,12,4.422848629194137,1.0
1636,ovary,12,10,4.605170185988092,1.2
1637,overexpression,12,10,4.605170185988092,1.2
1638,pharmaceutical,12,12,4.422848629194137,1.0
1639,phenotype,12,11,4.509860006183766,1.0909090909090908
1640,pivotal,12,12,4.422848629194137,1.0
1641,pmol,12,5,5.298317366548036,2.4
1642,positively,12,12,4.422848629194137,1.0
1643,ppar,12,3,5.809142990314028,4.0
1644,precursor,12,12,4.422848629194137,1.0
1645,prisma,12,12,4.422848629194137,1.0
1646,program,12,7,4.961845129926823,1.7142857142857142
1647,raised,12,12,4.422848629194137,1.0
1648,reactions,12,9,4.710530701645918,1.3333333333333333
1649,retinal,12,6,5.115995809754082,2.0
1650,scope,12,12,4.422848629194137,1.0
1651,seem,12,12,4.422848629194137,1.0
1652,sites,12,11,4.509860006183766,1.0909090909090908
1653,situ,12,9,4.710530701645918,1.3333333333333333
1654,steatotic,12,11,4.509860006183766,1.0909090909090908
1655,suppresses,12,11,4.509860006183766,1.0909090909090908
1656,taken,12,12,4.422848629194137,1.0
1657,throughout,12,12,4.422848629194137,1.0
1658,tiab,12,1,6.907755278982137,12.0
1659,transient,12,12,4.422848629194137,1.0
1660,translational,12,11,4.509860006183766,1.0909090909090908
1661,utility,12,12,4.422848629194137,1.0
1662,vein,12,7,4.961845129926823,1.7142857142857142
1663,vital,12,12,4.422848629194137,1.0
1664,way,12,12,4.422848629194137,1.0
1665,wide,12,12,4.422848629194137,1.0
1666,worsening,12,8,4.8283137373023015,1.5
1667,ablation,11,7,4.961845129926823,1.5714285714285714
1668,according,11,11,4.509860006183766,1.0
1669,achieving,11,9,4.710530701645918,1.2222222222222223
1670,activate,11,10,4.605170185988092,1.1
1671,all-cause,11,6,5.115995809754082,1.8333333333333333
1672,applied,11,10,4.605170185988092,1.1
1673,augment,11,11,4.509860006183766,1.0
1674,autoimmune,11,8,4.8283137373023015,1.375
1675,basic,11,11,4.509860006183766,1.0
1676,bed,11,4,5.521460917862246,2.75
1677,biochemical,11,11,4.509860006183766,1.0
1678,biomarkers,11,10,4.605170185988092,1.1
1679,c-peptide,11,6,5.115995809754082,1.8333333333333333
1680,characterize,11,11,4.509860006183766,1.0
1681,circuits,11,10,4.605170185988092,1.1
1682,collected,11,10,4.605170185988092,1.1
1683,compare,11,11,4.509860006183766,1.0
1684,complementary,11,11,4.509860006183766,1.0
1685,consequently,11,11,4.509860006183766,1.0
1686,consistently,11,11,4.509860006183766,1.0
1687,continue,11,11,4.509860006183766,1.0
1688,cornerstone,11,11,4.509860006183766,1.0
1689,cortex,11,7,4.961845129926823,1.5714285714285714
1690,currents,11,5,5.298317366548036,2.2
1691,cvots,11,7,4.961845129926823,1.5714285714285714
1692,diabetics,11,10,4.605170185988092,1.1
1693,diagnosis,11,11,4.509860006183766,1.0
1694,distributed,11,9,4.710530701645918,1.2222222222222223
1695,documented,11,11,4.509860006183766,1.0
1696,dopamine,11,8,4.8283137373023015,1.375
1697,drinking,11,6,5.115995809754082,1.8333333333333333
1698,driven,11,11,4.509860006183766,1.0
1699,dyslipidemia,11,7,4.961845129926823,1.5714285714285714
1700,eecs,11,7,4.961845129926823,1.5714285714285714
1701,eight,11,11,4.509860006183766,1.0
1702,ejection,11,9,4.710530701645918,1.2222222222222223
1703,endoscopic,11,6,5.115995809754082,1.8333333333333333
1704,epithelium,11,10,4.605170185988092,1.1
1705,european,11,11,4.509860006183766,1.0
1706,exact,11,11,4.509860006183766,1.0
1707,faers,11,5,5.298317366548036,2.2
1708,fasted,11,3,5.809142990314028,3.6666666666666665
1709,fibers,11,6,5.115995809754082,1.8333333333333333
1710,flow,11,10,4.605170185988092,1.1
1711,formulation,11,8,4.8283137373023015,1.375
1712,general,11,10,4.605170185988092,1.1
1713,glp-1-producing,11,6,5.115995809754082,1.8333333333333333
1714,glp-1s,11,5,5.298317366548036,2.2
1715,glycated,11,10,4.605170185988092,1.1
1716,greatly,11,10,4.605170185988092,1.1
1717,hair,11,2,6.214608098422191,5.5
1718,high-quality,11,10,4.605170185988092,1.1
1719,identification,11,11,4.509860006183766,1.0
1720,inactivation,11,8,4.8283137373023015,1.375
1721,incubation,11,7,4.961845129926823,1.5714285714285714
1722,independently,11,11,4.509860006183766,1.0
1723,indications,11,9,4.710530701645918,1.2222222222222223
1724,influenced,11,10,4.605170185988092,1.1
1725,integration,11,10,4.605170185988092,1.1
1726,interact,11,11,4.509860006183766,1.0
1727,iqr,11,4,5.521460917862246,2.75
1728,ketoacidosis,11,3,5.809142990314028,3.6666666666666665
1729,knockdown,11,7,4.961845129926823,1.5714285714285714
1730,laboratory,11,11,4.509860006183766,1.0
1731,lipids,11,11,4.509860006183766,1.0
1732,make,11,11,4.509860006183766,1.0
1733,making,11,11,4.509860006183766,1.0
1734,measures,11,11,4.509860006183766,1.0
1735,mi,11,6,5.115995809754082,1.8333333333333333
1736,microbiome,11,9,4.710530701645918,1.2222222222222223
1737,much,11,9,4.710530701645918,1.2222222222222223
1738,nci-h716,11,9,4.710530701645918,1.2222222222222223
1739,neither,11,10,4.605170185988092,1.1
1740,neurotrophic,11,6,5.115995809754082,1.8333333333333333
1741,nf,11,6,5.115995809754082,1.8333333333333333
1742,nor,11,11,4.509860006183766,1.0
1743,observations,11,11,4.509860006183766,1.0
1744,onset,11,11,4.509860006183766,1.0
1745,ophthalmic,11,4,5.521460917862246,2.75
1746,opioid,11,4,5.521460917862246,2.75
1747,organ,11,8,4.8283137373023015,1.375
1748,oxyntomodulin,11,8,4.8283137373023015,1.375
1749,peak,11,7,4.961845129926823,1.5714285714285714
1750,persistent,11,11,4.509860006183766,1.0
1751,pge,11,1,6.907755278982137,11.0
1752,ph,11,4,5.521460917862246,2.75
1753,physical,11,7,4.961845129926823,1.5714285714285714
1754,platform,11,8,4.8283137373023015,1.375
1755,polycystic,11,11,4.509860006183766,1.0
1756,poor,11,10,4.605170185988092,1.1
1757,pph,11,3,5.809142990314028,3.6666666666666665
1758,problem,11,11,4.509860006183766,1.0
1759,product,11,10,4.605170185988092,1.1
1760,purified,11,9,4.710530701645918,1.2222222222222223
1761,readmission,11,5,5.298317366548036,2.2
1762,regardless,11,11,4.509860006183766,1.0
1763,reporter,11,6,5.115995809754082,1.8333333333333333
1764,residues,11,10,4.605170185988092,1.1
1765,restored,11,11,4.509860006183766,1.0
1766,rice,11,3,5.809142990314028,3.6666666666666665
1767,samples,11,10,4.605170185988092,1.1
1768,screened,11,10,4.605170185988092,1.1
1769,seems,11,11,4.509860006183766,1.0
1770,skin,11,8,4.8283137373023015,1.375
1771,social,11,7,4.961845129926823,1.5714285714285714
1772,spine,11,2,6.214608098422191,5.5
1773,started,11,11,4.509860006183766,1.0
1774,stimuli,11,8,4.8283137373023015,1.375
1775,strain,11,6,5.115995809754082,1.8333333333333333
1776,structures,11,10,4.605170185988092,1.1
1777,subjected,11,10,4.605170185988092,1.1
1778,sufficient,11,11,4.509860006183766,1.0
1779,supported,11,11,4.509860006183766,1.0
1780,symptomatic,11,8,4.8283137373023015,1.375
1781,testing,11,11,4.509860006183766,1.0
1782,thought,11,10,4.605170185988092,1.1
1783,tolerated,11,11,4.509860006183766,1.0
1784,torpor,11,1,6.907755278982137,11.0
1785,transformed,11,11,4.509860006183766,1.0
1786,transit,11,6,5.115995809754082,1.8333333333333333
1787,tumor,11,9,4.710530701645918,1.2222222222222223
1788,typically,11,11,4.509860006183766,1.0
1789,u,11,9,4.710530701645918,1.2222222222222223
1790,uncertain,11,10,4.605170185988092,1.1
1791,underwent,11,10,4.605170185988092,1.1
1792,until,11,11,4.509860006183766,1.0
1793,vagus,11,8,4.8283137373023015,1.375
1794,val,11,3,5.809142990314028,3.6666666666666665
1795,value,11,10,4.605170185988092,1.1
1796,variability,11,11,4.509860006183766,1.0
1797,viability,11,9,4.710530701645918,1.2222222222222223
1798,warranted,11,11,4.509860006183766,1.0
1799,would,11,10,4.605170185988092,1.1
1800,wt,11,5,5.298317366548036,2.2
1801,accessibility,10,10,4.605170185988092,1.0
1802,afferent,10,9,4.710530701645918,1.1111111111111112
1803,alter,10,10,4.605170185988092,1.0
1804,another,10,10,4.605170185988092,1.0
1805,anterior,10,10,4.605170185988092,1.0
1806,arginine,10,5,5.298317366548036,2.0
1807,arrhythmias,10,8,4.8283137373023015,1.25
1808,attributed,10,10,4.605170185988092,1.0
1809,besides,10,10,4.605170185988092,1.0
1810,biologically,10,10,4.605170185988092,1.0
1811,cad,10,3,5.809142990314028,3.3333333333333335
1812,car,10,1,6.907755278982137,10.0
1813,chain,10,9,4.710530701645918,1.1111111111111112
1814,challenging,10,10,4.605170185988092,1.0
1815,choice,10,10,4.605170185988092,1.0
1816,combinations,10,9,4.710530701645918,1.1111111111111112
1817,combining,10,8,4.8283137373023015,1.25
1818,concept,10,6,5.115995809754082,1.6666666666666667
1819,considering,10,10,4.605170185988092,1.0
1820,covid-19,10,3,5.809142990314028,3.3333333333333335
1821,ct,10,3,5.809142990314028,3.3333333333333335
1822,cytokine,10,9,4.710530701645918,1.1111111111111112
1823,deficits,10,9,4.710530701645918,1.1111111111111112
1824,depolarization,10,8,4.8283137373023015,1.25
1825,detailed,10,10,4.605170185988092,1.0
1826,differ,10,10,4.605170185988092,1.0
1827,differentially,10,9,4.710530701645918,1.1111111111111112
1828,discussion,10,10,4.605170185988092,1.0
1829,dkd,10,3,5.809142990314028,3.3333333333333335
1830,dorsal,10,6,5.115995809754082,1.6666666666666667
1831,dynamic,10,9,4.710530701645918,1.1111111111111112
1832,efficiently,10,10,4.605170185988092,1.0
1833,emphasis,10,10,4.605170185988092,1.0
1834,endpoints,10,10,4.605170185988092,1.0
1835,ew,10,1,6.907755278982137,10.0
1836,examination,10,10,4.605170185988092,1.0
1837,excessive,10,10,4.605170185988092,1.0
1838,expand,10,10,4.605170185988092,1.0
1839,expanded,10,9,4.710530701645918,1.1111111111111112
1840,experience,10,8,4.8283137373023015,1.25
1841,explain,10,10,4.605170185988092,1.0
1842,extensive,10,9,4.710530701645918,1.1111111111111112
1843,extensively,10,10,4.605170185988092,1.0
1844,extract,10,9,4.710530701645918,1.1111111111111112
1845,feedback,10,6,5.115995809754082,1.6666666666666667
1846,glargine,10,7,4.961845129926823,1.4285714285714286
1847,goals,10,10,4.605170185988092,1.0
1848,google,10,10,4.605170185988092,1.0
1849,gpcr,10,9,4.710530701645918,1.1111111111111112
1850,high-risk,10,9,4.710530701645918,1.1111111111111112
1851,hippocampus,10,7,4.961845129926823,1.4285714285714286
1852,hospital,10,9,4.710530701645918,1.1111111111111112
1853,iapp,10,1,6.907755278982137,10.0
1854,iih,10,2,6.214608098422191,5.0
1855,immunohistochemical,10,9,4.710530701645918,1.1111111111111112
1856,immunoreactive,10,7,4.961845129926823,1.4285714285714286
1857,ingested,10,6,5.115995809754082,1.6666666666666667
1858,integrated,10,9,4.710530701645918,1.1111111111111112
1859,integrating,10,10,4.605170185988092,1.0
1860,interestingly,10,10,4.605170185988092,1.0
1861,internalization,10,6,5.115995809754082,1.6666666666666667
1862,intracerebroventricular,10,10,4.605170185988092,1.0
1863,investigating,10,9,4.710530701645918,1.1111111111111112
1864,investigations,10,10,4.605170185988092,1.0
1865,laminarin,10,1,6.907755278982137,10.0
1866,latest,10,10,4.605170185988092,1.0
1867,lesions,10,3,5.809142990314028,3.3333333333333335
1868,located,10,9,4.710530701645918,1.1111111111111112
1869,lowers,10,10,4.605170185988092,1.0
1870,mace,10,8,4.8283137373023015,1.25
1871,majority,10,10,4.605170185988092,1.0
1872,man,10,9,4.710530701645918,1.1111111111111112
1873,market,10,9,4.710530701645918,1.1111111111111112
1874,mash,10,4,5.521460917862246,2.5
1875,matrix,10,6,5.115995809754082,1.6666666666666667
1876,md,10,4,5.521460917862246,2.5
1877,mean,10,9,4.710530701645918,1.1111111111111112
1878,methodological,10,7,4.961845129926823,1.4285714285714286
1879,microbial,10,6,5.115995809754082,1.6666666666666667
1880,mitigating,10,10,4.605170185988092,1.0
1881,modalities,10,9,4.710530701645918,1.1111111111111112
1882,moderate,10,9,4.710530701645918,1.1111111111111112
1883,monophosphate,10,10,4.605170185988092,1.0
1884,mucosal,10,5,5.298317366548036,2.0
1885,multifactorial,10,10,4.605170185988092,1.0
1886,n-terminus,10,7,4.961845129926823,1.4285714285714286
1887,na,10,6,5.115995809754082,1.6666666666666667
1888,nacc,10,1,6.907755278982137,10.0
1889,neonatal,10,4,5.521460917862246,2.5
1890,neuropathy,10,8,4.8283137373023015,1.25
1891,neurotransmitter,10,9,4.710530701645918,1.1111111111111112
1892,nutrition,10,10,4.605170185988092,1.0
1893,occur,10,10,4.605170185988092,1.0
1894,oea,10,1,6.907755278982137,10.0
1895,ogtt,10,6,5.115995809754082,1.6666666666666667
1896,olfactory,10,5,5.298317366548036,2.0
1897,open,10,10,4.605170185988092,1.0
1898,optimization,10,9,4.710530701645918,1.1111111111111112
1899,overcome,10,10,4.605170185988092,1.0
1900,oxidation,10,9,4.710530701645918,1.1111111111111112
1901,paradigm,10,10,4.605170185988092,1.0
1902,partial,10,8,4.8283137373023015,1.25
1903,partly,10,9,4.710530701645918,1.1111111111111112
1904,pharmacokinetic,10,9,4.710530701645918,1.1111111111111112
1905,phenomenon,10,9,4.710530701645918,1.1111111111111112
1906,physiologic,10,9,4.710530701645918,1.1111111111111112
1907,plus,10,8,4.8283137373023015,1.25
1908,position,10,9,4.710530701645918,1.1111111111111112
1909,postsynaptic,10,5,5.298317366548036,2.0
1910,pro-inflammatory,10,9,4.710530701645918,1.1111111111111112
1911,profound,10,10,4.605170185988092,1.0
1912,programs,10,10,4.605170185988092,1.0
1913,protease,10,8,4.8283137373023015,1.25
1914,protocol,10,5,5.298317366548036,2.0
1915,proximal,10,10,4.605170185988092,1.0
1916,reached,10,9,4.710530701645918,1.1111111111111112
1917,rebaudioside,10,2,6.214608098422191,5.0
1918,recommended,10,10,4.605170185988092,1.0
1919,recorded,10,7,4.961845129926823,1.4285714285714286
1920,recruitment,10,9,4.710530701645918,1.1111111111111112
1921,residual,10,8,4.8283137373023015,1.25
1922,resistant,10,9,4.710530701645918,1.1111111111111112
1923,resolution,10,7,4.961845129926823,1.4285714285714286
1924,respond,10,9,4.710530701645918,1.1111111111111112
1925,restoring,10,10,4.605170185988092,1.0
1926,restricted,10,7,4.961845129926823,1.4285714285714286
1927,rhythm,10,5,5.298317366548036,2.0
1928,roux-en-y,10,10,4.605170185988092,1.0
1929,s-equol,10,1,6.907755278982137,10.0
1930,saline,10,7,4.961845129926823,1.4285714285714286
1931,secondary,10,8,4.8283137373023015,1.25
1932,secretagogue,10,7,4.961845129926823,1.4285714285714286
1933,settings,10,10,4.605170185988092,1.0
1934,successfully,10,10,4.605170185988092,1.0
1935,surface,10,10,4.605170185988092,1.0
1936,sustain,10,6,5.115995809754082,1.6666666666666667
1937,temperature,10,5,5.298317366548036,2.0
1938,topic,10,10,4.605170185988092,1.0
1939,transcriptional,10,5,5.298317366548036,2.0
1940,tumors,10,8,4.8283137373023015,1.25
1941,turn,10,9,4.710530701645918,1.1111111111111112
1942,underscores,10,10,4.605170185988092,1.0
1943,underscoring,10,10,4.605170185988092,1.0
1944,unmet,10,8,4.8283137373023015,1.25
1945,users,10,8,4.8283137373023015,1.25
1946,van,10,2,6.214608098422191,5.0
1947,vat,10,2,6.214608098422191,5.0
1948,ventral,10,5,5.298317366548036,2.0
1949,vitamin,10,3,5.809142990314028,3.3333333333333335
1950,wound,10,5,5.298317366548036,2.0
1951,addresses,9,9,4.710530701645918,1.0
1952,adequate,9,8,4.8283137373023015,1.125
1953,adropin,9,1,6.907755278982137,9.0
1954,aid,9,9,4.710530701645918,1.0
1955,alleviated,9,8,4.8283137373023015,1.125
1956,american,9,6,5.115995809754082,1.5
1957,analyze,9,9,4.710530701645918,1.0
1958,arthroplasty,9,3,5.809142990314028,3.0
1959,authors,9,7,4.961845129926823,1.2857142857142858
1960,bioavailability,9,9,4.710530701645918,1.0
1961,blocked,9,9,4.710530701645918,1.0
1962,blood-brain,9,6,5.115995809754082,1.5
1963,blot,9,9,4.710530701645918,1.0
1964,blunted,9,9,4.710530701645918,1.0
1965,broad,9,9,4.710530701645918,1.0
1966,caloric,9,4,5.521460917862246,2.25
1967,cardiorenal,9,9,4.710530701645918,1.0
1968,cecal,9,6,5.115995809754082,1.5
1969,characterization,9,9,4.710530701645918,1.0
1970,chemerin,9,1,6.907755278982137,9.0
1971,chicks,9,5,5.298317366548036,1.8
1972,clock,9,2,6.214608098422191,4.5
1973,clpr,9,2,6.214608098422191,4.5
1974,coagonist,9,3,5.809142990314028,3.0
1975,complete,9,9,4.710530701645918,1.0
1976,conformation,9,6,5.115995809754082,1.5
1977,consequence,9,9,4.710530701645918,1.0
1978,course,9,9,4.710530701645918,1.0
1979,crh,9,2,6.214608098422191,4.5
1980,decision-making,9,9,4.710530701645918,1.0
1981,deficiency,9,8,4.8283137373023015,1.125
1982,defined,9,9,4.710530701645918,1.0
1983,depression,9,8,4.8283137373023015,1.125
1984,developments,9,9,4.710530701645918,1.0
1985,dg,9,2,6.214608098422191,4.5
1986,diets,9,8,4.8283137373023015,1.125
1987,discontinued,9,8,4.8283137373023015,1.125
1988,displayed,9,9,4.710530701645918,1.0
1989,downregulation,9,8,4.8283137373023015,1.125
1990,durable,9,9,4.710530701645918,1.0
1991,dysregulation,9,9,4.710530701645918,1.0
1992,emphasizes,9,9,4.710530701645918,1.0
1993,engineering,9,8,4.8283137373023015,1.125
1994,enteric,9,7,4.961845129926823,1.2857142857142858
1995,enzyme-linked,9,9,4.710530701645918,1.0
1996,equal,9,6,5.115995809754082,1.5
1997,estimated,9,9,4.710530701645918,1.0
1998,experienced,9,8,4.8283137373023015,1.125
1999,exploring,9,9,4.710530701645918,1.0
2000,extent,9,9,4.710530701645918,1.0
2001,facilitate,9,9,4.710530701645918,1.0
2002,fiber,9,4,5.521460917862246,2.25
2003,formulations,9,8,4.8283137373023015,1.125
2004,fos,9,2,6.214608098422191,4.5
2005,full,9,9,4.710530701645918,1.0
2006,generate,9,9,4.710530701645918,1.0
2007,generated,9,9,4.710530701645918,1.0
2008,genistein,9,1,6.907755278982137,9.0
2009,glp-1-ras,9,2,6.214608098422191,4.5
2010,half,9,9,4.710530701645918,1.0
2011,healing,9,6,5.115995809754082,1.5
2012,hepatosteatosis,9,1,6.907755278982137,9.0
2013,heterogeneous,9,9,4.710530701645918,1.0
2014,hindbrain,9,6,5.115995809754082,1.5
2015,hold,9,9,4.710530701645918,1.0
2016,hunger,9,5,5.298317366548036,1.8
2017,hybridization,9,8,4.8283137373023015,1.125
2018,immunofluorescence,9,8,4.8283137373023015,1.125
2019,immunosorbent,9,9,4.710530701645918,1.0
2020,injected,9,6,5.115995809754082,1.5
2021,insufficient,9,9,4.710530701645918,1.0
2022,investigates,9,9,4.710530701645918,1.0
2023,kcnq,9,1,6.907755278982137,9.0
2024,kglp-1,9,2,6.214608098422191,4.5
2025,kidneys,9,7,4.961845129926823,1.2857142857142858
2026,limiting,9,8,4.8283137373023015,1.125
2027,local,9,8,4.8283137373023015,1.125
2028,marked,9,9,4.710530701645918,1.0
2029,means,9,9,4.710530701645918,1.0
2030,measurements,9,9,4.710530701645918,1.0
2031,medium,9,6,5.115995809754082,1.5
2032,mental,9,6,5.115995809754082,1.5
2033,met,9,9,4.710530701645918,1.0
2034,metabolite,9,8,4.8283137373023015,1.125
2035,mimicking,9,8,4.8283137373023015,1.125
2036,modest,9,9,4.710530701645918,1.0
2037,ms,9,5,5.298317366548036,1.8
2038,myricetin,9,1,6.907755278982137,9.0
2039,naturally,9,9,4.710530701645918,1.0
2040,necessity,9,9,4.710530701645918,1.0
2041,newer,9,9,4.710530701645918,1.0
2042,notable,9,9,4.710530701645918,1.0
2043,oil,9,6,5.115995809754082,1.5
2044,once-weekly,9,9,4.710530701645918,1.0
2045,optic,9,7,4.961845129926823,1.2857142857142858
2046,optimizing,9,9,4.710530701645918,1.0
2047,organoids,9,4,5.521460917862246,2.25
2048,outlines,9,9,4.710530701645918,1.0
2049,pander,9,1,6.907755278982137,9.0
2050,paracrine,9,7,4.961845129926823,1.2857142857142858
2051,periodontal,9,3,5.809142990314028,3.0
2052,periods,9,6,5.115995809754082,1.5
2053,perspectives,9,9,4.710530701645918,1.0
2054,phenotypes,9,9,4.710530701645918,1.0
2055,pi,9,6,5.115995809754082,1.5
2056,possess,9,9,4.710530701645918,1.0
2057,postrema,9,4,5.521460917862246,2.25
2058,potently,9,7,4.961845129926823,1.2857142857142858
2059,preventive,9,8,4.8283137373023015,1.125
2060,prohormone,9,8,4.8283137373023015,1.125
2061,quantitative,9,9,4.710530701645918,1.0
2062,real-time,9,9,4.710530701645918,1.0
2063,regain,9,8,4.8283137373023015,1.125
2064,regimens,9,9,4.710530701645918,1.0
2065,relation,9,9,4.710530701645918,1.0
2066,remission,9,6,5.115995809754082,1.5
2067,reperfusion,9,7,4.961845129926823,1.2857142857142858
2068,representing,9,9,4.710530701645918,1.0
2069,reverse,9,9,4.710530701645918,1.0
2070,revision,9,5,5.298317366548036,1.8
2071,sad-a,9,1,6.907755278982137,9.0
2072,score,9,9,4.710530701645918,1.0
2073,select,9,7,4.961845129926823,1.2857142857142858
2074,sglt-2,9,4,5.521460917862246,2.25
2075,short-term,9,8,4.8283137373023015,1.125
2076,simple,9,8,4.8283137373023015,1.125
2077,simultaneously,9,9,4.710530701645918,1.0
2078,solitary,9,9,4.710530701645918,1.0
2079,solution,9,7,4.961845129926823,1.2857142857142858
2080,spectrum,9,9,4.710530701645918,1.0
2081,stages,9,6,5.115995809754082,1.5
2082,starting,9,9,4.710530701645918,1.0
2083,stimulatory,9,8,4.8283137373023015,1.125
2084,subgroups,9,6,5.115995809754082,1.5
2085,substantially,9,9,4.710530701645918,1.0
2086,substrate,9,8,4.8283137373023015,1.125
2087,suitable,9,8,4.8283137373023015,1.125
2088,suppressing,9,9,4.710530701645918,1.0
2089,switching,9,5,5.298317366548036,1.8
2090,systematically,9,8,4.8283137373023015,1.125
2091,tlr,9,1,6.907755278982137,9.0
2092,tools,9,9,4.710530701645918,1.0
2093,trafficking,9,4,5.521460917862246,2.25
2094,transplantation,9,5,5.298317366548036,1.8
2095,triggered,9,8,4.8283137373023015,1.125
2096,unimolecular,9,8,4.8283137373023015,1.125
2097,usage,9,9,4.710530701645918,1.0
2098,variety,9,9,4.710530701645918,1.0
2099,vehicle,9,7,4.961845129926823,1.2857142857142858
2100,venous,9,7,4.961845129926823,1.2857142857142858
2101,vsg,9,1,6.907755278982137,9.0
2102,well-established,9,9,4.710530701645918,1.0
2103,what,9,9,4.710530701645918,1.0
2104,whilst,9,8,4.8283137373023015,1.125
2105,xglp,9,2,6.214608098422191,4.5
2106,abundance,8,7,4.961845129926823,1.1428571428571428
2107,acarbose,8,4,5.521460917862246,2.0
2108,accelerated,8,7,4.961845129926823,1.1428571428571428
2109,activates,8,8,4.8283137373023015,1.0
2110,adolescents,8,4,5.521460917862246,2.0
2111,af,8,3,5.809142990314028,2.6666666666666665
2112,ago,8,8,4.8283137373023015,1.0
2113,alanine,8,6,5.115995809754082,1.3333333333333333
2114,allows,8,7,4.961845129926823,1.1428571428571428
2115,almost,8,7,4.961845129926823,1.1428571428571428
2116,alongside,8,8,4.8283137373023015,1.0
2117,ameliorated,8,7,4.961845129926823,1.1428571428571428
2118,amp-activated,8,8,4.8283137373023015,1.0
2119,amylin,8,5,5.298317366548036,1.6
2120,anorectic,8,7,4.961845129926823,1.1428571428571428
2121,antioxidative,8,5,5.298317366548036,1.6
2122,ar,8,2,6.214608098422191,4.0
2123,arterial,8,6,5.115995809754082,1.3333333333333333
2124,asuds,8,2,6.214608098422191,4.0
2125,augmentation,8,6,5.115995809754082,1.3333333333333333
2126,barriers,8,8,4.8283137373023015,1.0
2127,c-fos,8,5,5.298317366548036,1.6
2128,c-terminal,8,8,4.8283137373023015,1.0
2129,cancers,8,6,5.115995809754082,1.3333333333333333
2130,cannot,8,8,4.8283137373023015,1.0
2131,careful,8,8,4.8283137373023015,1.0
2132,cessation,8,5,5.298317366548036,1.6
2133,channels,8,6,5.115995809754082,1.3333333333333333
2134,chicken,8,3,5.809142990314028,2.6666666666666665
2135,co-administration,8,6,5.115995809754082,1.3333333333333333
2136,co-agonists,8,6,5.115995809754082,1.3333333333333333
2137,cognition,8,8,4.8283137373023015,1.0
2138,comparative,8,8,4.8283137373023015,1.0
2139,component,8,8,4.8283137373023015,1.0
2140,core,8,8,4.8283137373023015,1.0
2141,cortical,8,4,5.521460917862246,2.0
2142,creb,8,4,5.521460917862246,2.0
2143,curve,8,7,4.961845129926823,1.1428571428571428
2144,degraded,8,7,4.961845129926823,1.1428571428571428
2145,degree,8,8,4.8283137373023015,1.0
2146,delays,8,8,4.8283137373023015,1.0
2147,deletion,8,4,5.521460917862246,2.0
2148,demand,8,8,4.8283137373023015,1.0
2149,desmopressin,8,1,6.907755278982137,8.0
2150,detect,8,7,4.961845129926823,1.1428571428571428
2151,disturbances,8,8,4.8283137373023015,1.0
2152,diversity,8,6,5.115995809754082,1.3333333333333333
2153,dose-dependently,8,7,4.961845129926823,1.1428571428571428
2154,electronic,8,8,4.8283137373023015,1.0
2155,elucidating,8,8,4.8283137373023015,1.0
2156,enabled,8,8,4.8283137373023015,1.0
2157,endoplasmic,8,8,4.8283137373023015,1.0
2158,enzymatic,8,8,4.8283137373023015,1.0
2159,epidemic,8,8,4.8283137373023015,1.0
2160,epilepsy,8,3,5.809142990314028,2.6666666666666665
2161,excellent,8,8,4.8283137373023015,1.0
2162,excursions,8,7,4.961845129926823,1.1428571428571428
2163,exhibits,8,8,4.8283137373023015,1.0
2164,exist,8,8,4.8283137373023015,1.0
2165,expansion,8,8,4.8283137373023015,1.0
2166,fact,8,8,4.8283137373023015,1.0
2167,g-protein-coupled,8,8,4.8283137373023015,1.0
2168,glp-1-positive,8,4,5.521460917862246,2.0
2169,glp-1-ra,8,2,6.214608098422191,4.0
2170,glp-1-receptor,8,4,5.521460917862246,2.0
2171,glucose-induced,8,8,4.8283137373023015,1.0
2172,glycaemia,8,8,4.8283137373023015,1.0
2173,glycolysis,8,5,5.298317366548036,1.6
2174,gpcrs,8,7,4.961845129926823,1.1428571428571428
2175,gut-brain,8,6,5.115995809754082,1.3333333333333333
2176,hydrophobic,8,5,5.298317366548036,1.6
2177,iglarlixi,8,2,6.214608098422191,4.0
2178,inadequate,8,8,4.8283137373023015,1.0
2179,inception,8,8,4.8283137373023015,1.0
2180,includes,8,8,4.8283137373023015,1.0
2181,incompletely,8,8,4.8283137373023015,1.0
2182,individualized,8,8,4.8283137373023015,1.0
2183,infarct,8,7,4.961845129926823,1.1428571428571428
2184,influencing,8,8,4.8283137373023015,1.0
2185,inform,8,7,4.961845129926823,1.1428571428571428
2186,initiating,8,7,4.961845129926823,1.1428571428571428
2187,instead,8,8,4.8283137373023015,1.0
2188,interval,8,7,4.961845129926823,1.1428571428571428
2189,intervals,8,8,4.8283137373023015,1.0
2190,january,8,8,4.8283137373023015,1.0
2191,linker,8,5,5.298317366548036,1.6
2192,localized,8,7,4.961845129926823,1.1428571428571428
2193,lost,8,7,4.961845129926823,1.1428571428571428
2194,lowered,8,8,4.8283137373023015,1.0
2195,lps,8,3,5.809142990314028,2.6666666666666665
2196,lymphedema,8,1,6.907755278982137,8.0
2197,lymphocytes,8,5,5.298317366548036,1.6
2198,malabsorption,8,6,5.115995809754082,1.3333333333333333
2199,mammalian,8,6,5.115995809754082,1.3333333333333333
2200,mdl,8,2,6.214608098422191,4.0
2201,mglp-1,8,1,6.907755278982137,8.0
2202,microvascular,8,7,4.961845129926823,1.1428571428571428
2203,minimal,8,8,4.8283137373023015,1.0
2204,mixture,8,4,5.521460917862246,2.0
2205,mm,8,6,5.115995809754082,1.3333333333333333
2206,month,8,8,4.8283137373023015,1.0
2207,mr,8,2,6.214608098422191,4.0
2208,multifaceted,8,8,4.8283137373023015,1.0
2209,mutagenesis,8,5,5.298317366548036,1.6
2210,namely,8,8,4.8283137373023015,1.0
2211,nav,8,1,6.907755278982137,8.0
2212,nd,8,2,6.214608098422191,4.0
2213,nearly,8,8,4.8283137373023015,1.0
2214,nitric,8,7,4.961845129926823,1.1428571428571428
2215,nmu,8,1,6.907755278982137,8.0
2216,normoglycemia,8,3,5.809142990314028,2.6666666666666665
2217,nuclei,8,6,5.115995809754082,1.3333333333333333
2218,nutrient-induced,8,5,5.298317366548036,1.6
2219,occlusion,8,6,5.115995809754082,1.3333333333333333
2220,output,8,7,4.961845129926823,1.1428571428571428
2221,owing,8,8,4.8283137373023015,1.0
2222,pathology,8,8,4.8283137373023015,1.0
2223,pbh,8,2,6.214608098422191,4.0
2224,performance,8,8,4.8283137373023015,1.0
2225,pharmacologically,8,8,4.8283137373023015,1.0
2226,physicians,8,8,4.8283137373023015,1.0
2227,physiologically,8,7,4.961845129926823,1.1428571428571428
2228,potentiate,8,7,4.961845129926823,1.1428571428571428
2229,precise,8,8,4.8283137373023015,1.0
2230,probably,8,8,4.8283137373023015,1.0
2231,problems,8,8,4.8283137373023015,1.0
2232,procedure,8,8,4.8283137373023015,1.0
2233,project,8,7,4.961845129926823,1.1428571428571428
2234,promotion,8,6,5.115995809754082,1.3333333333333333
2235,proportion,8,7,4.961845129926823,1.1428571428571428
2236,protracted,8,2,6.214608098422191,4.0
2237,providers,8,8,4.8283137373023015,1.0
2238,quantified,8,8,4.8283137373023015,1.0
2239,ratios,8,7,4.961845129926823,1.1428571428571428
2240,reactive,8,6,5.115995809754082,1.3333333333333333
2241,recognition,8,8,4.8283137373023015,1.0
2242,regard,8,6,5.115995809754082,1.3333333333333333
2243,regression,8,7,4.961845129926823,1.1428571428571428
2244,relaxation,8,3,5.809142990314028,2.6666666666666665
2245,repeat,8,4,5.521460917862246,2.0
2246,researchers,8,8,4.8283137373023015,1.0
2247,reticulum,8,8,4.8283137373023015,1.0
2248,rna-seq,8,5,5.298317366548036,1.6
2249,rodent,8,6,5.115995809754082,1.3333333333333333
2250,sample,8,7,4.961845129926823,1.1428571428571428
2251,satiating,8,5,5.298317366548036,1.6
2252,scholar,8,8,4.8283137373023015,1.0
2253,scientific,8,8,4.8283137373023015,1.0
2254,secrete,8,7,4.961845129926823,1.1428571428571428
2255,set,8,8,4.8283137373023015,1.0
2256,simulations,8,6,5.115995809754082,1.3333333333333333
2257,sought,8,8,4.8283137373023015,1.0
2258,sources,8,7,4.961845129926823,1.1428571428571428
2259,special,8,8,4.8283137373023015,1.0
2260,stage,8,7,4.961845129926823,1.1428571428571428
2261,statistically,8,8,4.8283137373023015,1.0
2262,steatohepatitis,8,7,4.961845129926823,1.1428571428571428
2263,structurally,8,8,4.8283137373023015,1.0
2264,structured,8,8,4.8283137373023015,1.0
2265,success,8,8,4.8283137373023015,1.0
2266,suicidal,8,5,5.298317366548036,1.6
2267,suicidality,8,2,6.214608098422191,4.0
2268,summarized,8,8,4.8283137373023015,1.0
2269,supply,8,4,5.521460917862246,2.0
2270,tas,8,1,6.907755278982137,8.0
2271,technique,8,8,4.8283137373023015,1.0
2272,techniques,8,8,4.8283137373023015,1.0
2273,tm,8,4,5.521460917862246,2.0
2274,tomography,8,6,5.115995809754082,1.3333333333333333
2275,transgenic,8,7,4.961845129926823,1.1428571428571428
2276,trinetx,8,8,4.8283137373023015,1.0
2277,ultrasound,8,7,4.961845129926823,1.1428571428571428
2278,validated,8,8,4.8283137373023015,1.0
2279,variable,8,6,5.115995809754082,1.3333333333333333
2280,variant,8,5,5.298317366548036,1.6
2281,vasodilatory,8,5,5.298317366548036,1.6
2282,yield,8,8,4.8283137373023015,1.0
2283,abnormalities,7,7,4.961845129926823,1.0
2284,acetylcholine,7,6,5.115995809754082,1.1666666666666667
2285,additive,7,7,4.961845129926823,1.0
2286,adenylate,7,6,5.115995809754082,1.1666666666666667
2287,advance,7,7,4.961845129926823,1.0
2288,aiming,7,7,4.961845129926823,1.0
2289,als,7,1,6.907755278982137,7.0
2290,antagonism,7,6,5.115995809754082,1.1666666666666667
2291,antagonists,7,7,4.961845129926823,1.0
2292,anti-apoptotic,7,7,4.961845129926823,1.0
2293,anti-hyperglycemic,7,6,5.115995809754082,1.1666666666666667
2294,antiobesity,7,6,5.115995809754082,1.1666666666666667
2295,app,7,3,5.809142990314028,2.3333333333333335
2296,arc,7,2,6.214608098422191,3.5
2297,arteries,7,3,5.809142990314028,2.3333333333333335
2298,associations,7,6,5.115995809754082,1.1666666666666667
2299,atrophy,7,3,5.809142990314028,2.3333333333333335
2300,attenuate,7,7,4.961845129926823,1.0
2301,attenuation,7,6,5.115995809754082,1.1666666666666667
2302,base,7,7,4.961845129926823,1.0
2303,ber,7,3,5.809142990314028,2.3333333333333335
2304,beta-cells,7,5,5.298317366548036,1.4
2305,bioactive,7,7,4.961845129926823,1.0
2306,block,7,7,4.961845129926823,1.0
2307,bodyweight,7,5,5.298317366548036,1.4
2308,carbohydrates,7,7,4.961845129926823,1.0
2309,casein,7,4,5.521460917862246,1.75
2310,categories,7,6,5.115995809754082,1.1666666666666667
2311,causal,7,7,4.961845129926823,1.0
2312,causing,7,7,4.961845129926823,1.0
2313,cck-8,7,5,5.298317366548036,1.4
2314,cell-specific,7,5,5.298317366548036,1.4
2315,cerebellar,7,1,6.907755278982137,7.0
2316,chemistry,7,7,4.961845129926823,1.0
2317,chick,7,4,5.521460917862246,1.75
2318,chinese,7,4,5.521460917862246,1.75
2319,close,7,7,4.961845129926823,1.0
2320,closely,7,7,4.961845129926823,1.0
2321,coding,7,4,5.521460917862246,1.75
2322,coli,7,6,5.115995809754082,1.1666666666666667
2323,comorbid,7,7,4.961845129926823,1.0
2324,completed,7,7,4.961845129926823,1.0
2325,components,7,7,4.961845129926823,1.0
2326,concerning,7,7,4.961845129926823,1.0
2327,concurrent,7,7,4.961845129926823,1.0
2328,confer,7,7,4.961845129926823,1.0
2329,costs,7,7,4.961845129926823,1.0
2330,count,7,1,6.907755278982137,7.0
2331,cpe,7,1,6.907755278982137,7.0
2332,cyclase,7,6,5.115995809754082,1.1666666666666667
2333,degludec,7,5,5.298317366548036,1.4
2334,deposition,7,6,5.115995809754082,1.1666666666666667
2335,depot,7,5,5.298317366548036,1.4
2336,detail,7,7,4.961845129926823,1.0
2337,details,7,7,4.961845129926823,1.0
2338,dgat,7,1,6.907755278982137,7.0
2339,diarrhoea,7,3,5.809142990314028,2.3333333333333335
2340,differential,7,7,4.961845129926823,1.0
2341,difficult,7,6,5.115995809754082,1.1666666666666667
2342,digital,7,4,5.521460917862246,1.75
2343,display,7,7,4.961845129926823,1.0
2344,disproportionality,7,5,5.298317366548036,1.4
2345,docking,7,6,5.115995809754082,1.1666666666666667
2346,dysbiosis,7,5,5.298317366548036,1.4
2347,dysregulated,7,7,4.961845129926823,1.0
2348,efficiency,7,5,5.298317366548036,1.4
2349,elective,7,6,5.115995809754082,1.1666666666666667
2350,emergence,7,7,4.961845129926823,1.0
2351,endoscopy,7,5,5.298317366548036,1.4
2352,engagement,7,7,4.961845129926823,1.0
2353,episodes,7,6,5.115995809754082,1.1666666666666667
2354,erk,7,7,4.961845129926823,1.0
2355,errors,7,4,5.521460917862246,1.75
2356,euglycemic,7,2,6.214608098422191,3.5
2357,evidence-based,7,7,4.961845129926823,1.0
2358,examining,7,7,4.961845129926823,1.0
2359,excess,7,6,5.115995809754082,1.1666666666666667
2360,exploration,7,7,4.961845129926823,1.0
2361,expressions,7,4,5.521460917862246,1.75
2362,extraction,7,7,4.961845129926823,1.0
2363,extrapancreatic,7,7,4.961845129926823,1.0
2364,face,7,7,4.961845129926823,1.0
2365,facial,7,3,5.809142990314028,2.3333333333333335
2366,fast,7,7,4.961845129926823,1.0
2367,favourable,7,7,4.961845129926823,1.0
2368,feed,7,2,6.214608098422191,3.5
2369,females,7,4,5.521460917862246,1.75
2370,filtration,7,7,4.961845129926823,1.0
2371,find,7,7,4.961845129926823,1.0
2372,fluid,7,7,4.961845129926823,1.0
2373,foods,7,6,5.115995809754082,1.1666666666666667
2374,formed,7,6,5.115995809754082,1.1666666666666667
2375,functionally,7,7,4.961845129926823,1.0
2376,gaba,7,2,6.214608098422191,3.5
2377,gel,7,6,5.115995809754082,1.1666666666666667
2378,give,7,6,5.115995809754082,1.1666666666666667
2379,globally,7,7,4.961845129926823,1.0
2380,hd,7,1,6.907755278982137,7.0
2381,high-dose,7,4,5.521460917862246,1.75
2382,hours,7,6,5.115995809754082,1.1666666666666667
2383,hr,7,5,5.298317366548036,1.4
2384,hybrid,7,6,5.115995809754082,1.1666666666666667
2385,illustrate,7,7,4.961845129926823,1.0
2386,impairments,7,5,5.298317366548036,1.4
2387,impairs,7,7,4.961845129926823,1.0
2388,imperative,7,7,4.961845129926823,1.0
2389,ins-1,7,6,5.115995809754082,1.1666666666666667
2390,integrity,7,7,4.961845129926823,1.0
2391,intestines,7,6,5.115995809754082,1.1666666666666667
2392,involve,7,6,5.115995809754082,1.1666666666666667
2393,ip,7,5,5.298317366548036,1.4
2394,jugular,7,3,5.809142990314028,2.3333333333333335
2395,kcal,7,6,5.115995809754082,1.1666666666666667
2396,kt,7,2,6.214608098422191,3.5
2397,lacking,7,6,5.115995809754082,1.1666666666666667
2398,lactation,7,3,5.809142990314028,2.3333333333333335
2399,latter,7,7,4.961845129926823,1.0
2400,ligand,7,6,5.115995809754082,1.1666666666666667
2401,linkers,7,6,5.115995809754082,1.1666666666666667
2402,links,7,5,5.298317366548036,1.4
2403,lithium,7,4,5.521460917862246,1.75
2404,lose,7,7,4.961845129926823,1.0
2405,lot,7,7,4.961845129926823,1.0
2406,ly,7,5,5.298317366548036,1.4
2407,made,7,7,4.961845129926823,1.0
2408,matching,7,6,5.115995809754082,1.1666666666666667
2409,maternal,7,3,5.809142990314028,2.3333333333333335
2410,maximum,7,5,5.298317366548036,1.4
2411,mcas,7,1,6.907755278982137,7.0
2412,mechanical,7,5,5.298317366548036,1.4
2413,mediates,7,7,4.961845129926823,1.0
2414,modern,7,6,5.115995809754082,1.1666666666666667
2415,modifying,7,7,4.961845129926823,1.0
2416,mp,7,1,6.907755278982137,7.0
2417,msg,7,1,6.907755278982137,7.0
2418,mucosa,7,6,5.115995809754082,1.1666666666666667
2419,mucus,7,3,5.809142990314028,2.3333333333333335
2420,multidisciplinary,7,5,5.298317366548036,1.4
2421,nanoparticles,7,3,5.809142990314028,2.3333333333333335
2422,natriuresis,7,6,5.115995809754082,1.1666666666666667
2423,nature,7,7,4.961845129926823,1.0
2424,necrosis,7,6,5.115995809754082,1.1666666666666667
2425,neurobiological,7,7,4.961845129926823,1.0
2426,neuroendocrine,7,6,5.115995809754082,1.1666666666666667
2427,neuron,7,5,5.298317366548036,1.4
2428,neuropeptide,7,7,4.961845129926823,1.0
2429,nicotine,7,4,5.521460917862246,1.75
2430,non-specific,7,5,5.298317366548036,1.4
2431,nonalcoholic,7,6,5.115995809754082,1.1666666666666667
2432,none,7,5,5.298317366548036,1.4
2433,noted,7,7,4.961845129926823,1.0
2434,noteworthy,7,7,4.961845129926823,1.0
2435,nuclear,7,7,4.961845129926823,1.0
2436,oa,7,2,6.214608098422191,3.5
2437,off-label,7,6,5.115995809754082,1.1666666666666667
2438,old,7,5,5.298317366548036,1.4
2439,opportunities,7,6,5.115995809754082,1.1666666666666667
2440,opportunity,7,7,4.961845129926823,1.0
2441,osteogenic,7,3,5.809142990314028,2.3333333333333335
2442,pams,7,4,5.521460917862246,1.75
2443,paraventricular,7,7,4.961845129926823,1.0
2444,pcr,7,7,4.961845129926823,1.0
2445,pcsk,7,6,5.115995809754082,1.1666666666666667
2446,pediatric,7,5,5.298317366548036,1.4
2447,peptidase-iv,7,7,4.961845129926823,1.0
2448,perception,7,4,5.521460917862246,1.75
2449,persons,7,5,5.298317366548036,1.4
2450,pituitary,7,5,5.298317366548036,1.4
2451,pji,7,2,6.214608098422191,3.5
2452,plasticity,7,6,5.115995809754082,1.1666666666666667
2453,polypeptides,7,3,5.809142990314028,2.3333333333333335
2454,positioned,7,5,5.298317366548036,1.4
2455,positions,7,7,4.961845129926823,1.0
2456,post-prandial,7,5,5.298317366548036,1.4
2457,postoperatively,7,6,5.115995809754082,1.1666666666666667
2458,preferred,7,7,4.961845129926823,1.0
2459,prepared,7,7,4.961845129926823,1.0
2460,prominent,7,7,4.961845129926823,1.0
2461,protected,7,6,5.115995809754082,1.1666666666666667
2462,proteolytic,7,7,4.961845129926823,1.0
2463,publications,7,7,4.961845129926823,1.0
2464,putative,7,7,4.961845129926823,1.0
2465,qualitative,7,3,5.809142990314028,2.3333333333333335
2466,quinine,7,1,6.907755278982137,7.0
2467,ramadan,7,1,6.907755278982137,7.0
2468,reaching,7,4,5.521460917862246,1.75
2469,recognised,7,6,5.115995809754082,1.1666666666666667
2470,reflex,7,3,5.809142990314028,2.3333333333333335
2471,remodeling,7,6,5.115995809754082,1.1666666666666667
2472,reoperation,7,2,6.214608098422191,3.5
2473,requirements,7,6,5.115995809754082,1.1666666666666667
2474,residue,7,6,5.115995809754082,1.1666666666666667
2475,resonance,7,7,4.961845129926823,1.0
2476,responsiveness,7,7,4.961845129926823,1.0
2477,restriction,7,6,5.115995809754082,1.1666666666666667
2478,reversed,7,7,4.961845129926823,1.0
2479,rr,7,4,5.521460917862246,1.75
2480,sad,7,2,6.214608098422191,3.5
2481,scgn,7,1,6.907755278982137,7.0
2482,segments,7,4,5.521460917862246,1.75
2483,selectively,7,7,4.961845129926823,1.0
2484,sensitive,7,7,4.961845129926823,1.0
2485,separate,7,7,4.961845129926823,1.0
2486,sequences,7,6,5.115995809754082,1.1666666666666667
2487,sequencing,7,6,5.115995809754082,1.1666666666666667
2488,sham,7,5,5.298317366548036,1.4
2489,source,7,6,5.115995809754082,1.1666666666666667
2490,spectrometry,7,7,4.961845129926823,1.0
2491,spontaneous,7,6,5.115995809754082,1.1666666666666667
2492,stratified,7,7,4.961845129926823,1.0
2493,subcutaneously,7,6,5.115995809754082,1.1666666666666667
2494,sucrose,7,4,5.521460917862246,1.75
2495,surgeries,7,7,4.961845129926823,1.0
2496,surrounding,7,7,4.961845129926823,1.0
2497,swallowing,7,1,6.907755278982137,7.0
2498,sympathetic,7,6,5.115995809754082,1.1666666666666667
2499,syndromes,7,4,5.521460917862246,1.75
2500,synergistically,7,7,4.961845129926823,1.0
2501,synthesize,7,7,4.961845129926823,1.0
2502,technologies,7,3,5.809142990314028,2.3333333333333335
2503,technology,7,7,4.961845129926823,1.0
2504,temporal,7,6,5.115995809754082,1.1666666666666667
2505,terminals,7,3,5.809142990314028,2.3333333333333335
2506,tglp-1,7,3,5.809142990314028,2.3333333333333335
2507,th,7,6,5.115995809754082,1.1666666666666667
2508,third,7,7,4.961845129926823,1.0
2509,titration,7,6,5.115995809754082,1.1666666666666667
2510,tka,7,1,6.907755278982137,7.0
2511,transcription,7,5,5.298317366548036,1.4
2512,transmembrane,7,7,4.961845129926823,1.0
2513,transmission,7,6,5.115995809754082,1.1666666666666667
2514,transport,7,3,5.809142990314028,2.3333333333333335
2515,trend,7,6,5.115995809754082,1.1666666666666667
2516,tyrosine,7,5,5.298317366548036,1.4
2517,uk,7,4,5.521460917862246,1.75
2518,ultimately,7,7,4.961845129926823,1.0
2519,unlike,7,7,4.961845129926823,1.0
2520,utilizing,7,7,4.961845129926823,1.0
2521,variation,7,7,4.961845129926823,1.0
2522,varied,7,7,4.961845129926823,1.0
2523,varying,7,7,4.961845129926823,1.0
2524,vasculature,7,7,4.961845129926823,1.0
2525,visual,7,4,5.521460917862246,1.75
2526,w,7,4,5.521460917862246,1.75
2527,wd,7,1,6.907755278982137,7.0
2528,whose,7,6,5.115995809754082,1.1666666666666667
2529,x,7,6,5.115995809754082,1.1666666666666667
2530,xenin-8-gln,7,1,6.907755278982137,7.0
2531,yielded,7,7,4.961845129926823,1.0
2532,zp,7,1,6.907755278982137,7.0
2533,abnormal,6,5,5.298317366548036,1.2
2534,above,6,6,5.115995809754082,1.0
2535,accordingly,6,6,5.115995809754082,1.0
2536,accounting,6,6,5.115995809754082,1.0
2537,acidic,6,6,5.115995809754082,1.0
2538,acne,6,1,6.907755278982137,6.0
2539,added,6,6,5.115995809754082,1.0
2540,addressed,6,6,5.115995809754082,1.0
2541,advancements,6,6,5.115995809754082,1.0
2542,aes,6,2,6.214608098422191,3.0
2543,age-related,6,4,5.521460917862246,1.5
2544,algorithm,6,6,5.115995809754082,1.0
2545,allow,6,6,5.115995809754082,1.0
2546,ameliorate,6,6,5.115995809754082,1.0
2547,ameliorating,6,6,5.115995809754082,1.0
2548,analysed,6,6,5.115995809754082,1.0
2549,aneurysm,6,1,6.907755278982137,6.0
2550,anti-glp-1,6,2,6.214608098422191,3.0
2551,anti-hyperglycaemic,6,5,5.298317366548036,1.2
2552,antidepressant,6,2,6.214608098422191,3.0
2553,anxiety,6,3,5.809142990314028,2.0
2554,around,6,6,5.115995809754082,1.0
2555,astrocytes,6,3,5.809142990314028,2.0
2556,atp,6,5,5.298317366548036,1.2
2557,atrial,6,6,5.115995809754082,1.0
2558,attenuates,6,6,5.115995809754082,1.0
2559,auc,6,3,5.809142990314028,2.0
2560,average,6,6,5.115995809754082,1.0
2561,balanced,6,6,5.115995809754082,1.0
2562,behaviour,6,6,5.115995809754082,1.0
2563,behavioural,6,3,5.809142990314028,2.0
2564,bi,6,1,6.907755278982137,6.0
2565,binge,6,3,5.809142990314028,2.0
2566,bioactivity,6,5,5.298317366548036,1.2
2567,blocking,6,6,5.115995809754082,1.0
2568,bound,6,4,5.521460917862246,1.5
2569,breakdown,6,4,5.521460917862246,1.5
2570,brief,6,6,5.115995809754082,1.0
2571,btb,6,1,6.907755278982137,6.0
2572,calculated,6,6,5.115995809754082,1.0
2573,canonical,6,5,5.298317366548036,1.2
2574,carers,6,1,6.907755278982137,6.0
2575,cav,6,2,6.214608098422191,3.0
2576,centrally,6,6,5.115995809754082,1.0
2577,changed,6,6,5.115995809754082,1.0
2578,chow,6,3,5.809142990314028,2.0
2579,circumference,6,6,5.115995809754082,1.0
2580,classical,6,4,5.521460917862246,1.5
2581,clp,6,2,6.214608098422191,3.0
2582,cm,6,3,5.809142990314028,2.0
2583,cn,6,2,6.214608098422191,3.0
2584,communication,6,4,5.521460917862246,1.5
2585,concepts,6,6,5.115995809754082,1.0
2586,conclusive,6,5,5.298317366548036,1.2
2587,conflicting,6,6,5.115995809754082,1.0
2588,conjugated,6,4,5.521460917862246,1.5
2589,conjunction,6,6,5.115995809754082,1.0
2590,consensus,6,6,5.115995809754082,1.0
2591,consideration,6,5,5.298317366548036,1.2
2592,constrained,6,5,5.298317366548036,1.2
2593,contain,6,6,5.115995809754082,1.0
2594,contained,6,6,5.115995809754082,1.0
2595,contributed,6,6,5.115995809754082,1.0
2596,contributor,6,6,5.115995809754082,1.0
2597,controversial,6,6,5.115995809754082,1.0
2598,corresponding,6,6,5.115995809754082,1.0
2599,countries,6,6,5.115995809754082,1.0
2600,cre,6,2,6.214608098422191,3.0
2601,crop,6,1,6.907755278982137,6.0
2602,cutaneous,6,3,5.809142990314028,2.0
2603,cycle,6,4,5.521460917862246,1.5
2604,deleterious,6,6,5.115995809754082,1.0
2605,depletion,6,6,5.115995809754082,1.0
2606,dermatologic,6,2,6.214608098422191,3.0
2607,determinants,6,5,5.298317366548036,1.2
2608,diastolic,6,3,5.809142990314028,2.0
2609,discontinuing,6,6,5.115995809754082,1.0
2610,disease-modifying,6,5,5.298317366548036,1.2
2611,diurnal,6,2,6.214608098422191,3.0
2612,divided,6,6,5.115995809754082,1.0
2613,dn,6,1,6.907755278982137,6.0
2614,donors,6,2,6.214608098422191,3.0
2615,down,6,6,5.115995809754082,1.0
2616,dramatically,6,6,5.115995809754082,1.0
2617,drawn,6,6,5.115995809754082,1.0
2618,ds,6,1,6.907755278982137,6.0
2619,e-glp-1,6,2,6.214608098422191,3.0
2620,ed,6,2,6.214608098422191,3.0
2621,edema,6,2,6.214608098422191,3.0
2622,eds,6,2,6.214608098422191,3.0
2623,egia,6,1,6.907755278982137,6.0
2624,emphasize,6,6,5.115995809754082,1.0
2625,emphasized,6,6,5.115995809754082,1.0
2626,emphasizing,6,6,5.115995809754082,1.0
2627,enabling,6,6,5.115995809754082,1.0
2628,encounter,6,5,5.298317366548036,1.2
2629,endometrial,6,1,6.907755278982137,6.0
2630,enteral,6,6,5.115995809754082,1.0
2631,epidemiological,6,6,5.115995809754082,1.0
2632,equitable,6,6,5.115995809754082,1.0
2633,escalation,6,5,5.298317366548036,1.2
2634,every,6,6,5.115995809754082,1.0
2635,excitatory,6,5,5.298317366548036,1.2
2636,exclusively,6,6,5.115995809754082,1.0
2637,excretion,6,5,5.298317366548036,1.2
2638,excursion,6,5,5.298317366548036,1.2
2639,existence,6,6,5.115995809754082,1.0
2640,facilitates,6,6,5.115995809754082,1.0
2641,fewer,6,6,5.115995809754082,1.0
2642,fibrillation,6,6,5.115995809754082,1.0
2643,fixed,6,3,5.809142990314028,2.0
2644,fodmap,6,1,6.907755278982137,6.0
2645,fractions,6,1,6.907755278982137,6.0
2646,fragment,6,6,5.115995809754082,1.0
2647,frcs,6,2,6.214608098422191,3.0
2648,gastroenterologists,6,1,6.907755278982137,6.0
2649,genotype,6,3,5.809142990314028,2.0
2650,glands,6,5,5.298317366548036,1.2
2651,glar,6,1,6.907755278982137,6.0
2652,glomerular,6,5,5.298317366548036,1.2
2653,glp-1-immunoreactive,6,3,5.809142990314028,2.0
2654,glp-1-mediated,6,5,5.298317366548036,1.2
2655,glp-1a,6,2,6.214608098422191,3.0
2656,glp-1rx,6,1,6.907755278982137,6.0
2657,glu,6,4,5.521460917862246,1.5
2658,glucotoxicity,6,4,5.521460917862246,1.5
2659,glycosylated,6,6,5.115995809754082,1.0
2660,glypin,6,1,6.907755278982137,6.0
2661,go,6,4,5.521460917862246,1.5
2662,gq,6,3,5.809142990314028,2.0
2663,gsk-3,6,3,5.809142990314028,2.0
2664,healthier,6,4,5.521460917862246,1.5
2665,helix,6,5,5.298317366548036,1.2
2666,hgb,6,1,6.907755278982137,6.0
2667,hgpr,6,2,6.214608098422191,3.0
2668,histological,6,6,5.115995809754082,1.0
2669,historically,6,6,5.115995809754082,1.0
2670,hospitalization,6,5,5.298317366548036,1.2
2671,hsa,6,2,6.214608098422191,3.0
2672,identifies,6,6,5.115995809754082,1.0
2673,inappropriate,6,3,5.809142990314028,2.0
2674,inconsistent,6,6,5.115995809754082,1.0
2675,incorporating,6,6,5.115995809754082,1.0
2676,indication,6,3,5.809142990314028,2.0
2677,infections,6,3,5.809142990314028,2.0
2678,influences,6,6,5.115995809754082,1.0
2679,insulinomas,6,3,5.809142990314028,2.0
2680,intensive,6,6,5.115995809754082,1.0
2681,interconnected,6,6,5.115995809754082,1.0
2682,intravenously,6,6,5.115995809754082,1.0
2683,introducing,6,6,5.115995809754082,1.0
2684,invasive,6,6,5.115995809754082,1.0
2685,ion,6,6,5.115995809754082,1.0
2686,iri,6,1,6.907755278982137,6.0
2687,itself,6,6,5.115995809754082,1.0
2688,ketone,6,5,5.298317366548036,1.2
2689,knee,6,3,5.809142990314028,2.0
2690,la,6,1,6.907755278982137,6.0
2691,late,6,3,5.809142990314028,2.0
2692,layer,6,4,5.521460917862246,1.5
2693,licensed,6,6,5.115995809754082,1.0
2694,life-threatening,6,6,5.115995809754082,1.0
2695,lifespan,6,4,5.521460917862246,1.5
2696,lina,6,1,6.907755278982137,6.0
2697,linear,6,6,5.115995809754082,1.0
2698,lipolysis,6,4,5.521460917862246,1.5
2699,lipotoxicity,6,5,5.298317366548036,1.2
2700,ll-glp1,6,1,6.907755278982137,6.0
2701,loaded,6,1,6.907755278982137,6.0
2702,lymph,6,2,6.214608098422191,3.0
2703,lysosomal,6,4,5.521460917862246,1.5
2704,macrophages,6,4,5.521460917862246,1.5
2705,macrovascular,6,6,5.115995809754082,1.0
2706,mediator,6,5,5.298317366548036,1.2
2707,meet,6,6,5.115995809754082,1.0
2708,messenger,6,6,5.115995809754082,1.0
2709,metformin-treated,6,2,6.214608098422191,3.0
2710,microcirculation,6,3,5.809142990314028,2.0
2711,microdosing,6,2,6.214608098422191,3.0
2712,microscopy,6,6,5.115995809754082,1.0
2713,minimize,6,5,5.298317366548036,1.2
2714,mitigation,6,6,5.115995809754082,1.0
2715,mle,6,1,6.907755278982137,6.0
2716,mode,6,6,5.115995809754082,1.0
2717,modes,6,6,5.115995809754082,1.0
2718,modify,6,6,5.115995809754082,1.0
2719,monotherapy,6,5,5.298317366548036,1.2
2720,muscarinic,6,5,5.298317366548036,1.2
2721,nds,6,2,6.214608098422191,3.0
2722,negatively,6,6,5.115995809754082,1.0
2723,neonates,6,2,6.214608098422191,3.0
2724,neuropsychiatric,6,3,5.809142990314028,2.0
2725,nine,6,6,5.115995809754082,1.0
2726,nmr,6,6,5.115995809754082,1.0
2727,nnc,6,2,6.214608098422191,3.0
2728,non-alcoholic,6,6,5.115995809754082,1.0
2729,nt,6,1,6.907755278982137,6.0
2730,observation,6,5,5.298317366548036,1.2
2731,obstruction,6,6,5.115995809754082,1.0
2732,once-daily,6,6,5.115995809754082,1.0
2733,online,6,5,5.298317366548036,1.2
2734,orexin-a,6,1,6.907755278982137,6.0
2735,organization,6,5,5.298317366548036,1.2
2736,orlistat,6,3,5.809142990314028,2.0
2737,oxide,6,5,5.298317366548036,1.2
2738,patent,6,3,5.809142990314028,2.0
2739,perk,6,3,5.809142990314028,2.0
2740,permeability,6,6,5.115995809754082,1.0
2741,persist,6,6,5.115995809754082,1.0
2742,personalized,6,6,5.115995809754082,1.0
2743,pma,6,2,6.214608098422191,3.0
2744,pmg,6,2,6.214608098422191,3.0
2745,point,6,6,5.115995809754082,1.0
2746,popular,6,6,5.115995809754082,1.0
2747,popularity,6,6,5.115995809754082,1.0
2748,poses,6,6,5.115995809754082,1.0
2749,possibility,6,5,5.298317366548036,1.2
2750,potentiated,6,6,5.115995809754082,1.0
2751,potentiates,6,6,5.115995809754082,1.0
2752,potentiation,6,6,5.115995809754082,1.0
2753,pre,6,5,5.298317366548036,1.2
2754,preference,6,3,5.809142990314028,2.0
2755,premature,6,6,5.115995809754082,1.0
2756,preparation,6,6,5.115995809754082,1.0
2757,presentation,6,6,5.115995809754082,1.0
2758,presenting,6,6,5.115995809754082,1.0
2759,preservation,6,6,5.115995809754082,1.0
2760,preserve,6,5,5.298317366548036,1.2
2761,preserving,6,6,5.115995809754082,1.0
2762,probes,6,5,5.298317366548036,1.2
2763,probiotic,6,5,5.298317366548036,1.2
2764,procyanidins,6,3,5.809142990314028,2.0
2765,protects,6,6,5.115995809754082,1.0
2766,protocols,6,6,5.115995809754082,1.0
2767,ps,6,3,5.809142990314028,2.0
2768,ptl,6,1,6.907755278982137,6.0
2769,quantification,6,5,5.298317366548036,1.2
2770,radiolabeled,6,6,5.115995809754082,1.0
2771,raise,6,6,5.115995809754082,1.0
2772,raises,6,6,5.115995809754082,1.0
2773,randomised,6,6,5.115995809754082,1.0
2774,rational,6,6,5.115995809754082,1.0
2775,rcr,6,2,6.214608098422191,3.0
2776,receive,6,6,5.115995809754082,1.0
2777,recommend,6,6,5.115995809754082,1.0
2778,recovery,6,6,5.115995809754082,1.0
2779,recurrence,6,3,5.809142990314028,2.0
2780,reference,6,6,5.115995809754082,1.0
2781,referred,6,6,5.115995809754082,1.0
2782,repeated,6,5,5.298317366548036,1.2
2783,respect,6,6,5.115995809754082,1.0
2784,retained,6,6,5.115995809754082,1.0
2785,reveals,6,5,5.298317366548036,1.2
2786,rglp-1,6,2,6.214608098422191,3.0
2787,rna,6,6,5.115995809754082,1.0
2788,rolgg,6,1,6.907755278982137,6.0
2789,rp,6,1,6.907755278982137,6.0
2790,rt-pcr,6,6,5.115995809754082,1.0
2791,sar,6,2,6.214608098422191,3.0
2792,sarcopenia,6,4,5.521460917862246,1.5
2793,sc,6,2,6.214608098422191,3.0
2794,scale,6,6,5.115995809754082,1.0
2795,scd,6,1,6.907755278982137,6.0
2796,scn,6,2,6.214608098422191,3.0
2797,searches,6,6,5.115995809754082,1.0
2798,secreting,6,6,5.115995809754082,1.0
2799,sections,6,5,5.298317366548036,1.2
2800,self-assembling,6,1,6.907755278982137,6.0
2801,sense,6,6,5.115995809754082,1.0
2802,sensing,6,6,5.115995809754082,1.0
2803,sensory,6,6,5.115995809754082,1.0
2804,shared,6,6,5.115995809754082,1.0
2805,sheep,6,2,6.214608098422191,3.0
2806,short-acting,6,5,5.298317366548036,1.2
2807,sirt,6,3,5.809142990314028,2.0
2808,slowing,6,6,5.115995809754082,1.0
2809,society,6,6,5.115995809754082,1.0
2810,socioeconomic,6,5,5.298317366548036,1.2
2811,south,6,1,6.907755278982137,6.0
2812,specificity,6,6,5.115995809754082,1.0
2813,step,6,6,5.115995809754082,1.0
2814,strains,6,4,5.521460917862246,1.5
2815,studying,6,6,5.115995809754082,1.0
2816,successful,6,6,5.115995809754082,1.0
2817,sulfonylureas,6,3,5.809142990314028,2.0
2818,supplementation,6,2,6.214608098422191,3.0
2819,surprisingly,6,6,5.115995809754082,1.0
2820,survey,6,3,5.809142990314028,2.0
2821,susceptibility,6,5,5.298317366548036,1.2
2822,synthase,6,6,5.115995809754082,1.0
2823,systolic,6,5,5.298317366548036,1.2
2824,taurine,6,2,6.214608098422191,3.0
2825,ten,6,6,5.115995809754082,1.0
2826,testicular,6,2,6.214608098422191,3.0
2827,tfr,6,1,6.907755278982137,6.0
2828,tg,6,3,5.809142990314028,2.0
2829,thorough,6,6,5.115995809754082,1.0
2830,timing,6,4,5.521460917862246,1.5
2831,too,6,6,5.115995809754082,1.0
2832,tracer,6,5,5.298317366548036,1.2
2833,tractus,6,6,5.115995809754082,1.0
2834,training,6,6,5.115995809754082,1.0
2835,transduction,6,6,5.115995809754082,1.0
2836,translocation,6,3,5.809142990314028,2.0
2837,transporter,6,5,5.298317366548036,1.2
2838,twelve,6,6,5.115995809754082,1.0
2839,twice,6,4,5.521460917862246,1.5
2840,tzp,6,1,6.907755278982137,6.0
2841,underscore,6,6,5.115995809754082,1.0
2842,upregulated,6,6,5.115995809754082,1.0
2843,urgently,6,6,5.115995809754082,1.0
2844,usi,6,1,6.907755278982137,6.0
2845,variants,6,4,5.521460917862246,1.5
2846,vector,6,4,5.521460917862246,1.5
2847,view,6,6,5.115995809754082,1.0
2848,vildagliptin,6,1,6.907755278982137,6.0
2849,waist,6,6,5.115995809754082,1.0
2850,wat,6,1,6.907755278982137,6.0
2851,weight-lowering,6,4,5.521460917862246,1.5
2852,white,6,6,5.115995809754082,1.0
2853,wistar,6,5,5.298317366548036,1.2
2854,yields,6,6,5.115995809754082,1.0
2855,absent,5,5,5.298317366548036,1.0
2856,accidental,5,1,6.907755278982137,5.0
2857,accumulating,5,5,5.298317366548036,1.0
2858,actin,5,3,5.809142990314028,1.6666666666666667
2859,adaptive,5,4,5.521460917862246,1.25
2860,adhesion,5,5,5.298317366548036,1.0
2861,adipocytes,5,4,5.521460917862246,1.25
2862,adiponectin,5,3,5.809142990314028,1.6666666666666667
2863,adjustment,5,5,5.298317366548036,1.0
2864,adopted,5,5,5.298317366548036,1.0
2865,adrenaline,5,1,6.907755278982137,5.0
2866,adrenoceptor,5,2,6.214608098422191,2.5
2867,advantageous,5,5,5.298317366548036,1.0
2868,affinities,5,3,5.809142990314028,1.6666666666666667
2869,aged,5,5,5.298317366548036,1.0
2870,agopams,5,1,6.907755278982137,5.0
2871,alleviate,5,5,5.298317366548036,1.0
2872,alleviates,5,5,5.298317366548036,1.0
2873,alopecia,5,3,5.809142990314028,1.6666666666666667
2874,alteration,5,5,5.298317366548036,1.0
2875,alters,5,4,5.521460917862246,1.25
2876,anorexic,5,4,5.521460917862246,1.25
2877,anti-cd3,5,1,6.907755278982137,5.0
2878,antibodies,5,2,6.214608098422191,2.5
2879,anticipated,5,5,5.298317366548036,1.0
2880,antihyperglycaemic,5,5,5.298317366548036,1.0
2881,antioxidant,5,4,5.521460917862246,1.25
2882,apd,5,1,6.907755278982137,5.0
2883,ape,5,2,6.214608098422191,2.5
2884,arcuate,5,5,5.298317366548036,1.0
2885,arise,5,5,5.298317366548036,1.0
2886,arr,5,1,6.907755278982137,5.0
2887,array,5,5,5.298317366548036,1.0
2888,arrestin,5,5,5.298317366548036,1.0
2889,asian,5,3,5.809142990314028,1.6666666666666667
2890,asians,5,2,6.214608098422191,2.5
2891,assembly,5,5,5.298317366548036,1.0
2892,asymptomatic,5,3,5.809142990314028,1.6666666666666667
2893,augmented,5,4,5.521460917862246,1.25
2894,autonomic,5,5,5.298317366548036,1.0
2895,avenues,5,5,5.298317366548036,1.0
2896,avoiding,5,4,5.521460917862246,1.25
2897,avp,5,1,6.907755278982137,5.0
2898,awareness,5,5,5.298317366548036,1.0
2899,binge-eating,5,2,6.214608098422191,2.5
2900,briefly,5,5,5.298317366548036,1.0
2901,broadly,5,5,5.298317366548036,1.0
2902,buffer,5,4,5.521460917862246,1.25
2903,bw,5,1,6.907755278982137,5.0
2904,bydureon,5,3,5.809142990314028,1.6666666666666667
2905,byetta,5,5,5.298317366548036,1.0
2906,cafeteria,5,2,6.214608098422191,2.5
2907,cardiomyopathy,5,3,5.809142990314028,1.6666666666666667
2908,caregivers,5,1,6.907755278982137,5.0
2909,carriers,5,4,5.521460917862246,1.25
2910,catheter,5,4,5.521460917862246,1.25
2911,cck-1,5,1,6.907755278982137,5.0
2912,cf,5,2,6.214608098422191,2.5
2913,cfvr,5,1,6.907755278982137,5.0
2914,cgm,5,2,6.214608098422191,2.5
2915,cho,5,3,5.809142990314028,1.6666666666666667
2916,clinic,5,4,5.521460917862246,1.25
2917,clinics,5,5,5.298317366548036,1.0
2918,coagonists,5,2,6.214608098422191,2.5
2919,coffee,5,1,6.907755278982137,5.0
2920,combine,5,5,5.298317366548036,1.0
2921,comparing,5,4,5.521460917862246,1.25
2922,comparisons,5,5,5.298317366548036,1.0
2923,complement,5,5,5.298317366548036,1.0
2924,complicated,5,5,5.298317366548036,1.0
2925,composed,5,5,5.298317366548036,1.0
2926,conjugation,5,4,5.521460917862246,1.25
2927,constant,5,5,5.298317366548036,1.0
2928,constipation,5,4,5.521460917862246,1.25
2929,constitute,5,5,5.298317366548036,1.0
2930,continued,5,5,5.298317366548036,1.0
2931,contraception,5,3,5.809142990314028,1.6666666666666667
2932,contribution,5,5,5.298317366548036,1.0
2933,contributions,5,5,5.298317366548036,1.0
2934,converging,5,5,5.298317366548036,1.0
2935,corpus,5,2,6.214608098422191,2.5
2936,correlations,5,4,5.521460917862246,1.25
2937,coupling,5,5,5.298317366548036,1.0
2938,created,5,4,5.521460917862246,1.25
2939,creating,5,5,5.298317366548036,1.0
2940,crossover,5,5,5.298317366548036,1.0
2941,de,5,4,5.521460917862246,1.25
2942,decisions,5,5,5.298317366548036,1.0
2943,deeper,5,5,5.298317366548036,1.0
2944,defects,5,5,5.298317366548036,1.0
2945,deliver,5,5,5.298317366548036,1.0
2946,delivered,5,5,5.298317366548036,1.0
2947,delves,5,5,5.298317366548036,1.0
2948,depends,5,5,5.298317366548036,1.0
2949,depressive,5,2,6.214608098422191,2.5
2950,designs,5,5,5.298317366548036,1.0
2951,deterioration,5,5,5.298317366548036,1.0
2952,determination,5,5,5.298317366548036,1.0
2953,diet-fed,5,1,6.907755278982137,5.0
2954,differentiate,5,4,5.521460917862246,1.25
2955,diminished,5,5,5.298317366548036,1.0
2956,discomfort,5,5,5.298317366548036,1.0
2957,distension,5,5,5.298317366548036,1.0
2958,dl,5,4,5.521460917862246,1.25
2959,dosage,5,5,5.298317366548036,1.0
2960,double,5,5,5.298317366548036,1.0
2961,dpp-4is,5,2,6.214608098422191,2.5
2962,dramatic,5,5,5.298317366548036,1.0
2963,drive,5,5,5.298317366548036,1.0
2964,duodenum,5,5,5.298317366548036,1.0
2965,eec,5,5,5.298317366548036,1.0
2966,effectors,5,5,5.298317366548036,1.0
2967,egfr,5,3,5.809142990314028,1.6666666666666667
2968,elderly,5,4,5.521460917862246,1.25
2969,elements,5,4,5.521460917862246,1.25
2970,eli,5,4,5.521460917862246,1.25
2971,elicit,5,5,5.298317366548036,1.0
2972,eligible,5,5,5.298317366548036,1.0
2973,elimination,5,5,5.298317366548036,1.0
2974,elusive,5,5,5.298317366548036,1.0
2975,emergency,5,4,5.521460917862246,1.25
2976,emission,5,5,5.298317366548036,1.0
2977,empa,5,1,6.907755278982137,5.0
2978,enable,5,5,5.298317366548036,1.0
2979,enac,5,1,6.907755278982137,5.0
2980,encoding,5,5,5.298317366548036,1.0
2981,endorphin,5,2,6.214608098422191,2.5
2982,endosomal,5,2,6.214608098422191,2.5
2983,enhancers,5,4,5.521460917862246,1.25
2984,enzymes,5,5,5.298317366548036,1.0
2985,era,5,5,5.298317366548036,1.0
2986,eriomin,5,1,6.907755278982137,5.0
2987,establishing,5,5,5.298317366548036,1.0
2988,estrogen,5,2,6.214608098422191,2.5
2989,evolved,5,5,5.298317366548036,1.0
2990,exciting,5,5,5.298317366548036,1.0
2991,excluded,5,5,5.298317366548036,1.0
2992,experiences,5,3,5.809142990314028,1.6666666666666667
2993,explained,5,5,5.298317366548036,1.0
2994,exploited,5,5,5.298317366548036,1.0
2995,extends,5,5,5.298317366548036,1.0
2996,extension,5,5,5.298317366548036,1.0
2997,eye,5,4,5.521460917862246,1.25
2998,eyes,5,2,6.214608098422191,2.5
2999,fail,5,5,5.298317366548036,1.0
3000,fall,5,5,5.298317366548036,1.0
3001,fashion,5,5,5.298317366548036,1.0
3002,fc,5,1,6.907755278982137,5.0
3003,fertility,5,4,5.521460917862246,1.25
3004,ffas,5,2,6.214608098422191,2.5
3005,fgf,5,2,6.214608098422191,2.5
3006,fish,5,2,6.214608098422191,2.5
3007,flexibility,5,4,5.521460917862246,1.25
3008,fluorescent,5,4,5.521460917862246,1.25
3009,fundamental,5,5,5.298317366548036,1.0
3010,gabaergic,5,5,5.298317366548036,1.0
3011,gabapentin,5,2,6.214608098422191,2.5
3012,gastrectomy,5,5,5.298317366548036,1.0
3013,gcg-13,5,1,6.907755278982137,5.0
3014,generalized,5,2,6.214608098422191,2.5
3015,ghs-r1a,5,2,6.214608098422191,2.5
3016,girls,5,1,6.907755278982137,5.0
3017,gland,5,4,5.521460917862246,1.25
3018,glial,5,4,5.521460917862246,1.25
3019,glp-1-glu-pal,5,1,6.907755278982137,5.0
3020,glp-1-ir,5,1,6.907755278982137,5.0
3021,glp-1-r,5,3,5.809142990314028,1.6666666666666667
3022,glucocorticoids,5,1,6.907755278982137,5.0
3023,glutamatergic,5,5,5.298317366548036,1.0
3024,grade,5,4,5.521460917862246,1.25
3025,grp-29,5,1,6.907755278982137,5.0
3026,gs,5,3,5.809142990314028,1.6666666666666667
3027,head-to-head,5,4,5.521460917862246,1.25
3028,hip,5,2,6.214608098422191,2.5
3029,histology,5,3,5.809142990314028,1.6666666666666667
3030,host,5,3,5.809142990314028,1.6666666666666667
3031,hpvg,5,1,6.907755278982137,5.0
3032,hyperglycemic,5,5,5.298317366548036,1.0
3033,hyperlipidemia,5,4,5.521460917862246,1.25
3034,hypothesize,5,5,5.298317366548036,1.0
3035,hypoxia,5,4,5.521460917862246,1.25
3036,ibs,5,1,6.907755278982137,5.0
3037,il-1,5,3,5.809142990314028,1.6666666666666667
3038,illness,5,4,5.521460917862246,1.25
3039,ilmv,5,1,6.907755278982137,5.0
3040,immunocytochemistry,5,5,5.298317366548036,1.0
3041,immunomodulatory,5,5,5.298317366548036,1.0
3042,in-depth,5,5,5.298317366548036,1.0
3043,inactive,5,5,5.298317366548036,1.0
3044,infertility,5,4,5.521460917862246,1.25
3045,initiated,5,5,5.298317366548036,1.0
3046,insulin-producing,5,3,5.809142990314028,1.6666666666666667
3047,integrates,5,5,5.298317366548036,1.0
3048,inter-individual,5,3,5.809142990314028,1.6666666666666667
3049,intranasal,5,1,6.907755278982137,5.0
3050,ischaemia,5,3,5.809142990314028,1.6666666666666667
3051,items,5,5,5.298317366548036,1.0
3052,japanese,5,4,5.521460917862246,1.25
3053,jejunum,5,5,5.298317366548036,1.0
3054,just,5,4,5.521460917862246,1.25
3055,kinases,5,5,5.298317366548036,1.0
3056,l-phenylalanine,5,1,6.907755278982137,5.0
3057,lactobacillus,5,4,5.521460917862246,1.25
3058,lactococcus,5,5,5.298317366548036,1.0
3059,language,5,4,5.521460917862246,1.25
3060,largest,5,5,5.298317366548036,1.0
3061,lateral,5,5,5.298317366548036,1.0
3062,length,5,4,5.521460917862246,1.25
3063,libraries,5,3,5.809142990314028,1.6666666666666667
3064,lilly,5,4,5.521460917862246,1.25
3065,lipoprotein,5,4,5.521460917862246,1.25
3066,liquid,5,5,5.298317366548036,1.0
3067,ll-uk200,5,1,6.907755278982137,5.0
3068,localisation,5,2,6.214608098422191,2.5
3069,locomotor,5,2,6.214608098422191,2.5
3070,long-lasting,5,4,5.521460917862246,1.25
3071,lowest,5,4,5.521460917862246,1.25
3072,lsi,5,1,6.907755278982137,5.0
3073,lumen,5,5,5.298317366548036,1.0
3074,lysine,5,5,5.298317366548036,1.0
3075,macrophage,5,3,5.809142990314028,1.6666666666666667
3076,magnitude,5,5,5.298317366548036,1.0
3077,maintained,5,5,5.298317366548036,1.0
3078,malignancies,5,5,5.298317366548036,1.0
3079,managed,5,2,6.214608098422191,2.5
3080,manipulation,5,4,5.521460917862246,1.25
3081,mapk,5,3,5.809142990314028,1.6666666666666667
3082,mapping,5,5,5.298317366548036,1.0
3083,march,5,5,5.298317366548036,1.0
3084,marker,5,4,5.521460917862246,1.25
3085,matched,5,4,5.521460917862246,1.25
3086,mcc,5,1,6.907755278982137,5.0
3087,meaningful,5,5,5.298317366548036,1.0
3088,measure,5,5,5.298317366548036,1.0
3089,mediators,5,5,5.298317366548036,1.0
3090,member,5,5,5.298317366548036,1.0
3091,membranes,5,4,5.521460917862246,1.25
3092,microglial,5,3,5.809142990314028,1.6666666666666667
3093,migration,5,3,5.809142990314028,1.6666666666666667
3094,mild,5,5,5.298317366548036,1.0
3095,mitchell-riley,5,1,6.907755278982137,5.0
3096,mol,5,2,6.214608098422191,2.5
3097,multi-agonists,5,3,5.809142990314028,1.6666666666666667
3098,musculoskeletal,5,4,5.521460917862246,1.25
3099,myeloid,5,2,6.214608098422191,2.5
3100,ndps,5,1,6.907755278982137,5.0
3101,near,5,5,5.298317366548036,1.0
3102,nesfatin-1,5,1,6.907755278982137,5.0
3103,net,5,3,5.809142990314028,1.6666666666666667
3104,neurogenesis,5,5,5.298317366548036,1.0
3105,neuropathological,5,4,5.521460917862246,1.25
3106,neutral,5,5,5.298317366548036,1.0
3107,nevertheless,5,5,5.298317366548036,1.0
3108,next-generation,5,4,5.521460917862246,1.25
3109,ngt,5,1,6.907755278982137,5.0
3110,nifedipine,5,2,6.214608098422191,2.5
3111,nordisk,5,5,5.298317366548036,1.0
3112,normalization,5,4,5.521460917862246,1.25
3113,novo,5,5,5.298317366548036,1.0
3114,ones,5,4,5.521460917862246,1.25
3115,orthopedic,5,3,5.809142990314028,1.6666666666666667
3116,ovarian,5,4,5.521460917862246,1.25
3117,overdose,5,1,6.907755278982137,5.0
3118,papers,5,5,5.298317366548036,1.0
3119,pars,5,2,6.214608098422191,2.5
3120,particles,5,1,6.907755278982137,5.0
3121,pathologies,5,5,5.298317366548036,1.0
3122,pca,5,1,6.907755278982137,5.0
3123,peptide-based,5,4,5.521460917862246,1.25
3124,perfusate,5,4,5.521460917862246,1.25
3125,perhaps,5,5,5.298317366548036,1.0
3126,persisted,5,5,5.298317366548036,1.0
3127,phosphorylated,5,5,5.298317366548036,1.0
3128,pig,5,3,5.809142990314028,1.6666666666666667
3129,place,5,5,5.298317366548036,1.0
3130,platelet,5,1,6.907755278982137,5.0
3131,plausibility,5,4,5.521460917862246,1.25
3132,poly-gpcr,5,1,6.907755278982137,5.0
3133,positioning,5,5,5.298317366548036,1.0
3134,positron,5,5,5.298317366548036,1.0
3135,postprandially,5,5,5.298317366548036,1.0
3136,powerful,5,5,5.298317366548036,1.0
3137,preferentially,5,4,5.521460917862246,1.25
3138,prescription,5,4,5.521460917862246,1.25
3139,prevents,5,5,5.298317366548036,1.0
3140,pro,5,3,5.809142990314028,1.6666666666666667
3141,probiotic-based,5,2,6.214608098422191,2.5
3142,professionals,5,5,5.298317366548036,1.0
3143,progenitor,5,4,5.521460917862246,1.25
3144,prognosis,5,5,5.298317366548036,1.0
3145,progress,5,5,5.298317366548036,1.0
3146,prolong,5,4,5.521460917862246,1.25
3147,pronounced,5,5,5.298317366548036,1.0
3148,property,5,5,5.298317366548036,1.0
3149,proved,5,5,5.298317366548036,1.0
3150,psychological,5,5,5.298317366548036,1.0
3151,pvh,5,1,6.907755278982137,5.0
3152,pws,5,1,6.907755278982137,5.0
3153,qpcr,5,5,5.298317366548036,1.0
3154,quail,5,2,6.214608098422191,2.5
3155,quantitatively,5,5,5.298317366548036,1.0
3156,question,5,4,5.521460917862246,1.25
3157,ra-induced,5,3,5.809142990314028,1.6666666666666667
3158,raising,5,5,5.298317366548036,1.0
3159,random,5,5,5.298317366548036,1.0
3160,rapamycin,5,4,5.521460917862246,1.25
3161,re-fed,5,1,6.907755278982137,5.0
3162,reaction,5,5,5.298317366548036,1.0
3163,receptor-dependent,5,5,5.298317366548036,1.0
3164,records,5,5,5.298317366548036,1.0
3165,recruited,5,5,5.298317366548036,1.0
3166,recurrent,5,4,5.521460917862246,1.25
3167,regarded,5,5,5.298317366548036,1.0
3168,regular,5,5,5.298317366548036,1.0
3169,regulators,5,5,5.298317366548036,1.0
3170,relationships,5,5,5.298317366548036,1.0
3171,releasing,5,5,5.298317366548036,1.0
3172,reliable,5,5,5.298317366548036,1.0
3173,remarkably,5,5,5.298317366548036,1.0
3174,renoprotective,5,5,5.298317366548036,1.0
3175,replacement,5,5,5.298317366548036,1.0
3176,reprogramming,5,2,6.214608098422191,2.5
3177,restore,5,5,5.298317366548036,1.0
3178,retrieved,5,5,5.298317366548036,1.0
3179,reversing,5,5,5.298317366548036,1.0
3180,rich,5,5,5.298317366548036,1.0
3181,riper,5,1,6.907755278982137,5.0
3182,ros,5,4,5.521460917862246,1.25
3183,route,5,4,5.521460917862246,1.25
3184,sars-cov-2,5,1,6.907755278982137,5.0
3185,secretions,5,5,5.298317366548036,1.0
3186,seeking,5,4,5.521460917862246,1.25
3187,separated,5,4,5.521460917862246,1.25
3188,services,5,3,5.809142990314028,1.6666666666666667
3189,shifting,5,5,5.298317366548036,1.0
3190,short-chain,5,5,5.298317366548036,1.0
3191,sleeve,5,5,5.298317366548036,1.0
3192,slices,5,4,5.521460917862246,1.25
3193,slows,5,5,5.298317366548036,1.0
3194,solutions,5,5,5.298317366548036,1.0
3195,sp,5,1,6.907755278982137,5.0
3196,sparse,5,5,5.298317366548036,1.0
3197,spatial,5,5,5.298317366548036,1.0
3198,stem,5,5,5.298317366548036,1.0
3199,streptozotocin,5,5,5.298317366548036,1.0
3200,structure-activity,5,4,5.521460917862246,1.25
3201,subcellular,5,4,5.521460917862246,1.25
3202,subject,5,5,5.298317366548036,1.0
3203,subset,5,4,5.521460917862246,1.25
3204,substitution,5,4,5.521460917862246,1.25
3205,subunit,5,2,6.214608098422191,2.5
3206,sulfonylurea,5,5,5.298317366548036,1.0
3207,susceptible,5,5,5.298317366548036,1.0
3208,switch,5,4,5.521460917862246,1.25
3209,symptom,5,5,5.298317366548036,1.0
3210,syn,5,1,6.907755278982137,5.0
3211,tau,5,2,6.214608098422191,2.5
3212,termed,5,5,5.298317366548036,1.0
3213,therapeutically,5,5,5.298317366548036,1.0
3214,thyroiditis,5,2,6.214608098422191,2.5
3215,today,5,5,5.298317366548036,1.0
3216,tracts,5,3,5.809142990314028,1.6666666666666667
3217,traditionally,5,5,5.298317366548036,1.0
3218,transition,5,5,5.298317366548036,1.0
3219,translated,5,5,5.298317366548036,1.0
3220,transporters,5,5,5.298317366548036,1.0
3221,trigger,5,5,5.298317366548036,1.0
3222,triglycerides,5,5,5.298317366548036,1.0
3223,truncated,5,5,5.298317366548036,1.0
3224,tube,5,2,6.214608098422191,2.5
3225,tubules,5,3,5.809142990314028,1.6666666666666667
3226,underlie,5,4,5.521460917862246,1.25
3227,unlikely,5,5,5.298317366548036,1.0
3228,upregulation,5,5,5.298317366548036,1.0
3229,urgent,5,5,5.298317366548036,1.0
3230,urine,5,3,5.809142990314028,1.6666666666666667
3231,usually,5,5,5.298317366548036,1.0
3232,values,5,4,5.521460917862246,1.25
3233,vessels,5,4,5.521460917862246,1.25
3234,victoza,5,4,5.521460917862246,1.25
3235,vigibase,5,2,6.214608098422191,2.5
3236,vldl,5,1,6.907755278982137,5.0
3237,voltage-gated,5,3,5.809142990314028,1.6666666666666667
3238,vulnerable,5,5,5.298317366548036,1.0
3239,warranting,5,5,5.298317366548036,1.0
3240,well-documented,5,5,5.298317366548036,1.0
3241,whole,5,5,5.298317366548036,1.0
3242,wild,5,5,5.298317366548036,1.0
3243,window,5,3,5.809142990314028,1.6666666666666667
3244,wnt,5,3,5.809142990314028,1.6666666666666667
3245,xenopus,5,3,5.809142990314028,1.6666666666666667
3246,yielding,5,5,5.298317366548036,1.0
3247,zif-8,5,1,6.907755278982137,5.0
3248,aa,4,2,6.214608098422191,2.0
3249,aaa,4,1,6.907755278982137,4.0
3250,aberrant,4,4,5.521460917862246,1.0
3251,absolute,4,4,5.521460917862246,1.0
3252,acnes,4,1,6.907755278982137,4.0
3253,add-on,4,3,5.809142990314028,1.3333333333333333
3254,addictive,4,4,5.521460917862246,1.0
3255,adding,4,4,5.521460917862246,1.0
3256,adds,4,4,5.521460917862246,1.0
3257,adjust,4,4,5.521460917862246,1.0
3258,adoption,4,4,5.521460917862246,1.0
3259,aerobic,4,2,6.214608098422191,2.0
3260,aggressive,4,4,5.521460917862246,1.0
3261,agonist-induced,4,4,5.521460917862246,1.0
3262,ai,4,2,6.214608098422191,2.0
3263,ala,4,3,5.809142990314028,1.3333333333333333
3264,alginate-coated,4,1,6.907755278982137,4.0
3265,allowed,4,4,5.521460917862246,1.0
3266,alloxan-induced,4,2,6.214608098422191,2.0
3267,alternatives,4,4,5.521460917862246,1.0
3268,amounts,4,3,5.809142990314028,1.3333333333333333
3269,analytical,4,3,5.809142990314028,1.3333333333333333
3270,anesthesiologists,4,4,5.521460917862246,1.0
3271,angiotensin,4,3,5.809142990314028,1.3333333333333333
3272,anthropometric,4,3,5.809142990314028,1.3333333333333333
3273,anti-atherogenic,4,4,5.521460917862246,1.0
3274,antihypertensive,4,3,5.809142990314028,1.3333333333333333
3275,anxiety-like,4,1,6.907755278982137,4.0
3276,aortic,4,3,5.809142990314028,1.3333333333333333
3277,apart,4,4,5.521460917862246,1.0
3278,appeared,4,4,5.521460917862246,1.0
3279,architecture,4,3,5.809142990314028,1.3333333333333333
3280,argues,4,4,5.521460917862246,1.0
3281,arrhythmia,4,2,6.214608098422191,2.0
3282,asa,4,2,6.214608098422191,2.0
3283,ascribed,4,4,5.521460917862246,1.0
3284,assessments,4,4,5.521460917862246,1.0
3285,assist,4,4,5.521460917862246,1.0
3286,atropine,4,2,6.214608098422191,2.0
3287,attempted,4,4,5.521460917862246,1.0
3288,attempts,4,4,5.521460917862246,1.0
3289,attracted,4,4,5.521460917862246,1.0
3290,attributes,4,4,5.521460917862246,1.0
3291,augments,4,4,5.521460917862246,1.0
3292,avid,4,1,6.907755278982137,4.0
3293,avp-d,4,1,6.907755278982137,4.0
3294,aware,4,4,5.521460917862246,1.0
3295,b-cell,4,3,5.809142990314028,1.3333333333333333
3296,ba,4,2,6.214608098422191,2.0
3297,bacteria,4,2,6.214608098422191,2.0
3298,bacterial,4,4,5.521460917862246,1.0
3299,balb,4,4,5.521460917862246,1.0
3300,bc,4,1,6.907755278982137,4.0
3301,began,4,4,5.521460917862246,1.0
3302,beginning,4,4,5.521460917862246,1.0
3303,believed,4,4,5.521460917862246,1.0
3304,beta-amyloid,4,1,6.907755278982137,4.0
3305,bilateral,4,4,5.521460917862246,1.0
3306,bind,4,4,5.521460917862246,1.0
3307,binge-like,4,1,6.907755278982137,4.0
3308,bitter,4,2,6.214608098422191,2.0
3309,bodies,4,4,5.521460917862246,1.0
3310,body-composition,4,2,6.214608098422191,2.0
3311,boost,4,4,5.521460917862246,1.0
3312,br,4,1,6.907755278982137,4.0
3313,buccal,4,1,6.907755278982137,4.0
3314,burdens,4,4,5.521460917862246,1.0
3315,butyrate,4,2,6.214608098422191,2.0
3316,cadyglp,4,1,6.907755278982137,4.0
3317,called,4,4,5.521460917862246,1.0
3318,calls,4,4,5.521460917862246,1.0
3319,cardiomyocyte,4,2,6.214608098422191,2.0
3320,cardiomyocytes,4,3,5.809142990314028,1.3333333333333333
3321,carefully,4,4,5.521460917862246,1.0
3322,carry,4,4,5.521460917862246,1.0
3323,carrying,4,4,5.521460917862246,1.0
3324,category,4,4,5.521460917862246,1.0
3325,catfish,4,1,6.907755278982137,4.0
3326,cau,4,1,6.907755278982137,4.0
3327,centers,4,3,5.809142990314028,1.3333333333333333
3328,ceramide,4,2,6.214608098422191,2.0
3329,certainty,4,3,5.809142990314028,1.3333333333333333
3330,cervical,4,2,6.214608098422191,2.0
3331,chains,4,3,5.809142990314028,1.3333333333333333
3332,characterisation,4,3,5.809142990314028,1.3333333333333333
3333,child,4,1,6.907755278982137,4.0
3334,childhood,4,3,5.809142990314028,1.3333333333333333
3335,chimeras,4,2,6.214608098422191,2.0
3336,chloride,4,3,5.809142990314028,1.3333333333333333
3337,cholestatic,4,1,6.907755278982137,4.0
3338,chronically,4,3,5.809142990314028,1.3333333333333333
3339,ckd-with-sepsis,4,1,6.907755278982137,4.0
3340,cl,4,2,6.214608098422191,2.0
3341,claims,4,4,5.521460917862246,1.0
3342,classic,4,4,5.521460917862246,1.0
3343,classified,4,4,5.521460917862246,1.0
3344,clonal,4,4,5.521460917862246,1.0
3345,co-transporter,4,4,5.521460917862246,1.0
3346,co-transporter-2,4,4,5.521460917862246,1.0
3347,cocaine-induced,4,1,6.907755278982137,4.0
3348,collaborative,4,4,5.521460917862246,1.0
3349,collection,4,4,5.521460917862246,1.0
3350,commentary,4,3,5.809142990314028,1.3333333333333333
3351,community,4,4,5.521460917862246,1.0
3352,comorbidity,4,4,5.521460917862246,1.0
3353,comparators,4,3,5.809142990314028,1.3333333333333333
3354,compelling,4,4,5.521460917862246,1.0
3355,composite,4,3,5.809142990314028,1.3333333333333333
3356,compromise,4,4,5.521460917862246,1.0
3357,compromised,4,4,5.521460917862246,1.0
3358,concentration-dependent,4,4,5.521460917862246,1.0
3359,confirming,4,4,5.521460917862246,1.0
3360,conformational,4,3,5.809142990314028,1.3333333333333333
3361,congenital,4,4,5.521460917862246,1.0
3362,connections,4,3,5.809142990314028,1.3333333333333333
3363,consuming,4,3,5.809142990314028,1.3333333333333333
3364,continues,4,4,5.521460917862246,1.0
3365,contractility,4,3,5.809142990314028,1.3333333333333333
3366,contraindications,4,4,5.521460917862246,1.0
3367,counterparts,4,4,5.521460917862246,1.0
3368,covering,4,4,5.521460917862246,1.0
3369,cpap,4,4,5.521460917862246,1.0
3370,create,4,4,5.521460917862246,1.0
3371,crosstalk,4,4,5.521460917862246,1.0
3372,crypts,4,3,5.809142990314028,1.3333333333333333
3373,cultures,4,3,5.809142990314028,1.3333333333333333
3374,cumulative,4,4,5.521460917862246,1.0
3375,cycles,4,3,5.809142990314028,1.3333333333333333
3376,cysteine,4,2,6.214608098422191,2.0
3377,cytokines,4,4,5.521460917862246,1.0
3378,cytotoxicity,4,3,5.809142990314028,1.3333333333333333
3379,da,4,3,5.809142990314028,1.3333333333333333
3380,dala,4,1,6.907755278982137,4.0
3381,dcms,4,1,6.907755278982137,4.0
3382,deep,4,4,5.521460917862246,1.0
3383,defining,4,4,5.521460917862246,1.0
3384,degeneration,4,3,5.809142990314028,1.3333333333333333
3385,demographic,4,4,5.521460917862246,1.0
3386,demographics,4,4,5.521460917862246,1.0
3387,describing,4,4,5.521460917862246,1.0
3388,desirable,4,4,5.521460917862246,1.0
3389,detectable,4,4,5.521460917862246,1.0
3390,detrimental,4,4,5.521460917862246,1.0
3391,developmental,4,4,5.521460917862246,1.0
3392,diabetes-associated,4,4,5.521460917862246,1.0
3393,diabetogenic,4,3,5.809142990314028,1.3333333333333333
3394,diagnostic,4,4,5.521460917862246,1.0
3395,differentiated,4,4,5.521460917862246,1.0
3396,directed,4,4,5.521460917862246,1.0
3397,disadvantages,4,4,5.521460917862246,1.0
3398,discoveries,4,3,5.809142990314028,1.3333333333333333
3399,discrete,4,4,5.521460917862246,1.0
3400,discussing,4,4,5.521460917862246,1.0
3401,disrupt,4,4,5.521460917862246,1.0
3402,disrupted,4,4,5.521460917862246,1.0
3403,dominant,4,4,5.521460917862246,1.0
3404,dopaminergic,4,4,5.521460917862246,1.0
3405,double-blinded,4,4,5.521460917862246,1.0
3406,double-click,4,1,6.907755278982137,4.0
3407,dp,4,1,6.907755278982137,4.0
3408,dpp-4i,4,3,5.809142990314028,1.3333333333333333
3409,drug-induced,4,3,5.809142990314028,1.3333333333333333
3410,dta,4,1,6.907755278982137,4.0
3411,duodenal,4,4,5.521460917862246,1.0
3412,dyslipidaemia,4,3,5.809142990314028,1.3333333333333333
3413,earlier,4,4,5.521460917862246,1.0
3414,ec,4,4,5.521460917862246,1.0
3415,economic,4,4,5.521460917862246,1.0
3416,ectopic,4,4,5.521460917862246,1.0
3417,editorial,4,4,5.521460917862246,1.0
3418,electrophysiological,4,3,5.809142990314028,1.3333333333333333
3419,electrostatic,4,1,6.907755278982137,4.0
3420,eligibility,4,4,5.521460917862246,1.0
3421,enables,4,3,5.809142990314028,1.3333333333333333
3422,encoded,4,4,5.521460917862246,1.0
3423,encouraging,4,4,5.521460917862246,1.0
3424,engage,4,4,5.521460917862246,1.0
3425,english,4,4,5.521460917862246,1.0
3426,entered,4,4,5.521460917862246,1.0
3427,environmental,4,2,6.214608098422191,2.0
3428,equivalent,4,4,5.521460917862246,1.0
3429,erectile,4,2,6.214608098422191,2.0
3430,error,4,3,5.809142990314028,1.3333333333333333
3431,escherichia,4,4,5.521460917862246,1.0
3432,ester,4,4,5.521460917862246,1.0
3433,estrogens,4,1,6.907755278982137,4.0
3434,ethical,4,3,5.809142990314028,1.3333333333333333
3435,eustachian,4,1,6.907755278982137,4.0
3436,evident,4,4,5.521460917862246,1.0
3437,exacerbate,4,4,5.521460917862246,1.0
3438,exacerbated,4,4,5.521460917862246,1.0
3439,exactly,4,4,5.521460917862246,1.0
3440,exchange,4,4,5.521460917862246,1.0
3441,excitability,4,4,5.521460917862246,1.0
3442,exe,4,1,6.907755278982137,4.0
3443,exendin-based,4,4,5.521460917862246,1.0
3444,exerted,4,4,5.521460917862246,1.0
3445,exocrine,4,4,5.521460917862246,1.0
3446,expectancy,4,4,5.521460917862246,1.0
3447,exploratory,4,4,5.521460917862246,1.0
3448,extra-pancreatic,4,4,5.521460917862246,1.0
3449,extrasynaptic,4,1,6.907755278982137,4.0
3450,fad,4,2,6.214608098422191,2.0
3451,faecalis,4,1,6.907755278982137,4.0
3452,fbg,4,2,6.214608098422191,2.0
3453,feature,4,4,5.521460917862246,1.0
3454,fermentation,4,4,5.521460917862246,1.0
3455,fetal,4,3,5.809142990314028,1.3333333333333333
3456,firing,4,2,6.214608098422191,2.0
3457,firstly,4,4,5.521460917862246,1.0
3458,fixed-ratio,4,3,5.809142990314028,1.3333333333333333
3459,fl,4,1,6.907755278982137,4.0
3460,focal,4,3,5.809142990314028,1.3333333333333333
3461,follow,4,4,5.521460917862246,1.0
3462,forward,4,4,5.521460917862246,1.0
3463,fructus,4,2,6.214608098422191,2.0
3464,functioning,4,4,5.521460917862246,1.0
3465,gastroenterology,4,3,5.809142990314028,1.3333333333333333
3466,gastroparesis,4,4,5.521460917862246,1.0
3467,gb,4,1,6.907755278982137,4.0
3468,gcg-15,4,1,6.907755278982137,4.0
3469,gele,4,1,6.907755278982137,4.0
3470,genetically,4,3,5.809142990314028,1.3333333333333333
3471,gg,4,2,6.214608098422191,2.0
3472,gives,4,4,5.521460917862246,1.0
3473,glp-1-dependent,4,4,5.521460917862246,1.0
3474,glp-17-36,4,1,6.907755278982137,4.0
3475,glp-19-36,4,1,6.907755278982137,4.0
3476,glp-1ir,4,1,6.907755278982137,4.0
3477,glp-1r-dependent,4,4,5.521460917862246,1.0
3478,glp-1r-mediated,4,4,5.521460917862246,1.0
3479,glp-ir,4,1,6.907755278982137,4.0
3480,glucoregulatory,4,4,5.521460917862246,1.0
3481,glucose-independent,4,3,5.809142990314028,1.3333333333333333
3482,glucotoxic,4,1,6.907755278982137,4.0
3483,glupal,4,1,6.907755278982137,4.0
3484,gly,4,3,5.809142990314028,1.3333333333333333
3485,granule,4,2,6.214608098422191,2.0
3486,guided,4,4,5.521460917862246,1.0
3487,gustatory,4,1,6.907755278982137,4.0
3488,gustducin,4,1,6.907755278982137,4.0
3489,hacat,4,1,6.907755278982137,4.0
3490,haemoglobin,4,4,5.521460917862246,1.0
3491,heg,4,1,6.907755278982137,4.0
3492,helical,4,4,5.521460917862246,1.0
3493,helps,4,4,5.521460917862246,1.0
3494,hemodynamic,4,2,6.214608098422191,2.0
3495,hepatitis,4,1,6.907755278982137,4.0
3496,hepatocytes,4,4,5.521460917862246,1.0
3497,hfd-induced,4,3,5.809142990314028,1.3333333333333333
3498,hfs,4,1,6.907755278982137,4.0
3499,high-affinity,4,4,5.521460917862246,1.0
3500,highlighted,4,4,5.521460917862246,1.0
3501,hilar,4,1,6.907755278982137,4.0
3502,holds,4,4,5.521460917862246,1.0
3503,hope,4,4,5.521460917862246,1.0
3504,hormone-based,4,2,6.214608098422191,2.0
3505,hpdlscs,4,1,6.907755278982137,4.0
3506,hplc,4,4,5.521460917862246,1.0
3507,hydrogen,4,4,5.521460917862246,1.0
3508,hyperinsulinemia,4,2,6.214608098422191,2.0
3509,hypersensitivity,4,2,6.214608098422191,2.0
3510,hypoglycaemic,4,3,5.809142990314028,1.3333333333333333
3511,i-6,4,1,6.907755278982137,4.0
3512,ideal,4,4,5.521460917862246,1.0
3513,ihc,4,2,6.214608098422191,2.0
3514,ill,4,3,5.809142990314028,1.3333333333333333
3515,illustrates,4,4,5.521460917862246,1.0
3516,imbalance,4,4,5.521460917862246,1.0
3517,immediate,4,3,5.809142990314028,1.3333333333333333
3518,immunostaining,4,4,5.521460917862246,1.0
3519,impair,4,3,5.809142990314028,1.3333333333333333
3520,implicating,4,4,5.521460917862246,1.0
3521,impressive,4,4,5.521460917862246,1.0
3522,inadvertent,4,3,5.809142990314028,1.3333333333333333
3523,incorporated,4,4,5.521460917862246,1.0
3524,incremental,4,3,5.809142990314028,1.3333333333333333
3525,incubated,4,4,5.521460917862246,1.0
3526,indeed,4,4,5.521460917862246,1.0
3527,ineffective,4,3,5.809142990314028,1.3333333333333333
3528,infectious,4,3,5.809142990314028,1.3333333333333333
3529,infiltration,4,4,5.521460917862246,1.0
3530,influenza,4,1,6.907755278982137,4.0
3531,informed,4,4,5.521460917862246,1.0
3532,infusions,4,4,5.521460917862246,1.0
3533,ingestive,4,4,5.521460917862246,1.0
3534,inpatient,4,3,5.809142990314028,1.3333333333333333
3535,insulin-dependent,4,4,5.521460917862246,1.0
3536,insulin-like,4,3,5.809142990314028,1.3333333333333333
3537,insulinoma,4,3,5.809142990314028,1.3333333333333333
3538,intensification,4,2,6.214608098422191,2.0
3539,interfering,4,4,5.521460917862246,1.0
3540,interleukin-6,4,4,5.521460917862246,1.0
3541,intermittent,4,4,5.521460917862246,1.0
3542,internalisation,4,4,5.521460917862246,1.0
3543,internalized,4,1,6.907755278982137,4.0
3544,intragastric,4,3,5.809142990314028,1.3333333333333333
3545,intricate,4,3,5.809142990314028,1.3333333333333333
3546,intrinsic,4,4,5.521460917862246,1.0
3547,inverse,4,3,5.809142990314028,1.3333333333333333
3548,irrespective,4,3,5.809142990314028,1.3333333333333333
3549,ischaemic,4,2,6.214608098422191,2.0
3550,iso,4,2,6.214608098422191,2.0
3551,june,4,4,5.521460917862246,1.0
3552,k-cells,4,2,6.214608098422191,2.0
3553,kd,4,3,5.809142990314028,1.3333333333333333
3554,keywords,4,4,5.521460917862246,1.0
3555,kinetics,4,3,5.809142990314028,1.3333333333333333
3556,labeled,4,4,5.521460917862246,1.0
3557,labeling,4,3,5.809142990314028,1.3333333333333333
3558,laboratories,4,4,5.521460917862246,1.0
3559,lamina,4,3,5.809142990314028,1.3333333333333333
3560,lastly,4,4,5.521460917862246,1.0
3561,lcfas,4,3,5.809142990314028,1.3333333333333333
3562,leaves,4,3,5.809142990314028,1.3333333333333333
3563,lesion,4,3,5.809142990314028,1.3333333333333333
3564,leveraging,4,4,5.521460917862246,1.0
3565,licking,4,1,6.907755278982137,4.0
3566,ligation,4,4,5.521460917862246,1.0
3567,live,4,4,5.521460917862246,1.0
3568,location,4,4,5.521460917862246,1.0
3569,logistic,4,4,5.521460917862246,1.0
3570,long-chain,4,4,5.521460917862246,1.0
3571,loop,4,4,5.521460917862246,1.0
3572,low-fat,4,2,6.214608098422191,2.0
3573,lpl,4,1,6.907755278982137,4.0
3574,ltp,4,2,6.214608098422191,2.0
3575,lv,4,2,6.214608098422191,2.0
3576,lysinoalanine,4,1,6.907755278982137,4.0
3577,ma,4,1,6.907755278982137,4.0
3578,macronutrient,4,3,5.809142990314028,1.3333333333333333
3579,males,4,3,5.809142990314028,1.3333333333333333
3580,malignancy,4,4,5.521460917862246,1.0
3581,manuscript,4,3,5.809142990314028,1.3333333333333333
3582,map,4,4,5.521460917862246,1.0
3583,marketed,4,4,5.521460917862246,1.0
3584,marks,4,4,5.521460917862246,1.0
3585,material,4,4,5.521460917862246,1.0
3586,matter,4,2,6.214608098422191,2.0
3587,mbs,4,1,6.907755278982137,4.0
3588,mdii,4,1,6.907755278982137,4.0
3589,measurement,4,4,5.521460917862246,1.0
3590,media,4,4,5.521460917862246,1.0
3591,medial,4,3,5.809142990314028,1.3333333333333333
3592,mediation,4,4,5.521460917862246,1.0
3593,mesh,4,3,5.809142990314028,1.3333333333333333
3594,metabolically,4,4,5.521460917862246,1.0
3595,millions,4,4,5.521460917862246,1.0
3596,mimetic,4,4,5.521460917862246,1.0
3597,mini-review,4,4,5.521460917862246,1.0
3598,minor,4,4,5.521460917862246,1.0
3599,missed,4,2,6.214608098422191,2.0
3600,mitigated,4,4,5.521460917862246,1.0
3601,mmhg,4,2,6.214608098422191,2.0
3602,mnts,4,1,6.907755278982137,4.0
3603,modeling,4,3,5.809142990314028,1.3333333333333333
3604,modulator,4,4,5.521460917862246,1.0
3605,monitor,4,4,5.521460917862246,1.0
3606,morphology,4,4,5.521460917862246,1.0
3607,mrc-5,4,1,6.907755278982137,4.0
3608,mrnas,4,3,5.809142990314028,1.3333333333333333
3609,multi-organ,4,4,5.521460917862246,1.0
3610,multisystemic,4,3,5.809142990314028,1.3333333333333333
3611,myenteric,4,3,5.809142990314028,1.3333333333333333
3612,named,4,4,5.521460917862246,1.0
3613,nanomedicine,4,2,6.214608098422191,2.0
3614,narrow,4,4,5.521460917862246,1.0
3615,national,4,3,5.809142990314028,1.3333333333333333
3616,neogenesis,4,4,5.521460917862246,1.0
3617,nephropathy,4,4,5.521460917862246,1.0
3618,neurocognitive,4,3,5.809142990314028,1.3333333333333333
3619,neuropeptides,4,4,5.521460917862246,1.0
3620,neuroplasticity,4,4,5.521460917862246,1.0
3621,nigromaculata,4,1,6.907755278982137,4.0
3622,nisin,4,1,6.907755278982137,4.0
3623,nist,4,1,6.907755278982137,4.0
3624,nlc,4,1,6.907755278982137,4.0
3625,npy-y2,4,1,6.907755278982137,4.0
3626,null,4,4,5.521460917862246,1.0
3627,numbers,4,4,5.521460917862246,1.0
3628,nutrient-stimulated,4,4,5.521460917862246,1.0
3629,oa-induced,4,1,6.907755278982137,4.0
3630,ob,4,2,6.214608098422191,2.0
3631,obesity-associated,4,3,5.809142990314028,1.3333333333333333
3632,observe,4,4,5.521460917862246,1.0
3633,obstacle,4,4,5.521460917862246,1.0
3634,obvious,4,4,5.521460917862246,1.0
3635,occurrence,4,3,5.809142990314028,1.3333333333333333
3636,octreotide,4,2,6.214608098422191,2.0
3637,off-target,4,4,5.521460917862246,1.0
3638,oncology,4,3,5.809142990314028,1.3333333333333333
3639,op,4,1,6.907755278982137,4.0
3640,opposing,4,4,5.521460917862246,1.0
3641,origin,4,4,5.521460917862246,1.0
3642,outpatient,4,4,5.521460917862246,1.0
3643,outputs,4,3,5.809142990314028,1.3333333333333333
3644,overproduction,4,2,6.214608098422191,2.0
3645,pa,4,1,6.907755278982137,4.0
3646,pancreases,4,3,5.809142990314028,1.3333333333333333
3647,panel,4,4,5.521460917862246,1.0
3648,parasympathetic,4,3,5.809142990314028,1.3333333333333333
3649,parent,4,4,5.521460917862246,1.0
3650,parts,4,4,5.521460917862246,1.0
3651,pasireotide-induced,4,1,6.907755278982137,4.0
3652,patents,4,2,6.214608098422191,2.0
3653,pathogenic,4,4,5.521460917862246,1.0
3654,patient-centered,4,4,5.521460917862246,1.0
3655,pcps,4,2,6.214608098422191,2.0
3656,pcs,4,1,6.907755278982137,4.0
3657,peaks,4,3,5.809142990314028,1.3333333333333333
3658,percent,4,3,5.809142990314028,1.3333333333333333
3659,perikarya,4,3,5.809142990314028,1.3333333333333333
3660,pg,4,2,6.214608098422191,2.0
3661,pkc,4,2,6.214608098422191,2.0
3662,planning,4,4,5.521460917862246,1.0
3663,plaque,4,3,5.809142990314028,1.3333333333333333
3664,platforms,4,2,6.214608098422191,2.0
3665,playing,4,3,5.809142990314028,1.3333333333333333
3666,plc,4,3,5.809142990314028,1.3333333333333333
3667,pocket,4,2,6.214608098422191,2.0
3668,podocytes,4,1,6.907755278982137,4.0
3669,policy,4,4,5.521460917862246,1.0
3670,polyphenols,4,4,5.521460917862246,1.0
3671,pooled,4,4,5.521460917862246,1.0
3672,possesses,4,4,5.521460917862246,1.0
3673,postpartum,4,3,5.809142990314028,1.3333333333333333
3674,potato,4,2,6.214608098422191,2.0
3675,pre-proglucagon,4,1,6.907755278982137,4.0
3676,preconception,4,3,5.809142990314028,1.3333333333333333
3677,preferential,4,4,5.521460917862246,1.0
3678,pregnant,4,3,5.809142990314028,1.3333333333333333
3679,preparations,4,4,5.521460917862246,1.0
3680,preterm,4,1,6.907755278982137,4.0
3681,probable,4,4,5.521460917862246,1.0
3682,procyanidin,4,4,5.521460917862246,1.0
3683,proinflammatory,4,4,5.521460917862246,1.0
3684,prolactin,4,1,6.907755278982137,4.0
3685,promoter,4,3,5.809142990314028,1.3333333333333333
3686,prompting,4,4,5.521460917862246,1.0
3687,proper,4,4,5.521460917862246,1.0
3688,propria,4,3,5.809142990314028,1.3333333333333333
3689,prospects,4,4,5.521460917862246,1.0
3690,protecting,4,4,5.521460917862246,1.0
3691,psychotropic,4,1,6.907755278982137,4.0
3692,pups,4,2,6.214608098422191,2.0
3693,purposes,4,4,5.521460917862246,1.0
3694,pv,4,1,6.907755278982137,4.0
3695,pyrimidine,4,2,6.214608098422191,2.0
3696,qw,4,1,6.907755278982137,4.0
3697,r-ko,4,1,6.907755278982137,4.0
3698,radiation,4,2,6.214608098422191,2.0
3699,rarely,4,4,5.521460917862246,1.0
3700,reach,4,3,5.809142990314028,1.3333333333333333
3701,reasons,4,4,5.521460917862246,1.0
3702,receptor-bound,4,3,5.809142990314028,1.3333333333333333
3703,recycling,4,3,5.809142990314028,1.3333333333333333
3704,reflects,4,4,5.521460917862246,1.0
3705,regional,4,4,5.521460917862246,1.0
3706,registration,4,3,5.809142990314028,1.3333333333333333
3707,relapsing,4,4,5.521460917862246,1.0
3708,remarkable,4,4,5.521460917862246,1.0
3709,repolarization,4,2,6.214608098422191,2.0
3710,reproductive-aged,4,4,5.521460917862246,1.0
3711,repurposing,4,4,5.521460917862246,1.0
3712,resection,4,1,6.907755278982137,4.0
3713,resorption,4,3,5.809142990314028,1.3333333333333333
3714,resources,4,4,5.521460917862246,1.0
3715,respective,4,4,5.521460917862246,1.0
3716,respondents,4,2,6.214608098422191,2.0
3717,responsive,4,4,5.521460917862246,1.0
3718,revealing,4,4,5.521460917862246,1.0
3719,rflox,4,1,6.907755278982137,4.0
3720,rhein-c12-glp-1,4,1,6.907755278982137,4.0
3721,rhythms,4,3,5.809142990314028,1.3333333333333333
3722,ripre,4,1,6.907755278982137,4.0
3723,rors,4,4,5.521460917862246,1.0
3724,routes,4,3,5.809142990314028,1.3333333333333333
3725,rt,4,1,6.907755278982137,4.0
3726,rybelsus,4,4,5.521460917862246,1.0
3727,sarcopenic,4,4,5.521460917862246,1.0
3728,sbo,4,2,6.214608098422191,2.0
3729,scanning,4,4,5.521460917862246,1.0
3730,scattered,4,2,6.214608098422191,2.0
3731,scgnfl,4,1,6.907755278982137,4.0
3732,scoping,4,3,5.809142990314028,1.3333333333333333
3733,scores,4,4,5.521460917862246,1.0
3734,searching,4,4,5.521460917862246,1.0
3735,secretin,4,4,5.521460917862246,1.0
3736,secure,4,3,5.809142990314028,1.3333333333333333
3737,sedation,4,3,5.809142990314028,1.3333333333333333
3738,see,4,4,5.521460917862246,1.0
3739,seemingly,4,4,5.521460917862246,1.0
3740,selecting,4,3,5.809142990314028,1.3333333333333333
3741,senescence,4,2,6.214608098422191,2.0
3742,service,4,4,5.521460917862246,1.0
3743,sexual,4,2,6.214608098422191,2.0
3744,sg,4,2,6.214608098422191,2.0
3745,sglt-2i,4,2,6.214608098422191,2.0
3746,share,4,4,5.521460917862246,1.0
3747,shed,4,4,5.521460917862246,1.0
3748,shortly,4,4,5.521460917862246,1.0
3749,shoulder,4,1,6.907755278982137,4.0
3750,silencing,4,4,5.521460917862246,1.0
3751,silico,4,3,5.809142990314028,1.3333333333333333
3752,situations,4,2,6.214608098422191,2.0
3753,smooth,4,4,5.521460917862246,1.0
3754,snps,4,1,6.907755278982137,4.0
3755,societies,4,1,6.907755278982137,4.0
3756,solid,4,4,5.521460917862246,1.0
3757,soluble,4,4,5.521460917862246,1.0
3758,spr,4,2,6.214608098422191,2.0
3759,sprague-dawley,4,4,5.521460917862246,1.0
3760,statistical,4,4,5.521460917862246,1.0
3761,stent,4,2,6.214608098422191,2.0
3762,stimulator,4,3,5.809142990314028,1.3333333333333333
3763,stomachs,4,4,5.521460917862246,1.0
3764,stratification,4,4,5.521460917862246,1.0
3765,straw,4,1,6.907755278982137,4.0
3766,strict,4,4,5.521460917862246,1.0
3767,substances,4,4,5.521460917862246,1.0
3768,substrates,4,4,5.521460917862246,1.0
3769,summarise,4,4,5.521460917862246,1.0
3770,supernatants,4,3,5.809142990314028,1.3333333333333333
3771,suppressive,4,3,5.809142990314028,1.3333333333333333
3772,surgeons,4,3,5.809142990314028,1.3333333333333333
3773,tandem,4,3,5.809142990314028,1.3333333333333333
3774,tdtomato,4,1,6.907755278982137,4.0
3775,telencephalon,4,3,5.809142990314028,1.3333333333333333
3776,tended,4,4,5.521460917862246,1.0
3777,testosterone,4,2,6.214608098422191,2.0
3778,theoretical,4,4,5.521460917862246,1.0
3779,thoughts,4,3,5.809142990314028,1.3333333333333333
3780,timely,4,4,5.521460917862246,1.0
3781,tnf,4,4,5.521460917862246,1.0
3782,tra,4,1,6.907755278982137,4.0
3783,transcriptome,4,4,5.521460917862246,1.0
3784,transcriptomics,4,3,5.809142990314028,1.3333333333333333
3785,transformative,4,4,5.521460917862246,1.0
3786,transitions,4,2,6.214608098422191,2.0
3787,translate,4,4,5.521460917862246,1.0
3788,translation,4,4,5.521460917862246,1.0
3789,triazole,4,2,6.214608098422191,2.0
3790,typical,4,4,5.521460917862246,1.0
3791,unable,4,3,5.809142990314028,1.3333333333333333
3792,unaffected,4,4,5.521460917862246,1.0
3793,unchanged,4,4,5.521460917862246,1.0
3794,undergo,4,4,5.521460917862246,1.0
3795,unfortunately,4,4,5.521460917862246,1.0
3796,unit,4,4,5.521460917862246,1.0
3797,unsaturated,4,4,5.521460917862246,1.0
3798,up-regulated,4,3,5.809142990314028,1.3333333333333333
3799,urinary,4,4,5.521460917862246,1.0
3800,uses,4,4,5.521460917862246,1.0
3801,vagotomy,4,2,6.214608098422191,2.0
3802,validation,4,4,5.521460917862246,1.0
3803,variables,4,4,5.521460917862246,1.0
3804,ve,4,2,6.214608098422191,2.0
3805,ventromedial,4,3,5.809142990314028,1.3333333333333333
3806,verified,4,4,5.521460917862246,1.0
3807,vessel,4,2,6.214608098422191,2.0
3808,views,4,4,5.521460917862246,1.0
3809,virus,4,1,6.907755278982137,4.0
3810,vpkeg,4,1,6.907755278982137,4.0
3811,warrant,4,4,5.521460917862246,1.0
3812,washout,4,3,5.809142990314028,1.3333333333333333
3813,wegovy,4,4,5.521460917862246,1.0
3814,weight-loss,4,4,5.521460917862246,1.0
3815,well-designed,4,4,5.521460917862246,1.0
3816,well-known,4,4,5.521460917862246,1.0
3817,well-tolerated,4,3,5.809142990314028,1.3333333333333333
3818,whereby,4,3,5.809142990314028,1.3333333333333333
3819,worse,4,4,5.521460917862246,1.0
3820,zwitterionic,4,2,6.214608098422191,2.0
3821,abuse,3,3,5.809142990314028,1.0
3822,ac,3,2,6.214608098422191,1.5
3823,acceptable,3,3,5.809142990314028,1.0
3824,accepted,3,3,5.809142990314028,1.0
3825,accessible,3,3,5.809142990314028,1.0
3826,account,3,3,5.809142990314028,1.0
3827,accurately,3,3,5.809142990314028,1.0
3828,acutely,3,3,5.809142990314028,1.0
3829,acylation,3,3,5.809142990314028,1.0
3830,adenylyl,3,3,5.809142990314028,1.0
3831,adipogenesis,3,3,5.809142990314028,1.0
3832,adipokine,3,3,5.809142990314028,1.0
3833,adjuncts,3,2,6.214608098422191,1.5
3834,adjusted,3,3,5.809142990314028,1.0
3835,adjusting,3,3,5.809142990314028,1.0
3836,adjuvant,3,2,6.214608098422191,1.5
3837,administrative,3,3,5.809142990314028,1.0
3838,admission,3,3,5.809142990314028,1.0
3839,admitted,3,3,5.809142990314028,1.0
3840,adolescent,3,3,5.809142990314028,1.0
3841,adrenaline-induced,3,1,6.907755278982137,3.0
3842,adrenergic,3,1,6.907755278982137,3.0
3843,advancement,3,3,5.809142990314028,1.0
3844,aesthetic,3,2,6.214608098422191,1.5
3845,age-associated,3,2,6.214608098422191,1.5
3846,agency,3,3,5.809142990314028,1.0
3847,aggregation,3,3,5.809142990314028,1.0
3848,agonist-based,3,3,5.809142990314028,1.0
3849,ahr,3,1,6.907755278982137,3.0
3850,akt-s473,3,1,6.907755278982137,3.0
3851,albeit,3,3,5.809142990314028,1.0
3852,aldosterone,3,2,6.214608098422191,1.5
3853,algorithms,3,2,6.214608098422191,1.5
3854,allele,3,2,6.214608098422191,1.5
3855,alleviating,3,2,6.214608098422191,1.5
3856,amelioration,3,3,5.809142990314028,1.0
3857,aminotransferase,3,2,6.214608098422191,1.5
3858,amongst,3,3,5.809142990314028,1.0
3859,amphetamine,3,1,6.907755278982137,3.0
3860,amplification,3,2,6.214608098422191,1.5
3861,amplitude,3,2,6.214608098422191,1.5
3862,anastomosis,3,1,6.907755278982137,3.0
3863,androgen,3,3,5.809142990314028,1.0
3864,anekomochi,3,1,6.907755278982137,3.0
3865,anesthesiology,3,2,6.214608098422191,1.5
3866,anesthetic,3,3,5.809142990314028,1.0
3867,annual,3,3,5.809142990314028,1.0
3868,anorexia,3,2,6.214608098422191,1.5
3869,anti-atherosclerotic,3,2,6.214608098422191,1.5
3870,anti-diabetes,3,3,5.809142990314028,1.0
3871,anti-oxidant,3,2,6.214608098422191,1.5
3872,antidipsogenic,3,1,6.907755278982137,3.0
3873,antisecretory,3,2,6.214608098422191,1.5
3874,antiserum,3,2,6.214608098422191,1.5
3875,antrum,3,1,6.907755278982137,3.0
3876,aoms,3,1,6.907755278982137,3.0
3877,aorta,3,3,5.809142990314028,1.0
3878,aortas,3,1,6.907755278982137,3.0
3879,ap,3,2,6.214608098422191,1.5
3880,apds,3,1,6.907755278982137,3.0
3881,apnea-hypopnea,3,3,5.809142990314028,1.0
3882,apnoea,3,1,6.907755278982137,3.0
3883,applicability,3,3,5.809142990314028,1.0
3884,approaching,3,3,5.809142990314028,1.0
3885,appropriateness,3,1,6.907755278982137,3.0
3886,april,3,3,5.809142990314028,1.0
3887,ards,3,1,6.907755278982137,3.0
3888,arg,3,2,6.214608098422191,1.5
3889,arm,3,3,5.809142990314028,1.0
3890,arrestins,3,3,5.809142990314028,1.0
3891,ars,3,1,6.907755278982137,3.0
3892,arthritis,3,3,5.809142990314028,1.0
3893,artificial,3,3,5.809142990314028,1.0
3894,aspect,3,3,5.809142990314028,1.0
3895,asud,3,2,6.214608098422191,1.5
3896,atf,3,2,6.214608098422191,1.5
3897,attachment,3,3,5.809142990314028,1.0
3898,attenuating,3,3,5.809142990314028,1.0
3899,attributable,3,3,5.809142990314028,1.0
3900,augmenting,3,3,5.809142990314028,1.0
3901,autoradiography,3,3,5.809142990314028,1.0
3902,avoid,3,3,5.809142990314028,1.0
3903,avoided,3,3,5.809142990314028,1.0
3904,away,3,3,5.809142990314028,1.0
3905,balloon,3,2,6.214608098422191,1.5
3906,baseline-adjusted,3,1,6.907755278982137,3.0
3907,became,3,3,5.809142990314028,1.0
3908,becoming,3,3,5.809142990314028,1.0
3909,bedside,3,3,5.809142990314028,1.0
3910,behaviours,3,3,5.809142990314028,1.0
3911,believe,3,3,5.809142990314028,1.0
3912,bh-exendin,3,1,6.907755278982137,3.0
3913,biformis,3,1,6.907755278982137,3.0
3914,biliary,3,2,6.214608098422191,1.5
3915,binds,3,3,5.809142990314028,1.0
3916,bioenergetics,3,2,6.214608098422191,1.5
3917,biomarker,3,3,5.809142990314028,1.0
3918,biphasic,3,3,5.809142990314028,1.0
3919,bipolar,3,3,5.809142990314028,1.0
3920,blood-glucose,3,2,6.214608098422191,1.5
3921,bloodstream,3,3,5.809142990314028,1.0
3922,bolus,3,2,6.214608098422191,1.5
3923,bonds,3,3,5.809142990314028,1.0
3924,brains,3,3,5.809142990314028,1.0
3925,breakthrough,3,3,5.809142990314028,1.0
3926,bridge,3,3,5.809142990314028,1.0
3927,broaden,3,3,5.809142990314028,1.0
3928,browning,3,1,6.907755278982137,3.0
3929,bulb,3,3,5.809142990314028,1.0
3930,burn,3,1,6.907755278982137,3.0
3931,butyricum-pmtl007-glp-1,3,1,6.907755278982137,3.0
3932,c-terminus,3,3,5.809142990314028,1.0
3933,cacao,3,2,6.214608098422191,1.5
3934,caco-2,3,2,6.214608098422191,1.5
3935,calorie,3,2,6.214608098422191,1.5
3936,camp-dependent,3,3,5.809142990314028,1.0
3937,captured,3,3,5.809142990314028,1.0
3938,cardiology,3,2,6.214608098422191,1.5
3939,cardiomyopathies,3,2,6.214608098422191,1.5
3940,cardiopulmonary,3,1,6.907755278982137,3.0
3941,cardiovascular-kidney-metabolic,3,3,5.809142990314028,1.0
3942,caregiver,3,1,6.907755278982137,3.0
3943,carotid,3,3,5.809142990314028,1.0
3944,carried,3,3,5.809142990314028,1.0
3945,carrier,3,2,6.214608098422191,1.5
3946,cartilage,3,2,6.214608098422191,1.5
3947,cascade,3,3,5.809142990314028,1.0
3948,cascades,3,3,5.809142990314028,1.0
3949,caspase-3,3,3,5.809142990314028,1.0
3950,categorized,3,3,5.809142990314028,1.0
3951,causality,3,3,5.809142990314028,1.0
3952,cbb,3,1,6.907755278982137,3.0
3953,center,3,3,5.809142990314028,1.0
3954,centered,3,3,5.809142990314028,1.0
3955,century,3,3,5.809142990314028,1.0
3956,cerebellum,3,2,6.214608098422191,1.5
3957,changing,3,3,5.809142990314028,1.0
3958,characterised,3,3,5.809142990314028,1.0
3959,characteristic,3,3,5.809142990314028,1.0
3960,characterizing,3,3,5.809142990314028,1.0
3961,charged,3,3,5.809142990314028,1.0
3962,choosing,3,3,5.809142990314028,1.0
3963,chop,3,1,6.907755278982137,3.0
3964,circuit,3,3,5.809142990314028,1.0
3965,cirrhosis,3,2,6.214608098422191,1.5
3966,cis,3,3,5.809142990314028,1.0
3967,clearly,3,2,6.214608098422191,1.5
3968,clinician,3,3,5.809142990314028,1.0
3969,co-localized,3,2,6.214608098422191,1.5
3970,co-occurring,3,2,6.214608098422191,1.5
3971,coinciding,3,3,5.809142990314028,1.0
3972,colleagues,3,3,5.809142990314028,1.0
3973,come,3,3,5.809142990314028,1.0
3974,commercial,3,3,5.809142990314028,1.0
3975,compatible,3,3,5.809142990314028,1.0
3976,compensate,3,3,5.809142990314028,1.0
3977,competing,3,3,5.809142990314028,1.0
3978,competitive,3,3,5.809142990314028,1.0
3979,compliance,3,3,5.809142990314028,1.0
3980,comprehensively,3,3,5.809142990314028,1.0
3981,compression,3,1,6.907755278982137,3.0
3982,comprised,3,3,5.809142990314028,1.0
3983,comprises,3,3,5.809142990314028,1.0
3984,comprising,3,3,5.809142990314028,1.0
3985,compromising,3,3,5.809142990314028,1.0
3986,computational,3,3,5.809142990314028,1.0
3987,computed,3,3,5.809142990314028,1.0
3988,concluded,3,3,5.809142990314028,1.0
3989,concurrently,3,3,5.809142990314028,1.0
3990,confers,3,3,5.809142990314028,1.0
3991,confounding,3,3,5.809142990314028,1.0
3992,conjugate,3,3,5.809142990314028,1.0
3993,connected,3,3,5.809142990314028,1.0
3994,conscious,3,3,5.809142990314028,1.0
3995,consequent,3,3,5.809142990314028,1.0
3996,considers,3,1,6.907755278982137,3.0
3997,consisted,3,1,6.907755278982137,3.0
3998,constitutes,3,3,5.809142990314028,1.0
3999,contemporary,3,3,5.809142990314028,1.0
4000,contexts,3,3,5.809142990314028,1.0
4001,continuously,3,3,5.809142990314028,1.0
4002,cord,3,3,5.809142990314028,1.0
4003,corn,3,3,5.809142990314028,1.0
4004,coronavirus,3,2,6.214608098422191,1.5
4005,cost-effectiveness,3,3,5.809142990314028,1.0
4006,counter,3,3,5.809142990314028,1.0
4007,counteract,3,3,5.809142990314028,1.0
4008,counteracts,3,3,5.809142990314028,1.0
4009,covers,3,3,5.809142990314028,1.0
4010,cross-over,3,3,5.809142990314028,1.0
4011,cross-sectional,3,3,5.809142990314028,1.0
4012,cryo-em,3,2,6.214608098422191,1.5
4013,crystal,3,2,6.214608098422191,1.5
4014,csf,3,2,6.214608098422191,1.5
4015,cultivars,3,1,6.907755278982137,3.0
4016,cys,3,2,6.214608098422191,1.5
4017,cytoplasmic,3,3,5.809142990314028,1.0
4018,dark,3,3,5.809142990314028,1.0
4019,dbp,3,2,6.214608098422191,1.5
4020,debated,3,3,5.809142990314028,1.0
4021,decretin,3,1,6.907755278982137,3.0
4022,dedicated,3,3,5.809142990314028,1.0
4023,defective,3,2,6.214608098422191,1.5
4024,deficiencies,3,3,5.809142990314028,1.0
4025,deficient,3,2,6.214608098422191,1.5
4026,degrees,3,3,5.809142990314028,1.0
4027,dehydrated,3,1,6.907755278982137,3.0
4028,delivering,3,3,5.809142990314028,1.0
4029,demonstration,3,3,5.809142990314028,1.0
4030,densities,3,2,6.214608098422191,1.5
4031,department,3,2,6.214608098422191,1.5
4032,dependence,3,3,5.809142990314028,1.0
4033,depots,3,2,6.214608098422191,1.5
4034,designated,3,3,5.809142990314028,1.0
4035,detecting,3,3,5.809142990314028,1.0
4036,devices,3,3,5.809142990314028,1.0
4037,dextrin,3,1,6.907755278982137,3.0
4038,diabetes-induced,3,2,6.214608098422191,1.5
4039,differing,3,3,5.809142990314028,1.0
4040,differs,3,3,5.809142990314028,1.0
4041,digesta,3,2,6.214608098422191,1.5
4042,digestibility,3,2,6.214608098422191,1.5
4043,dimensional,3,1,6.907755278982137,3.0
4044,dimensions,3,2,6.214608098422191,1.5
4045,diminish,3,3,5.809142990314028,1.0
4046,dipeptidylpeptidase,3,3,5.809142990314028,1.0
4047,discharge,3,2,6.214608098422191,1.5
4048,discovering,3,3,5.809142990314028,1.0
4049,disposal,3,2,6.214608098422191,1.5
4050,disproportionate,3,2,6.214608098422191,1.5
4051,dmt,3,1,6.907755278982137,3.0
4052,doi,3,3,5.809142990314028,1.0
4053,done,3,3,5.809142990314028,1.0
4054,down-regulated,3,3,5.809142990314028,1.0
4055,driver,3,2,6.214608098422191,1.5
4056,drop,3,3,5.809142990314028,1.0
4057,dsm-5,3,1,6.907755278982137,3.0
4058,dual-receptor,3,2,6.214608098422191,1.5
4059,durability,3,3,5.809142990314028,1.0
4060,dvc,3,1,6.907755278982137,3.0
4061,dvt,3,1,6.907755278982137,3.0
4062,dysfunctional,3,3,5.809142990314028,1.0
4063,easd,3,3,5.809142990314028,1.0
4064,easier,3,3,5.809142990314028,1.0
4065,education,3,3,5.809142990314028,1.0
4066,effector,3,2,6.214608098422191,1.5
4067,electrical,3,3,5.809142990314028,1.0
4068,electrolyte,3,3,5.809142990314028,1.0
4069,element,3,3,5.809142990314028,1.0
4070,elicits,3,3,5.809142990314028,1.0
4071,eliminated,3,3,5.809142990314028,1.0
4072,eluted,3,2,6.214608098422191,1.5
4073,embryonic,3,3,5.809142990314028,1.0
4074,encodes,3,3,5.809142990314028,1.0
4075,encompassing,3,3,5.809142990314028,1.0
4076,end-stage,3,3,5.809142990314028,1.0
4077,endocrinologists,3,3,5.809142990314028,1.0
4078,endopeptidase,3,3,5.809142990314028,1.0
4079,endothelium,3,3,5.809142990314028,1.0
4080,engaged,3,3,5.809142990314028,1.0
4081,enriched,3,3,5.809142990314028,1.0
4082,enrolled,3,3,5.809142990314028,1.0
4083,ensuring,3,3,5.809142990314028,1.0
4084,enterogastrone,3,2,6.214608098422191,1.5
4085,epac,3,2,6.214608098422191,1.5
4086,epicardial,3,3,5.809142990314028,1.0
4087,eplerenone,3,1,6.907755278982137,3.0
4088,equivocal,3,1,6.907755278982137,3.0
4089,estimate,3,3,5.809142990314028,1.0
4090,ethnic,3,2,6.214608098422191,1.5
4091,etiologies,3,3,5.809142990314028,1.0
4092,etoac,3,1,6.907755278982137,3.0
4093,europe,3,3,5.809142990314028,1.0
4094,eventually,3,3,5.809142990314028,1.0
4095,ever,3,3,5.809142990314028,1.0
4096,evidences,3,3,5.809142990314028,1.0
4097,evolution,3,3,5.809142990314028,1.0
4098,exaggerated,3,3,5.809142990314028,1.0
4099,except,3,3,5.809142990314028,1.0
4100,excitation,3,3,5.809142990314028,1.0
4101,excitotoxicity,3,3,5.809142990314028,1.0
4102,exendin-3,3,3,5.809142990314028,1.0
4103,exendin-9,3,2,6.214608098422191,1.5
4104,exercise-induced,3,2,6.214608098422191,1.5
4105,exerting,3,3,5.809142990314028,1.0
4106,exhibiting,3,3,5.809142990314028,1.0
4107,expectations,3,3,5.809142990314028,1.0
4108,expenditure,3,3,5.809142990314028,1.0
4109,explaining,3,3,5.809142990314028,1.0
4110,explains,3,3,5.809142990314028,1.0
4111,explanation,3,3,5.809142990314028,1.0
4112,exported,3,1,6.907755278982137,3.0
4113,expresses,3,1,6.907755278982137,3.0
4114,extending,3,3,5.809142990314028,1.0
4115,extracted,3,3,5.809142990314028,1.0
4116,families,3,3,5.809142990314028,1.0
4117,farnesoid,3,3,5.809142990314028,1.0
4118,fascicles,3,1,6.907755278982137,3.0
4119,fatal,3,3,5.809142990314028,1.0
4120,ffa,3,1,6.907755278982137,3.0
4121,fibrillary,3,3,5.809142990314028,1.0
4122,fibroblast,3,3,5.809142990314028,1.0
4123,final,3,3,5.809142990314028,1.0
4124,financial,3,3,5.809142990314028,1.0
4125,fluorinated,3,1,6.907755278982137,3.0
4126,fluoxetine,3,1,6.907755278982137,3.0
4127,fmd,3,1,6.907755278982137,3.0
4128,follicular,3,3,5.809142990314028,1.0
4129,fontan,3,1,6.907755278982137,3.0
4130,food-related,3,3,5.809142990314028,1.0
4131,forensic,3,1,6.907755278982137,3.0
4132,forming,3,2,6.214608098422191,1.5
4133,foundation,3,3,5.809142990314028,1.0
4134,foxo-1,3,1,6.907755278982137,3.0
4135,fracture,3,2,6.214608098422191,1.5
4136,fragmentation,3,3,5.809142990314028,1.0
4137,fructose-induced,3,1,6.907755278982137,3.0
4138,full-length,3,3,5.809142990314028,1.0
4139,functionality,3,3,5.809142990314028,1.0
4140,funding,3,2,6.214608098422191,1.5
4141,fused,3,3,5.809142990314028,1.0
4142,fusions,3,1,6.907755278982137,3.0
4143,g-29,3,1,6.907755278982137,3.0
4144,ga-nodaga-exendin-4,3,1,6.907755278982137,3.0
4145,gad-glp-1-a,3,1,6.907755278982137,3.0
4146,gains,3,3,5.809142990314028,1.0
4147,gallbladder,3,3,5.809142990314028,1.0
4148,ganglia,3,3,5.809142990314028,1.0
4149,ganglion,3,3,5.809142990314028,1.0
4150,gargarizans,3,1,6.907755278982137,3.0
4151,gastric-emptying,3,2,6.214608098422191,1.5
4152,gelatin,3,1,6.907755278982137,3.0
4153,genai,3,1,6.907755278982137,3.0
4154,gender,3,3,5.809142990314028,1.0
4155,genomic,3,2,6.214608098422191,1.5
4156,gfap,3,3,5.809142990314028,1.0
4157,gfp,3,2,6.214608098422191,1.5
4158,gfr,3,1,6.907755278982137,3.0
4159,gila,3,2,6.214608098422191,1.5
4160,gip-r,3,2,6.214608098422191,1.5
4161,giving,3,3,5.809142990314028,1.0
4162,gla-300,3,1,6.907755278982137,3.0
4163,glaucoma,3,1,6.907755278982137,3.0
4164,gliptins,3,1,6.907755278982137,3.0
4165,glp-1-abd,3,1,6.907755278982137,3.0
4166,glp-1-containing,3,3,5.809142990314028,1.0
4167,glp-1-releasing,3,1,6.907755278982137,3.0
4168,glp-1-ssm,3,1,6.907755278982137,3.0
4169,glp-1r-expressing,3,3,5.809142990314028,1.0
4170,glp-1ra-based,3,3,5.809142990314028,1.0
4171,glucagon-induced,3,1,6.907755278982137,3.0
4172,glucokinase,3,3,5.809142990314028,1.0
4173,glucolipotoxic,3,1,6.907755278982137,3.0
4174,gluconeogenesis,3,3,5.809142990314028,1.0
4175,glucosidase,3,1,6.907755278982137,3.0
4176,glutamate,3,3,5.809142990314028,1.0
4177,glutinous,3,1,6.907755278982137,3.0
4178,glycogen,3,3,5.809142990314028,1.0
4179,glycogenolysis,3,2,6.214608098422191,1.5
4180,gm,3,1,6.907755278982137,3.0
4181,goldfish,3,1,6.907755278982137,3.0
4182,gpbar,3,3,5.809142990314028,1.0
4183,gradually,3,2,6.214608098422191,1.5
4184,grape-seed,3,2,6.214608098422191,1.5
4185,gravidarum,3,1,6.907755278982137,3.0
4186,gross,3,1,6.907755278982137,3.0
4187,grpr,3,1,6.907755278982137,3.0
4188,gs-coupled,3,1,6.907755278982137,3.0
4189,gt,3,1,6.907755278982137,3.0
4190,gynecologic,3,3,5.809142990314028,1.0
4191,habit,3,1,6.907755278982137,3.0
4192,hamster,3,2,6.214608098422191,1.5
4193,hamsters,3,1,6.907755278982137,3.0
4194,harvested,3,3,5.809142990314028,1.0
4195,hazard,3,3,5.809142990314028,1.0
4196,headache,3,3,5.809142990314028,1.0
4197,hearts,3,2,6.214608098422191,1.5
4198,heightened,3,3,5.809142990314028,1.0
4199,helicity,3,3,5.809142990314028,1.0
4200,helping,3,3,5.809142990314028,1.0
4201,hemodynamics,3,3,5.809142990314028,1.0
4202,hf-related,3,3,5.809142990314028,1.0
4203,hg,3,1,6.907755278982137,3.0
4204,hidradenitis,3,3,5.809142990314028,1.0
4205,high-throughput,3,3,5.809142990314028,1.0
4206,his,3,2,6.214608098422191,1.5
4207,holistic,3,3,5.809142990314028,1.0
4208,homology,3,3,5.809142990314028,1.0
4209,hospitalizations,3,2,6.214608098422191,1.5
4210,hrecs,3,1,6.907755278982137,3.0
4211,ht,3,2,6.214608098422191,1.5
4212,humoral,3,2,6.214608098422191,1.5
4213,hydrogel,3,2,6.214608098422191,1.5
4214,hyperemesis,3,1,6.907755278982137,3.0
4215,hypersecretion,3,1,6.907755278982137,3.0
4216,hypertrophic,3,2,6.214608098422191,1.5
4217,hypogonadism,3,1,6.907755278982137,3.0
4218,hyponatremia,3,1,6.907755278982137,3.0
4219,iauc,3,1,6.907755278982137,3.0
4220,ic,3,2,6.214608098422191,1.5
4221,icr,3,3,5.809142990314028,1.0
4222,ideally,3,3,5.809142990314028,1.0
4223,ideglira,3,1,6.907755278982137,3.0
4224,identical,3,3,5.809142990314028,1.0
4225,identity,3,2,6.214608098422191,1.5
4226,iec,3,1,6.907755278982137,3.0
4227,igb,3,1,6.907755278982137,3.0
4228,imbalances,3,2,6.214608098422191,1.5
4229,imi,3,2,6.214608098422191,1.5
4230,immunoblotting,3,2,6.214608098422191,1.5
4231,impairing,3,3,5.809142990314028,1.0
4232,implementation,3,3,5.809142990314028,1.0
4233,implicate,3,2,6.214608098422191,1.5
4234,in-silico,3,1,6.907755278982137,3.0
4235,inadequately,3,3,5.809142990314028,1.0
4236,incomplete,3,3,5.809142990314028,1.0
4237,inconclusive,3,3,5.809142990314028,1.0
4238,incorporation,3,3,5.809142990314028,1.0
4239,incubating,3,3,5.809142990314028,1.0
4240,inflammation-related,3,2,6.214608098422191,1.5
4241,infused,3,2,6.214608098422191,1.5
4242,inherent,3,3,5.809142990314028,1.0
4243,initiate,3,3,5.809142990314028,1.0
4244,inspired,3,3,5.809142990314028,1.0
4245,insulin-releasing,3,2,6.214608098422191,1.5
4246,insulinotrophic,3,3,5.809142990314028,1.0
4247,integral,3,3,5.809142990314028,1.0
4248,interacting,3,3,5.809142990314028,1.0
4249,international,3,3,5.809142990314028,1.0
4250,interplay,3,3,5.809142990314028,1.0
4251,interpretation,3,3,5.809142990314028,1.0
4252,interpreted,3,3,5.809142990314028,1.0
4253,intestinofugal,3,1,6.907755278982137,3.0
4254,intracranial,3,2,6.214608098422191,1.5
4255,intraduodenal,3,3,5.809142990314028,1.0
4256,intraepithelial,3,3,5.809142990314028,1.0
4257,intralipid,3,1,6.907755278982137,3.0
4258,intriguingly,3,3,5.809142990314028,1.0
4259,introns,3,1,6.907755278982137,3.0
4260,investigational,3,3,5.809142990314028,1.0
4261,ischemia-reperfusion,3,3,5.809142990314028,1.0
4262,islet-cell,3,2,6.214608098422191,1.5
4263,isoform,3,3,5.809142990314028,1.0
4264,isolates,3,3,5.809142990314028,1.0
4265,japan,3,2,6.214608098422191,1.5
4266,jejunal,3,2,6.214608098422191,1.5
4267,joint,3,2,6.214608098422191,1.5
4268,july,3,3,5.809142990314028,1.0
4269,juvenile,3,1,6.907755278982137,3.0
4270,jwu-a021,3,1,6.907755278982137,3.0
4271,katp,3,3,5.809142990314028,1.0
4272,ketogenesis,3,2,6.214608098422191,1.5
4273,know,3,2,6.214608098422191,1.5
4274,ko,3,1,6.907755278982137,3.0
4275,lactate,3,2,6.214608098422191,1.5
4276,landmark,3,3,5.809142990314028,1.0
4277,lasted,3,2,6.214608098422191,1.5
4278,lat,3,1,6.907755278982137,3.0
4279,latency,3,3,5.809142990314028,1.0
4280,lc-ms,3,2,6.214608098422191,1.5
4281,letter,3,2,6.214608098422191,1.5
4282,lgsgpa,3,1,6.907755278982137,3.0
4283,libitum,3,3,5.809142990314028,1.0
4284,lifelong,3,3,5.809142990314028,1.0
4285,likewise,3,3,5.809142990314028,1.0
4286,limitation,3,3,5.809142990314028,1.0
4287,limits,3,3,5.809142990314028,1.0
4288,linagliptin,3,3,5.809142990314028,1.0
4289,lipodystrophy,3,3,5.809142990314028,1.0
4290,lipogenesis,3,3,5.809142990314028,1.0
4291,lipoproteins,3,1,6.907755278982137,3.0
4292,lipotoxic,3,1,6.907755278982137,3.0
4293,liquor,3,2,6.214608098422191,1.5
4294,lived,3,3,5.809142990314028,1.0
4295,lives,3,3,5.809142990314028,1.0
4296,longevity,3,3,5.809142990314028,1.0
4297,look,3,3,5.809142990314028,1.0
4298,losses,3,3,5.809142990314028,1.0
4299,luciferase,3,3,5.809142990314028,1.0
4300,lymphatic,3,3,5.809142990314028,1.0
4301,machinery,3,3,5.809142990314028,1.0
4302,mafld,3,2,6.214608098422191,1.5
4303,magnetic,3,3,5.809142990314028,1.0
4304,manifestation,3,3,5.809142990314028,1.0
4305,manifestations,3,3,5.809142990314028,1.0
4306,mature,3,3,5.809142990314028,1.0
4307,maximal,3,3,5.809142990314028,1.0
4308,maximize,3,3,5.809142990314028,1.0
4309,mazdutide,3,1,6.907755278982137,3.0
4310,mcao,3,1,6.907755278982137,3.0
4311,mcrpc,3,1,6.907755278982137,3.0
4312,mechanism-based,3,3,5.809142990314028,1.0
4313,medulla,3,3,5.809142990314028,1.0
4314,meeting,3,3,5.809142990314028,1.0
4315,melanocortin,3,3,5.809142990314028,1.0
4316,mesolimbic,3,3,5.809142990314028,1.0
4317,metabolic-associated,3,3,5.809142990314028,1.0
4318,metabolomics,3,3,5.809142990314028,1.0
4319,methodology,3,3,5.809142990314028,1.0
4320,middle,3,3,5.809142990314028,1.0
4321,misuse,3,3,5.809142990314028,1.0
4322,misused,3,3,5.809142990314028,1.0
4323,mitophagy,3,3,5.809142990314028,1.0
4324,moieties,3,3,5.809142990314028,1.0
4325,monkeys,3,2,6.214608098422191,1.5
4326,monster,3,2,6.214608098422191,1.5
4327,morphologic,3,3,5.809142990314028,1.0
4328,mosapride,3,1,6.907755278982137,3.0
4329,mostly,3,3,5.809142990314028,1.0
4330,mtorc,3,1,6.907755278982137,3.0
4331,mtt,3,2,6.214608098422191,1.5
4332,multifunctional,3,3,5.809142990314028,1.0
4333,mutations,3,2,6.214608098422191,1.5
4334,myocardium,3,2,6.214608098422191,1.5
4335,n-terminally,3,3,5.809142990314028,1.0
4336,nasal,3,2,6.214608098422191,1.5
4337,nash,3,2,6.214608098422191,1.5
4338,neoglycolipidation,3,1,6.907755278982137,3.0
4339,neoplasia,3,3,5.809142990314028,1.0
4340,neoplasm,3,2,6.214608098422191,1.5
4341,neoplasms,3,3,5.809142990314028,1.0
4342,nerves,3,3,5.809142990314028,1.0
4343,nervosa,3,2,6.214608098422191,1.5
4344,nestin-egfp-positive,3,1,6.907755278982137,3.0
4345,neurobiology,3,3,5.809142990314028,1.0
4346,neurohormonal,3,2,6.214608098422191,1.5
4347,neuroimaging,3,2,6.214608098422191,1.5
4348,neurotensin,3,3,5.809142990314028,1.0
4349,neurotransmitters,3,3,5.809142990314028,1.0
4350,neurovascular,3,2,6.214608098422191,1.5
4351,nfat,3,1,6.907755278982137,3.0
4352,nisb,3,1,6.907755278982137,3.0
4353,nlrp,3,1,6.907755278982137,3.0
4354,no-reflow,3,1,6.907755278982137,3.0
4355,non-arteritic,3,3,5.809142990314028,1.0
4356,non-peptide,3,3,5.809142990314028,1.0
4357,non-selective,3,1,6.907755278982137,3.0
4358,nonarteritic,3,3,5.809142990314028,1.0
4359,nonfatal,3,1,6.907755278982137,3.0
4360,normalize,3,3,5.809142990314028,1.0
4361,normoxia,3,1,6.907755278982137,3.0
4362,note,3,3,5.809142990314028,1.0
4363,notion,3,3,5.809142990314028,1.0
4364,nps,3,1,6.907755278982137,3.0
4365,nutritional,3,3,5.809142990314028,1.0
4366,offered,3,3,5.809142990314028,1.0
4367,oleate,3,1,6.907755278982137,3.0
4368,optimisation,3,3,5.809142990314028,1.0
4369,optimized,3,2,6.214608098422191,1.5
4370,orbitofrontal,3,1,6.907755278982137,3.0
4371,orforglipron,3,2,6.214608098422191,1.5
4372,organisms,3,3,5.809142990314028,1.0
4373,organoid,3,2,6.214608098422191,1.5
4374,original,3,3,5.809142990314028,1.0
4375,originating,3,3,5.809142990314028,1.0
4376,oro-sensory,3,3,5.809142990314028,1.0
4377,os,3,3,5.809142990314028,1.0
4378,oud,3,1,6.907755278982137,3.0
4379,overexpressed,3,3,5.809142990314028,1.0
4380,overlap,3,3,5.809142990314028,1.0
4381,ovid,3,3,5.809142990314028,1.0
4382,ovr,3,1,6.907755278982137,3.0
4383,ovulation,3,3,5.809142990314028,1.0
4384,own,3,3,5.809142990314028,1.0
4385,ozempic,3,3,5.809142990314028,1.0
4386,p-nedd4-2,3,1,6.907755278982137,3.0
4387,packing,3,2,6.214608098422191,1.5
4388,palatability,3,3,5.809142990314028,1.0
4389,paradigms,3,3,5.809142990314028,1.0
4390,parenteral,3,3,5.809142990314028,1.0
4391,participate,3,3,5.809142990314028,1.0
4392,participated,3,3,5.809142990314028,1.0
4393,parvocellular,3,1,6.907755278982137,3.0
4394,pasireotide,3,1,6.907755278982137,3.0
4395,path,3,3,5.809142990314028,1.0
4396,pathophysiologic,3,3,5.809142990314028,1.0
4397,pcb,3,1,6.907755278982137,3.0
4398,peer-reviewed,3,3,5.809142990314028,1.0
4399,pegylated,3,3,5.809142990314028,1.0
4400,peptide-2,3,3,5.809142990314028,1.0
4401,peri-operatively,3,1,6.907755278982137,3.0
4402,periodontitis,3,2,6.214608098422191,1.5
4403,peripherally,3,3,5.809142990314028,1.0
4404,periphery,3,3,5.809142990314028,1.0
4405,personal,3,3,5.809142990314028,1.0
4406,pertinent,3,3,5.809142990314028,1.0
4407,pfaa,3,1,6.907755278982137,3.0
4408,pharmacodynamics,3,3,5.809142990314028,1.0
4409,physician,3,3,5.809142990314028,1.0
4410,phytosterols,3,1,6.907755278982137,3.0
4411,pica,3,1,6.907755278982137,3.0
4412,picture,3,3,5.809142990314028,1.0
4413,pilot,3,3,5.809142990314028,1.0
4414,pioglitazone,3,1,6.907755278982137,3.0
4415,pitfalls,3,3,5.809142990314028,1.0
4416,plasmid,3,2,6.214608098422191,1.5
4417,plasmon,3,3,5.809142990314028,1.0
4418,pm,3,3,5.809142990314028,1.0
4419,pneumatosis,3,1,6.907755278982137,3.0
4420,points,3,3,5.809142990314028,1.0
4421,poisoning,3,1,6.907755278982137,3.0
4422,polymer,3,3,5.809142990314028,1.0
4423,polymicrobial,3,2,6.214608098422191,1.5
4424,polymorphism,3,2,6.214608098422191,1.5
4425,pomc,3,2,6.214608098422191,1.5
4426,pool,3,3,5.809142990314028,1.0
4427,pops,3,1,6.907755278982137,3.0
4428,porcine,3,3,5.809142990314028,1.0
4429,pose,3,3,5.809142990314028,1.0
4430,possessed,3,3,5.809142990314028,1.0
4431,post,3,3,5.809142990314028,1.0
4432,post-marketing,3,3,5.809142990314028,1.0
4433,post-treatment,3,2,6.214608098422191,1.5
4434,postulated,3,3,5.809142990314028,1.0
4435,practically,3,3,5.809142990314028,1.0
4436,practitioners,3,2,6.214608098422191,1.5
4437,pragmatic,3,3,5.809142990314028,1.0
4438,prandial,3,3,5.809142990314028,1.0
4439,pre-clinical,3,3,5.809142990314028,1.0
4440,predefined,3,3,5.809142990314028,1.0
4441,predict,3,3,5.809142990314028,1.0
4442,predicted,3,3,5.809142990314028,1.0
4443,pregnancies,3,2,6.214608098422191,1.5
4444,prehypertensive,3,1,6.907755278982137,3.0
4445,preoperatively,3,3,5.809142990314028,1.0
4446,presently,3,3,5.809142990314028,1.0
4447,pressing,3,3,5.809142990314028,1.0
4448,presumably,3,3,5.809142990314028,1.0
4449,principal,3,3,5.809142990314028,1.0
4450,principle,3,3,5.809142990314028,1.0
4451,probe,3,2,6.214608098422191,1.5
4452,probing,3,2,6.214608098422191,1.5
4453,processed,3,2,6.214608098422191,1.5
4454,profiling,3,3,5.809142990314028,1.0
4455,progresses,3,2,6.214608098422191,1.5
4456,proinsulin,3,2,6.214608098422191,1.5
4457,proliferator-activated,3,3,5.809142990314028,1.0
4458,prolonging,3,3,5.809142990314028,1.0
4459,proof,3,3,5.809142990314028,1.0
4460,properly,3,3,5.809142990314028,1.0
4461,propranolol,3,1,6.907755278982137,3.0
4462,prostaglandin,3,3,5.809142990314028,1.0
4463,protein-protein,3,3,5.809142990314028,1.0
4464,proteolysis,3,3,5.809142990314028,1.0
4465,pseudarthrosis,3,1,6.907755278982137,3.0
4466,psychiatry,3,3,5.809142990314028,1.0
4467,puncture,3,3,5.809142990314028,1.0
4468,pure,3,3,5.809142990314028,1.0
4469,purity,3,3,5.809142990314028,1.0
4470,pyroptosis,3,2,6.214608098422191,1.5
4471,pyruvate,3,3,5.809142990314028,1.0
4472,quercetin,3,1,6.907755278982137,3.0
4473,ra-related,3,3,5.809142990314028,1.0
4474,radiotracer,3,2,6.214608098422191,1.5
4475,rbp,3,1,6.907755278982137,3.0
4476,rcm-107,3,1,6.907755278982137,3.0
4477,readmissions,3,3,5.809142990314028,1.0
4478,reconstructed,3,1,6.907755278982137,3.0
4479,reflect,3,3,5.809142990314028,1.0
4480,registered,3,3,5.809142990314028,1.0
4481,regurgitation,3,2,6.214608098422191,1.5
4482,reinforced,3,3,5.809142990314028,1.0
4483,reinforcing,3,3,5.809142990314028,1.0
4484,relapse,3,2,6.214608098422191,1.5
4485,remaining,3,3,5.809142990314028,1.0
4486,remote,3,1,6.907755278982137,3.0
4487,renewed,3,3,5.809142990314028,1.0
4488,renin-angiotensin,3,3,5.809142990314028,1.0
4489,represented,3,2,6.214608098422191,1.5
4490,requirement,3,3,5.809142990314028,1.0
4491,rescue,3,3,5.809142990314028,1.0
4492,researches,3,3,5.809142990314028,1.0
4493,resolved,3,3,5.809142990314028,1.0
4494,responders,3,1,6.907755278982137,3.0
4495,resultant,3,2,6.214608098422191,1.5
4496,retatrutide,3,2,6.214608098422191,1.5
4497,retention,3,3,5.809142990314028,1.0
4498,retina,3,3,5.809142990314028,1.0
4499,retrospectively,3,3,5.809142990314028,1.0
4500,reuteri,3,1,6.907755278982137,3.0
4501,revolutionized,3,3,5.809142990314028,1.0
4502,rfx,3,1,6.907755278982137,3.0
4503,rgcs,3,1,6.907755278982137,3.0
4504,rinm,3,1,6.907755278982137,3.0
4505,rob,3,3,5.809142990314028,1.0
4506,root,3,3,5.809142990314028,1.0
4507,routine,3,2,6.214608098422191,1.5
4508,routinely,3,3,5.809142990314028,1.0
4509,rpf,3,1,6.907755278982137,3.0
4510,safflower,3,1,6.907755278982137,3.0
4511,saliva,3,2,6.214608098422191,1.5
4512,salt,3,1,6.907755278982137,3.0
4513,saxenda,3,3,5.809142990314028,1.0
4514,scarce,3,3,5.809142990314028,1.0
4515,scarring,3,1,6.907755278982137,3.0
4516,scenarios,3,3,5.809142990314028,1.0
4517,scfas,3,2,6.214608098422191,1.5
4518,schedule,3,2,6.214608098422191,1.5
4519,score-matched,3,3,5.809142990314028,1.0
4520,screen,3,3,5.809142990314028,1.0
4521,sec,3,1,6.907755278982137,3.0
4522,seeks,3,3,5.809142990314028,1.0
4523,sem,3,2,6.214608098422191,1.5
4524,september,3,3,5.809142990314028,1.0
4525,septic,3,2,6.214608098422191,1.5
4526,serves,3,3,5.809142990314028,1.0
4527,sets,3,3,5.809142990314028,1.0
4528,seventeen,3,3,5.809142990314028,1.0
4529,sex-specific,3,2,6.214608098422191,1.5
4530,shifted,3,3,5.809142990314028,1.0
4531,shifts,3,3,5.809142990314028,1.0
4532,short-linker,3,1,6.907755278982137,3.0
4533,shortage,3,3,5.809142990314028,1.0
4534,sid,3,1,6.907755278982137,3.0
4535,signal-regulated,3,3,5.809142990314028,1.0
4536,signs,3,3,5.809142990314028,1.0
4537,simultaneous,3,3,5.809142990314028,1.0
4538,single-cell,3,2,6.214608098422191,1.5
4539,sinus,3,3,5.809142990314028,1.0
4540,slowed,3,3,5.809142990314028,1.0
4541,sma,3,2,6.214608098422191,1.5
4542,smd,3,1,6.907755278982137,3.0
4543,sodium-induced,3,1,6.907755278982137,3.0
4544,softshell,3,1,6.907755278982137,3.0
4545,solitarii,3,3,5.809142990314028,1.0
4546,solubility,3,2,6.214608098422191,1.5
4547,sometimes,3,3,5.809142990314028,1.0
4548,soymilk,3,1,6.907755278982137,3.0
4549,spike,3,1,6.907755278982137,3.0
4550,spread,3,2,6.214608098422191,1.5
4551,ss-14,3,1,6.907755278982137,3.0
4552,stabilize,3,3,5.809142990314028,1.0
4553,stabilized,3,3,5.809142990314028,1.0
4554,stabilizing,3,3,5.809142990314028,1.0
4555,stained,3,3,5.809142990314028,1.0
4556,starch,3,3,5.809142990314028,1.0
4557,starved,3,1,6.907755278982137,3.0
4558,statements,3,1,6.907755278982137,3.0
4559,stems,3,3,5.809142990314028,1.0
4560,steps,3,3,5.809142990314028,1.0
4561,stigma,3,2,6.214608098422191,1.5
4562,sting,3,1,6.907755278982137,3.0
4563,stoma,3,1,6.907755278982137,3.0
4564,stopped,3,3,5.809142990314028,1.0
4565,stopping,3,3,5.809142990314028,1.0
4566,storage,3,3,5.809142990314028,1.0
4567,stores,3,3,5.809142990314028,1.0
4568,strategic,3,3,5.809142990314028,1.0
4569,strength,3,3,5.809142990314028,1.0
4570,striatal,3,1,6.907755278982137,3.0
4571,structure-based,3,2,6.214608098422191,1.5
4572,submitted,3,3,5.809142990314028,1.0
4573,suboptimal,3,2,6.214608098422191,1.5
4574,substitutes,3,3,5.809142990314028,1.0
4575,substitutions,3,1,6.907755278982137,3.0
4576,suffer,3,3,5.809142990314028,1.0
4577,summarises,3,3,5.809142990314028,1.0
4578,superiority,3,3,5.809142990314028,1.0
4579,supernatant,3,2,6.214608098422191,1.5
4580,supplement,3,2,6.214608098422191,1.5
4581,supportive,3,3,5.809142990314028,1.0
4582,suppurativa,3,3,5.809142990314028,1.0
4583,surged,3,3,5.809142990314028,1.0
4584,surmount,3,3,5.809142990314028,1.0
4585,surpass,3,3,5.809142990314028,1.0
4586,suspected,3,3,5.809142990314028,1.0
4587,switched,3,3,5.809142990314028,1.0
4588,tablets,3,2,6.214608098422191,1.5
4589,tailor,3,3,5.809142990314028,1.0
4590,taspoglutide,3,3,5.809142990314028,1.0
4591,tat,3,1,6.907755278982137,3.0
4592,tc,3,2,6.214608098422191,1.5
4593,technological,3,3,5.809142990314028,1.0
4594,termination,3,2,6.214608098422191,1.5
4595,tgfb,3,1,6.907755278982137,3.0
4596,tha,3,1,6.907755278982137,3.0
4597,thalamus,3,2,6.214608098422191,1.5
4598,thcpsi,3,1,6.907755278982137,3.0
4599,thermogenesis,3,3,5.809142990314028,1.0
4600,thirst,3,1,6.907755278982137,3.0
4601,thirteen,3,3,5.809142990314028,1.0
4602,thr,3,2,6.214608098422191,1.5
4603,threat,3,3,5.809142990314028,1.0
4604,throughput,3,2,6.214608098422191,1.5
4605,tipss,3,1,6.907755278982137,3.0
4606,tlrs,3,1,6.907755278982137,3.0
4607,tonic,3,1,6.907755278982137,3.0
4608,transcript,3,3,5.809142990314028,1.0
4609,transfer,3,2,6.214608098422191,1.5
4610,transferase,3,3,5.809142990314028,1.0
4611,transform,3,3,5.809142990314028,1.0
4612,transplant,3,2,6.214608098422191,1.5
4613,trends,3,3,5.809142990314028,1.0
4614,triacylglycerol,3,2,6.214608098422191,1.5
4615,triglyceride,3,3,5.809142990314028,1.0
4616,triphosphate-sensitive,3,1,6.907755278982137,3.0
4617,tsa,3,2,6.214608098422191,1.5
4618,turtle,3,1,6.907755278982137,3.0
4619,twice-daily,3,3,5.809142990314028,1.0
4620,twofold,3,2,6.214608098422191,1.5
4621,unaltered,3,3,5.809142990314028,1.0
4622,uncertainties,3,3,5.809142990314028,1.0
4623,uncommon,3,3,5.809142990314028,1.0
4624,uncover,3,3,5.809142990314028,1.0
4625,underexplored,3,3,5.809142990314028,1.0
4626,underpinnings,3,3,5.809142990314028,1.0
4627,underrecognized,3,3,5.809142990314028,1.0
4628,undertaken,3,3,5.809142990314028,1.0
4629,underwriting,3,1,6.907755278982137,3.0
4630,unexpected,3,3,5.809142990314028,1.0
4631,unexpectedly,3,3,5.809142990314028,1.0
4632,unintended,3,3,5.809142990314028,1.0
4633,uniquely,3,3,5.809142990314028,1.0
4634,units,3,2,6.214608098422191,1.5
4635,unlabelled,3,3,5.809142990314028,1.0
4636,unmodified,3,1,6.907755278982137,3.0
4637,unnatural,3,3,5.809142990314028,1.0
4638,unprecedented,3,3,5.809142990314028,1.0
4639,unresolved,3,3,5.809142990314028,1.0
4640,utilize,3,3,5.809142990314028,1.0
4641,validate,3,3,5.809142990314028,1.0
4642,valuation,3,1,6.907755278982137,3.0
4643,vasodilation,3,2,6.214608098422191,1.5
4644,velocity,3,3,5.809142990314028,1.0
4645,ventricle,3,3,5.809142990314028,1.0
4646,verify,3,3,5.809142990314028,1.0
4647,vgcc,3,1,6.907755278982137,3.0
4648,vigilant,3,3,5.809142990314028,1.0
4649,vip,3,2,6.214608098422191,1.5
4650,visualized,3,3,5.809142990314028,1.0
4651,vlc,3,1,6.907755278982137,3.0
4652,vmn,3,1,6.907755278982137,3.0
4653,volunteers,3,3,5.809142990314028,1.0
4654,vpgag,3,1,6.907755278982137,3.0
4655,vpreg,3,1,6.907755278982137,3.0
4656,vulgaris,3,1,6.907755278982137,3.0
4657,walls,3,1,6.907755278982137,3.0
4658,warrants,3,3,5.809142990314028,1.0
4659,ways,3,3,5.809142990314028,1.0
4660,weak,3,3,5.809142990314028,1.0
4661,weight-reducing,3,3,5.809142990314028,1.0
4662,weights,3,3,5.809142990314028,1.0
4663,whole-cell,3,3,5.809142990314028,1.0
4664,whom,3,3,5.809142990314028,1.0
4665,wiley,3,3,5.809142990314028,1.0
4666,witnessed,3,2,6.214608098422191,1.5
4667,workup,3,3,5.809142990314028,1.0
4668,wpi,3,1,6.907755278982137,3.0
4669,xaa-pro-dap,3,1,6.907755278982137,3.0
4670,y,3,3,5.809142990314028,1.0
4671,yeast,3,1,6.907755278982137,3.0
4672,zone,3,2,6.214608098422191,1.5
4673,a-treatment,2,1,6.907755278982137,2.0
4674,aapeptides,2,1,6.907755278982137,2.0
4675,abated,2,2,6.214608098422191,1.0
4676,abd,2,1,6.907755278982137,2.0
4677,abrogated,2,2,6.214608098422191,1.0
4678,abrogates,2,2,6.214608098422191,1.0
4679,abrupt,2,1,6.907755278982137,2.0
4680,abstract,2,2,6.214608098422191,1.0
4681,abstracts,2,2,6.214608098422191,1.0
4682,abundant,2,2,6.214608098422191,1.0
4683,abundantly,2,2,6.214608098422191,1.0
4684,acarbose-treated,2,1,6.907755278982137,2.0
4685,accumbens,2,2,6.214608098422191,1.0
4686,acetate,2,2,6.214608098422191,1.0
4687,ach,2,1,6.907755278982137,2.0
4688,acid-sensing,2,1,6.907755278982137,2.0
4689,acinar,2,2,6.214608098422191,1.0
4690,activations,2,2,6.214608098422191,1.0
4691,activators,2,2,6.214608098422191,1.0
4692,actively,2,2,6.214608098422191,1.0
4693,ada,2,2,6.214608098422191,1.0
4694,adaptations,2,2,6.214608098422191,1.0
4695,add,2,2,6.214608098422191,1.0
4696,adenoma,2,2,6.214608098422191,1.0
4697,adipokines,2,2,6.214608098422191,1.0
4698,adjacent,2,2,6.214608098422191,1.0
4699,adjustments,2,2,6.214608098422191,1.0
4700,adlyxin,2,2,6.214608098422191,1.0
4701,administering,2,2,6.214608098422191,1.0
4702,adopting,2,2,6.214608098422191,1.0
4703,adulthood,2,2,6.214608098422191,1.0
4704,advanced-stage,2,1,6.907755278982137,2.0
4705,advancing,2,2,6.214608098422191,1.0
4706,advent,2,2,6.214608098422191,1.0
4707,advice,2,2,6.214608098422191,1.0
4708,affective,2,2,6.214608098422191,1.0
4709,aforementioned,2,2,6.214608098422191,1.0
4710,ag,2,1,6.907755278982137,2.0
4711,age-matched,2,2,6.214608098422191,1.0
4712,agencies,2,1,6.907755278982137,2.0
4713,agenda,2,2,6.214608098422191,1.0
4714,agent-specific,2,2,6.214608098422191,1.0
4715,aggravate,2,2,6.214608098422191,1.0
4716,aging-related,2,2,6.214608098422191,1.0
4717,agonistic,2,2,6.214608098422191,1.0
4718,agopam,2,1,6.907755278982137,2.0
4719,agrp,2,1,6.907755278982137,2.0
4720,ahead,2,2,6.214608098422191,1.0
4721,ahi,2,2,6.214608098422191,1.0
4722,aki,2,1,6.907755278982137,2.0
4723,akkermansia,2,2,6.214608098422191,1.0
4724,albumin-binding,2,2,6.214608098422191,1.0
4725,albuminuria,2,2,6.214608098422191,1.0
4726,alcohol-related,2,2,6.214608098422191,1.0
4727,aldosteronism,2,1,6.907755278982137,2.0
4728,alkaline,2,2,6.214608098422191,1.0
4729,allowing,2,2,6.214608098422191,1.0
4730,alloxan,2,1,6.907755278982137,2.0
4731,alp,2,1,6.907755278982137,2.0
4732,alpha-gustducin,2,1,6.907755278982137,2.0
4733,alpha-helices,2,1,6.907755278982137,2.0
4734,alpha-mangostin,2,1,6.907755278982137,2.0
4735,altering,2,2,6.214608098422191,1.0
4736,alternation,2,1,6.907755278982137,2.0
4737,alternatively,2,2,6.214608098422191,1.0
4738,altogether,2,2,6.214608098422191,1.0
4739,always,2,2,6.214608098422191,1.0
4740,amd,2,1,6.907755278982137,2.0
4741,ameliorates,2,2,6.214608098422191,1.0
4742,amend,2,2,6.214608098422191,1.0
4743,aminobutyric,2,2,6.214608098422191,1.0
4744,amomi,2,1,6.907755278982137,2.0
4745,amovillosumins,2,1,6.907755278982137,2.0
4746,amphetamine-regulated,2,2,6.214608098422191,1.0
4747,amplified,2,2,6.214608098422191,1.0
4748,amts,2,1,6.907755278982137,2.0
4749,amygdala,2,2,6.214608098422191,1.0
4750,amylase,2,2,6.214608098422191,1.0
4751,anaesthesia,2,1,6.907755278982137,2.0
4752,anaesthesiologists,2,1,6.907755278982137,2.0
4753,anaesthetized,2,2,6.214608098422191,1.0
4754,analyse,2,1,6.907755278982137,2.0
4755,analyzer,2,2,6.214608098422191,1.0
4756,analyzing,2,2,6.214608098422191,1.0
4757,anaphylaxis,2,1,6.907755278982137,2.0
4758,anatomical,2,2,6.214608098422191,1.0
4759,ang,2,1,6.907755278982137,2.0
4760,angiogenesis,2,2,6.214608098422191,1.0
4761,anhydrase,2,1,6.907755278982137,2.0
4762,anniversary,2,2,6.214608098422191,1.0
4763,answer,2,2,6.214608098422191,1.0
4764,answers,2,2,6.214608098422191,1.0
4765,anti-fouling,2,1,6.907755278982137,2.0
4766,anti-seizure,2,1,6.907755278982137,2.0
4767,antiapoptotic,2,2,6.214608098422191,1.0
4768,antiatherogenic,2,2,6.214608098422191,1.0
4769,anticonvulsant,2,1,6.907755278982137,2.0
4770,antifibrotic,2,2,6.214608098422191,1.0
4771,antigen,2,2,6.214608098422191,1.0
4772,antipsychotics,2,2,6.214608098422191,1.0
4773,antisera,2,1,6.907755278982137,2.0
4774,anyway,2,2,6.214608098422191,1.0
4775,apelin,2,1,6.907755278982137,2.0
4776,apelin-13,2,1,6.907755278982137,2.0
4777,apoptotic,2,2,6.214608098422191,1.0
4778,appealing,2,2,6.214608098422191,1.0
4779,applies,2,2,6.214608098422191,1.0
4780,applying,2,2,6.214608098422191,1.0
4781,appraisal,2,2,6.214608098422191,1.0
4782,appraise,2,2,6.214608098422191,1.0
4783,appreciated,2,2,6.214608098422191,1.0
4784,apurinic,2,2,6.214608098422191,1.0
4785,apyrimidinic,2,2,6.214608098422191,1.0
4786,arachidonic,2,2,6.214608098422191,1.0
4787,argue,2,2,6.214608098422191,1.0
4788,arises,2,2,6.214608098422191,1.0
4789,art,2,2,6.214608098422191,1.0
4790,arterioles,2,2,6.214608098422191,1.0
4791,ascending,2,1,6.907755278982137,2.0
4792,ascvd,2,1,6.907755278982137,2.0
4793,aseptic,2,2,6.214608098422191,1.0
4794,asia,2,2,6.214608098422191,1.0
4795,aspartic,2,1,6.907755278982137,2.0
4796,assayed,2,2,6.214608098422191,1.0
4797,assumption,2,2,6.214608098422191,1.0
4798,astrocytic,2,1,6.907755278982137,2.0
4799,at-risk,2,2,6.214608098422191,1.0
4800,atiii,2,1,6.907755278982137,2.0
4801,atlas,2,1,6.907755278982137,2.0
4802,atp-sensitive,2,2,6.214608098422191,1.0
4803,atpase,2,1,6.907755278982137,2.0
4804,attained,2,2,6.214608098422191,1.0
4805,attempt,2,2,6.214608098422191,1.0
4806,attracting,2,2,6.214608098422191,1.0
4807,attraction,2,1,6.907755278982137,2.0
4808,august,2,2,6.214608098422191,1.0
4809,author,2,2,6.214608098422191,1.0
4810,autoantibodies,2,2,6.214608098422191,1.0
4811,autocrine,2,1,6.907755278982137,2.0
4812,automated,2,2,6.214608098422191,1.0
4813,autoregulation,2,1,6.907755278982137,2.0
4814,autoregulatory,2,1,6.907755278982137,2.0
4815,aversion,2,2,6.214608098422191,1.0
4816,award,2,2,6.214608098422191,1.0
4817,axon,2,1,6.907755278982137,2.0
4818,axonal,2,2,6.214608098422191,1.0
4819,axons,2,2,6.214608098422191,1.0
4820,b-17-scid,2,1,6.907755278982137,2.0
4821,bace,2,1,6.907755278982137,2.0
4822,back,2,2,6.214608098422191,1.0
4823,backbone-based,2,1,6.907755278982137,2.0
4824,bacterium,2,2,6.214608098422191,1.0
4825,bad,2,1,6.907755278982137,2.0
4826,ballooning,2,1,6.907755278982137,2.0
4827,barrett,2,2,6.214608098422191,1.0
4828,barring,2,2,6.214608098422191,1.0
4829,basal-bolus,2,2,6.214608098422191,1.0
4830,becomes,2,2,6.214608098422191,1.0
4831,behaved,2,2,6.214608098422191,1.0
4832,benchmark,2,2,6.214608098422191,1.0
4833,benefited,2,2,6.214608098422191,1.0
4834,benign,2,1,6.907755278982137,2.0
4835,bgc,2,1,6.907755278982137,2.0
4836,bgcs,2,1,6.907755278982137,2.0
4837,bidirectional,2,2,6.214608098422191,1.0
4838,bifidobacterium,2,2,6.214608098422191,1.0
4839,billion,2,2,6.214608098422191,1.0
4840,bioavailable,2,2,6.214608098422191,1.0
4841,biobehavioral,2,2,6.214608098422191,1.0
4842,bioenergetic,2,1,6.907755278982137,2.0
4843,biogrid,2,1,6.907755278982137,2.0
4844,bioinformatics,2,2,6.214608098422191,1.0
4845,biologic,2,1,6.907755278982137,2.0
4846,biopharmaceutics,2,1,6.907755278982137,2.0
4847,bjp,2,2,6.214608098422191,1.0
4848,bleomycin-induced,2,1,6.907755278982137,2.0
4849,blindness,2,2,6.214608098422191,1.0
4850,bloating,2,2,6.214608098422191,1.0
4851,blockbuster,2,2,6.214608098422191,1.0
4852,blockers,2,2,6.214608098422191,1.0
4853,bn-s,2,1,6.907755278982137,2.0
4854,bombesin,2,2,6.214608098422191,1.0
4855,boolean,2,2,6.214608098422191,1.0
4856,border,2,2,6.214608098422191,1.0
4857,born,2,1,6.907755278982137,2.0
4858,bph,2,2,6.214608098422191,1.0
4859,brain-derived,2,2,6.214608098422191,1.0
4860,breakfast,2,1,6.907755278982137,2.0
4861,breast,2,1,6.907755278982137,2.0
4862,bridges,2,2,6.214608098422191,1.0
4863,bring,2,2,6.214608098422191,1.0
4864,brown,2,2,6.214608098422191,1.0
4865,brunner,2,2,6.214608098422191,1.0
4866,bsx,2,2,6.214608098422191,1.0
4867,build,2,2,6.214608098422191,1.0
4868,bulimia,2,1,6.907755278982137,2.0
4869,bullous,2,2,6.214608098422191,1.0
4870,bupropion-naltrexone,2,2,6.214608098422191,1.0
4871,bursts,2,1,6.907755278982137,2.0
4872,c-reactive,2,2,6.214608098422191,1.0
4873,cadaveric,2,1,6.907755278982137,2.0
4874,caffeoylquinic,2,2,6.214608098422191,1.0
4875,cafraglutide,2,2,6.214608098422191,1.0
4876,cagrilintide,2,2,6.214608098422191,1.0
4877,calcium-dependent,2,2,6.214608098422191,1.0
4878,calories,2,1,6.907755278982137,2.0
4879,canceled,2,2,6.214608098422191,1.0
4880,cancer-related,2,1,6.907755278982137,2.0
4881,cannula,2,1,6.907755278982137,2.0
4882,capabilities,2,2,6.214608098422191,1.0
4883,carbon,2,2,6.214608098422191,1.0
4884,carbonic,2,1,6.907755278982137,2.0
4885,carcinoma,2,2,6.214608098422191,1.0
4886,cardio,2,2,6.214608098422191,1.0
4887,cardio-metabolic,2,2,6.214608098422191,1.0
4888,cardiologists,2,2,6.214608098422191,1.0
4889,carumbelloside,2,1,6.907755278982137,2.0
4890,casr,2,2,6.214608098422191,1.0
4891,catabolism,2,2,6.214608098422191,1.0
4892,catenin,2,2,6.214608098422191,1.0
4893,caucasians,2,1,6.907755278982137,2.0
4894,caudal,2,2,6.214608098422191,1.0
4895,caudally,2,1,6.907755278982137,2.0
4896,causation,2,2,6.214608098422191,1.0
4897,caution,2,2,6.214608098422191,1.0
4898,cautious,2,2,6.214608098422191,1.0
4899,cch,2,1,6.907755278982137,2.0
4900,ccl,2,1,6.907755278982137,2.0
4901,cea,2,1,6.907755278982137,2.0
4902,cell-derived,2,2,6.214608098422191,1.0
4903,cell-mediated,2,1,6.907755278982137,2.0
4904,ceramides,2,1,6.907755278982137,2.0
4905,cerebrovascular,2,2,6.214608098422191,1.0
4906,cfp-glp-1,2,1,6.907755278982137,2.0
4907,challenged,2,2,6.214608098422191,1.0
4908,charge,2,1,6.907755278982137,2.0
4909,chemically,2,2,6.214608098422191,1.0
4910,chemicals,2,2,6.214608098422191,1.0
4911,chemokines,2,2,6.214608098422191,1.0
4912,chief,2,2,6.214608098422191,1.0
4913,china,2,2,6.214608098422191,1.0
4914,chlorthalidone,2,1,6.907755278982137,2.0
4915,cholinergic,2,2,6.214608098422191,1.0
4916,chromanol,2,1,6.907755278982137,2.0
4917,chromatographic,2,2,6.214608098422191,1.0
4918,chronotropic,2,2,6.214608098422191,1.0
4919,cimt,2,1,6.907755278982137,2.0
4920,circumvent,2,2,6.214608098422191,1.0
4921,circumventricular,2,1,6.907755278982137,2.0
4922,ckm,2,1,6.907755278982137,2.0
4923,clearer,2,2,6.214608098422191,1.0
4924,click,2,2,6.214608098422191,1.0
4925,clinicaltrials,2,2,6.214608098422191,1.0
4926,clone,2,1,6.907755278982137,2.0
4927,cnts,2,1,6.907755278982137,2.0
4928,co,2,2,6.214608098422191,1.0
4929,co-agonist,2,2,6.214608098422191,1.0
4930,co-expressed,2,2,6.214608098422191,1.0
4931,co-immunoprecipitation,2,2,6.214608098422191,1.0
4932,co-secreted,2,1,6.907755278982137,2.0
4933,coadministration,2,2,6.214608098422191,1.0
4934,code,2,1,6.907755278982137,2.0
4935,coexisting,2,2,6.214608098422191,1.0
4936,cognizant,2,2,6.214608098422191,1.0
4937,coingestion,2,1,6.907755278982137,2.0
4938,col-iv,2,1,6.907755278982137,2.0
4939,colectomy,2,1,6.907755278982137,2.0
4940,collapse,2,2,6.214608098422191,1.0
4941,column,2,2,6.214608098422191,1.0
4942,com,2,2,6.214608098422191,1.0
4943,combat,2,2,6.214608098422191,1.0
4944,combines,2,2,6.214608098422191,1.0
4945,coming,2,2,6.214608098422191,1.0
4946,commensal,2,1,6.907755278982137,2.0
4947,commercially,2,2,6.214608098422191,1.0
4948,companion,2,2,6.214608098422191,1.0
4949,comparator,2,2,6.214608098422191,1.0
4950,compares,2,2,6.214608098422191,1.0
4951,compartment,2,1,6.907755278982137,2.0
4952,compartments,2,2,6.214608098422191,1.0
4953,competition,2,2,6.214608098422191,1.0
4954,compile,2,2,6.214608098422191,1.0
4955,complexes,2,2,6.214608098422191,1.0
4956,complexity,2,2,6.214608098422191,1.0
4957,complicate,2,2,6.214608098422191,1.0
4958,compounding,2,1,6.907755278982137,2.0
4959,conception,2,2,6.214608098422191,1.0
4960,concert,2,2,6.214608098422191,1.0
4961,concomitantly,2,2,6.214608098422191,1.0
4962,conditioning,2,1,6.907755278982137,2.0
4963,confirms,2,2,6.214608098422191,1.0
4964,confocal,2,2,6.214608098422191,1.0
4965,conformationally,2,1,6.907755278982137,2.0
4966,confounders,2,2,6.214608098422191,1.0
4967,congestion,2,1,6.907755278982137,2.0
4968,connect,2,2,6.214608098422191,1.0
4969,connection,2,2,6.214608098422191,1.0
4970,connectivity,2,2,6.214608098422191,1.0
4971,conservative,2,2,6.214608098422191,1.0
4972,conserved,2,2,6.214608098422191,1.0
4973,consistency,2,2,6.214608098422191,1.0
4974,consists,2,2,6.214608098422191,1.0
4975,constituent,2,2,6.214608098422191,1.0
4976,constitutive,2,2,6.214608098422191,1.0
4977,constitutively,2,2,6.214608098422191,1.0
4978,constraints,2,2,6.214608098422191,1.0
4979,consult,2,2,6.214608098422191,1.0
4980,consultation,2,2,6.214608098422191,1.0
4981,consumed,2,2,6.214608098422191,1.0
4982,contacts,2,2,6.214608098422191,1.0
4983,contains,2,2,6.214608098422191,1.0
4984,contextual,2,2,6.214608098422191,1.0
4985,contextualize,2,2,6.214608098422191,1.0
4986,continuation,2,2,6.214608098422191,1.0
4987,contraceptives,2,2,6.214608098422191,1.0
4988,contradictory,2,2,6.214608098422191,1.0
4989,contrary,2,2,6.214608098422191,1.0
4990,convenience,2,2,6.214608098422191,1.0
4991,convenient,2,2,6.214608098422191,1.0
4992,converge,2,2,6.214608098422191,1.0
4993,conversely,2,2,6.214608098422191,1.0
4994,coordination,2,2,6.214608098422191,1.0
4995,copd,2,2,6.214608098422191,1.0
4996,correction,2,2,6.214608098422191,1.0
4997,correlate,2,2,6.214608098422191,1.0
4998,correlates,2,2,6.214608098422191,1.0
4999,correlating,2,2,6.214608098422191,1.0
5000,corticosterone,2,2,6.214608098422191,1.0
5001,corticotropin-releasing,2,2,6.214608098422191,1.0
5002,cosmetic,2,2,6.214608098422191,1.0
5003,counseling,2,2,6.214608098422191,1.0
5004,counselling,2,2,6.214608098422191,1.0
5005,counting,2,2,6.214608098422191,1.0
5006,covalent,2,2,6.214608098422191,1.0
5007,coverage,2,2,6.214608098422191,1.0
5008,cqa,2,1,6.907755278982137,2.0
5009,craving-induced,2,1,6.907755278982137,2.0
5010,crd,2,2,6.214608098422191,1.0
5011,creation,2,2,6.214608098422191,1.0
5012,crisis,2,2,6.214608098422191,1.0
5013,criterion,2,1,6.907755278982137,2.0
5014,cross,2,2,6.214608098422191,1.0
5015,cross-talk,2,1,6.907755278982137,2.0
5016,crypt,2,2,6.214608098422191,1.0
5017,cue-induced,2,1,6.907755278982137,2.0
5018,cues,2,2,6.214608098422191,1.0
5019,cuff,2,2,6.214608098422191,1.0
5020,cultivar,2,2,6.214608098422191,1.0
5021,cure,2,2,6.214608098422191,1.0
5022,curves,2,2,6.214608098422191,1.0
5023,cvds,2,2,6.214608098422191,1.0
5024,cvot,2,2,6.214608098422191,1.0
5025,cystic,2,2,6.214608098422191,1.0
5026,d-ala,2,1,6.907755278982137,2.0
5027,d-glucose,2,1,6.907755278982137,2.0
5028,damaged,2,2,6.214608098422191,1.0
5029,dawley,2,2,6.214608098422191,1.0
5030,dealt,2,2,6.214608098422191,1.0
5031,deciphered,2,2,6.214608098422191,1.0
5032,decision,2,2,6.214608098422191,1.0
5033,declined,2,2,6.214608098422191,1.0
5034,defenses,2,2,6.214608098422191,1.0
5035,deficit,2,2,6.214608098422191,1.0
5036,definitive,2,2,6.214608098422191,1.0
5037,degradation-resistant,2,2,6.214608098422191,1.0
5038,dehiscence,2,1,6.907755278982137,2.0
5039,dehydratase,2,1,6.907755278982137,2.0
5040,delbrueckii,2,1,6.907755278982137,2.0
5041,demands,2,2,6.214608098422191,1.0
5042,dendrites,2,2,6.214608098422191,1.0
5043,denervation,2,1,6.907755278982137,2.0
5044,dentate,2,2,6.214608098422191,1.0
5045,depend,2,2,6.214608098422191,1.0
5046,depended,2,2,6.214608098422191,1.0
5047,dependence-induced,2,1,6.907755278982137,2.0
5048,depending,2,2,6.214608098422191,1.0
5049,derives,2,2,6.214608098422191,1.0
5050,dermatological,2,1,6.907755278982137,2.0
5051,dermatologists,2,2,6.214608098422191,1.0
5052,des-his,2,1,6.907755278982137,2.0
5053,descending,2,2,6.214608098422191,1.0
5054,desensitization,2,2,6.214608098422191,1.0
5055,designing,2,2,6.214608098422191,1.0
5056,desired,2,2,6.214608098422191,1.0
5057,destruction,2,2,6.214608098422191,1.0
5058,determinant,2,2,6.214608098422191,1.0
5059,determining,2,2,6.214608098422191,1.0
5060,devoted,2,2,6.214608098422191,1.0
5061,dextran,2,2,6.214608098422191,1.0
5062,dextrose,2,2,6.214608098422191,1.0
5063,difficulties,2,2,6.214608098422191,1.0
5064,dihydroethidium,2,2,6.214608098422191,1.0
5065,dilatation,2,2,6.214608098422191,1.0
5066,dilation,2,2,6.214608098422191,1.0
5067,dimension,2,2,6.214608098422191,1.0
5068,dimethyl,2,2,6.214608098422191,1.0
5069,dipeptidyl-peptidase,2,2,6.214608098422191,1.0
5070,direction,2,2,6.214608098422191,1.0
5071,disc,2,2,6.214608098422191,1.0
5072,discover,2,2,6.214608098422191,1.0
5073,disparities,2,1,6.907755278982137,2.0
5074,displaying,2,2,6.214608098422191,1.0
5075,dissociation,2,2,6.214608098422191,1.0
5076,distalis,2,1,6.907755278982137,2.0
5077,distinguishing,2,2,6.214608098422191,1.0
5078,disturbed,2,2,6.214608098422191,1.0
5079,disulfide,2,1,6.907755278982137,2.0
5080,diterpenoids,2,1,6.907755278982137,2.0
5081,diuretic,2,1,6.907755278982137,2.0
5082,document,2,2,6.214608098422191,1.0
5083,documents,2,2,6.214608098422191,1.0
5084,doing,2,2,6.214608098422191,1.0
5085,domains,2,2,6.214608098422191,1.0
5086,double-blind,2,2,6.214608098422191,1.0
5087,down-regulate,2,2,6.214608098422191,1.0
5088,downregulated,2,2,6.214608098422191,1.0
5089,drastic,2,2,6.214608098422191,1.0
5090,draws,2,2,6.214608098422191,1.0
5091,drivers,2,2,6.214608098422191,1.0
5092,driving,2,2,6.214608098422191,1.0
5093,drug-like,2,1,6.907755278982137,2.0
5094,drug-related,2,2,6.214608098422191,1.0
5095,dss,2,2,6.214608098422191,1.0
5096,dtc,2,1,6.907755278982137,2.0
5097,dual-incretin,2,2,6.214608098422191,1.0
5098,ductal,2,2,6.214608098422191,1.0
5099,dwlss,2,1,6.907755278982137,2.0
5100,dysglycemia,2,1,6.907755278982137,2.0
5101,e-selectin,2,1,6.907755278982137,2.0
5102,early-stage,2,2,6.214608098422191,1.0
5103,easy,2,2,6.214608098422191,1.0
5104,ebsco,2,2,6.214608098422191,1.0
5105,ebt,2,1,6.907755278982137,2.0
5106,ece-1,2,1,6.907755278982137,2.0
5107,ectopeptidases,2,1,6.907755278982137,2.0
5108,edible,2,2,6.214608098422191,1.0
5109,educators,2,2,6.214608098422191,1.0
5110,eg,2,2,6.214608098422191,1.0
5111,eglp,2,1,6.907755278982137,2.0
5112,electron,2,2,6.214608098422191,1.0
5113,elevates,2,2,6.214608098422191,1.0
5114,eleven,2,2,6.214608098422191,1.0
5115,elicited,2,2,6.214608098422191,1.0
5116,eliminates,2,2,6.214608098422191,1.0
5117,elongate,2,2,6.214608098422191,1.0
5118,elsewhere,2,2,6.214608098422191,1.0
5119,elucidation,2,2,6.214608098422191,1.0
5120,ema,2,2,6.214608098422191,1.0
5121,emerges,2,2,6.214608098422191,1.0
5122,empagliflozin,2,2,6.214608098422191,1.0
5123,empirical,2,2,6.214608098422191,1.0
5124,employing,2,2,6.214608098422191,1.0
5125,employment,2,2,6.214608098422191,1.0
5126,emptied,2,1,6.907755278982137,2.0
5127,empty,2,2,6.214608098422191,1.0
5128,encapsulation,2,2,6.214608098422191,1.0
5129,encompasses,2,2,6.214608098422191,1.0
5130,encountered,2,2,6.214608098422191,1.0
5131,encouraged,2,2,6.214608098422191,1.0
5132,end-organ,2,2,6.214608098422191,1.0
5133,endocannabinoid,2,2,6.214608098422191,1.0
5134,endogenously,2,2,6.214608098422191,1.0
5135,endonuclease,2,2,6.214608098422191,1.0
5136,endoproteolysis,2,1,6.907755278982137,2.0
5137,endorsing,2,2,6.214608098422191,1.0
5138,endosomes,2,2,6.214608098422191,1.0
5139,endothelial-dependent,2,1,6.907755278982137,2.0
5140,endotoxaemic,2,1,6.907755278982137,2.0
5141,enormous,2,2,6.214608098422191,1.0
5142,enrichment,2,2,6.214608098422191,1.0
5143,enter,2,2,6.214608098422191,1.0
5144,enteritis,2,1,6.907755278982137,2.0
5145,enterochromaffin,2,2,6.214608098422191,1.0
5146,enterokinase,2,2,6.214608098422191,1.0
5147,enthusiasm,2,2,6.214608098422191,1.0
5148,entire,2,2,6.214608098422191,1.0
5149,entrain,2,1,6.907755278982137,2.0
5150,environment,2,2,6.214608098422191,1.0
5151,environments,2,2,6.214608098422191,1.0
5152,enzymatically,2,2,6.214608098422191,1.0
5153,epidemiologic,2,2,6.214608098422191,1.0
5154,epitope,2,1,6.907755278982137,2.0
5155,epscs,2,1,6.907755278982137,2.0
5156,equation,2,2,6.214608098422191,1.0
5157,equity,2,1,6.907755278982137,2.0
5158,er-stressed,2,1,6.907755278982137,2.0
5159,eras,2,1,6.907755278982137,2.0
5160,eruptions,2,2,6.214608098422191,1.0
5161,eshf,2,1,6.907755278982137,2.0
5162,esophagus,2,2,6.214608098422191,1.0
5163,establishment,2,2,6.214608098422191,1.0
5164,estimates,2,2,6.214608098422191,1.0
5165,ethnicity,2,2,6.214608098422191,1.0
5166,etoh,2,1,6.907755278982137,2.0
5167,euglycemia,2,2,6.214608098422191,1.0
5168,euthanized,2,2,6.214608098422191,1.0
5169,eventual,2,2,6.214608098422191,1.0
5170,evidenced,2,2,6.214608098422191,1.0
5171,evoked,2,2,6.214608098422191,1.0
5172,evolve,2,2,6.214608098422191,1.0
5173,evolves,2,2,6.214608098422191,1.0
5174,exacerbates,2,2,6.214608098422191,1.0
5175,exacerbating,2,2,6.214608098422191,1.0
5176,exacerbations,2,2,6.214608098422191,1.0
5177,examinations,2,2,6.214608098422191,1.0
5178,example,2,2,6.214608098422191,1.0
5179,exceeds,2,2,6.214608098422191,1.0
5180,exceptional,2,2,6.214608098422191,1.0
5181,excision,2,2,6.214608098422191,1.0
5182,exclusion,2,1,6.907755278982137,2.0
5183,exenatide-treated,2,1,6.907755278982137,2.0
5184,exists,2,2,6.214608098422191,1.0
5185,exon,2,1,6.907755278982137,2.0
5186,expands,2,2,6.214608098422191,1.0
5187,experiment,2,2,6.214608098422191,1.0
5188,experts,2,2,6.214608098422191,1.0
5189,export,2,1,6.907755278982137,2.0
5190,exposures,2,1,6.907755278982137,2.0
5191,extant,2,2,6.214608098422191,1.0
5192,external,2,2,6.214608098422191,1.0
5193,extracts,2,2,6.214608098422191,1.0
5194,extrapolated,2,2,6.214608098422191,1.0
5195,extremely,2,2,6.214608098422191,1.0
5196,faces,2,2,6.214608098422191,1.0
5197,facing,2,2,6.214608098422191,1.0
5198,facs,2,2,6.214608098422191,1.0
5199,failing,2,2,6.214608098422191,1.0
5200,fair,2,2,6.214608098422191,1.0
5201,familiarity,2,2,6.214608098422191,1.0
5202,faster,2,2,6.214608098422191,1.0
5203,fatalities,2,1,6.907755278982137,2.0
5204,fats,2,2,6.214608098422191,1.0
5205,favor,2,2,6.214608098422191,1.0
5206,feasibility,2,2,6.214608098422191,1.0
5207,feasible,2,2,6.214608098422191,1.0
5208,fecal,2,2,6.214608098422191,1.0
5209,feces,2,2,6.214608098422191,1.0
5210,feeding-fasting,2,1,6.907755278982137,2.0
5211,feeds,2,1,6.907755278982137,2.0
5212,fermentable,2,2,6.214608098422191,1.0
5213,ferroptosis,2,1,6.907755278982137,2.0
5214,fetus,2,1,6.907755278982137,2.0
5215,fibronectin,2,1,6.907755278982137,2.0
5216,fifteen,2,2,6.214608098422191,1.0
5217,fifty-two,2,1,6.907755278982137,2.0
5218,figure,2,2,6.214608098422191,1.0
5219,fill,2,2,6.214608098422191,1.0
5220,films,2,1,6.907755278982137,2.0
5221,first-line,2,2,6.214608098422191,1.0
5222,fistula,2,1,6.907755278982137,2.0
5223,fit,2,1,6.907755278982137,2.0
5224,five-year,2,1,6.907755278982137,2.0
5225,flavonoids,2,1,6.907755278982137,2.0
5226,fli,2,1,6.907755278982137,2.0
5227,floxxcdh,2,1,6.907755278982137,2.0
5228,floxxlysmcre,2,1,6.907755278982137,2.0
5229,fluorescence,2,2,6.214608098422191,1.0
5230,forefront,2,2,6.214608098422191,1.0
5231,forthcoming,2,2,6.214608098422191,1.0
5232,foundational,2,2,6.214608098422191,1.0
5233,fourfold,2,2,6.214608098422191,1.0
5234,fourth,2,2,6.214608098422191,1.0
5235,foxo,2,2,6.214608098422191,1.0
5236,fpg,2,1,6.907755278982137,2.0
5237,fractures,2,2,6.214608098422191,1.0
5238,fragmented,2,2,6.214608098422191,1.0
5239,fragments,2,2,6.214608098422191,1.0
5240,frame,2,2,6.214608098422191,1.0
5241,framing,2,2,6.214608098422191,1.0
5242,fruit,2,2,6.214608098422191,1.0
5243,fulfilled,2,2,6.214608098422191,1.0
5244,full-text,2,2,6.214608098422191,1.0
5245,fullness,2,2,6.214608098422191,1.0
5246,functioned,2,2,6.214608098422191,1.0
5247,fundic,2,2,6.214608098422191,1.0
5248,furin,2,1,6.907755278982137,2.0
5249,ga-induced,2,1,6.907755278982137,2.0
5250,gaba-activated,2,1,6.907755278982137,2.0
5251,galanga,2,1,6.907755278982137,2.0
5252,gardeniae,2,1,6.907755278982137,2.0
5253,gas,2,2,6.214608098422191,1.0
5254,gastrin-releasing,2,2,6.214608098422191,1.0
5255,gastroesophageal,2,2,6.214608098422191,1.0
5256,gastroparesis-like,2,2,6.214608098422191,1.0
5257,gastroprotective,2,1,6.907755278982137,2.0
5258,gcg-creert2,2,1,6.907755278982137,2.0
5259,gcs,2,2,6.214608098422191,1.0
5260,generates,2,2,6.214608098422191,1.0
5261,generating,2,2,6.214608098422191,1.0
5262,genus,2,2,6.214608098422191,1.0
5263,geroprotective,2,1,6.907755278982137,2.0
5264,gestational,2,2,6.214608098422191,1.0
5265,getting,2,2,6.214608098422191,1.0
5266,gfp-glp-1,2,1,6.907755278982137,2.0
5267,gfp-tagged,2,1,6.907755278982137,2.0
5268,gk-it,2,1,6.907755278982137,2.0
5269,gk-sham,2,1,6.907755278982137,2.0
5270,gli,2,1,6.907755278982137,2.0
5271,glicentin,2,2,6.214608098422191,1.0
5272,glimepiride,2,2,6.214608098422191,1.0
5273,gliptin-mediated,2,1,6.907755278982137,2.0
5274,globular,2,2,6.214608098422191,1.0
5275,glp-1-elp,2,1,6.907755278982137,2.0
5276,glp-1-like,2,2,6.214608098422191,1.0
5277,glp-1-lytac,2,1,6.907755278982137,2.0
5278,glp-1-receptors,2,2,6.214608098422191,1.0
5279,glp-1-stimulated,2,2,6.214608098422191,1.0
5280,glp-1r-deficient,2,2,6.214608098422191,1.0
5281,glp-1r-immunoreactivity,2,1,6.907755278982137,2.0
5282,glp-1r-min-6,2,1,6.907755278982137,2.0
5283,glp-1ra-induced,2,2,6.214608098422191,1.0
5284,glp-1ra-mediated,2,2,6.214608098422191,1.0
5285,glucagon-like-peptide,2,2,6.214608098422191,1.0
5286,glucagon-related,2,1,6.907755278982137,2.0
5287,glucan,2,2,6.214608098422191,1.0
5288,glucocorticoid,2,1,6.907755278982137,2.0
5289,glucocorticosteroids,2,2,6.214608098422191,1.0
5290,glucose-bsa,2,1,6.907755278982137,2.0
5291,glucose-sensing,2,2,6.214608098422191,1.0
5292,glucotoxicity-induced,2,1,6.907755278982137,2.0
5293,glutamic,2,2,6.214608098422191,1.0
5294,glutamine,2,1,6.907755278982137,2.0
5295,glycation,2,2,6.214608098422191,1.0
5296,goblet,2,2,6.214608098422191,1.0
5297,gold,2,2,6.214608098422191,1.0
5298,gov,2,2,6.214608098422191,1.0
5299,gpl-1ras,2,1,6.907755278982137,2.0
5300,gq-independent,2,2,6.214608098422191,1.0
5301,gradual,2,2,6.214608098422191,1.0
5302,granular,2,2,6.214608098422191,1.0
5303,gray,2,1,6.907755278982137,2.0
5304,greatest,2,2,6.214608098422191,1.0
5305,grown,2,2,6.214608098422191,1.0
5306,grows,2,2,6.214608098422191,1.0
5307,grp,2,1,6.907755278982137,2.0
5308,guiding,2,2,6.214608098422191,1.0
5309,gust,2,1,6.907755278982137,2.0
5310,gut-expressed,2,2,6.214608098422191,1.0
5311,gyrolab,2,1,6.907755278982137,2.0
5312,gyrus,2,2,6.214608098422191,1.0
5313,h-bonds,2,1,6.907755278982137,2.0
5314,habits,2,2,6.214608098422191,1.0
5315,hallmarks,2,2,6.214608098422191,1.0
5316,hami,2,2,6.214608098422191,1.0
5317,handling,2,2,6.214608098422191,1.0
5318,harmful,2,2,6.214608098422191,1.0
5319,harnessed,2,2,6.214608098422191,1.0
5320,harnessing,2,2,6.214608098422191,1.0
5321,hcps,2,1,6.907755278982137,2.0
5322,he,2,2,6.214608098422191,1.0
5323,headaches,2,1,6.907755278982137,2.0
5324,heavy,2,2,6.214608098422191,1.0
5325,hek,2,2,6.214608098422191,1.0
5326,helped,2,2,6.214608098422191,1.0
5327,hematological,2,1,6.907755278982137,2.0
5328,herbal,2,1,6.907755278982137,2.0
5329,heterotrimeric,2,2,6.214608098422191,1.0
5330,heterozygous,2,2,6.214608098422191,1.0
5331,hfd-fed,2,2,6.214608098422191,1.0
5332,hfhsd,2,1,6.907755278982137,2.0
5333,hgt-1,2,1,6.907755278982137,2.0
5334,high-sugar,2,2,6.214608098422191,1.0
5335,hill,2,2,6.214608098422191,1.0
5336,his-tag,2,1,6.907755278982137,2.0
5337,histidine,2,1,6.907755278982137,2.0
5338,histopathological,2,2,6.214608098422191,1.0
5339,hit-465,2,1,6.907755278982137,2.0
5340,hit-736,2,1,6.907755278982137,2.0
5341,hiv,2,1,6.907755278982137,2.0
5342,hmwp,2,1,6.907755278982137,2.0
5343,hoc,2,2,6.214608098422191,1.0
5344,homeostatic,2,2,6.214608098422191,1.0
5345,homologous,2,2,6.214608098422191,1.0
5346,horn,2,1,6.907755278982137,2.0
5347,hospitalisation,2,2,6.214608098422191,1.0
5348,hospitalized,2,2,6.214608098422191,1.0
5349,hrptcs,2,1,6.907755278982137,2.0
5350,http,2,2,6.214608098422191,1.0
5351,hundred,2,2,6.214608098422191,1.0
5352,hydrophobicity,2,1,6.907755278982137,2.0
5353,hyper-secretion,2,1,6.907755278982137,2.0
5354,hyperactivity,2,2,6.214608098422191,1.0
5355,hyperglucagonemia,2,2,6.214608098422191,1.0
5356,hyperglycemia-induced,2,1,6.907755278982137,2.0
5357,hyperinsulinemic,2,2,6.214608098422191,1.0
5358,hyperlocomotion,2,1,6.907755278982137,2.0
5359,hyperphosphorylation,2,1,6.907755278982137,2.0
5360,hyperplasia,2,1,6.907755278982137,2.0
5361,hyperprolactinemia,2,1,6.907755278982137,2.0
5362,hypophagic,2,1,6.907755278982137,2.0
5363,hypotension,2,2,6.214608098422191,1.0
5364,hypothesised,2,1,6.907755278982137,2.0
5365,iapp-aso,2,1,6.907755278982137,2.0
5366,ibs-sss,2,1,6.907755278982137,2.0
5367,icp,2,1,6.907755278982137,2.0
5368,idea,2,2,6.214608098422191,1.0
5369,ideation,2,2,6.214608098422191,1.0
5370,identifiable,2,2,6.214608098422191,1.0
5371,idiopathic,2,2,6.214608098422191,1.0
5372,igg,2,1,6.907755278982137,2.0
5373,ilc,2,1,6.907755278982137,2.0
5374,ileus,2,1,6.907755278982137,2.0
5375,illustrated,2,2,6.214608098422191,1.0
5376,images,2,2,6.214608098422191,1.0
5377,immediately,2,2,6.214608098422191,1.0
5378,immune-modulatory,2,1,6.907755278982137,2.0
5379,immunoreactivities,2,1,6.907755278982137,2.0
5380,immunosuppression,2,2,6.214608098422191,1.0
5381,impacted,2,2,6.214608098422191,1.0
5382,implemented,2,2,6.214608098422191,1.0
5383,implication,2,2,6.214608098422191,1.0
5384,imply,2,2,6.214608098422191,1.0
5385,in-vitro,2,2,6.214608098422191,1.0
5386,inability,2,2,6.214608098422191,1.0
5387,inactivated,2,2,6.214608098422191,1.0
5388,inc,2,2,6.214608098422191,1.0
5389,incidental,2,2,6.214608098422191,1.0
5390,incorporate,2,2,6.214608098422191,1.0
5391,increments,2,2,6.214608098422191,1.0
5392,incretin-related,2,1,6.907755278982137,2.0
5393,india,2,1,6.907755278982137,2.0
5394,indicative,2,2,6.214608098422191,1.0
5395,individually,2,1,6.907755278982137,2.0
5396,indole,2,1,6.907755278982137,2.0
5397,indoles,2,1,6.907755278982137,2.0
5398,indomethacin,2,1,6.907755278982137,2.0
5399,inducer,2,2,6.214608098422191,1.0
5400,inducible,2,2,6.214608098422191,1.0
5401,influx,2,2,6.214608098422191,1.0
5402,informing,2,2,6.214608098422191,1.0
5403,ingredients,2,1,6.907755278982137,2.0
5404,injurious,2,1,6.907755278982137,2.0
5405,innervation,2,2,6.214608098422191,1.0
5406,innovation,2,2,6.214608098422191,1.0
5407,innovations,2,2,6.214608098422191,1.0
5408,inositol,2,2,6.214608098422191,1.0
5409,inputs,2,2,6.214608098422191,1.0
5410,inside,2,2,6.214608098422191,1.0
5411,inspire,2,2,6.214608098422191,1.0
5412,instability,2,2,6.214608098422191,1.0
5413,institute,2,2,6.214608098422191,1.0
5414,institutional,2,2,6.214608098422191,1.0
5415,instructions,2,2,6.214608098422191,1.0
5416,insulin-independent,2,2,6.214608098422191,1.0
5417,insulin-induced,2,2,6.214608098422191,1.0
5418,insulin-positive,2,2,6.214608098422191,1.0
5419,insulin-resistant,2,2,6.214608098422191,1.0
5420,insulin-secreting,2,2,6.214608098422191,1.0
5421,insulinaemic,2,1,6.907755278982137,2.0
5422,insults,2,2,6.214608098422191,1.0
5423,insurance,2,2,6.214608098422191,1.0
5424,intakes,2,2,6.214608098422191,1.0
5425,intellectual,2,2,6.214608098422191,1.0
5426,intelligence,2,2,6.214608098422191,1.0
5427,intended,2,2,6.214608098422191,1.0
5428,intensity,2,2,6.214608098422191,1.0
5429,intensively,2,2,6.214608098422191,1.0
5430,intention-to-treat,2,2,6.214608098422191,1.0
5431,interacts,2,2,6.214608098422191,1.0
5432,interested,2,2,6.214608098422191,1.0
5433,interesting,2,2,6.214608098422191,1.0
5434,interface,2,2,6.214608098422191,1.0
5435,interfere,2,2,6.214608098422191,1.0
5436,interleukin,2,2,6.214608098422191,1.0
5437,internal,2,2,6.214608098422191,1.0
5438,interquartile,2,2,6.214608098422191,1.0
5439,interstitial,2,2,6.214608098422191,1.0
5440,interventional,2,2,6.214608098422191,1.0
5441,intestine-specific,2,2,6.214608098422191,1.0
5442,intra-abdominal,2,1,6.907755278982137,2.0
5443,intraarterially,2,1,6.907755278982137,2.0
5444,intracerebroventricularly,2,1,6.907755278982137,2.0
5445,intrahepatic,2,2,6.214608098422191,1.0
5446,intraoperative,2,2,6.214608098422191,1.0
5447,intraperitoneally,2,2,6.214608098422191,1.0
5448,intriguing,2,2,6.214608098422191,1.0
5449,intrinsically,2,2,6.214608098422191,1.0
5450,intron,2,1,6.907755278982137,2.0
5451,intubation,2,2,6.214608098422191,1.0
5452,inulin-enriched,2,1,6.907755278982137,2.0
5453,inversely,2,2,6.214608098422191,1.0
5454,investigator,2,1,6.907755278982137,2.0
5455,ipscs,2,1,6.907755278982137,2.0
5456,iranian,2,1,6.907755278982137,2.0
5457,irs,2,1,6.907755278982137,2.0
5458,iscd,2,1,6.907755278982137,2.0
5459,islet-derived,2,2,6.214608098422191,1.0
5460,isocaloric,2,2,6.214608098422191,1.0
5461,isoflavone,2,2,6.214608098422191,1.0
5462,issuetoc,2,2,6.214608098422191,1.0
5463,itt,2,1,6.907755278982137,2.0
5464,joints,2,2,6.214608098422191,1.0
5465,justice,2,1,6.907755278982137,2.0
5466,kappa,2,2,6.214608098422191,1.0
5467,kda,2,2,6.214608098422191,1.0
5468,kegg,2,1,6.907755278982137,2.0
5469,kept,2,2,6.214608098422191,1.0
5470,keratinocytes,2,1,6.907755278982137,2.0
5471,ketosis-prone,2,1,6.907755278982137,2.0
5472,kexin,2,2,6.214608098422191,1.0
5473,kinase-3,2,2,6.214608098422191,1.0
5474,kit,2,2,6.214608098422191,1.0
5475,kong,2,1,6.907755278982137,2.0
5476,kori-tofu,2,1,6.907755278982137,2.0
5477,labdane,2,1,6.907755278982137,2.0
5478,label,2,2,6.214608098422191,1.0
5479,lactating,2,1,6.907755278982137,2.0
5480,lactisole,2,1,6.907755278982137,2.0
5481,lad,2,1,6.907755278982137,2.0
5482,laminarin-induced,2,1,6.907755278982137,2.0
5483,laser,2,2,6.214608098422191,1.0
5484,lasting,2,2,6.214608098422191,1.0
5485,lately,2,2,6.214608098422191,1.0
5486,launched,2,2,6.214608098422191,1.0
5487,layers,2,1,6.907755278982137,2.0
5488,lc,2,1,6.907755278982137,2.0
5489,lcfa,2,2,6.214608098422191,1.0
5490,ldl-cholesterol,2,2,6.214608098422191,1.0
5491,leader,2,2,6.214608098422191,1.0
5492,leader-glp-1,2,1,6.907755278982137,2.0
5493,leaf,2,2,6.214608098422191,1.0
5494,leaving,2,2,6.214608098422191,1.0
5495,lesser,2,2,6.214608098422191,1.0
5496,leu,2,2,6.214608098422191,1.0
5497,leverage,2,2,6.214608098422191,1.0
5498,ligand-receptor,2,2,6.214608098422191,1.0
5499,ligand-specific,2,2,6.214608098422191,1.0
5500,limb,2,2,6.214608098422191,1.0
5501,lingual,2,1,6.907755278982137,2.0
5502,linoleic,2,2,6.214608098422191,1.0
5503,linolenic,2,2,6.214608098422191,1.0
5504,lipid-based,2,1,6.907755278982137,2.0
5505,lipidated,2,1,6.907755278982137,2.0
5506,lipopolysaccharides,2,2,6.214608098422191,1.0
5507,liraglutide-induced,2,1,6.907755278982137,2.0
5508,lispro,2,1,6.907755278982137,2.0
5509,lists,2,2,6.214608098422191,1.0
5510,littermates,2,2,6.214608098422191,1.0
5511,lixilan-g,2,1,6.907755278982137,2.0
5512,ll-a8sglp-1,2,1,6.907755278982137,2.0
5513,loading,2,2,6.214608098422191,1.0
5514,logistics,2,2,6.214608098422191,1.0
5515,long-standing,2,2,6.214608098422191,1.0
5516,longitudinal,2,2,6.214608098422191,1.0
5517,looking,2,2,6.214608098422191,1.0
5518,looks,2,2,6.214608098422191,1.0
5519,losing,2,2,6.214608098422191,1.0
5520,low-calorie,2,2,6.214608098422191,1.0
5521,low-dp,2,1,6.907755278982137,2.0
5522,low-grade,2,2,6.214608098422191,1.0
5523,ltrs,2,1,6.907755278982137,2.0
5524,lumbar,2,2,6.214608098422191,1.0
5525,lysinoalanine-bridged,2,1,6.907755278982137,2.0
5526,lytacs,2,1,6.907755278982137,2.0
5527,m-glp-1,2,1,6.907755278982137,2.0
5528,macronutrients,2,1,6.907755278982137,2.0
5529,mainstay,2,2,6.214608098422191,1.0
5530,maintains,2,2,6.214608098422191,1.0
5531,makes,2,2,6.214608098422191,1.0
5532,maleimidopropionic,2,1,6.907755278982137,2.0
5533,malignant,2,1,6.907755278982137,2.0
5534,mandatory,2,2,6.214608098422191,1.0
5535,maridebart,2,2,6.214608098422191,1.0
5536,mass-preserving,2,1,6.907755278982137,2.0
5537,maturation,2,2,6.214608098422191,1.0
5538,max,2,1,6.907755278982137,2.0
5539,maze,2,2,6.214608098422191,1.0
5540,mcp-1,2,2,6.214608098422191,1.0
5541,meal-induced,2,2,6.214608098422191,1.0
5542,meal-related,2,2,6.214608098422191,1.0
5543,meaningfully,2,2,6.214608098422191,1.0
5544,meanwhile,2,2,6.214608098422191,1.0
5545,measurable,2,2,6.214608098422191,1.0
5546,measuring,2,2,6.214608098422191,1.0
5547,medication-related,2,2,6.214608098422191,1.0
5548,medullary,2,2,6.214608098422191,1.0
5549,members,2,2,6.214608098422191,1.0
5550,menstrual,2,2,6.214608098422191,1.0
5551,mention,2,2,6.214608098422191,1.0
5552,merits,2,2,6.214608098422191,1.0
5553,mesenteric,2,2,6.214608098422191,1.0
5554,meta-regression,2,1,6.907755278982137,2.0
5555,metoprolol,2,1,6.907755278982137,2.0
5556,mglu-yfp,2,1,6.907755278982137,2.0
5557,michaelis-menten,2,1,6.907755278982137,2.0
5558,micro,2,2,6.214608098422191,1.0
5559,microbe,2,2,6.214608098422191,1.0
5560,microbes,2,2,6.214608098422191,1.0
5561,microenvironment,2,2,6.214608098422191,1.0
5562,micrograms,2,1,6.907755278982137,2.0
5563,microl,2,1,6.907755278982137,2.0
5564,micronutrient,2,1,6.907755278982137,2.0
5565,microscopic,2,2,6.214608098422191,1.0
5566,microvasculature,2,2,6.214608098422191,1.0
5567,microvilli,2,1,6.907755278982137,2.0
5568,mifepristone,2,2,6.214608098422191,1.0
5569,mildly,2,2,6.214608098422191,1.0
5570,milk,2,2,6.214608098422191,1.0
5571,mind,2,2,6.214608098422191,1.0
5572,mineralocorticoid,2,2,6.214608098422191,1.0
5573,minimally,2,2,6.214608098422191,1.0
5574,minimise,2,1,6.907755278982137,2.0
5575,minimizing,2,2,6.214608098422191,1.0
5576,minipeg,2,1,6.907755278982137,2.0
5577,minipig,2,1,6.907755278982137,2.0
5578,misty,2,1,6.907755278982137,2.0
5579,mitigates,2,2,6.214608098422191,1.0
5580,mitochondria,2,2,6.214608098422191,1.0
5581,mixed-meal,2,2,6.214608098422191,1.0
5582,mixtures,2,1,6.907755278982137,2.0
5583,mmp-9,2,2,6.214608098422191,1.0
5584,mobilization,2,2,6.214608098422191,1.0
5585,modality,2,2,6.214608098422191,1.0
5586,moderate-intensity,2,1,6.907755278982137,2.0
5587,modifiable,2,2,6.214608098422191,1.0
5588,monitored,2,2,6.214608098422191,1.0
5589,mono,2,2,6.214608098422191,1.0
5590,mono-agonists,2,2,6.214608098422191,1.0
5591,monolayer,2,2,6.214608098422191,1.0
5592,monophasic,2,2,6.214608098422191,1.0
5593,monosaccharides,2,2,6.214608098422191,1.0
5594,monounsaturated,2,2,6.214608098422191,1.0
5595,month-old,2,2,6.214608098422191,1.0
5596,mood,2,1,6.907755278982137,2.0
5597,morbid,2,2,6.214608098422191,1.0
5598,morbilliform,2,2,6.214608098422191,1.0
5599,mot,2,1,6.907755278982137,2.0
5600,mother,2,1,6.907755278982137,2.0
5601,motif,2,2,6.214608098422191,1.0
5602,motoneurons,2,1,6.907755278982137,2.0
5603,movement,2,2,6.214608098422191,1.0
5604,moving,2,2,6.214608098422191,1.0
5605,mpa-c12-glp-1,2,1,6.907755278982137,2.0
5606,mptp,2,1,6.907755278982137,2.0
5607,mri,2,2,6.214608098422191,1.0
5608,muc,2,1,6.907755278982137,2.0
5609,muciniphila,2,1,6.907755278982137,2.0
5610,mucous,2,2,6.214608098422191,1.0
5611,multi-dimensional,2,2,6.214608098422191,1.0
5612,multi-receptor,2,2,6.214608098422191,1.0
5613,multitude,2,2,6.214608098422191,1.0
5614,multivariable,2,2,6.214608098422191,1.0
5615,muscular,2,1,6.907755278982137,2.0
5616,mutant,2,2,6.214608098422191,1.0
5617,mutational,2,1,6.907755278982137,2.0
5618,mwm,2,1,6.907755278982137,2.0
5619,my,2,1,6.907755278982137,2.0
5620,n-acetyl-glp-1,2,1,6.907755278982137,2.0
5621,nac,2,1,6.907755278982137,2.0
5622,nae,2,1,6.907755278982137,2.0
5623,naes,2,1,6.907755278982137,2.0
5624,nanoconstructs,2,1,6.907755278982137,2.0
5625,nanomaterials,2,1,6.907755278982137,2.0
5626,navigate,2,2,6.214608098422191,1.0
5627,ne,2,1,6.907755278982137,2.0
5628,necessitates,2,2,6.214608098422191,1.0
5629,necessitating,2,2,6.214608098422191,1.0
5630,neck,2,2,6.214608098422191,1.0
5631,neo,2,2,6.214608098422191,1.0
5632,neoglycolipidated,2,1,6.907755278982137,2.0
5633,neoplastic,2,2,6.214608098422191,1.0
5634,nephrologists,2,2,6.214608098422191,1.0
5635,neprilysin,2,2,6.214608098422191,1.0
5636,nervi,2,1,6.907755278982137,2.0
5637,neurite,2,2,6.214608098422191,1.0
5638,neurologic,2,1,6.907755278982137,2.0
5639,neuromodulation,2,2,6.214608098422191,1.0
5640,neuromodulatory,2,1,6.907755278982137,2.0
5641,neuroscience,2,2,6.214608098422191,1.0
5642,neurotransmission,2,2,6.214608098422191,1.0
5643,new-onset,2,2,6.214608098422191,1.0
5644,nhe,2,1,6.907755278982137,2.0
5645,nhs,2,1,6.907755278982137,2.0
5646,niacin,2,2,6.214608098422191,1.0
5647,nickel,2,2,6.214608098422191,1.0
5648,nicotinamide,2,2,6.214608098422191,1.0
5649,nigra,2,2,6.214608098422191,1.0
5650,nitroprusside,2,2,6.214608098422191,1.0
5651,nn,2,1,6.907755278982137,2.0
5652,nodose,2,2,6.214608098422191,1.0
5653,non-canonical,2,2,6.214608098422191,1.0
5654,non-fasting,2,2,6.214608098422191,1.0
5655,non-glutinous,2,1,6.907755278982137,2.0
5656,non-insulin,2,2,6.214608098422191,1.0
5657,non-pcos,2,1,6.907755278982137,2.0
5658,non-radioactive,2,1,6.907755278982137,2.0
5659,nonapeptide,2,2,6.214608098422191,1.0
5660,noncaloric,2,2,6.214608098422191,1.0
5661,nonglucidic,2,1,6.907755278982137,2.0
5662,nonglycemic,2,2,6.214608098422191,1.0
5663,noninfectious,2,1,6.907755278982137,2.0
5664,noninsulin-dependent,2,1,6.907755278982137,2.0
5665,nonpeptide,2,2,6.214608098422191,1.0
5666,nonpeptidic,2,1,6.907755278982137,2.0
5667,normal-weight,2,2,6.214608098422191,1.0
5668,normalizing,2,2,6.214608098422191,1.0
5669,north,2,2,6.214608098422191,1.0
5670,notoriously,2,2,6.214608098422191,1.0
5671,notwithstanding,2,2,6.214608098422191,1.0
5672,november,2,2,6.214608098422191,1.0
5673,nox,2,1,6.907755278982137,2.0
5674,nppcs,2,1,6.907755278982137,2.0
5675,nrf,2,2,6.214608098422191,1.0
5676,nuanced,2,2,6.214608098422191,1.0
5677,nurse,2,2,6.214608098422191,1.0
5678,nzp,2,1,6.907755278982137,2.0
5679,o-glcnacylation,2,1,6.907755278982137,2.0
5680,oads,2,1,6.907755278982137,2.0
5681,oal,2,1,6.907755278982137,2.0
5682,obesity-induced,2,2,6.214608098422191,1.0
5683,obesogen,2,1,6.907755278982137,2.0
5684,oblongata,2,2,6.214608098422191,1.0
5685,obstetrician-gynecologists,2,2,6.214608098422191,1.0
5686,obstructions,2,2,6.214608098422191,1.0
5687,obtain,2,2,6.214608098422191,1.0
5688,obviously,2,2,6.214608098422191,1.0
5689,occupational,2,1,6.907755278982137,2.0
5690,ogia,2,1,6.907755278982137,2.0
5691,ogis,2,1,6.907755278982137,2.0
5692,oh,2,1,6.907755278982137,2.0
5693,oleic,2,2,6.214608098422191,1.0
5694,onlinelibrary,2,2,6.214608098422191,1.0
5695,open-label,2,2,6.214608098422191,1.0
5696,opened,2,2,6.214608098422191,1.0
5697,opens,2,2,6.214608098422191,1.0
5698,openvigil,2,2,6.214608098422191,1.0
5699,operative,2,1,6.907755278982137,2.0
5700,opioids,2,2,6.214608098422191,1.0
5701,oppose,2,2,6.214608098422191,1.0
5702,opposite,2,2,6.214608098422191,1.0
5703,optimalize,2,2,6.214608098422191,1.0
5704,orexigenic,2,2,6.214608098422191,1.0
5705,organic,2,2,6.214608098422191,1.0
5706,organizing,2,2,6.214608098422191,1.0
5707,orthopaedics,2,1,6.907755278982137,2.0
5708,orthosteric,2,2,6.214608098422191,1.0
5709,osas,2,1,6.907755278982137,2.0
5710,osmoregulation,2,1,6.907755278982137,2.0
5711,osmotic,2,2,6.214608098422191,1.0
5712,osteoblast,2,2,6.214608098422191,1.0
5713,otherwise,2,2,6.214608098422191,1.0
5714,outgrowth,2,2,6.214608098422191,1.0
5715,outlined,2,2,6.214608098422191,1.0
5716,outstanding,2,2,6.214608098422191,1.0
5717,ova,2,1,6.907755278982137,2.0
5718,ova-induced,2,1,6.907755278982137,2.0
5719,overconsumption,2,2,6.214608098422191,1.0
5720,overexpress,2,2,6.214608098422191,1.0
5721,overexpressing,2,2,6.214608098422191,1.0
5722,overt,2,2,6.214608098422191,1.0
5723,overwhelming,2,2,6.214608098422191,1.0
5724,ovx,2,1,6.907755278982137,2.0
5725,p-akt,2,1,6.907755278982137,2.0
5726,pacap,2,1,6.907755278982137,2.0
5727,pacing,2,1,6.907755278982137,2.0
5728,paid,2,2,6.214608098422191,1.0
5729,painless,2,1,6.907755278982137,2.0
5730,painting,2,1,6.907755278982137,2.0
5731,pairs,2,2,6.214608098422191,1.0
5732,palmitate,2,1,6.907755278982137,2.0
5733,palmitate-induced,2,2,6.214608098422191,1.0
5734,pancreas-projecting,2,1,6.907755278982137,2.0
5735,pandemic,2,2,6.214608098422191,1.0
5736,paradoxical,2,2,6.214608098422191,1.0
5737,parallels,2,2,6.214608098422191,1.0
5738,parameter,2,2,6.214608098422191,1.0
5739,participating,2,2,6.214608098422191,1.0
5740,participation,2,2,6.214608098422191,1.0
5741,patch-clamp,2,2,6.214608098422191,1.0
5742,patentscope,2,2,6.214608098422191,1.0
5743,pathhunter,2,1,6.907755278982137,2.0
5744,pathogens,2,2,6.214608098422191,1.0
5745,paths,2,1,6.907755278982137,2.0
5746,patient-specific,2,2,6.214608098422191,1.0
5747,paved,2,2,6.214608098422191,1.0
5748,pdr,2,1,6.907755278982137,2.0
5749,pdx-1,2,2,6.214608098422191,1.0
5750,pecks,2,1,6.907755278982137,2.0
5751,penetrant,2,1,6.907755278982137,2.0
5752,penetrate,2,2,6.214608098422191,1.0
5753,penetratin-glp-1,2,1,6.907755278982137,2.0
5754,penetrating,2,1,6.907755278982137,2.0
5755,penetration,2,2,6.214608098422191,1.0
5756,pens,2,2,6.214608098422191,1.0
5757,pentasaccharide,2,1,6.907755278982137,2.0
5758,peptidases,2,2,6.214608098422191,1.0
5759,peptide-albumin,2,1,6.907755278982137,2.0
5760,peptide-receptor,2,2,6.214608098422191,1.0
5761,peptideyy,2,2,6.214608098422191,1.0
5762,perceived,2,2,6.214608098422191,1.0
5763,percentage,2,2,6.214608098422191,1.0
5764,perceptions,2,2,6.214608098422191,1.0
5765,perforation,2,1,6.907755278982137,2.0
5766,performs,2,2,6.214608098422191,1.0
5767,peri-procedural,2,1,6.907755278982137,2.0
5768,periprosthetic,2,2,6.214608098422191,1.0
5769,permanent,2,2,6.214608098422191,1.0
5770,peroxisome,2,2,6.214608098422191,1.0
5771,persistence,2,1,6.907755278982137,2.0
5772,pgc,2,2,6.214608098422191,1.0
5773,pgf,2,1,6.907755278982137,2.0
5774,pgip,2,2,6.214608098422191,1.0
5775,pgs,2,1,6.907755278982137,2.0
5776,pharmaceuticals,2,2,6.214608098422191,1.0
5777,pharmacies,2,1,6.907755278982137,2.0
5778,pharmacodynamic,2,2,6.214608098422191,1.0
5779,pharmacotherapeutic,2,2,6.214608098422191,1.0
5780,phases,2,2,6.214608098422191,1.0
5781,phenomena,2,2,6.214608098422191,1.0
5782,phentermine,2,2,6.214608098422191,1.0
5783,phosphate-buffered,2,2,6.214608098422191,1.0
5784,phospholipase,2,2,6.214608098422191,1.0
5785,pigs,2,2,6.214608098422191,1.0
5786,placebo-controlled,2,2,6.214608098422191,1.0
5787,placebos,2,1,6.907755278982137,2.0
5788,plain,2,1,6.907755278982137,2.0
5789,plant,2,2,6.214608098422191,1.0
5790,plaques,2,2,6.214608098422191,1.0
5791,plausible,2,2,6.214608098422191,1.0
5792,plexus,2,2,6.214608098422191,1.0
5793,plga,2,2,6.214608098422191,1.0
5794,plwha,2,1,6.907755278982137,2.0
5795,pmc,2,2,6.214608098422191,1.0
5796,pnd,2,1,6.907755278982137,2.0
5797,pneumonia,2,2,6.214608098422191,1.0
5798,podocyte,2,1,6.907755278982137,2.0
5799,point-of-care,2,2,6.214608098422191,1.0
5800,pointed,2,2,6.214608098422191,1.0
5801,poised,2,2,6.214608098422191,1.0
5802,poison,2,1,6.907755278982137,2.0
5803,polarized,2,1,6.907755278982137,2.0
5804,poly,2,2,6.214608098422191,1.0
5805,polyphenol,2,2,6.214608098422191,1.0
5806,poorer,2,2,6.214608098422191,1.0
5807,portion,2,2,6.214608098422191,1.0
5808,possessing,2,2,6.214608098422191,1.0
5809,post-ablation,2,1,6.907755278982137,2.0
5810,post-carbohydrate,2,1,6.907755278982137,2.0
5811,post-challenge,2,1,6.907755278982137,2.0
5812,post-heparin,2,1,6.907755278982137,2.0
5813,post-injection,2,2,6.214608098422191,1.0
5814,post-mi,2,1,6.907755278982137,2.0
5815,postbariatric,2,2,6.214608098422191,1.0
5816,postcessation,2,1,6.907755278982137,2.0
5817,postcolectomy,2,1,6.907755278982137,2.0
5818,postmarketing,2,1,6.907755278982137,2.0
5819,postnatal,2,2,6.214608098422191,1.0
5820,potencies,2,2,6.214608098422191,1.0
5821,potentials,2,2,6.214608098422191,1.0
5822,powder,2,2,6.214608098422191,1.0
5823,powerfully,2,2,6.214608098422191,1.0
5824,ppg-cells,2,1,6.907755278982137,2.0
5825,ppkc,2,1,6.907755278982137,2.0
5826,practices,2,2,6.214608098422191,1.0
5827,pramlintide,2,2,6.214608098422191,1.0
5828,pre-administration,2,2,6.214608098422191,1.0
5829,pre-conception,2,1,6.907755278982137,2.0
5830,pre-diabetes,2,1,6.907755278982137,2.0
5831,pre-ingestive,2,1,6.907755278982137,2.0
5832,pre-lethal,2,1,6.907755278982137,2.0
5833,pre-treated,2,1,6.907755278982137,2.0
5834,pre-treatment,2,2,6.214608098422191,1.0
5835,preclude,2,2,6.214608098422191,1.0
5836,predictions,2,2,6.214608098422191,1.0
5837,predictive,2,2,6.214608098422191,1.0
5838,predictor,2,2,6.214608098422191,1.0
5839,predicts,2,2,6.214608098422191,1.0
5840,predominant,2,2,6.214608098422191,1.0
5841,prefrontal,2,1,6.907755278982137,2.0
5842,preload,2,1,6.907755278982137,2.0
5843,preloads,2,1,6.907755278982137,2.0
5844,prescriptions,2,2,6.214608098422191,1.0
5845,presurgical,2,2,6.214608098422191,1.0
5846,presynaptic,2,2,6.214608098422191,1.0
5847,preventative,2,2,6.214608098422191,1.0
5848,principles,2,2,6.214608098422191,1.0
5849,prioritizing,2,2,6.214608098422191,1.0
5850,procedural,2,2,6.214608098422191,1.0
5851,prognostic,2,2,6.214608098422191,1.0
5852,programme,2,2,6.214608098422191,1.0
5853,projection,2,2,6.214608098422191,1.0
5854,projections,2,2,6.214608098422191,1.0
5855,proliferative,2,2,6.214608098422191,1.0
5856,prolonged-release,2,2,6.214608098422191,1.0
5857,promises,2,2,6.214608098422191,1.0
5858,prompted,2,2,6.214608098422191,1.0
5859,prone,2,2,6.214608098422191,1.0
5860,propagation,2,1,6.907755278982137,2.0
5861,propensity-score,2,1,6.907755278982137,2.0
5862,propionate,2,2,6.214608098422191,1.0
5863,proportional,2,2,6.214608098422191,1.0
5864,proportions,2,2,6.214608098422191,1.0
5865,proposes,2,2,6.214608098422191,1.0
5866,proprotein,2,2,6.214608098422191,1.0
5867,proquest,2,1,6.907755278982137,2.0
5868,protein-free,2,2,6.214608098422191,1.0
5869,protein-induced,2,1,6.907755278982137,2.0
5870,protraction,2,1,6.907755278982137,2.0
5871,protractor,2,1,6.907755278982137,2.0
5872,prove,2,2,6.214608098422191,1.0
5873,provider,2,2,6.214608098422191,1.0
5874,provision,2,2,6.214608098422191,1.0
5875,proxied,2,1,6.907755278982137,2.0
5876,pseudocyst,2,1,6.907755278982137,2.0
5877,pseudocysts,2,1,6.907755278982137,2.0
5878,psma,2,1,6.907755278982137,2.0
5879,psma-avid,2,1,6.907755278982137,2.0
5880,psychosocial,2,2,6.214608098422191,1.0
5881,psychostimulants,2,2,6.214608098422191,1.0
5882,purification,2,2,6.214608098422191,1.0
5883,purported,2,2,6.214608098422191,1.0
5884,pursued,2,2,6.214608098422191,1.0
5885,pursuit,2,2,6.214608098422191,1.0
5886,put,2,2,6.214608098422191,1.0
5887,qsp,2,1,6.907755278982137,2.0
5888,quantify,2,2,6.214608098422191,1.0
5889,quantitation,2,2,6.214608098422191,1.0
5890,quantity,2,2,6.214608098422191,1.0
5891,questioned,2,2,6.214608098422191,1.0
5892,r-based,2,1,6.907755278982137,2.0
5893,r-expressing,2,2,6.214608098422191,1.0
5894,ra-supported,2,1,6.907755278982137,2.0
5895,racial,2,1,6.907755278982137,2.0
5896,radioactive,2,1,6.907755278982137,2.0
5897,radioactivity,2,1,6.907755278982137,2.0
5898,radiographic,2,2,6.214608098422191,1.0
5899,radioimmunoassay,2,2,6.214608098422191,1.0
5900,rage,2,1,6.907755278982137,2.0
5901,randomization,2,2,6.214608098422191,1.0
5902,randomly,2,2,6.214608098422191,1.0
5903,ranging,2,2,6.214608098422191,1.0
5904,rct,2,2,6.214608098422191,1.0
5905,re-tear,2,1,6.907755278982137,2.0
5906,re-titration,2,2,6.214608098422191,1.0
5907,reabsorption,2,2,6.214608098422191,1.0
5908,reactivity,2,2,6.214608098422191,1.0
5909,read,2,1,6.907755278982137,2.0
5910,readily,2,2,6.214608098422191,1.0
5911,real,2,2,6.214608098422191,1.0
5912,realized,2,2,6.214608098422191,1.0
5913,reason,2,2,6.214608098422191,1.0
5914,receptive,2,1,6.907755278982137,2.0
5915,receptor-based,2,1,6.907755278982137,2.0
5916,receptor-expressing,2,2,6.214608098422191,1.0
5917,receptor-mediated,2,2,6.214608098422191,1.0
5918,receptor-targeted,2,2,6.214608098422191,1.0
5919,reciprocal,2,2,6.214608098422191,1.0
5920,recognizing,2,2,6.214608098422191,1.0
5921,recombinantly,2,2,6.214608098422191,1.0
5922,recommends,2,2,6.214608098422191,1.0
5923,record,2,2,6.214608098422191,1.0
5924,recovering,2,2,6.214608098422191,1.0
5925,rectum,2,2,6.214608098422191,1.0
5926,red,2,2,6.214608098422191,1.0
5927,redefine,2,2,6.214608098422191,1.0
5928,redox,2,2,6.214608098422191,1.0
5929,references,2,2,6.214608098422191,1.0
5930,refining,2,2,6.214608098422191,1.0
5931,reflected,2,2,6.214608098422191,1.0
5932,reflux,2,2,6.214608098422191,1.0
5933,refolded,2,1,6.907755278982137,2.0
5934,reforms,2,1,6.907755278982137,2.0
5935,refractory,2,2,6.214608098422191,1.0
5936,regaining,2,2,6.214608098422191,1.0
5937,region-specific,2,2,6.214608098422191,1.0
5938,registries,2,2,6.214608098422191,1.0
5939,relay,2,2,6.214608098422191,1.0
5940,relief,2,2,6.214608098422191,1.0
5941,remodelling,2,1,6.907755278982137,2.0
5942,remove,2,2,6.214608098422191,1.0
5943,renin-angiotensin-aldosterone,2,2,6.214608098422191,1.0
5944,reorganization,2,2,6.214608098422191,1.0
5945,repeatedly,2,2,6.214608098422191,1.0
5946,repertoire,2,2,6.214608098422191,1.0
5947,replace,2,2,6.214608098422191,1.0
5948,replicate,2,2,6.214608098422191,1.0
5949,replicated,2,2,6.214608098422191,1.0
5950,representative,2,2,6.214608098422191,1.0
5951,reproducible,2,2,6.214608098422191,1.0
5952,repurposed,2,2,6.214608098422191,1.0
5953,requests,2,1,6.907755278982137,2.0
5954,reshape,2,2,6.214608098422191,1.0
5955,reshaped,2,2,6.214608098422191,1.0
5956,resolve,2,2,6.214608098422191,1.0
5957,respiration,2,1,6.907755278982137,2.0
5958,responder,2,1,6.907755278982137,2.0
5959,restarting,2,2,6.214608098422191,1.0
5960,restoration,2,2,6.214608098422191,1.0
5961,restores,2,2,6.214608098422191,1.0
5962,restrained,2,1,6.907755278982137,2.0
5963,restrictions,2,2,6.214608098422191,1.0
5964,resumed,2,2,6.214608098422191,1.0
5965,retarded,2,1,6.907755278982137,2.0
5966,retards,2,1,6.907755278982137,2.0
5967,return,2,2,6.214608098422191,1.0
5968,reversal,2,2,6.214608098422191,1.0
5969,reversible,2,2,6.214608098422191,1.0
5970,reviewers,2,2,6.214608098422191,1.0
5971,revised,2,2,6.214608098422191,1.0
5972,revolutionize,2,2,6.214608098422191,1.0
5973,reward-motivated,2,1,6.907755278982137,2.0
5974,reward-related,2,2,6.214608098422191,1.0
5975,rewarding,2,2,6.214608098422191,1.0
5976,rhein-modified,2,1,6.907755278982137,2.0
5977,ria,2,2,6.214608098422191,1.0
5978,ric,2,1,6.907755278982137,2.0
5979,rigorous,2,2,6.214608098422191,1.0
5980,ris,2,1,6.907755278982137,2.0
5981,risk-benefit,2,2,6.214608098422191,1.0
5982,risk-stratified,2,2,6.214608098422191,1.0
5983,rooted,2,2,6.214608098422191,1.0
5984,rose,2,2,6.214608098422191,1.0
5985,rotator,2,2,6.214608098422191,1.0
5986,rotenone-induced,2,1,6.907755278982137,2.0
5987,rrr,2,1,6.907755278982137,2.0
5988,rt-qpcr,2,1,6.907755278982137,2.0
5989,ruminants,2,1,6.907755278982137,2.0
5990,run,2,2,6.214608098422191,1.0
5991,rvo,2,1,6.907755278982137,2.0
5992,s-1,2,1,6.907755278982137,2.0
5993,safely,2,2,6.214608098422191,1.0
5994,sampling,2,2,6.214608098422191,1.0
5995,sat,2,1,6.907755278982137,2.0
5996,saturation,2,2,6.214608098422191,1.0
5997,savor-timi,2,1,6.907755278982137,2.0
5998,sclerosis,2,2,6.214608098422191,1.0
5999,sct,2,1,6.907755278982137,2.0
6000,sds-page,2,2,6.214608098422191,1.0
6001,se,2,2,6.214608098422191,1.0
6002,secondly,2,2,6.214608098422191,1.0
6003,section,2,2,6.214608098422191,1.0
6004,seek,2,2,6.214608098422191,1.0
6005,seemed,2,2,6.214608098422191,1.0
6006,selectivity,2,2,6.214608098422191,1.0
6007,self-administration,2,1,6.907755278982137,2.0
6008,self-assembly,2,1,6.907755278982137,2.0
6009,self-injurious,2,1,6.907755278982137,2.0
6010,sensors,2,2,6.214608098422191,1.0
6011,separation,2,2,6.214608098422191,1.0
6012,sepsis-related,2,2,6.214608098422191,1.0
6013,sequential,2,2,6.214608098422191,1.0
6014,ser,2,2,6.214608098422191,1.0
6015,serine,2,2,6.214608098422191,1.0
6016,serving,2,2,6.214608098422191,1.0
6017,sex-dependent,2,1,6.907755278982137,2.0
6018,sgas,2,1,6.907755278982137,2.0
6019,sglp-1,2,1,6.907755278982137,2.0
6020,sglt-2is,2,1,6.907755278982137,2.0
6021,shams,2,1,6.907755278982137,2.0
6022,shape,2,2,6.214608098422191,1.0
6023,shaping,2,2,6.214608098422191,1.0
6024,sheath,2,2,6.214608098422191,1.0
6025,shedding,2,2,6.214608098422191,1.0
6026,shortages,2,1,6.907755278982137,2.0
6027,side-effects,2,2,6.214608098422191,1.0
6028,sih,2,1,6.907755278982137,2.0
6029,similarities,2,2,6.214608098422191,1.0
6030,simply,2,2,6.214608098422191,1.0
6031,singleton,2,1,6.907755278982137,2.0
6032,singulex,2,1,6.907755278982137,2.0
6033,sipscs,2,2,6.214608098422191,1.0
6034,sirna,2,2,6.214608098422191,1.0
6035,site-specific,2,1,6.907755278982137,2.0
6036,sizes,2,2,6.214608098422191,1.0
6037,slightly,2,2,6.214608098422191,1.0
6038,so-called,2,2,6.214608098422191,1.0
6039,societal,2,2,6.214608098422191,1.0
6040,society-endorsed,2,1,6.907755278982137,2.0
6041,solitarius,2,2,6.214608098422191,1.0
6042,sorting,2,2,6.214608098422191,1.0
6043,soybean,2,2,6.214608098422191,1.0
6044,space,2,2,6.214608098422191,1.0
6045,span,2,2,6.214608098422191,1.0
6046,spare,2,2,6.214608098422191,1.0
6047,specialised,2,2,6.214608098422191,1.0
6048,spectroscopic,2,2,6.214608098422191,1.0
6049,speculative,2,1,6.907755278982137,2.0
6050,spexin,2,1,6.907755278982137,2.0
6051,sprague,2,2,6.214608098422191,1.0
6052,ss-28,2,1,6.907755278982137,2.0
6053,stabilization,2,2,6.214608098422191,1.0
6054,stably,2,2,6.214608098422191,1.0
6055,standardized,2,2,6.214608098422191,1.0
6056,start,2,2,6.214608098422191,1.0
6057,state-of-the-art,2,2,6.214608098422191,1.0
6058,statins,2,2,6.214608098422191,1.0
6059,stays,2,1,6.907755278982137,2.0
6060,steroid-induced,2,1,6.907755278982137,2.0
6061,steroids,2,2,6.214608098422191,1.0
6062,stiffness,2,2,6.214608098422191,1.0
6063,stimulations,2,2,6.214608098422191,1.0
6064,stockholm,2,1,6.907755278982137,2.0
6065,streptozotocin-induced,2,2,6.214608098422191,1.0
6066,stress-induced,2,2,6.214608098422191,1.0
6067,stressful,2,1,6.907755278982137,2.0
6068,stressors,2,1,6.907755278982137,2.0
6069,strips,2,1,6.907755278982137,2.0
6070,stromal,2,2,6.214608098422191,1.0
6071,stronger,2,2,6.214608098422191,1.0
6072,strongest,2,2,6.214608098422191,1.0
6073,struggling,2,2,6.214608098422191,1.0
6074,stz,2,2,6.214608098422191,1.0
6075,stz-induced,2,2,6.214608098422191,1.0
6076,sub-chronic,2,1,6.907755278982137,2.0
6077,subdiaphragmatic,2,1,6.907755278982137,2.0
6078,subeffective,2,1,6.907755278982137,2.0
6079,subgroup,2,2,6.214608098422191,1.0
6080,sublingual,2,2,6.214608098422191,1.0
6081,substantia,2,2,6.214608098422191,1.0
6082,substituted,2,2,6.214608098422191,1.0
6083,subtilisin,2,2,6.214608098422191,1.0
6084,subtle,2,2,6.214608098422191,1.0
6085,succinic,2,2,6.214608098422191,1.0
6086,sud-related,2,1,6.907755278982137,2.0
6087,suffering,2,2,6.214608098422191,1.0
6088,suggestive,2,2,6.214608098422191,1.0
6089,suicide,2,1,6.907755278982137,2.0
6090,sulfate,2,2,6.214608098422191,1.0
6091,sulfono,2,1,6.907755278982137,2.0
6092,sulphonylureas,2,2,6.214608098422191,1.0
6093,sum,2,2,6.214608098422191,1.0
6094,superficial,2,1,6.907755278982137,2.0
6095,supervision,2,2,6.214608098422191,1.0
6096,supportive-care,2,1,6.907755278982137,2.0
6097,supramolecular,2,2,6.214608098422191,1.0
6098,supraphysiological,2,2,6.214608098422191,1.0
6099,surveillance,2,2,6.214608098422191,1.0
6100,sustain-6,2,2,6.214608098422191,1.0
6101,sustainable,2,2,6.214608098422191,1.0
6102,sustaining,2,2,6.214608098422191,1.0
6103,swelling,2,2,6.214608098422191,1.0
6104,sympathomimetic,2,1,6.907755278982137,2.0
6105,synergy,2,2,6.214608098422191,1.0
6106,t-cell,2,1,6.907755278982137,2.0
6107,tachycardia,2,2,6.214608098422191,1.0
6108,tachyphylaxis,2,1,6.907755278982137,2.0
6109,tackling,2,2,6.214608098422191,1.0
6110,tags,2,2,6.214608098422191,1.0
6111,tailored,2,2,6.214608098422191,1.0
6112,take,2,2,6.214608098422191,1.0
6113,takeda,2,2,6.214608098422191,1.0
6114,tba,2,1,6.907755278982137,2.0
6115,technically,2,1,6.907755278982137,2.0
6116,tegmental,2,2,6.214608098422191,1.0
6117,tend,2,2,6.214608098422191,1.0
6118,tends,2,2,6.214608098422191,1.0
6119,testable,2,2,6.214608098422191,1.0
6120,tetrodotoxin,2,2,6.214608098422191,1.0
6121,text,2,2,6.214608098422191,1.0
6122,tgf,2,1,6.907755278982137,2.0
6123,thapsigargin,2,2,6.214608098422191,1.0
6124,themed,2,2,6.214608098422191,1.0
6125,themselves,2,2,6.214608098422191,1.0
6126,thermal,2,1,6.907755278982137,2.0
6127,thermally,2,2,6.214608098422191,1.0
6128,thiazide-like,2,1,6.907755278982137,2.0
6129,thirty,2,2,6.214608098422191,1.0
6130,thoroughly,2,2,6.214608098422191,1.0
6131,thromboembolism,2,2,6.214608098422191,1.0
6132,thrombosis,2,2,6.214608098422191,1.0
6133,time-restricted,2,1,6.907755278982137,2.0
6134,tissue-specific,2,2,6.214608098422191,1.0
6135,tmao,2,1,6.907755278982137,2.0
6136,tongue,2,1,6.907755278982137,2.0
6137,top,2,2,6.214608098422191,1.0
6138,topics,2,1,6.907755278982137,2.0
6139,toxic,2,2,6.214608098422191,1.0
6140,toxin,2,2,6.214608098422191,1.0
6141,trace,2,2,6.214608098422191,1.0
6142,track,2,2,6.214608098422191,1.0
6143,tractable,2,2,6.214608098422191,1.0
6144,trafficked,2,2,6.214608098422191,1.0
6145,trajectory,2,2,6.214608098422191,1.0
6146,transaminase,2,2,6.214608098422191,1.0
6147,transcriptomic,2,2,6.214608098422191,1.0
6148,transcripts,2,2,6.214608098422191,1.0
6149,transients,2,2,6.214608098422191,1.0
6150,transmitters,2,2,6.214608098422191,1.0
6151,transmitting,2,2,6.214608098422191,1.0
6152,tremendous,2,2,6.214608098422191,1.0
6153,tremor,2,2,6.214608098422191,1.0
6154,trf,2,1,6.907755278982137,2.0
6155,triggering,2,2,6.214608098422191,1.0
6156,trisphosphate,2,2,6.214608098422191,1.0
6157,trophic,2,1,6.907755278982137,2.0
6158,true,2,2,6.214608098422191,1.0
6159,truly,2,2,6.214608098422191,1.0
6160,tubule,2,2,6.214608098422191,1.0
6161,tumorigenesis,2,2,6.214608098422191,1.0
6162,tumours,2,2,6.214608098422191,1.0
6163,tunel,2,2,6.214608098422191,1.0
6164,turning,2,2,6.214608098422191,1.0
6165,turnover,2,2,6.214608098422191,1.0
6166,twenty-five,2,2,6.214608098422191,1.0
6167,two-fold,2,2,6.214608098422191,1.0
6168,ubiquitous,2,2,6.214608098422191,1.0
6169,ulcerative,2,1,6.907755278982137,2.0
6170,ultra-short,2,1,6.907755278982137,2.0
6171,ultrastructural,2,2,6.214608098422191,1.0
6172,uncertainty,2,2,6.214608098422191,1.0
6173,uncharged,2,1,6.907755278982137,2.0
6174,unconfirmed,2,2,6.214608098422191,1.0
6175,uncontrolled,2,2,6.214608098422191,1.0
6176,underdiagnosed,2,2,6.214608098422191,1.0
6177,underestimated,2,2,6.214608098422191,1.0
6178,undergoes,2,2,6.214608098422191,1.0
6179,underlies,2,2,6.214608098422191,1.0
6180,underpin,2,2,6.214608098422191,1.0
6181,underpinning,2,2,6.214608098422191,1.0
6182,underway,2,2,6.214608098422191,1.0
6183,undesirable,2,2,6.214608098422191,1.0
6184,undetectable,2,2,6.214608098422191,1.0
6185,unexplored,2,2,6.214608098422191,1.0
6186,unidirectional,2,1,6.907755278982137,2.0
6187,unnecessary,2,2,6.214608098422191,1.0
6188,unproven,2,2,6.214608098422191,1.0
6189,unremarkable,2,2,6.214608098422191,1.0
6190,unsatisfactory,2,1,6.907755278982137,2.0
6191,untreated,2,2,6.214608098422191,1.0
6192,unwilling,2,2,6.214608098422191,1.0
6193,up-regulation,2,2,6.214608098422191,1.0
6194,up-to-date,2,2,6.214608098422191,1.0
6195,update,2,2,6.214608098422191,1.0
6196,updates,2,2,6.214608098422191,1.0
6197,urea,2,2,6.214608098422191,1.0
6198,urologic,2,1,6.907755278982137,2.0
6199,usefulness,2,2,6.214608098422191,1.0
6200,uterine,2,2,6.214608098422191,1.0
6201,uv,2,2,6.214608098422191,1.0
6202,vagal-brainstem-hypothalamic,2,1,6.907755278982137,2.0
6203,vagotomised,2,1,6.907755278982137,2.0
6204,variably,2,2,6.214608098422191,1.0
6205,variations,2,2,6.214608098422191,1.0
6206,vary,2,2,6.214608098422191,1.0
6207,vasodilatation,2,2,6.214608098422191,1.0
6208,vasodilator,2,1,6.907755278982137,2.0
6209,vehicles,2,2,6.214608098422191,1.0
6210,venom,2,2,6.214608098422191,1.0
6211,versatile,2,2,6.214608098422191,1.0
6212,versions,2,2,6.214608098422191,1.0
6213,vertical,2,2,6.214608098422191,1.0
6214,vesicle,2,2,6.214608098422191,1.0
6215,vesicles,2,2,6.214608098422191,1.0
6216,video,2,2,6.214608098422191,1.0
6217,viewpoint,2,2,6.214608098422191,1.0
6218,vigilance,2,2,6.214608098422191,1.0
6219,vil-creert2,2,1,6.907755278982137,2.0
6220,villi,2,1,6.907755278982137,2.0
6221,viral,2,2,6.214608098422191,1.0
6222,virtual,2,2,6.214608098422191,1.0
6223,virtually,2,2,6.214608098422191,1.0
6224,vision,2,1,6.907755278982137,2.0
6225,visit,2,2,6.214608098422191,1.0
6226,vistas,2,2,6.214608098422191,1.0
6227,visualization,2,1,6.907755278982137,2.0
6228,vmh,2,1,6.907755278982137,2.0
6229,volumes,2,2,6.214608098422191,1.0
6230,voluntary,2,2,6.214608098422191,1.0
6231,vpa,2,1,6.907755278982137,2.0
6232,vta,2,1,6.907755278982137,2.0
6233,wanted,2,2,6.214608098422191,1.0
6234,warning,2,2,6.214608098422191,1.0
6235,wb,2,1,6.907755278982137,2.0
6236,weakens,2,1,6.907755278982137,2.0
6237,weakly,2,2,6.214608098422191,1.0
6238,weaning,2,2,6.214608098422191,1.0
6239,weight-related,2,2,6.214608098422191,1.0
6240,well-defined,2,2,6.214608098422191,1.0
6241,well-recognized,2,2,6.214608098422191,1.0
6242,whey,2,2,6.214608098422191,1.0
6243,whole-body,2,2,6.214608098422191,1.0
6244,why,2,2,6.214608098422191,1.0
6245,windows,2,2,6.214608098422191,1.0
6246,withdrawal,2,1,6.907755278982137,2.0
6247,withdrawn,2,2,6.214608098422191,1.0
6248,withholding,2,1,6.907755278982137,2.0
6249,within-patient,2,1,6.907755278982137,2.0
6250,ws-sham,2,1,6.907755278982137,2.0
6251,xag,2,1,6.907755278982137,2.0
6252,xbp,2,1,6.907755278982137,2.0
6253,xenin,2,1,6.907755278982137,2.0
6254,xglp-3,2,1,6.907755278982137,2.0
6255,yfp-glp-1,2,1,6.907755278982137,2.0
6256,younger,2,2,6.214608098422191,1.0
6257,zones,2,1,6.907755278982137,2.0
6258,a-ar,1,1,6.907755278982137,1.0
6259,a-e,1,1,6.907755278982137,1.0
6260,a-gad-glp-1-a,1,1,6.907755278982137,1.0
6261,a-q,1,1,6.907755278982137,1.0
6262,abbreviation,1,1,6.907755278982137,1.0
6263,abdomen,1,1,6.907755278982137,1.0
6264,abilities,1,1,6.907755278982137,1.0
6265,abnormally,1,1,6.907755278982137,1.0
6266,abp,1,1,6.907755278982137,1.0
6267,abruptly,1,1,6.907755278982137,1.0
6268,absorbed,1,1,6.907755278982137,1.0
6269,absorptiometry,1,1,6.907755278982137,1.0
6270,abstaining,1,1,6.907755278982137,1.0
6271,abstracted,1,1,6.907755278982137,1.0
6272,academy,1,1,6.907755278982137,1.0
6273,acanthosis,1,1,6.907755278982137,1.0
6274,acarbose-induced,1,1,6.907755278982137,1.0
6275,accelerates,1,1,6.907755278982137,1.0
6276,accelerating,1,1,6.907755278982137,1.0
6277,acceptability,1,1,6.907755278982137,1.0
6278,accommodate,1,1,6.907755278982137,1.0
6279,accompanies,1,1,6.907755278982137,1.0
6280,accomplished,1,1,6.907755278982137,1.0
6281,accordance,1,1,6.907755278982137,1.0
6282,accounted,1,1,6.907755278982137,1.0
6283,accounts,1,1,6.907755278982137,1.0
6284,accumulate,1,1,6.907755278982137,1.0
6285,accumulated,1,1,6.907755278982137,1.0
6286,accuracy,1,1,6.907755278982137,1.0
6287,acer,1,1,6.907755278982137,1.0
6288,acetaminophen,1,1,6.907755278982137,1.0
6289,acetazolamide,1,1,6.907755278982137,1.0
6290,acetyl,1,1,6.907755278982137,1.0
6291,acetylcholine-stimulated,1,1,6.907755278982137,1.0
6292,acetylcholinesterases,1,1,6.907755278982137,1.0
6293,achd,1,1,6.907755278982137,1.0
6294,ache,1,1,6.907755278982137,1.0
6295,achievable,1,1,6.907755278982137,1.0
6296,achievement,1,1,6.907755278982137,1.0
6297,acid-mutated,1,1,6.907755278982137,1.0
6298,acid-tgr5,1,1,6.907755278982137,1.0
6299,acidification,1,1,6.907755278982137,1.0
6300,acidosis,1,1,6.907755278982137,1.0
6301,acinus,1,1,6.907755278982137,1.0
6302,acne-related,1,1,6.907755278982137,1.0
6303,acquired,1,1,6.907755278982137,1.0
6304,acquiring,1,1,6.907755278982137,1.0
6305,acquisition,1,1,6.907755278982137,1.0
6306,acromegaly,1,1,6.907755278982137,1.0
6307,acsl,1,1,6.907755278982137,1.0
6308,acta,1,1,6.907755278982137,1.0
6309,acted,1,1,6.907755278982137,1.0
6310,acth,1,1,6.907755278982137,1.0
6311,actin-binding,1,1,6.907755278982137,1.0
6312,activation-induced,1,1,6.907755278982137,1.0
6313,activator,1,1,6.907755278982137,1.0
6314,active-substance,1,1,6.907755278982137,1.0
6315,activin,1,1,6.907755278982137,1.0
6316,activity-rest,1,1,6.907755278982137,1.0
6317,actual,1,1,6.907755278982137,1.0
6318,acuity,1,1,6.907755278982137,1.0
6319,acylated,1,1,6.907755278982137,1.0
6320,acyltransferase,1,1,6.907755278982137,1.0
6321,adapt,1,1,6.907755278982137,1.0
6322,adapting,1,1,6.907755278982137,1.0
6323,adapts,1,1,6.907755278982137,1.0
6324,addiction-like,1,1,6.907755278982137,1.0
6325,addictions,1,1,6.907755278982137,1.0
6326,adenine,1,1,6.907755278982137,1.0
6327,adenotonsillectomy,1,1,6.907755278982137,1.0
6328,adenoviral,1,1,6.907755278982137,1.0
6329,adequacy,1,1,6.907755278982137,1.0
6330,adequately,1,1,6.907755278982137,1.0
6331,adherent,1,1,6.907755278982137,1.0
6332,adheres,1,1,6.907755278982137,1.0
6333,adhesions,1,1,6.907755278982137,1.0
6334,adipocyte,1,1,6.907755278982137,1.0
6335,adipocytokine,1,1,6.907755278982137,1.0
6336,adipogenic,1,1,6.907755278982137,1.0
6337,adiponectin-glucagon-like,1,1,6.907755278982137,1.0
6338,adipostatic,1,1,6.907755278982137,1.0
6339,adjustable,1,1,6.907755278982137,1.0
6340,administer,1,1,6.907755278982137,1.0
6341,administrated,1,1,6.907755278982137,1.0
6342,administrations,1,1,6.907755278982137,1.0
6343,adrenal,1,1,6.907755278982137,1.0
6344,adrenalectomy,1,1,6.907755278982137,1.0
6345,advertised,1,1,6.907755278982137,1.0
6346,advertising,1,1,6.907755278982137,1.0
6347,advise,1,1,6.907755278982137,1.0
6348,advocacy,1,1,6.907755278982137,1.0
6349,advocate,1,1,6.907755278982137,1.0
6350,advocates,1,1,6.907755278982137,1.0
6351,advocating,1,1,6.907755278982137,1.0
6352,ae,1,1,6.907755278982137,1.0
6353,aed,1,1,6.907755278982137,1.0
6354,aerial,1,1,6.907755278982137,1.0
6355,affairs,1,1,6.907755278982137,1.0
6356,afferents,1,1,6.907755278982137,1.0
6357,affinity-selection,1,1,6.907755278982137,1.0
6358,affordability,1,1,6.907755278982137,1.0
6359,affordable,1,1,6.907755278982137,1.0
6360,affording,1,1,6.907755278982137,1.0
6361,african,1,1,6.907755278982137,1.0
6362,after-hyperpolarizing,1,1,6.907755278982137,1.0
6363,after-meal,1,1,6.907755278982137,1.0
6364,aga,1,1,6.907755278982137,1.0
6365,age-at-diagnosis,1,1,6.907755278982137,1.0
6366,age-dependent,1,1,6.907755278982137,1.0
6367,ageing,1,1,6.907755278982137,1.0
6368,agglomeration,1,1,6.907755278982137,1.0
6369,aggregate,1,1,6.907755278982137,1.0
6370,aggression,1,1,6.907755278982137,1.0
6371,agonise,1,1,6.907755278982137,1.0
6372,agonist-binding,1,1,6.907755278982137,1.0
6373,agonist-bound,1,1,6.907755278982137,1.0
6374,agonistsassociated,1,1,6.907755278982137,1.0
6375,agreement,1,1,6.907755278982137,1.0
6376,agtr,1,1,6.907755278982137,1.0
6377,ai-driven,1,1,6.907755278982137,1.0
6378,aib,1,1,6.907755278982137,1.0
6379,aiding,1,1,6.907755278982137,1.0
6380,aids,1,1,6.907755278982137,1.0
6381,aimemerging,1,1,6.907755278982137,1.0
6382,ain-93g,1,1,6.907755278982137,1.0
6383,aki-related,1,1,6.907755278982137,1.0
6384,akt-activating,1,1,6.907755278982137,1.0
6385,akt-glycogen,1,1,6.907755278982137,1.0
6386,alarming,1,1,6.907755278982137,1.0
6387,albiglutide-treated,1,1,6.907755278982137,1.0
6388,albumin-conjugating,1,1,6.907755278982137,1.0
6389,albuminuric,1,1,6.907755278982137,1.0
6390,alcohol-dependent,1,1,6.907755278982137,1.0
6391,alcohol-naive,1,1,6.907755278982137,1.0
6392,alcoholic,1,1,6.907755278982137,1.0
6393,ald,1,1,6.907755278982137,1.0
6394,alert,1,1,6.907755278982137,1.0
6395,align,1,1,6.907755278982137,1.0
6396,aligned,1,1,6.907755278982137,1.0
6397,alignment,1,1,6.907755278982137,1.0
6398,alike,1,1,6.907755278982137,1.0
6399,alizarin,1,1,6.907755278982137,1.0
6400,alkylation,1,1,6.907755278982137,1.0
6401,alleles,1,1,6.907755278982137,1.0
6402,allergic,1,1,6.907755278982137,1.0
6403,alleviation,1,1,6.907755278982137,1.0
6404,allied,1,1,6.907755278982137,1.0
6405,allocation,1,1,6.907755278982137,1.0
6406,allodynia,1,1,6.907755278982137,1.0
6407,allude,1,1,6.907755278982137,1.0
6408,alogliptin,1,1,6.907755278982137,1.0
6409,alpha-amino,1,1,6.907755278982137,1.0
6410,alpha-cell,1,1,6.907755278982137,1.0
6411,alpha-glucosidase,1,1,6.907755278982137,1.0
6412,alpha-helical,1,1,6.907755278982137,1.0
6413,alpha-helix,1,1,6.907755278982137,1.0
6414,alpha-linolenic,1,1,6.907755278982137,1.0
6415,alpigalangols,1,1,6.907755278982137,1.0
6416,alpinia,1,1,6.907755278982137,1.0
6417,als-specific,1,1,6.907755278982137,1.0
6418,alt,1,1,6.907755278982137,1.0
6419,alternate,1,1,6.907755278982137,1.0
6420,alveolar,1,1,6.907755278982137,1.0
6421,am,1,1,6.907755278982137,1.0
6422,amaryl,1,1,6.907755278982137,1.0
6423,america,1,1,6.907755278982137,1.0
6424,americans,1,1,6.907755278982137,1.0
6425,amgpssgapggggs,1,1,6.907755278982137,1.0
6426,amid,1,1,6.907755278982137,1.0
6427,amide-derived,1,1,6.907755278982137,1.0
6428,amide-induced,1,1,6.907755278982137,1.0
6429,amide-mediated,1,1,6.907755278982137,1.0
6430,amidst,1,1,6.907755278982137,1.0
6431,amino-3,1,1,6.907755278982137,1.0
6432,amino-sulfonic,1,1,6.907755278982137,1.0
6433,aminolauric,1,1,6.907755278982137,1.0
6434,aminopeptidase,1,1,6.907755278982137,1.0
6435,amnesia,1,1,6.907755278982137,1.0
6436,amomum,1,1,6.907755278982137,1.0
6437,amorphous,1,1,6.907755278982137,1.0
6438,ampa,1,1,6.907755278982137,1.0
6439,amphetamine-addiction,1,1,6.907755278982137,1.0
6440,amplifies,1,1,6.907755278982137,1.0
6441,amplify,1,1,6.907755278982137,1.0
6442,amplifying,1,1,6.907755278982137,1.0
6443,amstar,1,1,6.907755278982137,1.0
6444,amyloid-beta,1,1,6.907755278982137,1.0
6445,amyotrophic,1,1,6.907755278982137,1.0
6446,anabolism,1,1,6.907755278982137,1.0
6447,analgesic,1,1,6.907755278982137,1.0
6448,analog-regulated,1,1,6.907755278982137,1.0
6449,analyzes,1,1,6.907755278982137,1.0
6450,anatomic,1,1,6.907755278982137,1.0
6451,anatomically,1,1,6.907755278982137,1.0
6452,anatomy,1,1,6.907755278982137,1.0
6453,ancestry,1,1,6.907755278982137,1.0
6454,ancillary,1,1,6.907755278982137,1.0
6455,androgenetic,1,1,6.907755278982137,1.0
6456,android,1,1,6.907755278982137,1.0
6457,android-type,1,1,6.907755278982137,1.0
6458,anecdotal,1,1,6.907755278982137,1.0
6459,anecdotes,1,1,6.907755278982137,1.0
6460,anesthesia-related,1,1,6.907755278982137,1.0
6461,angiogenic,1,1,6.907755278982137,1.0
6462,angiotensinogen,1,1,6.907755278982137,1.0
6463,anglerfish,1,1,6.907755278982137,1.0
6464,anion,1,1,6.907755278982137,1.0
6465,anna,1,1,6.907755278982137,1.0
6466,anne,1,1,6.907755278982137,1.0
6467,annulation,1,1,6.907755278982137,1.0
6468,annulled,1,1,6.907755278982137,1.0
6469,annum,1,1,6.907755278982137,1.0
6470,anonymized,1,1,6.907755278982137,1.0
6471,anorexigens,1,1,6.907755278982137,1.0
6472,anovulatory,1,1,6.907755278982137,1.0
6473,antagonise,1,1,6.907755278982137,1.0
6474,antagonist-exn9-treated,1,1,6.907755278982137,1.0
6475,antagonistic,1,1,6.907755278982137,1.0
6476,antagonizing,1,1,6.907755278982137,1.0
6477,anthropometry,1,1,6.907755278982137,1.0
6478,anti-apoptosis,1,1,6.907755278982137,1.0
6479,anti-glp1r,1,1,6.907755278982137,1.0
6480,anti-glycaemic,1,1,6.907755278982137,1.0
6481,anti-infectious,1,1,6.907755278982137,1.0
6482,anti-inflammation,1,1,6.907755278982137,1.0
6483,anti-insulin-resistant,1,1,6.907755278982137,1.0
6484,anti-matrix,1,1,6.907755278982137,1.0
6485,anti-neoplastic,1,1,6.907755278982137,1.0
6486,anti-type,1,1,6.907755278982137,1.0
6487,antiallodynia,1,1,6.907755278982137,1.0
6488,antiapoptosis,1,1,6.907755278982137,1.0
6489,antibiotic-induced,1,1,6.907755278982137,1.0
6490,antibiotic-treated,1,1,6.907755278982137,1.0
6491,anticholinergic,1,1,6.907755278982137,1.0
6492,anticipate,1,1,6.907755278982137,1.0
6493,anticipation,1,1,6.907755278982137,1.0
6494,anticoagulation,1,1,6.907755278982137,1.0
6495,anticonvulsants,1,1,6.907755278982137,1.0
6496,antidepressant-like,1,1,6.907755278982137,1.0
6497,antidiabetogenic,1,1,6.907755278982137,1.0
6498,antidiarrhoeal,1,1,6.907755278982137,1.0
6499,antiemetic,1,1,6.907755278982137,1.0
6500,antiemetics,1,1,6.907755278982137,1.0
6501,antiepileptic,1,1,6.907755278982137,1.0
6502,antihypersensitive,1,1,6.907755278982137,1.0
6503,antiinflammatory,1,1,6.907755278982137,1.0
6504,antimicrobial,1,1,6.907755278982137,1.0
6505,antimotility,1,1,6.907755278982137,1.0
6506,antiplatelet,1,1,6.907755278982137,1.0
6507,antipsychotic,1,1,6.907755278982137,1.0
6508,antiresorptive,1,1,6.907755278982137,1.0
6509,antiretroviral,1,1,6.907755278982137,1.0
6510,antisense,1,1,6.907755278982137,1.0
6511,antistroke,1,1,6.907755278982137,1.0
6512,antithrombin,1,1,6.907755278982137,1.0
6513,antithrombotic,1,1,6.907755278982137,1.0
6514,antitumor,1,1,6.907755278982137,1.0
6515,antral,1,1,6.907755278982137,1.0
6516,aortae,1,1,6.907755278982137,1.0
6517,aortal,1,1,6.907755278982137,1.0
6518,apa,1,1,6.907755278982137,1.0
6519,apd-induced,1,1,6.907755278982137,1.0
6520,apelin-induced,1,1,6.907755278982137,1.0
6521,apical,1,1,6.907755278982137,1.0
6522,apo,1,1,6.907755278982137,1.0
6523,apob,1,1,6.907755278982137,1.0
6524,apparent,1,1,6.907755278982137,1.0
6525,appearance,1,1,6.907755278982137,1.0
6526,apperloo,1,1,6.907755278982137,1.0
6527,appetite-increasing,1,1,6.907755278982137,1.0
6528,appetite-inhibiting,1,1,6.907755278982137,1.0
6529,appetite-inhibitors,1,1,6.907755278982137,1.0
6530,appetite-reducing,1,1,6.907755278982137,1.0
6531,appetite-suppressive,1,1,6.907755278982137,1.0
6532,appetitive,1,1,6.907755278982137,1.0
6533,applicable,1,1,6.907755278982137,1.0
6534,apply,1,1,6.907755278982137,1.0
6535,apposition,1,1,6.907755278982137,1.0
6536,approached,1,1,6.907755278982137,1.0
6537,appropriately,1,1,6.907755278982137,1.0
6538,appropriately-could,1,1,6.907755278982137,1.0
6539,approvals,1,1,6.907755278982137,1.0
6540,approximated,1,1,6.907755278982137,1.0
6541,aquatic,1,1,6.907755278982137,1.0
6542,arachidonoylglycerol,1,1,6.907755278982137,1.0
6543,area-under-the-curve,1,1,6.907755278982137,1.0
6544,areata,1,1,6.907755278982137,1.0
6545,arginine-induced,1,1,6.907755278982137,1.0
6546,arglp-1,1,1,6.907755278982137,1.0
6547,arguably,1,1,6.907755278982137,1.0
6548,arip,1,1,6.907755278982137,1.0
6549,arisen,1,1,6.907755278982137,1.0
6550,arising,1,1,6.907755278982137,1.0
6551,arose,1,1,6.907755278982137,1.0
6552,arranged,1,1,6.907755278982137,1.0
6553,arranging,1,1,6.907755278982137,1.0
6554,arrhythmic,1,1,6.907755278982137,1.0
6555,arrive,1,1,6.907755278982137,1.0
6556,arrived,1,1,6.907755278982137,1.0
6557,arrs,1,1,6.907755278982137,1.0
6558,arteries-is,1,1,6.907755278982137,1.0
6559,arteriolar,1,1,6.907755278982137,1.0
6560,articulates,1,1,6.907755278982137,1.0
6561,ascertain,1,1,6.907755278982137,1.0
6562,ascertained,1,1,6.907755278982137,1.0
6563,ascertainment,1,1,6.907755278982137,1.0
6564,asenapine,1,1,6.907755278982137,1.0
6565,asgpr,1,1,6.907755278982137,1.0
6566,ashitaba,1,1,6.907755278982137,1.0
6567,asialoglycoprotein,1,1,6.907755278982137,1.0
6568,ask,1,1,6.907755278982137,1.0
6569,asked,1,1,6.907755278982137,1.0
6570,asn-65,1,1,6.907755278982137,1.0
6571,asp-15,1,1,6.907755278982137,1.0
6572,aspartate,1,1,6.907755278982137,1.0
6573,aspiration-related,1,1,6.907755278982137,1.0
6574,assaying,1,1,6.907755278982137,1.0
6575,assesses,1,1,6.907755278982137,1.0
6576,assigned,1,1,6.907755278982137,1.0
6577,assistance,1,1,6.907755278982137,1.0
6578,assoc,1,1,6.907755278982137,1.0
6579,associate,1,1,6.907755278982137,1.0
6580,assortment,1,1,6.907755278982137,1.0
6581,assume,1,1,6.907755278982137,1.0
6582,assumes,1,1,6.907755278982137,1.0
6583,assumptions,1,1,6.907755278982137,1.0
6584,assurance,1,1,6.907755278982137,1.0
6585,astype,1,1,6.907755278982137,1.0
6586,asud-related,1,1,6.907755278982137,1.0
6587,atgl,1,1,6.907755278982137,1.0
6588,atherothrombotic,1,1,6.907755278982137,1.0
6589,atmospheric,1,1,6.907755278982137,1.0
6590,atomic,1,1,6.907755278982137,1.0
6591,atoms,1,1,6.907755278982137,1.0
6592,atresia,1,1,6.907755278982137,1.0
6593,atria,1,1,6.907755278982137,1.0
6594,atropine-mediated,1,1,6.907755278982137,1.0
6595,attached,1,1,6.907755278982137,1.0
6596,attaining,1,1,6.907755278982137,1.0
6597,attempting,1,1,6.907755278982137,1.0
6598,attendant,1,1,6.907755278982137,1.0
6599,attending,1,1,6.907755278982137,1.0
6600,attribute,1,1,6.907755278982137,1.0
6601,attributing,1,1,6.907755278982137,1.0
6602,atypical,1,1,6.907755278982137,1.0
6603,au,1,1,6.907755278982137,1.0
6604,aucglp-1,1,1,6.907755278982137,1.0
6605,audited,1,1,6.907755278982137,1.0
6606,auditing,1,1,6.907755278982137,1.0
6607,aural,1,1,6.907755278982137,1.0
6608,auratus,1,1,6.907755278982137,1.0
6609,australia,1,1,6.907755278982137,1.0
6610,authorities,1,1,6.907755278982137,1.0
6611,authority,1,1,6.907755278982137,1.0
6612,authorized,1,1,6.907755278982137,1.0
6613,autoanalyzer,1,1,6.907755278982137,1.0
6614,autodigestion,1,1,6.907755278982137,1.0
6615,autoinhibitory,1,1,6.907755278982137,1.0
6616,autophagosome,1,1,6.907755278982137,1.0
6617,autophony,1,1,6.907755278982137,1.0
6618,autoradiographic,1,1,6.907755278982137,1.0
6619,auxiliary,1,1,6.907755278982137,1.0
6620,avascular,1,1,6.907755278982137,1.0
6621,avenue,1,1,6.907755278982137,1.0
6622,avert,1,1,6.907755278982137,1.0
6623,avian,1,1,6.907755278982137,1.0
6624,avidin-biotin-peroxidase,1,1,6.907755278982137,1.0
6625,axcess,1,1,6.907755278982137,1.0
6626,axin,1,1,6.907755278982137,1.0
6627,axis-independent,1,1,6.907755278982137,1.0
6628,azacytidine,1,1,6.907755278982137,1.0
6629,azc,1,1,6.907755278982137,1.0
6630,azelaic,1,1,6.907755278982137,1.0
6631,azidohomoalanine,1,1,6.907755278982137,1.0
6632,b-mediated,1,1,6.907755278982137,1.0
6633,backbone,1,1,6.907755278982137,1.0
6634,backbones,1,1,6.907755278982137,1.0
6635,backup,1,1,6.907755278982137,1.0
6636,bacteroides,1,1,6.907755278982137,1.0
6637,balances,1,1,6.907755278982137,1.0
6638,balancing,1,1,6.907755278982137,1.0
6639,balf,1,1,6.907755278982137,1.0
6640,baml,1,1,6.907755278982137,1.0
6641,bandage,1,1,6.907755278982137,1.0
6642,banding,1,1,6.907755278982137,1.0
6643,bapta-am,1,1,6.907755278982137,1.0
6644,barely,1,1,6.907755278982137,1.0
6645,barley,1,1,6.907755278982137,1.0
6646,barrier-promoting,1,1,6.907755278982137,1.0
6647,basing,1,1,6.907755278982137,1.0
6648,basolateral,1,1,6.907755278982137,1.0
6649,batatas,1,1,6.907755278982137,1.0
6650,bath,1,1,6.907755278982137,1.0
6651,baths,1,1,6.907755278982137,1.0
6652,bayes,1,1,6.907755278982137,1.0
6653,bbb,1,1,6.907755278982137,1.0
6654,bcise,1,1,6.907755278982137,1.0
6655,bcl-2,1,1,6.907755278982137,1.0
6656,bcm,1,1,6.907755278982137,1.0
6657,bd,1,1,6.907755278982137,1.0
6658,bdnf,1,1,6.907755278982137,1.0
6659,bdnf-trkb,1,1,6.907755278982137,1.0
6660,be-informed,1,1,6.907755278982137,1.0
6661,beckman,1,1,6.907755278982137,1.0
6662,beclin-1,1,1,6.907755278982137,1.0
6663,beds,1,1,6.907755278982137,1.0
6664,beforehand,1,1,6.907755278982137,1.0
6665,begin,1,1,6.907755278982137,1.0
6666,behavior-lifestyle,1,1,6.907755278982137,1.0
6667,belong,1,1,6.907755278982137,1.0
6668,belonged,1,1,6.907755278982137,1.0
6669,belongs,1,1,6.907755278982137,1.0
6670,bench,1,1,6.907755278982137,1.0
6671,benchside,1,1,6.907755278982137,1.0
6672,beneath,1,1,6.907755278982137,1.0
6673,beneficially,1,1,6.907755278982137,1.0
6674,benefit-to-risk,1,1,6.907755278982137,1.0
6675,benefitial,1,1,6.907755278982137,1.0
6676,benefitted,1,1,6.907755278982137,1.0
6677,benefitting,1,1,6.907755278982137,1.0
6678,bes,1,1,6.907755278982137,1.0
6679,beside,1,1,6.907755278982137,1.0
6680,bestow,1,1,6.907755278982137,1.0
6681,beta-adrenergic,1,1,6.907755278982137,1.0
6682,beta-cell-associated,1,1,6.907755278982137,1.0
6683,beta-cell-preserving,1,1,6.907755278982137,1.0
6684,between-group,1,1,6.907755278982137,1.0
6685,bia,1,1,6.907755278982137,1.0
6686,bian,1,1,6.907755278982137,1.0
6687,biases,1,1,6.907755278982137,1.0
6688,bibliographic,1,1,6.907755278982137,1.0
6689,bibliographically,1,1,6.907755278982137,1.0
6690,bibliographies,1,1,6.907755278982137,1.0
6691,bicarbonate-containing,1,1,6.907755278982137,1.0
6692,bicuculline,1,1,6.907755278982137,1.0
6693,bicyclic,1,1,6.907755278982137,1.0
6694,bifidobacteria,1,1,6.907755278982137,1.0
6695,bighead,1,1,6.907755278982137,1.0
6696,biguanide,1,1,6.907755278982137,1.0
6697,biguanides,1,1,6.907755278982137,1.0
6698,biie,1,1,6.907755278982137,1.0
6699,bilaterally,1,1,6.907755278982137,1.0
6700,binary,1,1,6.907755278982137,1.0
6701,binder,1,1,6.907755278982137,1.0
6702,binge-episode,1,1,6.907755278982137,1.0
6703,binocular,1,1,6.907755278982137,1.0
6704,bio-efficacy,1,1,6.907755278982137,1.0
6705,bioaccessibility,1,1,6.907755278982137,1.0
6706,bioactives,1,1,6.907755278982137,1.0
6707,bioactivities,1,1,6.907755278982137,1.0
6708,bioanalytical,1,1,6.907755278982137,1.0
6709,biochemistry,1,1,6.907755278982137,1.0
6710,bioconjugation,1,1,6.907755278982137,1.0
6711,biodistribution,1,1,6.907755278982137,1.0
6712,bioelectrical,1,1,6.907755278982137,1.0
6713,biogenesis,1,1,6.907755278982137,1.0
6714,bioimaging,1,1,6.907755278982137,1.0
6715,bioimpedance,1,1,6.907755278982137,1.0
6716,biologics,1,1,6.907755278982137,1.0
6717,bioluminescence,1,1,6.907755278982137,1.0
6718,biomarker-guided,1,1,6.907755278982137,1.0
6719,biomaterial,1,1,6.907755278982137,1.0
6720,biomed,1,1,6.907755278982137,1.0
6721,biomolecular,1,1,6.907755278982137,1.0
6722,bioorthogonal,1,1,6.907755278982137,1.0
6723,biopharmaceutical,1,1,6.907755278982137,1.0
6724,biopotencies,1,1,6.907755278982137,1.0
6725,biopsies,1,1,6.907755278982137,1.0
6726,biopsy,1,1,6.907755278982137,1.0
6727,biorelevant,1,1,6.907755278982137,1.0
6728,biorthogonal,1,1,6.907755278982137,1.0
6729,biotech,1,1,6.907755278982137,1.0
6730,biotherapeutic,1,1,6.907755278982137,1.0
6731,bip,1,1,6.907755278982137,1.0
6732,biphenylalanine,1,1,6.907755278982137,1.0
6733,bir,1,1,6.907755278982137,1.0
6734,birth,1,1,6.907755278982137,1.0
6735,bitterdb,1,1,6.907755278982137,1.0
6736,bitterx,1,1,6.907755278982137,1.0
6737,bjerre,1,1,6.907755278982137,1.0
6738,black-box,1,1,6.907755278982137,1.0
6739,blanket,1,1,6.907755278982137,1.0
6740,bleeding,1,1,6.907755278982137,1.0
6741,blockage,1,1,6.907755278982137,1.0
6742,blonde,1,1,6.907755278982137,1.0
6743,blood-glucose-improving,1,1,6.907755278982137,1.0
6744,blood-testis,1,1,6.907755278982137,1.0
6745,blue,1,1,6.907755278982137,1.0
6746,blunting,1,1,6.907755278982137,1.0
6747,blurring,1,1,6.907755278982137,1.0
6748,bmis,1,1,6.907755278982137,1.0
6749,bmj,1,1,6.907755278982137,1.0
6750,boarder,1,1,6.907755278982137,1.0
6751,bode,1,1,6.907755278982137,1.0
6752,body-mediated,1,1,6.907755278982137,1.0
6753,boiled,1,1,6.907755278982137,1.0
6754,boiling,1,1,6.907755278982137,1.0
6755,bond,1,1,6.907755278982137,1.0
6756,bonding,1,1,6.907755278982137,1.0
6757,box,1,1,6.907755278982137,1.0
6758,boxed,1,1,6.907755278982137,1.0
6759,bradford,1,1,6.907755278982137,1.0
6760,bradykinesia,1,1,6.907755278982137,1.0
6761,brain-gut,1,1,6.907755278982137,1.0
6762,brain-gut-heart,1,1,6.907755278982137,1.0
6763,brain-imaging,1,1,6.907755278982137,1.0
6764,brain-liver,1,1,6.907755278982137,1.0
6765,brain-mediated,1,1,6.907755278982137,1.0
6766,brainstem-hypothalamic,1,1,6.907755278982137,1.0
6767,branch,1,1,6.907755278982137,1.0
6768,branded,1,1,6.907755278982137,1.0
6769,breaking,1,1,6.907755278982137,1.0
6770,breakthroughs,1,1,6.907755278982137,1.0
6771,breastfeeding,1,1,6.907755278982137,1.0
6772,briggs,1,1,6.907755278982137,1.0
6773,bright,1,1,6.907755278982137,1.0
6774,brilliant,1,1,6.907755278982137,1.0
6775,brin,1,1,6.907755278982137,1.0
6776,bringing,1,1,6.907755278982137,1.0
6777,brings,1,1,6.907755278982137,1.0
6778,broadened,1,1,6.907755278982137,1.0
6779,broadening,1,1,6.907755278982137,1.0
6780,brominated,1,1,6.907755278982137,1.0
6781,bronchi,1,1,6.907755278982137,1.0
6782,bronchoalveolar,1,1,6.907755278982137,1.0
6783,bronchoscopy,1,1,6.907755278982137,1.0
6784,brought,1,1,6.907755278982137,1.0
6785,brown-egg,1,1,6.907755278982137,1.0
6786,brush,1,1,6.907755278982137,1.0
6787,brush-border,1,1,6.907755278982137,1.0
6788,bsa,1,1,6.907755278982137,1.0
6789,bsp,1,1,6.907755278982137,1.0
6790,bucked,1,1,6.907755278982137,1.0
6791,bud,1,1,6.907755278982137,1.0
6792,budesonide,1,1,6.907755278982137,1.0
6793,buds,1,1,6.907755278982137,1.0
6794,buffering,1,1,6.907755278982137,1.0
6795,buffers,1,1,6.907755278982137,1.0
6796,bufo,1,1,6.907755278982137,1.0
6797,building,1,1,6.907755278982137,1.0
6798,built,1,1,6.907755278982137,1.0
6799,bullets,1,1,6.907755278982137,1.0
6800,bullfrog,1,1,6.907755278982137,1.0
6801,burdensome,1,1,6.907755278982137,1.0
6802,burgeoning,1,1,6.907755278982137,1.0
6803,burns,1,1,6.907755278982137,1.0
6804,burst,1,1,6.907755278982137,1.0
6805,butyricum-pmtl007-glucagon-like,1,1,6.907755278982137,1.0
6806,byproducts,1,1,6.907755278982137,1.0
6807,c-16,1,1,6.907755278982137,1.0
6808,c-21,1,1,6.907755278982137,1.0
6809,c-cell,1,1,6.907755278982137,1.0
6810,c-glucose,1,1,6.907755278982137,1.0
6811,cabg,1,1,6.907755278982137,1.0
6812,cacna,1,1,6.907755278982137,1.0
6813,cafeteria-fed,1,1,6.907755278982137,1.0
6814,cag-cat-glp1r,1,1,6.907755278982137,1.0
6815,calcium-chelating,1,1,6.907755278982137,1.0
6816,calcium-sensing,1,1,6.907755278982137,1.0
6817,calculating,1,1,6.907755278982137,1.0
6818,calculation,1,1,6.907755278982137,1.0
6819,calculations,1,1,6.907755278982137,1.0
6820,calibration,1,1,6.907755278982137,1.0
6821,calorically,1,1,6.907755278982137,1.0
6822,calorically-restricted,1,1,6.907755278982137,1.0
6823,calorimetry,1,1,6.907755278982137,1.0
6824,came,1,1,6.907755278982137,1.0
6825,camkii,1,1,6.907755278982137,1.0
6826,camp-creb,1,1,6.907755278982137,1.0
6827,camp-responsive,1,1,6.907755278982137,1.0
6828,camp-stimulated,1,1,6.907755278982137,1.0
6829,canada,1,1,6.907755278982137,1.0
6830,cancellation,1,1,6.907755278982137,1.0
6831,candidacy,1,1,6.907755278982137,1.0
6832,cannabinoids,1,1,6.907755278982137,1.0
6833,cannulation,1,1,6.907755278982137,1.0
6834,canonically,1,1,6.907755278982137,1.0
6835,capability,1,1,6.907755278982137,1.0
6836,capillaries,1,1,6.907755278982137,1.0
6837,capillary,1,1,6.907755278982137,1.0
6838,caprylate,1,1,6.907755278982137,1.0
6839,captivated,1,1,6.907755278982137,1.0
6840,capturing,1,1,6.907755278982137,1.0
6841,carassius,1,1,6.907755278982137,1.0
6842,carboxybetaine,1,1,6.907755278982137,1.0
6843,carboxyl-terminal,1,1,6.907755278982137,1.0
6844,cardinal,1,1,6.907755278982137,1.0
6845,cardiometabolically,1,1,6.907755278982137,1.0
6846,cardiomyoblast,1,1,6.907755278982137,1.0
6847,cardiomyopathic,1,1,6.907755278982137,1.0
6848,cardiovasc,1,1,6.907755278982137,1.0
6849,cardiovascular-renal,1,1,6.907755278982137,1.0
6850,cardioversion,1,1,6.907755278982137,1.0
6851,caring,1,1,6.907755278982137,1.0
6852,carp,1,1,6.907755278982137,1.0
6853,carries,1,1,6.907755278982137,1.0
6854,case-control,1,1,6.907755278982137,1.0
6855,caseinate,1,1,6.907755278982137,1.0
6856,casework,1,1,6.907755278982137,1.0
6857,casp,1,1,6.907755278982137,1.0
6858,cassette,1,1,6.907755278982137,1.0
6859,castrate-resistant,1,1,6.907755278982137,1.0
6860,catalyst,1,1,6.907755278982137,1.0
6861,catalysts,1,1,6.907755278982137,1.0
6862,catalyzes,1,1,6.907755278982137,1.0
6863,catecholaminergic,1,1,6.907755278982137,1.0
6864,categorizing,1,1,6.907755278982137,1.0
6865,cation,1,1,6.907755278982137,1.0
6866,cation-independent,1,1,6.907755278982137,1.0
6867,caucasian,1,1,6.907755278982137,1.0
6868,caught,1,1,6.907755278982137,1.0
6869,causally,1,1,6.907755278982137,1.0
6870,causative,1,1,6.907755278982137,1.0
6871,cbp,1,1,6.907755278982137,1.0
6872,cc,1,1,6.907755278982137,1.0
6873,cdahfd,1,1,6.907755278982137,1.0
6874,cdahfd-induced,1,1,6.907755278982137,1.0
6875,cecum,1,1,6.907755278982137,1.0
6876,cell-based,1,1,6.907755278982137,1.0
6877,cell-survival,1,1,6.907755278982137,1.0
6878,cells-derived,1,1,6.907755278982137,1.0
6879,cellular-level,1,1,6.907755278982137,1.0
6880,centrifugation,1,1,6.907755278982137,1.0
6881,cephalic,1,1,6.907755278982137,1.0
6882,ceramidase,1,1,6.907755278982137,1.0
6883,cerebrometabolic,1,1,6.907755278982137,1.0
6884,cerebrospinal,1,1,6.907755278982137,1.0
6885,cerebrovasc,1,1,6.907755278982137,1.0
6886,cetsa,1,1,6.907755278982137,1.0
6887,cf-related,1,1,6.907755278982137,1.0
6888,cfos,1,1,6.907755278982137,1.0
6889,cfos-expression,1,1,6.907755278982137,1.0
6890,cfp-tagged,1,1,6.907755278982137,1.0
6891,cftr,1,1,6.907755278982137,1.0
6892,cgm-derived,1,1,6.907755278982137,1.0
6893,chalcones,1,1,6.907755278982137,1.0
6894,chamber-specific,1,1,6.907755278982137,1.0
6895,champion,1,1,6.907755278982137,1.0
6896,chance,1,1,6.907755278982137,1.0
6897,chances,1,1,6.907755278982137,1.0
6898,chaperone-mediated,1,1,6.907755278982137,1.0
6899,chaperones,1,1,6.907755278982137,1.0
6900,chapter,1,1,6.907755278982137,1.0
6901,character,1,1,6.907755278982137,1.0
6902,characterising,1,1,6.907755278982137,1.0
6903,characterizes,1,1,6.907755278982137,1.0
6904,charges,1,1,6.907755278982137,1.0
6905,charted,1,1,6.907755278982137,1.0
6906,check,1,1,6.907755278982137,1.0
6907,cheeks,1,1,6.907755278982137,1.0
6908,chemo,1,1,6.907755278982137,1.0
6909,chemo-sensors,1,1,6.907755278982137,1.0
6910,chemoresistance,1,1,6.907755278982137,1.0
6911,chemosensing,1,1,6.907755278982137,1.0
6912,chemosensors,1,1,6.907755278982137,1.0
6913,chemosensory,1,1,6.907755278982137,1.0
6914,chemotherapy,1,1,6.907755278982137,1.0
6915,chemotypes,1,1,6.907755278982137,1.0
6916,chest,1,1,6.907755278982137,1.0
6917,chi,1,1,6.907755278982137,1.0
6918,chickens,1,1,6.907755278982137,1.0
6919,childbearing,1,1,6.907755278982137,1.0
6920,chimera,1,1,6.907755278982137,1.0
6921,chin,1,1,6.907755278982137,1.0
6922,chiral,1,1,6.907755278982137,1.0
6923,chlorinated,1,1,6.907755278982137,1.0
6924,cho-k1,1,1,6.907755278982137,1.0
6925,chol,1,1,6.907755278982137,1.0
6926,cholesteryl,1,1,6.907755278982137,1.0
6927,choline,1,1,6.907755278982137,1.0
6928,choline-deficient,1,1,6.907755278982137,1.0
6929,chondrocytes,1,1,6.907755278982137,1.0
6930,chondroprotective,1,1,6.907755278982137,1.0
6931,choroid,1,1,6.907755278982137,1.0
6932,chose,1,1,6.907755278982137,1.0
6933,chosen,1,1,6.907755278982137,1.0
6934,chow-fed,1,1,6.907755278982137,1.0
6935,chromatin,1,1,6.907755278982137,1.0
6936,chromatography-mass,1,1,6.907755278982137,1.0
6937,chromogranin,1,1,6.907755278982137,1.0
6938,chrono-entrainment,1,1,6.907755278982137,1.0
6939,chub,1,1,6.907755278982137,1.0
6940,chyme,1,1,6.907755278982137,1.0
6941,ci-m6pr,1,1,6.907755278982137,1.0
6942,cinahl,1,1,6.907755278982137,1.0
6943,circuitry,1,1,6.907755278982137,1.0
6944,circumstances,1,1,6.907755278982137,1.0
6945,circumvallate,1,1,6.907755278982137,1.0
6946,cis-unsaturated,1,1,6.907755278982137,1.0
6947,citation,1,1,6.907755278982137,1.0
6948,citations,1,1,6.907755278982137,1.0
6949,citrate,1,1,6.907755278982137,1.0
6950,citric,1,1,6.907755278982137,1.0
6951,claiming,1,1,6.907755278982137,1.0
6952,clamp,1,1,6.907755278982137,1.0
6953,clamps,1,1,6.907755278982137,1.0
6954,clarification,1,1,6.907755278982137,1.0
6955,clarifies,1,1,6.907755278982137,1.0
6956,class-wide,1,1,6.907755278982137,1.0
6957,cleave,1,1,6.907755278982137,1.0
6958,cleaved,1,1,6.907755278982137,1.0
6959,cleaves,1,1,6.907755278982137,1.0
6960,clocks,1,1,6.907755278982137,1.0
6961,closed-loop,1,1,6.907755278982137,1.0
6962,closer,1,1,6.907755278982137,1.0
6963,closing,1,1,6.907755278982137,1.0
6964,clostridium,1,1,6.907755278982137,1.0
6965,closure,1,1,6.907755278982137,1.0
6966,clozapine,1,1,6.907755278982137,1.0
6967,clpr-increased,1,1,6.907755278982137,1.0
6968,clpr-induced,1,1,6.907755278982137,1.0
6969,cnki,1,1,6.907755278982137,1.0
6970,co-activate,1,1,6.907755278982137,1.0
6971,co-activation,1,1,6.907755278982137,1.0
6972,co-exist,1,1,6.907755278982137,1.0
6973,co-existence,1,1,6.907755278982137,1.0
6974,co-formulations,1,1,6.907755278982137,1.0
6975,co-infusion,1,1,6.907755278982137,1.0
6976,co-ip,1,1,6.907755278982137,1.0
6977,co-labeling,1,1,6.907755278982137,1.0
6978,co-labelled,1,1,6.907755278982137,1.0
6979,co-localisation,1,1,6.907755278982137,1.0
6980,co-localization,1,1,6.907755278982137,1.0
6981,co-localize,1,1,6.907755278982137,1.0
6982,co-medications,1,1,6.907755278982137,1.0
6983,co-morbid,1,1,6.907755278982137,1.0
6984,co-occur,1,1,6.907755278982137,1.0
6985,co-releases,1,1,6.907755278982137,1.0
6986,co-secretes,1,1,6.907755278982137,1.0
6987,co-stored,1,1,6.907755278982137,1.0
6988,co-structures,1,1,6.907755278982137,1.0
6989,co-transporters,1,1,6.907755278982137,1.0
6990,co-treatment,1,1,6.907755278982137,1.0
6991,coactivator,1,1,6.907755278982137,1.0
6992,coagulation,1,1,6.907755278982137,1.0
6993,coated,1,1,6.907755278982137,1.0
6994,coded,1,1,6.907755278982137,1.0
6995,codominant,1,1,6.907755278982137,1.0
6996,codon-optimized,1,1,6.907755278982137,1.0
6997,coefficient,1,1,6.907755278982137,1.0
6998,coeliac,1,1,6.907755278982137,1.0
6999,coexist,1,1,6.907755278982137,1.0
7000,coexpression,1,1,6.907755278982137,1.0
7001,coformulated,1,1,6.907755278982137,1.0
7002,cognitively,1,1,6.907755278982137,1.0
7003,cohesion,1,1,6.907755278982137,1.0
7004,coincides,1,1,6.907755278982137,1.0
7005,coingested,1,1,6.907755278982137,1.0
7006,col,1,1,6.907755278982137,1.0
7007,cold,1,1,6.907755278982137,1.0
7008,cold-chain,1,1,6.907755278982137,1.0
7009,collaborators,1,1,6.907755278982137,1.0
7010,collate,1,1,6.907755278982137,1.0
7011,collated,1,1,6.907755278982137,1.0
7012,collecting,1,1,6.907755278982137,1.0
7013,collective,1,1,6.907755278982137,1.0
7014,college,1,1,6.907755278982137,1.0
7015,colocalization,1,1,6.907755278982137,1.0
7016,colocalized,1,1,6.907755278982137,1.0
7017,colon-rectal,1,1,6.907755278982137,1.0
7018,colonization,1,1,6.907755278982137,1.0
7019,colonocytes,1,1,6.907755278982137,1.0
7020,colons,1,1,6.907755278982137,1.0
7021,colony-initiating,1,1,6.907755278982137,1.0
7022,colorectal,1,1,6.907755278982137,1.0
7023,columnar,1,1,6.907755278982137,1.0
7024,combating,1,1,6.907755278982137,1.0
7025,combats,1,1,6.907755278982137,1.0
7026,combatting,1,1,6.907755278982137,1.0
7027,combinatorial,1,1,6.907755278982137,1.0
7028,combinatory,1,1,6.907755278982137,1.0
7029,comes,1,1,6.907755278982137,1.0
7030,commandeered,1,1,6.907755278982137,1.0
7031,commenced,1,1,6.907755278982137,1.0
7032,commencement,1,1,6.907755278982137,1.0
7033,commendable,1,1,6.907755278982137,1.0
7034,comment,1,1,6.907755278982137,1.0
7035,commissural,1,1,6.907755278982137,1.0
7036,commissure,1,1,6.907755278982137,1.0
7037,committed,1,1,6.907755278982137,1.0
7038,committee,1,1,6.907755278982137,1.0
7039,commonalities,1,1,6.907755278982137,1.0
7040,communities,1,1,6.907755278982137,1.0
7041,community-based,1,1,6.907755278982137,1.0
7042,companies,1,1,6.907755278982137,1.0
7043,company,1,1,6.907755278982137,1.0
7044,compensated,1,1,6.907755278982137,1.0
7045,compensatory,1,1,6.907755278982137,1.0
7046,competence,1,1,6.907755278982137,1.0
7047,competes,1,1,6.907755278982137,1.0
7048,complaints,1,1,6.907755278982137,1.0
7049,complementing,1,1,6.907755278982137,1.0
7050,complements,1,1,6.907755278982137,1.0
7051,complexities,1,1,6.907755278982137,1.0
7052,compliance-limiting,1,1,6.907755278982137,1.0
7053,compliant,1,1,6.907755278982137,1.0
7054,composition-of-matter,1,1,6.907755278982137,1.0
7055,compounded,1,1,6.907755278982137,1.0
7056,comprehending,1,1,6.907755278982137,1.0
7057,comprehension,1,1,6.907755278982137,1.0
7058,compulsive,1,1,6.907755278982137,1.0
7059,concentrate,1,1,6.907755278982137,1.0
7060,concentrates,1,1,6.907755278982137,1.0
7061,concentrating,1,1,6.907755278982137,1.0
7062,conceptual,1,1,6.907755278982137,1.0
7063,conceptualized,1,1,6.907755278982137,1.0
7064,conceptually,1,1,6.907755278982137,1.0
7065,concerned,1,1,6.907755278982137,1.0
7066,concise,1,1,6.907755278982137,1.0
7067,concludes,1,1,6.907755278982137,1.0
7068,conclusionscertain,1,1,6.907755278982137,1.0
7069,conclusively,1,1,6.907755278982137,1.0
7070,concrete,1,1,6.907755278982137,1.0
7071,condensed,1,1,6.907755278982137,1.0
7072,conditional,1,1,6.907755278982137,1.0
7073,conditioned,1,1,6.907755278982137,1.0
7074,conductance,1,1,6.907755278982137,1.0
7075,conducting,1,1,6.907755278982137,1.0
7076,conduction,1,1,6.907755278982137,1.0
7077,conferred,1,1,6.907755278982137,1.0
7078,confidentiality,1,1,6.907755278982137,1.0
7079,configuration,1,1,6.907755278982137,1.0
7080,confined,1,1,6.907755278982137,1.0
7081,confirmation,1,1,6.907755278982137,1.0
7082,conformationally-constrained,1,1,6.907755278982137,1.0
7083,conformations,1,1,6.907755278982137,1.0
7084,confronted,1,1,6.907755278982137,1.0
7085,confusion,1,1,6.907755278982137,1.0
7086,conjectures,1,1,6.907755278982137,1.0
7087,conjugating,1,1,6.907755278982137,1.0
7088,connectedness,1,1,6.907755278982137,1.0
7089,connects,1,1,6.907755278982137,1.0
7090,consecutive,1,1,6.907755278982137,1.0
7091,consensus-based,1,1,6.907755278982137,1.0
7092,considerably,1,1,6.907755278982137,1.0
7093,consolidate,1,1,6.907755278982137,1.0
7094,constantly,1,1,6.907755278982137,1.0
7095,constants,1,1,6.907755278982137,1.0
7096,constellation,1,1,6.907755278982137,1.0
7097,constituents,1,1,6.907755278982137,1.0
7098,constrict,1,1,6.907755278982137,1.0
7099,construction,1,1,6.907755278982137,1.0
7100,constructs,1,1,6.907755278982137,1.0
7101,consultations,1,1,6.907755278982137,1.0
7102,consummatory,1,1,6.907755278982137,1.0
7103,contact,1,1,6.907755278982137,1.0
7104,containment,1,1,6.907755278982137,1.0
7105,contend,1,1,6.907755278982137,1.0
7106,contentious,1,1,6.907755278982137,1.0
7107,context-dependent,1,1,6.907755278982137,1.0
7108,continuing,1,1,6.907755278982137,1.0
7109,continuity,1,1,6.907755278982137,1.0
7110,continuum,1,1,6.907755278982137,1.0
7111,contouring,1,1,6.907755278982137,1.0
7112,contraceptive,1,1,6.907755278982137,1.0
7113,contraction,1,1,6.907755278982137,1.0
7114,contraindicated,1,1,6.907755278982137,1.0
7115,contrasts,1,1,6.907755278982137,1.0
7116,contributors,1,1,6.907755278982137,1.0
7117,contributory,1,1,6.907755278982137,1.0
7118,controversies,1,1,6.907755278982137,1.0
7119,convened,1,1,6.907755278982137,1.0
7120,convergence,1,1,6.907755278982137,1.0
7121,conversion,1,1,6.907755278982137,1.0
7122,convert,1,1,6.907755278982137,1.0
7123,conveys,1,1,6.907755278982137,1.0
7124,convincing,1,1,6.907755278982137,1.0
7125,coomassie,1,1,6.907755278982137,1.0
7126,coomatide,1,1,6.907755278982137,1.0
7127,cooperates,1,1,6.907755278982137,1.0
7128,cooperative,1,1,6.907755278982137,1.0
7129,coordinates,1,1,6.907755278982137,1.0
7130,coordinating,1,1,6.907755278982137,1.0
7131,coprescribed,1,1,6.907755278982137,1.0
7132,coreleased,1,1,6.907755278982137,1.0
7133,corner,1,1,6.907755278982137,1.0
7134,correct,1,1,6.907755278982137,1.0
7135,corrects,1,1,6.907755278982137,1.0
7136,corresponded,1,1,6.907755278982137,1.0
7137,correspondence,1,1,6.907755278982137,1.0
7138,correspondent,1,1,6.907755278982137,1.0
7139,correspondingly,1,1,6.907755278982137,1.0
7140,corroborated,1,1,6.907755278982137,1.0
7141,corroborating,1,1,6.907755278982137,1.0
7142,corticosteroids,1,1,6.907755278982137,1.0
7143,corticotropin,1,1,6.907755278982137,1.0
7144,cotadutide,1,1,6.907755278982137,1.0
7145,cotreatment,1,1,6.907755278982137,1.0
7146,coturnix,1,1,6.907755278982137,1.0
7147,coulter,1,1,6.907755278982137,1.0
7148,counter-regulatory,1,1,6.907755278982137,1.0
7149,countermeasures,1,1,6.907755278982137,1.0
7150,counterregulatory,1,1,6.907755278982137,1.0
7151,counts,1,1,6.907755278982137,1.0
7152,couple,1,1,6.907755278982137,1.0
7153,couples,1,1,6.907755278982137,1.0
7154,courses,1,1,6.907755278982137,1.0
7155,cousin,1,1,6.907755278982137,1.0
7156,covalently,1,1,6.907755278982137,1.0
7157,covariates,1,1,6.907755278982137,1.0
7158,cover,1,1,6.907755278982137,1.0
7159,cox,1,1,6.907755278982137,1.0
7160,cp,1,1,6.907755278982137,1.0
7161,cr-edta,1,1,6.907755278982137,1.0
7162,craniofacial,1,1,6.907755278982137,1.0
7163,cravings,1,1,6.907755278982137,1.0
7164,creasing,1,1,6.907755278982137,1.0
7165,creates,1,1,6.907755278982137,1.0
7166,creatinine,1,1,6.907755278982137,1.0
7167,creative,1,1,6.907755278982137,1.0
7168,crebbp,1,1,6.907755278982137,1.0
7169,creer,1,1,6.907755278982137,1.0
7170,crispr-cas9,1,1,6.907755278982137,1.0
7171,critique,1,1,6.907755278982137,1.0
7172,crnp,1,1,6.907755278982137,1.0
7173,crocin,1,1,6.907755278982137,1.0
7174,cross-disorder,1,1,6.907755278982137,1.0
7175,cross-linking,1,1,6.907755278982137,1.0
7176,cross-react,1,1,6.907755278982137,1.0
7177,cross-reactivity,1,1,6.907755278982137,1.0
7178,cross-referencing,1,1,6.907755278982137,1.0
7179,crossed,1,1,6.907755278982137,1.0
7180,crossroads,1,1,6.907755278982137,1.0
7181,crp,1,1,6.907755278982137,1.0
7182,crude,1,1,6.907755278982137,1.0
7183,crush,1,1,6.907755278982137,1.0
7184,cryoelectron,1,1,6.907755278982137,1.0
7185,cryogenic,1,1,6.907755278982137,1.0
7186,cryptic,1,1,6.907755278982137,1.0
7187,cue,1,1,6.907755278982137,1.0
7188,cui,1,1,6.907755278982137,1.0
7189,culminating,1,1,6.907755278982137,1.0
7190,culprit,1,1,6.907755278982137,1.0
7191,curative,1,1,6.907755278982137,1.0
7192,curcumin,1,1,6.907755278982137,1.0
7193,curiosity,1,1,6.907755278982137,1.0
7194,curtail,1,1,6.907755278982137,1.0
7195,customized,1,1,6.907755278982137,1.0
7196,cut-off,1,1,6.907755278982137,1.0
7197,cvps,1,1,6.907755278982137,1.0
7198,cyclase-activating,1,1,6.907755278982137,1.0
7199,cyclase-camp,1,1,6.907755278982137,1.0
7200,cyclase-mediated,1,1,6.907755278982137,1.0
7201,cyclization,1,1,6.907755278982137,1.0
7202,cyclohepta,1,1,6.907755278982137,1.0
7203,cyclopenta,1,1,6.907755278982137,1.0
7204,cynanchum,1,1,6.907755278982137,1.0
7205,cynomolgus,1,1,6.907755278982137,1.0
7206,cysteine-mediated,1,1,6.907755278982137,1.0
7207,cysteines,1,1,6.907755278982137,1.0
7208,cytometry,1,1,6.907755278982137,1.0
7209,cytoprotection,1,1,6.907755278982137,1.0
7210,cytoprotective,1,1,6.907755278982137,1.0
7211,cytosol,1,1,6.907755278982137,1.0
7212,cytosolic,1,1,6.907755278982137,1.0
7213,cytotoxic,1,1,6.907755278982137,1.0
7214,d-cells,1,1,6.907755278982137,1.0
7215,d-galactoside,1,1,6.907755278982137,1.0
7216,d-lys3,1,1,6.907755278982137,1.0
7217,d-old,1,1,6.907755278982137,1.0
7218,d-sim,1,1,6.907755278982137,1.0
7219,d-specific,1,1,6.907755278982137,1.0
7220,d-xylose,1,1,6.907755278982137,1.0
7221,da-15864,1,1,6.907755278982137,1.0
7222,daergic,1,1,6.907755278982137,1.0
7223,dairy,1,1,6.907755278982137,1.0
7224,daizein,1,1,6.907755278982137,1.0
7225,dampened,1,1,6.907755278982137,1.0
7226,dampening,1,1,6.907755278982137,1.0
7227,dams,1,1,6.907755278982137,1.0
7228,dapagliflozin,1,1,6.907755278982137,1.0
7229,dat,1,1,6.907755278982137,1.0
7230,dates,1,1,6.907755278982137,1.0
7231,dating,1,1,6.907755278982137,1.0
7232,davalintide,1,1,6.907755278982137,1.0
7233,dawn,1,1,6.907755278982137,1.0
7234,day-old,1,1,6.907755278982137,1.0
7235,de-duplication,1,1,6.907755278982137,1.0
7236,de-identified,1,1,6.907755278982137,1.0
7237,de-sensitization,1,1,6.907755278982137,1.0
7238,deacetylase,1,1,6.907755278982137,1.0
7239,deal,1,1,6.907755278982137,1.0
7240,dealing,1,1,6.907755278982137,1.0
7241,debilitating,1,1,6.907755278982137,1.0
7242,decade-long,1,1,6.907755278982137,1.0
7243,deceleration,1,1,6.907755278982137,1.0
7244,decent,1,1,6.907755278982137,1.0
7245,decide,1,1,6.907755278982137,1.0
7246,decided,1,1,6.907755278982137,1.0
7247,deciphering,1,1,6.907755278982137,1.0
7248,decision-support,1,1,6.907755278982137,1.0
7249,decisive,1,1,6.907755278982137,1.0
7250,declines,1,1,6.907755278982137,1.0
7251,decodes,1,1,6.907755278982137,1.0
7252,deconditioning,1,1,6.907755278982137,1.0
7253,decrements,1,1,6.907755278982137,1.0
7254,dectin-1,1,1,6.907755278982137,1.0
7255,deepens,1,1,6.907755278982137,1.0
7256,defaults,1,1,6.907755278982137,1.0
7257,defect,1,1,6.907755278982137,1.0
7258,deficiency-the,1,1,6.907755278982137,1.0
7259,defines,1,1,6.907755278982137,1.0
7260,degenerative,1,1,6.907755278982137,1.0
7261,degradative,1,1,6.907755278982137,1.0
7262,degrade,1,1,6.907755278982137,1.0
7263,degrading,1,1,6.907755278982137,1.0
7264,dehydroalanine,1,1,6.907755278982137,1.0
7265,delimited,1,1,6.907755278982137,1.0
7266,delineate,1,1,6.907755278982137,1.0
7267,delta,1,1,6.907755278982137,1.0
7268,delve,1,1,6.907755278982137,1.0
7269,demanded,1,1,6.907755278982137,1.0
7270,demanding,1,1,6.907755278982137,1.0
7271,demonstrably,1,1,6.907755278982137,1.0
7272,demonstratethat,1,1,6.907755278982137,1.0
7273,dendritic,1,1,6.907755278982137,1.0
7274,denervating,1,1,6.907755278982137,1.0
7275,dense,1,1,6.907755278982137,1.0
7276,densely,1,1,6.907755278982137,1.0
7277,deoxy-d-glucose,1,1,6.907755278982137,1.0
7278,deoxycorticosterone,1,1,6.907755278982137,1.0
7279,deoxyglucose,1,1,6.907755278982137,1.0
7280,dependability,1,1,6.907755278982137,1.0
7281,dependency,1,1,6.907755278982137,1.0
7282,dependent-insulinotropic,1,1,6.907755278982137,1.0
7283,depleted,1,1,6.907755278982137,1.0
7284,deployment,1,1,6.907755278982137,1.0
7285,depolarisation,1,1,6.907755278982137,1.0
7286,depolarized,1,1,6.907755278982137,1.0
7287,deposits,1,1,6.907755278982137,1.0
7288,depressant,1,1,6.907755278982137,1.0
7289,depressed,1,1,6.907755278982137,1.0
7290,depth,1,1,6.907755278982137,1.0
7291,derivative,1,1,6.907755278982137,1.0
7292,derive,1,1,6.907755278982137,1.0
7293,dermal,1,1,6.907755278982137,1.0
7294,dermatology,1,1,6.907755278982137,1.0
7295,dersimonian-laird,1,1,6.907755278982137,1.0
7296,desaturase,1,1,6.907755278982137,1.0
7297,desciptionthe,1,1,6.907755278982137,1.0
7298,descriptions,1,1,6.907755278982137,1.0
7299,desensitisation,1,1,6.907755278982137,1.0
7300,desiring,1,1,6.907755278982137,1.0
7301,desorption,1,1,6.907755278982137,1.0
7302,destroy,1,1,6.907755278982137,1.0
7303,detachment,1,1,6.907755278982137,1.0
7304,detailing,1,1,6.907755278982137,1.0
7305,deteriorated,1,1,6.907755278982137,1.0
7306,determines,1,1,6.907755278982137,1.0
7307,develops,1,1,6.907755278982137,1.0
7308,device,1,1,6.907755278982137,1.0
7309,dexamethasone,1,1,6.907755278982137,1.0
7310,diabesity,1,1,6.907755278982137,1.0
7311,diabetes-obesity,1,1,6.907755278982137,1.0
7312,diabetes-prone,1,1,6.907755278982137,1.0
7313,diacylglycerol,1,1,6.907755278982137,1.0
7314,diagnose,1,1,6.907755278982137,1.0
7315,diagnoses,1,1,6.907755278982137,1.0
7316,dialkyne,1,1,6.907755278982137,1.0
7317,diaphoresis,1,1,6.907755278982137,1.0
7318,diarrhoea-reported,1,1,6.907755278982137,1.0
7319,diarrhoeal,1,1,6.907755278982137,1.0
7320,diazoxide,1,1,6.907755278982137,1.0
7321,dictates,1,1,6.907755278982137,1.0
7322,diencephalic,1,1,6.907755278982137,1.0
7323,diencephalon,1,1,6.907755278982137,1.0
7324,diet-related,1,1,6.907755278982137,1.0
7325,dietetic,1,1,6.907755278982137,1.0
7326,dietitian-led,1,1,6.907755278982137,1.0
7327,dietitians,1,1,6.907755278982137,1.0
7328,differentiates,1,1,6.907755278982137,1.0
7329,differentiating,1,1,6.907755278982137,1.0
7330,differently,1,1,6.907755278982137,1.0
7331,difficulty,1,1,6.907755278982137,1.0
7332,diffusely,1,1,6.907755278982137,1.0
7333,diffusion,1,1,6.907755278982137,1.0
7334,digitonin-collagenase,1,1,6.907755278982137,1.0
7335,dihydroxy-4,1,1,6.907755278982137,1.0
7336,dilated,1,1,6.907755278982137,1.0
7337,dilemma,1,1,6.907755278982137,1.0
7338,diligence,1,1,6.907755278982137,1.0
7339,dimerization-dependent,1,1,6.907755278982137,1.0
7340,dimethoxychalcone,1,1,6.907755278982137,1.0
7341,dimethyl-peptidyl-peptidase-iv,1,1,6.907755278982137,1.0
7342,diminishes,1,1,6.907755278982137,1.0
7343,dinucleotide,1,1,6.907755278982137,1.0
7344,dioxaoctanoic,1,1,6.907755278982137,1.0
7345,dipeptide,1,1,6.907755278982137,1.0
7346,dipeptidyl-peptidase-4,1,1,6.907755278982137,1.0
7347,dipeptidyl-peptidase-iv,1,1,6.907755278982137,1.0
7348,dipeptidylpeptidase-4,1,1,6.907755278982137,1.0
7349,dipeptydil-peptidase-4,1,1,6.907755278982137,1.0
7350,diphtheria,1,1,6.907755278982137,1.0
7351,diplopia,1,1,6.907755278982137,1.0
7352,direct-to-consumer,1,1,6.907755278982137,1.0
7353,dis,1,1,6.907755278982137,1.0
7354,disabilities,1,1,6.907755278982137,1.0
7355,disability,1,1,6.907755278982137,1.0
7356,disaccharides,1,1,6.907755278982137,1.0
7357,disadvantage,1,1,6.907755278982137,1.0
7358,disadvantaged,1,1,6.907755278982137,1.0
7359,disappointingly,1,1,6.907755278982137,1.0
7360,discernable,1,1,6.907755278982137,1.0
7361,discerned,1,1,6.907755278982137,1.0
7362,discernible,1,1,6.907755278982137,1.0
7363,discharged,1,1,6.907755278982137,1.0
7364,discharges,1,1,6.907755278982137,1.0
7365,disclosed,1,1,6.907755278982137,1.0
7366,disclosure,1,1,6.907755278982137,1.0
7367,discontinue,1,1,6.907755278982137,1.0
7368,discontinuers,1,1,6.907755278982137,1.0
7369,discordant,1,1,6.907755278982137,1.0
7370,discrepancy,1,1,6.907755278982137,1.0
7371,discrimination,1,1,6.907755278982137,1.0
7372,discussionalthough,1,1,6.907755278982137,1.0
7373,disease-related,1,1,6.907755278982137,1.0
7374,dislocation,1,1,6.907755278982137,1.0
7375,disorders-both,1,1,6.907755278982137,1.0
7376,disparate,1,1,6.907755278982137,1.0
7377,disparity,1,1,6.907755278982137,1.0
7378,dispensable,1,1,6.907755278982137,1.0
7379,dispersed,1,1,6.907755278982137,1.0
7380,displace,1,1,6.907755278982137,1.0
7381,displaceable,1,1,6.907755278982137,1.0
7382,displacement,1,1,6.907755278982137,1.0
7383,displacing,1,1,6.907755278982137,1.0
7384,displays,1,1,6.907755278982137,1.0
7385,disrupting,1,1,6.907755278982137,1.0
7386,disruptions,1,1,6.907755278982137,1.0
7387,disruptive,1,1,6.907755278982137,1.0
7388,disrupts,1,1,6.907755278982137,1.0
7389,dissect,1,1,6.907755278982137,1.0
7390,dissertations,1,1,6.907755278982137,1.0
7391,dissociated,1,1,6.907755278982137,1.0
7392,dissociating,1,1,6.907755278982137,1.0
7393,dissolve,1,1,6.907755278982137,1.0
7394,distant,1,1,6.907755278982137,1.0
7395,distinctive,1,1,6.907755278982137,1.0
7396,distinctively,1,1,6.907755278982137,1.0
7397,disulfide-binding,1,1,6.907755278982137,1.0
7398,diuresis,1,1,6.907755278982137,1.0
7399,diversity-notably,1,1,6.907755278982137,1.0
7400,diverts,1,1,6.907755278982137,1.0
7401,division,1,1,6.907755278982137,1.0
7402,divisions,1,1,6.907755278982137,1.0
7403,dizziness,1,1,6.907755278982137,1.0
7404,dm-related,1,1,6.907755278982137,1.0
7405,dmh,1,1,6.907755278982137,1.0
7406,dobutamine,1,1,6.907755278982137,1.0
7407,docked,1,1,6.907755278982137,1.0
7408,documentation,1,1,6.907755278982137,1.0
7409,documenting,1,1,6.907755278982137,1.0
7410,does-dependent,1,1,6.907755278982137,1.0
7411,domain-g-protein-coupled,1,1,6.907755278982137,1.0
7412,dominantly,1,1,6.907755278982137,1.0
7413,donor,1,1,6.907755278982137,1.0
7414,dopamine-transporter,1,1,6.907755278982137,1.0
7415,doppler,1,1,6.907755278982137,1.0
7416,dorothy,1,1,6.907755278982137,1.0
7417,dorsal-ventral,1,1,6.907755278982137,1.0
7418,dorsalis,1,1,6.907755278982137,1.0
7419,dorso-ventral,1,1,6.907755278982137,1.0
7420,dorsocaudally,1,1,6.907755278982137,1.0
7421,dorsomedial,1,1,6.907755278982137,1.0
7422,dosages,1,1,6.907755278982137,1.0
7423,dosalis,1,1,6.907755278982137,1.0
7424,dose-escalation,1,1,6.907755278982137,1.0
7425,dose-related,1,1,6.907755278982137,1.0
7426,dosimetry,1,1,6.907755278982137,1.0
7427,dosing-cycle,1,1,6.907755278982137,1.0
7428,dota-exendin-4,1,1,6.907755278982137,1.0
7429,double-edged,1,1,6.907755278982137,1.0
7430,double-immunofluorescence,1,1,6.907755278982137,1.0
7431,double-independent,1,1,6.907755278982137,1.0
7432,double-labelled,1,1,6.907755278982137,1.0
7433,doubled,1,1,6.907755278982137,1.0
7434,down-regulation,1,1,6.907755278982137,1.0
7435,downs,1,1,6.907755278982137,1.0
7436,doxorubicin-induced,1,1,6.907755278982137,1.0
7437,dpp-4-modulating,1,1,6.907755278982137,1.0
7438,dpp-4-resistant,1,1,6.907755278982137,1.0
7439,dpta-exendin-4,1,1,6.907755278982137,1.0
7440,dra,1,1,6.907755278982137,1.0
7441,draining,1,1,6.907755278982137,1.0
7442,drastically,1,1,6.907755278982137,1.0
7443,draw,1,1,6.907755278982137,1.0
7444,drawback,1,1,6.907755278982137,1.0
7445,drawbacks,1,1,6.907755278982137,1.0
7446,drawing,1,1,6.907755278982137,1.0
7447,dried,1,1,6.907755278982137,1.0
7448,drink,1,1,6.907755278982137,1.0
7449,drinking-in-the-dark,1,1,6.907755278982137,1.0
7450,drives,1,1,6.907755278982137,1.0
7451,dropped,1,1,6.907755278982137,1.0
7452,drp-1,1,1,6.907755278982137,1.0
7453,drug-drug,1,1,6.907755278982137,1.0
7454,drug-microbe-host,1,1,6.907755278982137,1.0
7455,drug-specific,1,1,6.907755278982137,1.0
7456,dry,1,1,6.907755278982137,1.0
7457,dual-acting,1,1,6.907755278982137,1.0
7458,dual-energy,1,1,6.907755278982137,1.0
7459,dual-luciferase,1,1,6.907755278982137,1.0
7460,dual-targeted,1,1,6.907755278982137,1.0
7461,duct,1,1,6.907755278982137,1.0
7462,ducts,1,1,6.907755278982137,1.0
7463,dulaglutide-induced,1,1,6.907755278982137,1.0
7464,dulaglutide-morbilliform,1,1,6.907755278982137,1.0
7465,dulaglutide-related,1,1,6.907755278982137,1.0
7466,dumping,1,1,6.907755278982137,1.0
7467,dunedin,1,1,6.907755278982137,1.0
7468,duraglutide,1,1,6.907755278982137,1.0
7469,dusk,1,1,6.907755278982137,1.0
7470,dwls,1,1,6.907755278982137,1.0
7471,dxa,1,1,6.907755278982137,1.0
7472,dysbiotic,1,1,6.907755278982137,1.0
7473,dyscrasias,1,1,6.907755278982137,1.0
7474,dysfunctions,1,1,6.907755278982137,1.0
7475,dysgeusia,1,1,6.907755278982137,1.0
7476,dysglycaemia,1,1,6.907755278982137,1.0
7477,dysmenorrhea,1,1,6.907755278982137,1.0
7478,dysmetabolic,1,1,6.907755278982137,1.0
7479,dysmetabolism,1,1,6.907755278982137,1.0
7480,dysmorphic,1,1,6.907755278982137,1.0
7481,dysmotility,1,1,6.907755278982137,1.0
7482,dyspepsia,1,1,6.907755278982137,1.0
7483,dyspeptic,1,1,6.907755278982137,1.0
7484,dysplastic,1,1,6.907755278982137,1.0
7485,dystrophic,1,1,6.907755278982137,1.0
7486,dysuria,1,1,6.907755278982137,1.0
7487,e-value,1,1,6.907755278982137,1.0
7488,eagerly,1,1,6.907755278982137,1.0
7489,early-phase,1,1,6.907755278982137,1.0
7490,early-pregnancy,1,1,6.907755278982137,1.0
7491,earned,1,1,6.907755278982137,1.0
7492,ease,1,1,6.907755278982137,1.0
7493,easily,1,1,6.907755278982137,1.0
7494,eastern,1,1,6.907755278982137,1.0
7495,eb,1,1,6.907755278982137,1.0
7496,eb-treated,1,1,6.907755278982137,1.0
7497,ebgms,1,1,6.907755278982137,1.0
7498,ebscohost,1,1,6.907755278982137,1.0
7499,ebts,1,1,6.907755278982137,1.0
7500,ecc,1,1,6.907755278982137,1.0
7501,ecd,1,1,6.907755278982137,1.0
7502,echocardiographic,1,1,6.907755278982137,1.0
7503,echotexture,1,1,6.907755278982137,1.0
7504,ecological,1,1,6.907755278982137,1.0
7505,economics,1,1,6.907755278982137,1.0
7506,economies,1,1,6.907755278982137,1.0
7507,effect-the,1,1,6.907755278982137,1.0
7508,effects-beyond,1,1,6.907755278982137,1.0
7509,effects-including,1,1,6.907755278982137,1.0
7510,efficacies,1,1,6.907755278982137,1.0
7511,efficaciously,1,1,6.907755278982137,1.0
7512,effluvium,1,1,6.907755278982137,1.0
7513,efflux,1,1,6.907755278982137,1.0
7514,effort-based,1,1,6.907755278982137,1.0
7515,efpeglenatide,1,1,6.907755278982137,1.0
7516,egcg,1,1,6.907755278982137,1.0
7517,eightfold,1,1,6.907755278982137,1.0
7518,eighty-nine,1,1,6.907755278982137,1.0
7519,eighty-one,1,1,6.907755278982137,1.0
7520,elaborate,1,1,6.907755278982137,1.0
7521,elaborated,1,1,6.907755278982137,1.0
7522,elaborates,1,1,6.907755278982137,1.0
7523,elastin-like-polypeptide,1,1,6.907755278982137,1.0
7524,electric,1,1,6.907755278982137,1.0
7525,electrically,1,1,6.907755278982137,1.0
7526,electrochemiluminescence,1,1,6.907755278982137,1.0
7527,electrogenic,1,1,6.907755278982137,1.0
7528,electromyographic,1,1,6.907755278982137,1.0
7529,electrophilic,1,1,6.907755278982137,1.0
7530,electrophoresis,1,1,6.907755278982137,1.0
7531,element-binding,1,1,6.907755278982137,1.0
7532,elevate,1,1,6.907755278982137,1.0
7533,elevating,1,1,6.907755278982137,1.0
7534,elevations,1,1,6.907755278982137,1.0
7535,eliciting,1,1,6.907755278982137,1.0
7536,elp,1,1,6.907755278982137,1.0
7537,elps,1,1,6.907755278982137,1.0
7538,elucidates,1,1,6.907755278982137,1.0
7539,em,1,1,6.907755278982137,1.0
7540,embedding,1,1,6.907755278982137,1.0
7541,embolism,1,1,6.907755278982137,1.0
7542,embracing,1,1,6.907755278982137,1.0
7543,emea,1,1,6.907755278982137,1.0
7544,emerge,1,1,6.907755278982137,1.0
7545,emesis,1,1,6.907755278982137,1.0
7546,emg,1,1,6.907755278982137,1.0
7547,emotional,1,1,6.907755278982137,1.0
7548,emphasising,1,1,6.907755278982137,1.0
7549,employs,1,1,6.907755278982137,1.0
7550,emptiness,1,1,6.907755278982137,1.0
7551,emptying-altogether,1,1,6.907755278982137,1.0
7552,ena,1,1,6.907755278982137,1.0
7553,enactive,1,1,6.907755278982137,1.0
7554,enacts,1,1,6.907755278982137,1.0
7555,enantiomers,1,1,6.907755278982137,1.0
7556,encasing,1,1,6.907755278982137,1.0
7557,encephalopathy,1,1,6.907755278982137,1.0
7558,encompass,1,1,6.907755278982137,1.0
7559,encourage,1,1,6.907755278982137,1.0
7560,encourages,1,1,6.907755278982137,1.0
7561,endeavors,1,1,6.907755278982137,1.0
7562,endeavours,1,1,6.907755278982137,1.0
7563,ended,1,1,6.907755278982137,1.0
7564,endo-pancreatic,1,1,6.907755278982137,1.0
7565,endobariatric,1,1,6.907755278982137,1.0
7566,endobariatrics,1,1,6.907755278982137,1.0
7567,endocardium,1,1,6.907755278982137,1.0
7568,endocrinol,1,1,6.907755278982137,1.0
7569,endocrinology,1,1,6.907755278982137,1.0
7570,endocrinopathy,1,1,6.907755278982137,1.0
7571,endometrium,1,1,6.907755278982137,1.0
7572,endorsed,1,1,6.907755278982137,1.0
7573,endorses,1,1,6.907755278982137,1.0
7574,endoscope,1,1,6.907755278982137,1.0
7575,endothelial-protective,1,1,6.907755278982137,1.0
7576,endothelin-converting,1,1,6.907755278982137,1.0
7577,endothelium-dependent,1,1,6.907755278982137,1.0
7578,endothelium-independent,1,1,6.907755278982137,1.0
7579,endotoxemia,1,1,6.907755278982137,1.0
7580,endotracheal,1,1,6.907755278982137,1.0
7581,endowed,1,1,6.907755278982137,1.0
7582,endpoint,1,1,6.907755278982137,1.0
7583,enduring,1,1,6.907755278982137,1.0
7584,energetics,1,1,6.907755278982137,1.0
7585,energies,1,1,6.907755278982137,1.0
7586,energy-dense,1,1,6.907755278982137,1.0
7587,energy-saving,1,1,6.907755278982137,1.0
7588,eneteroendocrine,1,1,6.907755278982137,1.0
7589,enforced,1,1,6.907755278982137,1.0
7590,engages,1,1,6.907755278982137,1.0
7591,engendered,1,1,6.907755278982137,1.0
7592,enho,1,1,6.907755278982137,1.0
7593,enjoy,1,1,6.907755278982137,1.0
7594,enjoyed,1,1,6.907755278982137,1.0
7595,enjoyment,1,1,6.907755278982137,1.0
7596,enlarged,1,1,6.907755278982137,1.0
7597,enlarges,1,1,6.907755278982137,1.0
7598,enos,1,1,6.907755278982137,1.0
7599,enterally,1,1,6.907755278982137,1.0
7600,entering,1,1,6.907755278982137,1.0
7601,entero-endocrine,1,1,6.907755278982137,1.0
7602,enterobacteriaceae,1,1,6.907755278982137,1.0
7603,enterococcus,1,1,6.907755278982137,1.0
7604,enterocytes,1,1,6.907755278982137,1.0
7605,enteroendoceine,1,1,6.907755278982137,1.0
7606,enteroendocrine-specific,1,1,6.907755278982137,1.0
7607,enterogastrons,1,1,6.907755278982137,1.0
7608,enteropeptide,1,1,6.907755278982137,1.0
7609,enters,1,1,6.907755278982137,1.0
7610,enthalpy,1,1,6.907755278982137,1.0
7611,entirely,1,1,6.907755278982137,1.0
7612,entraining,1,1,6.907755278982137,1.0
7613,entrapment,1,1,6.907755278982137,1.0
7614,entropic,1,1,6.907755278982137,1.0
7615,entry,1,1,6.907755278982137,1.0
7616,environmentally,1,1,6.907755278982137,1.0
7617,envisaged,1,1,6.907755278982137,1.0
7618,enzyme-1,1,1,6.907755278982137,1.0
7619,enzyme-resistant,1,1,6.907755278982137,1.0
7620,eosinophilic,1,1,6.907755278982137,1.0
7621,ep,1,1,6.907755278982137,1.0
7622,epeg,1,1,6.907755278982137,1.0
7623,epidemics,1,1,6.907755278982137,1.0
7624,epidemiology,1,1,6.907755278982137,1.0
7625,epidermal,1,1,6.907755278982137,1.0
7626,epigallocatechin,1,1,6.907755278982137,1.0
7627,epigastric,1,1,6.907755278982137,1.0
7628,epigenetics,1,1,6.907755278982137,1.0
7629,epinephrine,1,1,6.907755278982137,1.0
7630,epioleanolic,1,1,6.907755278982137,1.0
7631,episode,1,1,6.907755278982137,1.0
7632,equilibrium,1,1,6.907755278982137,1.0
7633,equimolar,1,1,6.907755278982137,1.0
7634,equipotent,1,1,6.907755278982137,1.0
7635,equipped,1,1,6.907755278982137,1.0
7636,equivalency,1,1,6.907755278982137,1.0
7637,equivalents,1,1,6.907755278982137,1.0
7638,eradicate,1,1,6.907755278982137,1.0
7639,eruption,1,1,6.907755278982137,1.0
7640,erysipelotrichaceae,1,1,6.907755278982137,1.0
7641,erythroid,1,1,6.907755278982137,1.0
7642,escalate,1,1,6.907755278982137,1.0
7643,escalating,1,1,6.907755278982137,1.0
7644,escape,1,1,6.907755278982137,1.0
7645,essence,1,1,6.907755278982137,1.0
7646,essentially,1,1,6.907755278982137,1.0
7647,establishes,1,1,6.907755278982137,1.0
7648,esterification,1,1,6.907755278982137,1.0
7649,estradiol,1,1,6.907755278982137,1.0
7650,estradiol-3-benzoate,1,1,6.907755278982137,1.0
7651,estradiol-progesterone,1,1,6.907755278982137,1.0
7652,etabolic,1,1,6.907755278982137,1.0
7653,etc,1,1,6.907755278982137,1.0
7654,ethic,1,1,6.907755278982137,1.0
7655,etiologic,1,1,6.907755278982137,1.0
7656,etiology,1,1,6.907755278982137,1.0
7657,etomoxir,1,1,6.907755278982137,1.0
7658,eu-dka,1,1,6.907755278982137,1.0
7659,euglycaemic,1,1,6.907755278982137,1.0
7660,ever-evolving,1,1,6.907755278982137,1.0
7661,ever-growing,1,1,6.907755278982137,1.0
7662,evoke,1,1,6.907755278982137,1.0
7663,ewca,1,1,6.907755278982137,1.0
7664,exacerbation,1,1,6.907755278982137,1.0
7665,examples,1,1,6.907755278982137,1.0
7666,exanthematous,1,1,6.907755278982137,1.0
7667,exceeding,1,1,6.907755278982137,1.0
7668,exception,1,1,6.907755278982137,1.0
7669,excerpta,1,1,6.907755278982137,1.0
7670,excessively,1,1,6.907755278982137,1.0
7671,exchanger,1,1,6.907755278982137,1.0
7672,excite,1,1,6.907755278982137,1.0
7673,excited,1,1,6.907755278982137,1.0
7674,exclude,1,1,6.907755278982137,1.0
7675,exclusivity,1,1,6.907755278982137,1.0
7676,executed,1,1,6.907755278982137,1.0
7677,exemplar,1,1,6.907755278982137,1.0
7678,exemplified,1,1,6.907755278982137,1.0
7679,exemplify,1,1,6.907755278982137,1.0
7680,exenatide-based,1,1,6.907755278982137,1.0
7681,exendin-4-based,1,1,6.907755278982137,1.0
7682,exendin-4-like,1,1,6.907755278982137,1.0
7683,exendin-9-39,1,1,6.907755278982137,1.0
7684,exendin-avid,1,1,6.907755278982137,1.0
7685,exendins-3,1,1,6.907755278982137,1.0
7686,exentin-4,1,1,6.907755278982137,1.0
7687,exercising,1,1,6.907755278982137,1.0
7688,exertion,1,1,6.907755278982137,1.0
7689,exhaustion,1,1,6.907755278982137,1.0
7690,existed,1,1,6.907755278982137,1.0
7691,exogenously,1,1,6.907755278982137,1.0
7692,exons,1,1,6.907755278982137,1.0
7693,expectation,1,1,6.907755278982137,1.0
7694,expediting,1,1,6.907755278982137,1.0
7695,expense,1,1,6.907755278982137,1.0
7696,expenses,1,1,6.907755278982137,1.0
7697,experiencing,1,1,6.907755278982137,1.0
7698,expirations,1,1,6.907755278982137,1.0
7699,explant,1,1,6.907755278982137,1.0
7700,explicable,1,1,6.907755278982137,1.0
7701,explicit,1,1,6.907755278982137,1.0
7702,exploit,1,1,6.907755278982137,1.0
7703,exploitation,1,1,6.907755278982137,1.0
7704,exploiting,1,1,6.907755278982137,1.0
7705,exponentiate,1,1,6.907755278982137,1.0
7706,expose,1,1,6.907755278982137,1.0
7707,extended-interval,1,1,6.907755278982137,1.0
7708,extended-release,1,1,6.907755278982137,1.0
7709,extensions,1,1,6.907755278982137,1.0
7710,extra-glycaemic,1,1,6.907755278982137,1.0
7711,extra-glycemic,1,1,6.907755278982137,1.0
7712,extrabulbar,1,1,6.907755278982137,1.0
7713,extractable,1,1,6.907755278982137,1.0
7714,extrahepatic,1,1,6.907755278982137,1.0
7715,extraislet,1,1,6.907755278982137,1.0
7716,extranuclear,1,1,6.907755278982137,1.0
7717,extremity,1,1,6.907755278982137,1.0
7718,extubated,1,1,6.907755278982137,1.0
7719,eye-related,1,1,6.907755278982137,1.0
7720,f-fluoro-2-deoxy-glucose,1,1,6.907755278982137,1.0
7721,faced,1,1,6.907755278982137,1.0
7722,facialis,1,1,6.907755278982137,1.0
7723,facilitated,1,1,6.907755278982137,1.0
7724,facilitation,1,1,6.907755278982137,1.0
7725,facility,1,1,6.907755278982137,1.0
7726,facp,1,1,6.907755278982137,1.0
7727,factor-8,1,1,6.907755278982137,1.0
7728,factor-a,1,1,6.907755278982137,1.0
7729,failures,1,1,6.907755278982137,1.0
7730,fallen,1,1,6.907755278982137,1.0
7731,falsifiable,1,1,6.907755278982137,1.0
7732,family-centered,1,1,6.907755278982137,1.0
7733,family-level,1,1,6.907755278982137,1.0
7734,fas,1,1,6.907755278982137,1.0
7735,fascinating,1,1,6.907755278982137,1.0
7736,fast-clearing,1,1,6.907755278982137,1.0
7737,fasting-based,1,1,6.907755278982137,1.0
7738,fate,1,1,6.907755278982137,1.0
7739,fatness,1,1,6.907755278982137,1.0
7740,fatty-acylated,1,1,6.907755278982137,1.0
7741,favorably,1,1,6.907755278982137,1.0
7742,favoring,1,1,6.907755278982137,1.0
7743,fb,1,1,6.907755278982137,1.0
7744,fda-approved,1,1,6.907755278982137,1.0
7745,fdg,1,1,6.907755278982137,1.0
7746,fear,1,1,6.907755278982137,1.0
7747,featured,1,1,6.907755278982137,1.0
7748,february,1,1,6.907755278982137,1.0
7749,federally,1,1,6.907755278982137,1.0
7750,federation,1,1,6.907755278982137,1.0
7751,feed-forward,1,1,6.907755278982137,1.0
7752,feeding-relevant,1,1,6.907755278982137,1.0
7753,feel,1,1,6.907755278982137,1.0
7754,feeling,1,1,6.907755278982137,1.0
7755,femoral,1,1,6.907755278982137,1.0
7756,fermentative,1,1,6.907755278982137,1.0
7757,fertilization,1,1,6.907755278982137,1.0
7758,fevers,1,1,6.907755278982137,1.0
7759,ffar,1,1,6.907755278982137,1.0
7760,fi,1,1,6.907755278982137,1.0
7761,fiber-deprived,1,1,6.907755278982137,1.0
7762,fibriallary,1,1,6.907755278982137,1.0
7763,fibroblasts,1,1,6.907755278982137,1.0
7764,fibroids,1,1,6.907755278982137,1.0
7765,fibrosis-related,1,1,6.907755278982137,1.0
7766,fibrovascular,1,1,6.907755278982137,1.0
7767,fiddle,1,1,6.907755278982137,1.0
7768,fight,1,1,6.907755278982137,1.0
7769,figured,1,1,6.907755278982137,1.0
7770,filaments,1,1,6.907755278982137,1.0
7771,filings,1,1,6.907755278982137,1.0
7772,fills,1,1,6.907755278982137,1.0
7773,fine-tuning,1,1,6.907755278982137,1.0
7774,fine-turning,1,1,6.907755278982137,1.0
7775,finerenone,1,1,6.907755278982137,1.0
7776,finger,1,1,6.907755278982137,1.0
7777,fingerprints,1,1,6.907755278982137,1.0
7778,finished,1,1,6.907755278982137,1.0
7779,first-approved,1,1,6.907755278982137,1.0
7780,first-in-class,1,1,6.907755278982137,1.0
7781,fits,1,1,6.907755278982137,1.0
7782,fitted,1,1,6.907755278982137,1.0
7783,fivefold,1,1,6.907755278982137,1.0
7784,fixed-dose,1,1,6.907755278982137,1.0
7785,fixed-effect,1,1,6.907755278982137,1.0
7786,fizz,1,1,6.907755278982137,1.0
7787,flares,1,1,6.907755278982137,1.0
7788,flatbush,1,1,6.907755278982137,1.0
7789,flattened,1,1,6.907755278982137,1.0
7790,flavokawain,1,1,6.907755278982137,1.0
7791,flavonoid,1,1,6.907755278982137,1.0
7792,flavor-nutrient,1,1,6.907755278982137,1.0
7793,fletcher,1,1,6.907755278982137,1.0
7794,flexible,1,1,6.907755278982137,1.0
7795,flight,1,1,6.907755278982137,1.0
7796,floors,1,1,6.907755278982137,1.0
7797,flora,1,1,6.907755278982137,1.0
7798,fluctuations,1,1,6.907755278982137,1.0
7799,fluids,1,1,6.907755278982137,1.0
7800,fluorescence-activated,1,1,6.907755278982137,1.0
7801,fluorescent-activated,1,1,6.907755278982137,1.0
7802,fluorescently-tagged,1,1,6.907755278982137,1.0
7803,fluoro-exendin-4,1,1,6.907755278982137,1.0
7804,flux,1,1,6.907755278982137,1.0
7805,fmol,1,1,6.907755278982137,1.0
7806,focussed,1,1,6.907755278982137,1.0
7807,focusses,1,1,6.907755278982137,1.0
7808,folate,1,1,6.907755278982137,1.0
7809,folding,1,1,6.907755278982137,1.0
7810,folds,1,1,6.907755278982137,1.0
7811,foley,1,1,6.907755278982137,1.0
7812,follicle,1,1,6.907755278982137,1.0
7813,follow-ups,1,1,6.907755278982137,1.0
7814,food-based,1,1,6.907755278982137,1.0
7815,food-motivated,1,1,6.907755278982137,1.0
7816,food-seeking,1,1,6.907755278982137,1.0
7817,forced,1,1,6.907755278982137,1.0
7818,forces,1,1,6.907755278982137,1.0
7819,foremost,1,1,6.907755278982137,1.0
7820,forerunner,1,1,6.907755278982137,1.0
7821,forkhead,1,1,6.907755278982137,1.0
7822,formal,1,1,6.907755278982137,1.0
7823,formalin,1,1,6.907755278982137,1.0
7824,formats,1,1,6.907755278982137,1.0
7825,formula,1,1,6.907755278982137,1.0
7826,formulary,1,1,6.907755278982137,1.0
7827,forskolin,1,1,6.907755278982137,1.0
7828,forth,1,1,6.907755278982137,1.0
7829,forty-nine,1,1,6.907755278982137,1.0
7830,fos-like,1,1,6.907755278982137,1.0
7831,fossa,1,1,6.907755278982137,1.0
7832,fostered,1,1,6.907755278982137,1.0
7833,fourteen,1,1,6.907755278982137,1.0
7834,fphys,1,1,6.907755278982137,1.0
7835,fractional,1,1,6.907755278982137,1.0
7836,frail,1,1,6.907755278982137,1.0
7837,frameworks,1,1,6.907755278982137,1.0
7838,frank,1,1,6.907755278982137,1.0
7839,frc,1,1,6.907755278982137,1.0
7840,frcs-insulin,1,1,6.907755278982137,1.0
7841,freedom,1,1,6.907755278982137,1.0
7842,frees,1,1,6.907755278982137,1.0
7843,freshly,1,1,6.907755278982137,1.0
7844,friendly,1,1,6.907755278982137,1.0
7845,frontline,1,1,6.907755278982137,1.0
7846,fructooligosaccharides,1,1,6.907755278982137,1.0
7847,fructose,1,1,6.907755278982137,1.0
7848,fructose-fed,1,1,6.907755278982137,1.0
7849,fruitless,1,1,6.907755278982137,1.0
7850,fruits,1,1,6.907755278982137,1.0
7851,fsp,1,1,6.907755278982137,1.0
7852,ft-ir,1,1,6.907755278982137,1.0
7853,fu,1,1,6.907755278982137,1.0
7854,fuel,1,1,6.907755278982137,1.0
7855,fueled,1,1,6.907755278982137,1.0
7856,fulfil,1,1,6.907755278982137,1.0
7857,fulfill,1,1,6.907755278982137,1.0
7858,function-a,1,1,6.907755278982137,1.0
7859,function-related,1,1,6.907755278982137,1.0
7860,functionalized,1,1,6.907755278982137,1.0
7861,fundamentally,1,1,6.907755278982137,1.0
7862,funded,1,1,6.907755278982137,1.0
7863,fundoscopy,1,1,6.907755278982137,1.0
7864,furthest,1,1,6.907755278982137,1.0
7865,fusion-protein,1,1,6.907755278982137,1.0
7866,fxr-creb,1,1,6.907755278982137,1.0
7867,g-cells,1,1,6.907755278982137,1.0
7868,g-ly6c,1,1,6.907755278982137,1.0
7869,g-proteins,1,1,6.907755278982137,1.0
7870,g-to-a,1,1,6.907755278982137,1.0
7871,gabaa,1,1,6.907755278982137,1.0
7872,gabaar,1,1,6.907755278982137,1.0
7873,gaining,1,1,6.907755278982137,1.0
7874,gallate,1,1,6.907755278982137,1.0
7875,gallium,1,1,6.907755278982137,1.0
7876,gallstones,1,1,6.907755278982137,1.0
7877,game-changers,1,1,6.907755278982137,1.0
7878,gamma,1,1,6.907755278982137,1.0
7879,garment,1,1,6.907755278982137,1.0
7880,garnered,1,1,6.907755278982137,1.0
7881,gasseri,1,1,6.907755278982137,1.0
7882,gastrin-17,1,1,6.907755278982137,1.0
7883,gastrin-mediated,1,1,6.907755278982137,1.0
7884,gastritis,1,1,6.907755278982137,1.0
7885,gastroinhibitory,1,1,6.907755278982137,1.0
7886,gastrointestinal-derived,1,1,6.907755278982137,1.0
7887,gastrointestinal-released,1,1,6.907755278982137,1.0
7888,gastroprokinetic,1,1,6.907755278982137,1.0
7889,gathered,1,1,6.907755278982137,1.0
7890,gavage,1,1,6.907755278982137,1.0
7891,gazdar,1,1,6.907755278982137,1.0
7892,gbp,1,1,6.907755278982137,1.0
7893,gc-ms,1,1,6.907755278982137,1.0
7894,gdf,1,1,6.907755278982137,1.0
7895,gele-dependent,1,1,6.907755278982137,1.0
7896,generalised,1,1,6.907755278982137,1.0
7897,generations,1,1,6.907755278982137,1.0
7898,generative,1,1,6.907755278982137,1.0
7899,generic,1,1,6.907755278982137,1.0
7900,genetics,1,1,6.907755278982137,1.0
7901,genomics,1,1,6.907755278982137,1.0
7902,genotype-specific,1,1,6.907755278982137,1.0
7903,genotypes,1,1,6.907755278982137,1.0
7904,genuine,1,1,6.907755278982137,1.0
7905,geographic,1,1,6.907755278982137,1.0
7906,geometric,1,1,6.907755278982137,1.0
7907,gerd,1,1,6.907755278982137,1.0
7908,germ-free,1,1,6.907755278982137,1.0
7909,geroprotectors,1,1,6.907755278982137,1.0
7910,gf,1,1,6.907755278982137,1.0
7911,ghba,1,1,6.907755278982137,1.0
7912,ghrp-6,1,1,6.907755278982137,1.0
7913,gi-dependent,1,1,6.907755278982137,1.0
7914,gia,1,1,6.907755278982137,1.0
7915,gila-monster,1,1,6.907755278982137,1.0
7916,gip-induced,1,1,6.907755278982137,1.0
7917,giprs,1,1,6.907755278982137,1.0
7918,girl,1,1,6.907755278982137,1.0
7919,girth,1,1,6.907755278982137,1.0
7920,gis,1,1,6.907755278982137,1.0
7921,gl-1,1,1,6.907755278982137,1.0
7922,glia,1,1,6.907755278982137,1.0
7923,glimpse,1,1,6.907755278982137,1.0
7924,gliptin,1,1,6.907755278982137,1.0
7925,globe,1,1,6.907755278982137,1.0
7926,globesity,1,1,6.907755278982137,1.0
7927,glp-1-activated,1,1,6.907755278982137,1.0
7928,glp-1-derived,1,1,6.907755278982137,1.0
7929,glp-1-docked,1,1,6.907755278982137,1.0
7930,glp-1-dominant,1,1,6.907755278982137,1.0
7931,glp-1-expressing,1,1,6.907755278982137,1.0
7932,glp-1-immunopositive,1,1,6.907755278982137,1.0
7933,glp-1-independent,1,1,6.907755278982137,1.0
7934,glp-1-inducing,1,1,6.907755278982137,1.0
7935,glp-1-lytacs,1,1,6.907755278982137,1.0
7936,glp-1-ptd-abp,1,1,6.907755278982137,1.0
7937,glp-1-resistant,1,1,6.907755278982137,1.0
7938,glp-1-rs,1,1,6.907755278982137,1.0
7939,glp-1-when,1,1,6.907755278982137,1.0
7940,glp-1derivatives,1,1,6.907755278982137,1.0
7941,glp-1exerts,1,1,6.907755278982137,1.0
7942,glp-1r-gs,1,1,6.907755278982137,1.0
7943,glp-1r-immunreactive,1,1,6.907755278982137,1.0
7944,glp-1r-ir,1,1,6.907755278982137,1.0
7945,glp-1r-profiles,1,1,6.907755278982137,1.0
7946,glp-1r-targeted,1,1,6.907755278982137,1.0
7947,glp-1ra-stimulated,1,1,6.907755278982137,1.0
7948,glp-iras,1,1,6.907755278982137,1.0
7949,glp-l,1,1,6.907755278982137,1.0
7950,glp-r,1,1,6.907755278982137,1.0
7951,glp-ras,1,1,6.907755278982137,1.0
7952,glu-9,1,1,6.907755278982137,1.0
7953,glua,1,1,6.907755278982137,1.0
7954,glucagon-based,1,1,6.907755278982137,1.0
7955,glucagon-glp-1,1,1,6.907755278982137,1.0
7956,glucagone-like,1,1,6.907755278982137,1.0
7957,glucagonemia,1,1,6.907755278982137,1.0
7958,glucagonotropically,1,1,6.907755278982137,1.0
7959,gluco-sensitive,1,1,6.907755278982137,1.0
7960,glucocentric,1,1,6.907755278982137,1.0
7961,glucogen,1,1,6.907755278982137,1.0
7962,glucoincretin,1,1,6.907755278982137,1.0
7963,glucometabolic,1,1,6.907755278982137,1.0
7964,gluconeogenic,1,1,6.907755278982137,1.0
7965,glucophage,1,1,6.907755278982137,1.0
7966,glucose-bovine,1,1,6.907755278982137,1.0
7967,glucose-dependant,1,1,6.907755278982137,1.0
7968,glucose-dependently,1,1,6.907755278982137,1.0
7969,glucose-intolerant,1,1,6.907755278982137,1.0
7970,glucose-mediated,1,1,6.907755278982137,1.0
7971,glucose-reduction,1,1,6.907755278982137,1.0
7972,glucose-resistant,1,1,6.907755278982137,1.0
7973,glucose-responsive,1,1,6.907755278982137,1.0
7974,glucose-tolerance,1,1,6.907755278982137,1.0
7975,glucoseproduction,1,1,6.907755278982137,1.0
7976,glucosyl-isoquercitrin,1,1,6.907755278982137,1.0
7977,glucotoxiciy,1,1,6.907755278982137,1.0
7978,glue,1,1,6.907755278982137,1.0
7979,glur,1,1,6.907755278982137,1.0
7980,glutamyl,1,1,6.907755278982137,1.0
7981,glutamyltransferase,1,1,6.907755278982137,1.0
7982,gly-pro,1,1,6.907755278982137,1.0
7983,glyceryl,1,1,6.907755278982137,1.0
7984,glycine,1,1,6.907755278982137,1.0
7985,glycoaldehyde-bsa,1,1,6.907755278982137,1.0
7986,glycoborinine,1,1,6.907755278982137,1.0
7987,glycol,1,1,6.907755278982137,1.0
7988,glycopeptides,1,1,6.907755278982137,1.0
7989,glycosides,1,1,6.907755278982137,1.0
7990,glycosmis,1,1,6.907755278982137,1.0
7991,glycosphingolipid,1,1,6.907755278982137,1.0
7992,glycosphingolipids,1,1,6.907755278982137,1.0
7993,glycosylation,1,1,6.907755278982137,1.0
7994,glycyrrhizic,1,1,6.907755278982137,1.0
7995,glyfuran,1,1,6.907755278982137,1.0
7996,glyphyllamide,1,1,6.907755278982137,1.0
7997,glyphyllazole,1,1,6.907755278982137,1.0
7998,golden,1,1,6.907755278982137,1.0
7999,gonadotropins,1,1,6.907755278982137,1.0
8000,gong,1,1,6.907755278982137,1.0
8001,govern,1,1,6.907755278982137,1.0
8002,governed,1,1,6.907755278982137,1.0
8003,governing,1,1,6.907755278982137,1.0
8004,government,1,1,6.907755278982137,1.0
8005,governs,1,1,6.907755278982137,1.0
8006,gpa,1,1,6.907755278982137,1.0
8007,gpcr-based,1,1,6.907755278982137,1.0
8008,gpl-1,1,1,6.907755278982137,1.0
8009,gpvrgpfpiiv,1,1,6.907755278982137,1.0
8010,gpx,1,1,6.907755278982137,1.0
8011,gq-coupled,1,1,6.907755278982137,1.0
8012,graded,1,1,6.907755278982137,1.0
8013,gradient,1,1,6.907755278982137,1.0
8014,graft,1,1,6.907755278982137,1.0
8015,grant,1,1,6.907755278982137,1.0
8016,granules,1,1,6.907755278982137,1.0
8017,granulosa,1,1,6.907755278982137,1.0
8018,gratitude,1,1,6.907755278982137,1.0
8019,gravida,1,1,6.907755278982137,1.0
8020,grey,1,1,6.907755278982137,1.0
8021,grks,1,1,6.907755278982137,1.0
8022,ground-breaking,1,1,6.907755278982137,1.0
8023,groundbreaking,1,1,6.907755278982137,1.0
8024,group-those,1,1,6.907755278982137,1.0
8025,grouping,1,1,6.907755278982137,1.0
8026,growth-factor-like,1,1,6.907755278982137,1.0
8027,gsea,1,1,6.907755278982137,1.0
8028,gsk,1,1,6.907755278982137,1.0
8029,gst,1,1,6.907755278982137,1.0
8030,gt-ag,1,1,6.907755278982137,1.0
8031,gtpases,1,1,6.907755278982137,1.0
8032,guanidinium-solubilized,1,1,6.907755278982137,1.0
8033,guanosine,1,1,6.907755278982137,1.0
8034,guarantee,1,1,6.907755278982137,1.0
8035,guideline,1,1,6.907755278982137,1.0
8036,guideline-directed,1,1,6.907755278982137,1.0
8037,guideline-informed,1,1,6.907755278982137,1.0
8038,guideline-recommended,1,1,6.907755278982137,1.0
8039,gurmarin,1,1,6.907755278982137,1.0
8040,gustducin-deficient,1,1,6.907755278982137,1.0
8041,gut-associated,1,1,6.907755278982137,1.0
8042,gut-bone,1,1,6.907755278982137,1.0
8043,gut-mediated,1,1,6.907755278982137,1.0
8044,gut-pancreas-liver,1,1,6.907755278982137,1.0
8045,gut-produced,1,1,6.907755278982137,1.0
8046,gut-secreted,1,1,6.907755278982137,1.0
8047,gut-to-brain,1,1,6.907755278982137,1.0
8048,gynecoid,1,1,6.907755278982137,1.0
8049,gynecologists,1,1,6.907755278982137,1.0
8050,gynecology,1,1,6.907755278982137,1.0
8051,h-89,1,1,6.907755278982137,1.0
8052,h-his-aib-glu-gly-thr-phe-thr-ser-asp-bip-bip-nh2,1,1,6.907755278982137,1.0
8053,habener,1,1,6.907755278982137,1.0
8054,haemostasis,1,1,6.907755278982137,1.0
8055,hailey-hailey,1,1,6.907755278982137,1.0
8056,half-lives,1,1,6.907755278982137,1.0
8057,half-time,1,1,6.907755278982137,1.0
8058,hallmark,1,1,6.907755278982137,1.0
8059,halt,1,1,6.907755278982137,1.0
8060,halted,1,1,6.907755278982137,1.0
8061,halting,1,1,6.907755278982137,1.0
8062,hamper,1,1,6.907755278982137,1.0
8063,hampered,1,1,6.907755278982137,1.0
8064,happens,1,1,6.907755278982137,1.0
8065,harboring,1,1,6.907755278982137,1.0
8066,hard,1,1,6.907755278982137,1.0
8067,harm,1,1,6.907755278982137,1.0
8068,harmonized,1,1,6.907755278982137,1.0
8069,hashimoto,1,1,6.907755278982137,1.0
8070,hazards,1,1,6.907755278982137,1.0
8071,hca,1,1,6.907755278982137,1.0
8072,hco,1,1,6.907755278982137,1.0
8073,hd-caused,1,1,6.907755278982137,1.0
8074,hd-induced,1,1,6.907755278982137,1.0
8075,hdl,1,1,6.907755278982137,1.0
8076,hdl-cholesterol,1,1,6.907755278982137,1.0
8077,headings,1,1,6.907755278982137,1.0
8078,health-care,1,1,6.907755278982137,1.0
8079,healthspan,1,1,6.907755278982137,1.0
8080,hear,1,1,6.907755278982137,1.0
8081,heaves,1,1,6.907755278982137,1.0
8082,hedonic,1,1,6.907755278982137,1.0
8083,height,1,1,6.907755278982137,1.0
8084,heights,1,1,6.907755278982137,1.0
8085,held,1,1,6.907755278982137,1.0
8086,helices,1,1,6.907755278982137,1.0
8087,helix-stabilizing,1,1,6.907755278982137,1.0
8088,hematoma,1,1,6.907755278982137,1.0
8089,hematopoietic,1,1,6.907755278982137,1.0
8090,hemorrhagic,1,1,6.907755278982137,1.0
8091,hemostatic,1,1,6.907755278982137,1.0
8092,hepatocellular,1,1,6.907755278982137,1.0
8093,hepatogenous,1,1,6.907755278982137,1.0
8094,hepatologic,1,1,6.907755278982137,1.0
8095,hepatology,1,1,6.907755278982137,1.0
8096,hepatoportal,1,1,6.907755278982137,1.0
8097,hepatotoxicity,1,1,6.907755278982137,1.0
8098,hepg,1,1,6.907755278982137,1.0
8099,herald,1,1,6.907755278982137,1.0
8100,herbs,1,1,6.907755278982137,1.0
8101,hernias,1,1,6.907755278982137,1.0
8102,heterocycle,1,1,6.907755278982137,1.0
8103,heterologous,1,1,6.907755278982137,1.0
8104,hexokinase,1,1,6.907755278982137,1.0
8105,hg-challenged,1,1,6.907755278982137,1.0
8106,hg-induced,1,1,6.907755278982137,1.0
8107,hiatal,1,1,6.907755278982137,1.0
8108,hidden,1,1,6.907755278982137,1.0
8109,high-dp,1,1,6.907755278982137,1.0
8110,high-fat-diet-induced,1,1,6.907755278982137,1.0
8111,high-fiber,1,1,6.907755278982137,1.0
8112,high-glucose,1,1,6.907755278982137,1.0
8113,high-glucose-induced,1,1,6.907755278982137,1.0
8114,high-mortality,1,1,6.907755278982137,1.0
8115,high-potency,1,1,6.907755278982137,1.0
8116,high-pressure,1,1,6.907755278982137,1.0
8117,high-resolution,1,1,6.907755278982137,1.0
8118,high-sodium,1,1,6.907755278982137,1.0
8119,high-sucrose,1,1,6.907755278982137,1.0
8120,high-valued,1,1,6.907755278982137,1.0
8121,high-yield,1,1,6.907755278982137,1.0
8122,highest-risk,1,1,6.907755278982137,1.0
8123,hinder,1,1,6.907755278982137,1.0
8124,hindered,1,1,6.907755278982137,1.0
8125,hinders,1,1,6.907755278982137,1.0
8126,hindgut,1,1,6.907755278982137,1.0
8127,hippocampal-dependent,1,1,6.907755278982137,1.0
8128,his-7,1,1,6.907755278982137,1.0
8129,his-tagged,1,1,6.907755278982137,1.0
8130,histologically,1,1,6.907755278982137,1.0
8131,histone,1,1,6.907755278982137,1.0
8132,histopathology,1,1,6.907755278982137,1.0
8133,historial,1,1,6.907755278982137,1.0
8134,historical,1,1,6.907755278982137,1.0
8135,history-taking,1,1,6.907755278982137,1.0
8136,hitherto,1,1,6.907755278982137,1.0
8137,hiv-associated,1,1,6.907755278982137,1.0
8138,hodgkin,1,1,6.907755278982137,1.0
8139,holdemanella,1,1,6.907755278982137,1.0
8140,holidays,1,1,6.907755278982137,1.0
8141,hollowing,1,1,6.907755278982137,1.0
8142,homa,1,1,6.907755278982137,1.0
8143,homa-ir,1,1,6.907755278982137,1.0
8144,home,1,1,6.907755278982137,1.0
8145,homoeostasis,1,1,6.907755278982137,1.0
8146,homologs,1,1,6.907755278982137,1.0
8147,homologue,1,1,6.907755278982137,1.0
8148,homozygosity,1,1,6.907755278982137,1.0
8149,homozygous,1,1,6.907755278982137,1.0
8150,hopeful,1,1,6.907755278982137,1.0
8151,hormone-derived,1,1,6.907755278982137,1.0
8152,hormones-mainly,1,1,6.907755278982137,1.0
8153,hospitalisations,1,1,6.907755278982137,1.0
8154,host-microbiome,1,1,6.907755278982137,1.0
8155,hosts,1,1,6.907755278982137,1.0
8156,hot,1,1,6.907755278982137,1.0
8157,hrec,1,1,6.907755278982137,1.0
8158,hresims,1,1,6.907755278982137,1.0
8159,hrv,1,1,6.907755278982137,1.0
8160,hts,1,1,6.907755278982137,1.0
8161,hu,1,1,6.907755278982137,1.0
8162,huang,1,1,6.907755278982137,1.0
8163,hugely,1,1,6.907755278982137,1.0
8164,human-derived,1,1,6.907755278982137,1.0
8165,human-induced,1,1,6.907755278982137,1.0
8166,humankind,1,1,6.907755278982137,1.0
8167,hundreds,1,1,6.907755278982137,1.0
8168,hurdles,1,1,6.907755278982137,1.0
8169,husbandry,1,1,6.907755278982137,1.0
8170,huvec,1,1,6.907755278982137,1.0
8171,hybridized,1,1,6.907755278982137,1.0
8172,hydration,1,1,6.907755278982137,1.0
8173,hydrocarbonized,1,1,6.907755278982137,1.0
8174,hydrogel-based,1,1,6.907755278982137,1.0
8175,hydrogels,1,1,6.907755278982137,1.0
8176,hydrophilic,1,1,6.907755278982137,1.0
8177,hydroxybenzoyl,1,1,6.907755278982137,1.0
8178,hydroxydeoxyguanosine,1,1,6.907755278982137,1.0
8179,hydroxyderricin,1,1,6.907755278982137,1.0
8180,hydroxylase,1,1,6.907755278982137,1.0
8181,hydroxytryptamine,1,1,6.907755278982137,1.0
8182,hyperactivation,1,1,6.907755278982137,1.0
8183,hypergastrinemia,1,1,6.907755278982137,1.0
8184,hypergly-cemia,1,1,6.907755278982137,1.0
8185,hyperglycaemic,1,1,6.907755278982137,1.0
8186,hyperhydration,1,1,6.907755278982137,1.0
8187,hyperinsulinaemia,1,1,6.907755278982137,1.0
8188,hyperinsulinism,1,1,6.907755278982137,1.0
8189,hyperkalemia,1,1,6.907755278982137,1.0
8190,hyperlipidaemia,1,1,6.907755278982137,1.0
8191,hypermetabolism,1,1,6.907755278982137,1.0
8192,hypermetric,1,1,6.907755278982137,1.0
8193,hypernutrition,1,1,6.907755278982137,1.0
8194,hyperphagia,1,1,6.907755278982137,1.0
8195,hyperplasias,1,1,6.907755278982137,1.0
8196,hyperpolarization,1,1,6.907755278982137,1.0
8197,hyperpolarization-activated,1,1,6.907755278982137,1.0
8198,hyperpolarized,1,1,6.907755278982137,1.0
8199,hypertensive,1,1,6.907755278982137,1.0
8200,hypertriglyceridemia,1,1,6.907755278982137,1.0
8201,hyperuricemia,1,1,6.907755278982137,1.0
8202,hypo,1,1,6.907755278982137,1.0
8203,hypogonadal,1,1,6.907755278982137,1.0
8204,hypoperfusion,1,1,6.907755278982137,1.0
8205,hypoperfusion-induced,1,1,6.907755278982137,1.0
8206,hypophagia,1,1,6.907755278982137,1.0
8207,hypophysiotropic,1,1,6.907755278982137,1.0
8208,hypothalamic-pituitary,1,1,6.907755278982137,1.0
8209,hypothalamic-pituitary-gonadal,1,1,6.907755278982137,1.0
8210,hypotheses,1,1,6.907755278982137,1.0
8211,hypothesis-generating,1,1,6.907755278982137,1.0
8212,hypothyroidism,1,1,6.907755278982137,1.0
8213,hysterectomy,1,1,6.907755278982137,1.0
8214,i-exendin,1,1,6.907755278982137,1.0
8215,i-hippuran,1,1,6.907755278982137,1.0
8216,i-insulin,1,1,6.907755278982137,1.0
8217,i-tail,1,1,6.907755278982137,1.0
8218,ibd-related,1,1,6.907755278982137,1.0
8219,ibts,1,1,6.907755278982137,1.0
8220,icam,1,1,6.907755278982137,1.0
8221,icd-10,1,1,6.907755278982137,1.0
8222,icd-11,1,1,6.907755278982137,1.0
8223,ics,1,1,6.907755278982137,1.0
8224,icu,1,1,6.907755278982137,1.0
8225,igf-1r,1,1,6.907755278982137,1.0
8226,iggs,1,1,6.907755278982137,1.0
8227,iglar,1,1,6.907755278982137,1.0
8228,ignite,1,1,6.907755278982137,1.0
8229,ih-induced,1,1,6.907755278982137,1.0
8230,iic,1,1,6.907755278982137,1.0
8231,iihwop,1,1,6.907755278982137,1.0
8232,iko,1,1,6.907755278982137,1.0
8233,il-10,1,1,6.907755278982137,1.0
8234,ileostomy,1,1,6.907755278982137,1.0
8235,illegal,1,1,6.907755278982137,1.0
8236,illnesses,1,1,6.907755278982137,1.0
8237,illuminate,1,1,6.907755278982137,1.0
8238,illustrating,1,1,6.907755278982137,1.0
8239,illustration,1,1,6.907755278982137,1.0
8240,image,1,1,6.907755278982137,1.0
8241,imaged,1,1,6.907755278982137,1.0
8242,imidazole,1,1,6.907755278982137,1.0
8243,iminodiacetic,1,1,6.907755278982137,1.0
8244,immature,1,1,6.907755278982137,1.0
8245,immediate-release,1,1,6.907755278982137,1.0
8246,immensely,1,1,6.907755278982137,1.0
8247,imminent,1,1,6.907755278982137,1.0
8248,immobilised,1,1,6.907755278982137,1.0
8249,immortal,1,1,6.907755278982137,1.0
8250,immortalized,1,1,6.907755278982137,1.0
8251,immune-inflammatory,1,1,6.907755278982137,1.0
8252,immune-mediated,1,1,6.907755278982137,1.0
8253,immune-modulation,1,1,6.907755278982137,1.0
8254,immunity,1,1,6.907755278982137,1.0
8255,immuno-expression,1,1,6.907755278982137,1.0
8256,immuno-metabolism,1,1,6.907755278982137,1.0
8257,immunoblots,1,1,6.907755278982137,1.0
8258,immunofluorescent,1,1,6.907755278982137,1.0
8259,immunofluorescently-labelled,1,1,6.907755278982137,1.0
8260,immunogenic,1,1,6.907755278982137,1.0
8261,immunogenicity,1,1,6.907755278982137,1.0
8262,immunoglobulin,1,1,6.907755278982137,1.0
8263,immunohistochemically,1,1,6.907755278982137,1.0
8264,immunolabelling,1,1,6.907755278982137,1.0
8265,immunologically,1,1,6.907755278982137,1.0
8266,immunology,1,1,6.907755278982137,1.0
8267,immunomagnetic,1,1,6.907755278982137,1.0
8268,immunometabolic,1,1,6.907755278982137,1.0
8269,immunomodulation,1,1,6.907755278982137,1.0
8270,immunosuppressive,1,1,6.907755278982137,1.0
8271,impacting,1,1,6.907755278982137,1.0
8272,impairedoxidation,1,1,6.907755278982137,1.0
8273,impedance,1,1,6.907755278982137,1.0
8274,impetus,1,1,6.907755278982137,1.0
8275,implant,1,1,6.907755278982137,1.0
8276,implantation,1,1,6.907755278982137,1.0
8277,implanted,1,1,6.907755278982137,1.0
8278,implementing,1,1,6.907755278982137,1.0
8279,implicates,1,1,6.907755278982137,1.0
8280,importancealbeit,1,1,6.907755278982137,1.0
8281,importanceit,1,1,6.907755278982137,1.0
8282,impossible,1,1,6.907755278982137,1.0
8283,impure,1,1,6.907755278982137,1.0
8284,in-dota,1,1,6.907755278982137,1.0
8285,in-house,1,1,6.907755278982137,1.0
8286,in-person,1,1,6.907755278982137,1.0
8287,in-vivo,1,1,6.907755278982137,1.0
8288,inactivating,1,1,6.907755278982137,1.0
8289,inadequacies,1,1,6.907755278982137,1.0
8290,inauspicious,1,1,6.907755278982137,1.0
8291,incentives,1,1,6.907755278982137,1.0
8292,incidences,1,1,6.907755278982137,1.0
8293,inconsistencies,1,1,6.907755278982137,1.0
8294,inconsistently,1,1,6.907755278982137,1.0
8295,incretin-associated,1,1,6.907755278982137,1.0
8296,incretin-axis,1,1,6.907755278982137,1.0
8297,incretin-degrading,1,1,6.907755278982137,1.0
8298,incretin-derived,1,1,6.907755278982137,1.0
8299,incretin-mediated,1,1,6.907755278982137,1.0
8300,incretin-releasing,1,1,6.907755278982137,1.0
8301,incretin-stimulated,1,1,6.907755278982137,1.0
8302,incretinbased,1,1,6.907755278982137,1.0
8303,incretinisation,1,1,6.907755278982137,1.0
8304,indexed,1,1,6.907755278982137,1.0
8305,indexes,1,1,6.907755278982137,1.0
8306,indian,1,1,6.907755278982137,1.0
8307,indication-expansion,1,1,6.907755278982137,1.0
8308,indices,1,1,6.907755278982137,1.0
8309,indispensable,1,1,6.907755278982137,1.0
8310,individualize,1,1,6.907755278982137,1.0
8311,individualizing,1,1,6.907755278982137,1.0
8312,induced-serotonin,1,1,6.907755278982137,1.0
8313,inducibility,1,1,6.907755278982137,1.0
8314,inducting,1,1,6.907755278982137,1.0
8315,inefficient,1,1,6.907755278982137,1.0
8316,inequalities,1,1,6.907755278982137,1.0
8317,inequities,1,1,6.907755278982137,1.0
8318,inertia,1,1,6.907755278982137,1.0
8319,inevitably,1,1,6.907755278982137,1.0
8320,infants,1,1,6.907755278982137,1.0
8321,infected,1,1,6.907755278982137,1.0
8322,infection-related,1,1,6.907755278982137,1.0
8323,inference,1,1,6.907755278982137,1.0
8324,infestation,1,1,6.907755278982137,1.0
8325,infiltrating,1,1,6.907755278982137,1.0
8326,infiltrative,1,1,6.907755278982137,1.0
8327,inflame,1,1,6.907755278982137,1.0
8328,inflamed,1,1,6.907755278982137,1.0
8329,inflammation-mediated,1,1,6.907755278982137,1.0
8330,inflating,1,1,6.907755278982137,1.0
8331,infliximab,1,1,6.907755278982137,1.0
8332,infographics,1,1,6.907755278982137,1.0
8333,infraction,1,1,6.907755278982137,1.0
8334,infralimbic,1,1,6.907755278982137,1.0
8335,infrastructure,1,1,6.907755278982137,1.0
8336,infusing,1,1,6.907755278982137,1.0
8337,ingeniously,1,1,6.907755278982137,1.0
8338,ingest,1,1,6.907755278982137,1.0
8339,ingesting,1,1,6.907755278982137,1.0
8340,inhibitor-1,1,1,6.907755278982137,1.0
8341,inhibitor-treated,1,1,6.907755278982137,1.0
8342,inhibtors,1,1,6.907755278982137,1.0
8343,initiative,1,1,6.907755278982137,1.0
8344,injectables,1,1,6.907755278982137,1.0
8345,injection-related,1,1,6.907755278982137,1.0
8346,injection-site,1,1,6.907755278982137,1.0
8347,injuries,1,1,6.907755278982137,1.0
8348,innate,1,1,6.907755278982137,1.0
8349,inner,1,1,6.907755278982137,1.0
8350,innervate,1,1,6.907755278982137,1.0
8351,innervates,1,1,6.907755278982137,1.0
8352,innervating,1,1,6.907755278982137,1.0
8353,innovent,1,1,6.907755278982137,1.0
8354,inotropic,1,1,6.907755278982137,1.0
8355,input,1,1,6.907755278982137,1.0
8356,inquiry,1,1,6.907755278982137,1.0
8357,inroads,1,1,6.907755278982137,1.0
8358,inserted,1,1,6.907755278982137,1.0
8359,insightful,1,1,6.907755278982137,1.0
8360,inspection,1,1,6.907755278982137,1.0
8361,instance,1,1,6.907755278982137,1.0
8362,instances,1,1,6.907755278982137,1.0
8363,instant,1,1,6.907755278982137,1.0
8364,instillation,1,1,6.907755278982137,1.0
8365,instrumental,1,1,6.907755278982137,1.0
8366,instrumentation,1,1,6.907755278982137,1.0
8367,insulin-glp-1,1,1,6.907755278982137,1.0
8368,insulin-glucose,1,1,6.907755278982137,1.0
8369,insulin-mediated,1,1,6.907755278982137,1.0
8370,insulin-requiring,1,1,6.907755278982137,1.0
8371,insulin-responsive,1,1,6.907755278982137,1.0
8372,insulin-secretion,1,1,6.907755278982137,1.0
8373,insulinomimetic,1,1,6.907755278982137,1.0
8374,insulinopenic,1,1,6.907755278982137,1.0
8375,insurers,1,1,6.907755278982137,1.0
8376,intake-reducing,1,1,6.907755278982137,1.0
8377,integrate,1,1,6.907755278982137,1.0
8378,intensify,1,1,6.907755278982137,1.0
8379,intensifying,1,1,6.907755278982137,1.0
8380,intent,1,1,6.907755278982137,1.0
8381,intention,1,1,6.907755278982137,1.0
8382,interactome,1,1,6.907755278982137,1.0
8383,interbody,1,1,6.907755278982137,1.0
8384,intercept,1,1,6.907755278982137,1.0
8385,interdisciplinary,1,1,6.907755278982137,1.0
8386,interfacing,1,1,6.907755278982137,1.0
8387,interferon-inducible,1,1,6.907755278982137,1.0
8388,interleuin-6,1,1,6.907755278982137,1.0
8389,interleukin-1,1,1,6.907755278982137,1.0
8390,intermeal,1,1,6.907755278982137,1.0
8391,intermedia,1,1,6.907755278982137,1.0
8392,intermediate,1,1,6.907755278982137,1.0
8393,internet,1,1,6.907755278982137,1.0
8394,internists,1,1,6.907755278982137,1.0
8395,interpenduncular,1,1,6.907755278982137,1.0
8396,interplays,1,1,6.907755278982137,1.0
8397,interposition,1,1,6.907755278982137,1.0
8398,interpret,1,1,6.907755278982137,1.0
8399,interpreting,1,1,6.907755278982137,1.0
8400,interpretive,1,1,6.907755278982137,1.0
8401,interprofessional,1,1,6.907755278982137,1.0
8402,interrogate,1,1,6.907755278982137,1.0
8403,interrupted,1,1,6.907755278982137,1.0
8404,interrupting,1,1,6.907755278982137,1.0
8405,interruption,1,1,6.907755278982137,1.0
8406,intersection,1,1,6.907755278982137,1.0
8407,intersects,1,1,6.907755278982137,1.0
8408,intertriginous,1,1,6.907755278982137,1.0
8409,intertwined,1,1,6.907755278982137,1.0
8410,intervene,1,1,6.907755278982137,1.0
8411,interviews,1,1,6.907755278982137,1.0
8412,intestinal-secreted,1,1,6.907755278982137,1.0
8413,intestinal-specific,1,1,6.907755278982137,1.0
8414,intestinally,1,1,6.907755278982137,1.0
8415,intestinimonas,1,1,6.907755278982137,1.0
8416,intestinotrophic,1,1,6.907755278982137,1.0
8417,intima,1,1,6.907755278982137,1.0
8418,intolerant,1,1,6.907755278982137,1.0
8419,intoxications,1,1,6.907755278982137,1.0
8420,intra-arterial,1,1,6.907755278982137,1.0
8421,intra-cerebral,1,1,6.907755278982137,1.0
8422,intra-endosomal,1,1,6.907755278982137,1.0
8423,intra-islet,1,1,6.907755278982137,1.0
8424,intra-nacc,1,1,6.907755278982137,1.0
8425,intracerebral,1,1,6.907755278982137,1.0
8426,intractable,1,1,6.907755278982137,1.0
8427,intraportal,1,1,6.907755278982137,1.0
8428,intrathecal,1,1,6.907755278982137,1.0
8429,intrauterine,1,1,6.907755278982137,1.0
8430,introduce,1,1,6.907755278982137,1.0
8431,introduces,1,1,6.907755278982137,1.0
8432,introductionthe,1,1,6.907755278982137,1.0
8433,inulin,1,1,6.907755278982137,1.0
8434,invasions,1,1,6.907755278982137,1.0
8435,investigators,1,1,6.907755278982137,1.0
8436,invisible,1,1,6.907755278982137,1.0
8437,ionization,1,1,6.907755278982137,1.0
8438,ionotropic,1,1,6.907755278982137,1.0
8439,ipomoea,1,1,6.907755278982137,1.0
8440,ipsc,1,1,6.907755278982137,1.0
8441,iptg,1,1,6.907755278982137,1.0
8442,ir-specific,1,1,6.907755278982137,1.0
8443,irb-approved,1,1,6.907755278982137,1.0
8444,iron,1,1,6.907755278982137,1.0
8445,irritability,1,1,6.907755278982137,1.0
8446,irritable,1,1,6.907755278982137,1.0
8447,irritation,1,1,6.907755278982137,1.0
8448,irritative,1,1,6.907755278982137,1.0
8449,irs-1,1,1,6.907755278982137,1.0
8450,ischaemia-induced,1,1,6.907755278982137,1.0
8451,ischaemia-reperfusion,1,1,6.907755278982137,1.0
8452,ischemia-induced,1,1,6.907755278982137,1.0
8453,islet-specific,1,1,6.907755278982137,1.0
8454,isoaltholacton,1,1,6.907755278982137,1.0
8455,isoelectric,1,1,6.907755278982137,1.0
8456,isolate,1,1,6.907755278982137,1.0
8457,isolation,1,1,6.907755278982137,1.0
8458,isoleucine,1,1,6.907755278982137,1.0
8459,isopropylthio,1,1,6.907755278982137,1.0
8460,isoproterenol,1,1,6.907755278982137,1.0
8461,isothermal,1,1,6.907755278982137,1.0
8462,isovolumetric,1,1,6.907755278982137,1.0
8463,issuing,1,1,6.907755278982137,1.0
8464,italian,1,1,6.907755278982137,1.0
8465,iv-related,1,1,6.907755278982137,1.0
8466,iv-resistant,1,1,6.907755278982137,1.0
8467,j-mono,1,1,6.907755278982137,1.0
8468,james,1,1,6.907755278982137,1.0
8469,japonica,1,1,6.907755278982137,1.0
8470,jaundice,1,1,6.907755278982137,1.0
8471,jin,1,1,6.907755278982137,1.0
8472,jmir,1,1,6.907755278982137,1.0
8473,jnj,1,1,6.907755278982137,1.0
8474,joanna,1,1,6.907755278982137,1.0
8475,joel,1,1,6.907755278982137,1.0
8476,john,1,1,6.907755278982137,1.0
8477,jointly,1,1,6.907755278982137,1.0
8478,journal,1,1,6.907755278982137,1.0
8479,judgment,1,1,6.907755278982137,1.0
8480,juice,1,1,6.907755278982137,1.0
8481,jumps,1,1,6.907755278982137,1.0
8482,junction,1,1,6.907755278982137,1.0
8483,junctions,1,1,6.907755278982137,1.0
8484,juxtamedullary,1,1,6.907755278982137,1.0
8485,k-akt,1,1,6.907755278982137,1.0
8486,k-cell,1,1,6.907755278982137,1.0
8487,kakotrichi,1,1,6.907755278982137,1.0
8488,kanie,1,1,6.907755278982137,1.0
8489,karagiannis,1,1,6.907755278982137,1.0
8490,kb,1,1,6.907755278982137,1.0
8491,keap,1,1,6.907755278982137,1.0
8492,keeping,1,1,6.907755278982137,1.0
8493,keratinocyte,1,1,6.907755278982137,1.0
8494,ketonemia,1,1,6.907755278982137,1.0
8495,keyword,1,1,6.907755278982137,1.0
8496,kglp-1-loaded,1,1,6.907755278982137,1.0
8497,kinetic,1,1,6.907755278982137,1.0
8498,kinetochore,1,1,6.907755278982137,1.0
8499,kingdom,1,1,6.907755278982137,1.0
8500,kir,1,1,6.907755278982137,1.0
8501,kiss-1,1,1,6.907755278982137,1.0
8502,kiss-1r,1,1,6.907755278982137,1.0
8503,kisspeptin-1,1,1,6.907755278982137,1.0
8504,kit-8,1,1,6.907755278982137,1.0
8505,kits,1,1,6.907755278982137,1.0
8506,kj,1,1,6.907755278982137,1.0
8507,kk,1,1,6.907755278982137,1.0
8508,kkay,1,1,6.907755278982137,1.0
8509,km,1,1,6.907755278982137,1.0
8510,knock,1,1,6.907755278982137,1.0
8511,knock-out,1,1,6.907755278982137,1.0
8512,knowledge-based,1,1,6.907755278982137,1.0
8513,knudsen,1,1,6.907755278982137,1.0
8514,kqt,1,1,6.907755278982137,1.0
8515,kt-derived,1,1,6.907755278982137,1.0
8516,kunming,1,1,6.907755278982137,1.0
8517,kv,1,1,6.907755278982137,1.0
8518,kynurenic,1,1,6.907755278982137,1.0
8519,l-alanine,1,1,6.907755278982137,1.0
8520,l-amino-acid-defined,1,1,6.907755278982137,1.0
8521,l-lactic-co-glycolic,1,1,6.907755278982137,1.0
8522,l-lysine,1,1,6.907755278982137,1.0
8523,l-proline,1,1,6.907755278982137,1.0
8524,l-type,1,1,6.907755278982137,1.0
8525,labelling,1,1,6.907755278982137,1.0
8526,lability,1,1,6.907755278982137,1.0
8527,labor,1,1,6.907755278982137,1.0
8528,labs,1,1,6.907755278982137,1.0
8529,lacks,1,1,6.907755278982137,1.0
8530,lactam,1,1,6.907755278982137,1.0
8531,lactiplantibacillus,1,1,6.907755278982137,1.0
8532,lancet,1,1,6.907755278982137,1.0
8533,lang,1,1,6.907755278982137,1.0
8534,langerhans,1,1,6.907755278982137,1.0
8535,lanterns,1,1,6.907755278982137,1.0
8536,laparoscopic,1,1,6.907755278982137,1.0
8537,laparotomy,1,1,6.907755278982137,1.0
8538,laryngeal,1,1,6.907755278982137,1.0
8539,lasalle,1,1,6.907755278982137,1.0
8540,lasker,1,1,6.907755278982137,1.0
8541,late-phase,1,1,6.907755278982137,1.0
8542,lavage,1,1,6.907755278982137,1.0
8543,lawrence,1,1,6.907755278982137,1.0
8544,laxity,1,1,6.907755278982137,1.0
8545,lay,1,1,6.907755278982137,1.0
8546,layer-type,1,1,6.907755278982137,1.0
8547,layered,1,1,6.907755278982137,1.0
8548,lays,1,1,6.907755278982137,1.0
8549,lcfa-gpr120,1,1,6.907755278982137,1.0
8550,lcfa-induced,1,1,6.907755278982137,1.0
8551,leaked,1,1,6.907755278982137,1.0
8552,lecture,1,1,6.907755278982137,1.0
8553,lehrskov,1,1,6.907755278982137,1.0
8554,lengths,1,1,6.907755278982137,1.0
8555,lentiviral,1,1,6.907755278982137,1.0
8556,lentivirus,1,1,6.907755278982137,1.0
8557,leptin-spexin,1,1,6.907755278982137,1.0
8558,lesion-based,1,1,6.907755278982137,1.0
8559,lethargy,1,1,6.907755278982137,1.0
8560,leucine,1,1,6.907755278982137,1.0
8561,leukemia,1,1,6.907755278982137,1.0
8562,leukocyte,1,1,6.907755278982137,1.0
8563,lever,1,1,6.907755278982137,1.0
8564,leveraged,1,1,6.907755278982137,1.0
8565,lha,1,1,6.907755278982137,1.0
8566,li,1,1,6.907755278982137,1.0
8567,lib,1,1,6.907755278982137,1.0
8568,liberal,1,1,6.907755278982137,1.0
8569,licenced,1,1,6.907755278982137,1.0
8570,license,1,1,6.907755278982137,1.0
8571,lick,1,1,6.907755278982137,1.0
8572,licl,1,1,6.907755278982137,1.0
8573,licorice,1,1,6.907755278982137,1.0
8574,lie,1,1,6.907755278982137,1.0
8575,life-debilitating,1,1,6.907755278982137,1.0
8576,life-long,1,1,6.907755278982137,1.0
8577,lifetime,1,1,6.907755278982137,1.0
8578,ligament,1,1,6.907755278982137,1.0
8579,ligand-dependent,1,1,6.907755278982137,1.0
8580,ligand-directed,1,1,6.907755278982137,1.0
8581,ligand-glucagon,1,1,6.907755278982137,1.0
8582,likelihood,1,1,6.907755278982137,1.0
8583,lilacs,1,1,6.907755278982137,1.0
8584,linagliptin-mediated,1,1,6.907755278982137,1.0
8585,linchpin,1,1,6.907755278982137,1.0
8586,liner,1,1,6.907755278982137,1.0
8587,lining,1,1,6.907755278982137,1.0
8588,linkage,1,1,6.907755278982137,1.0
8589,lipase,1,1,6.907755278982137,1.0
8590,lipid-lowering,1,1,6.907755278982137,1.0
8591,lipidation,1,1,6.907755278982137,1.0
8592,lipophilicity,1,1,6.907755278982137,1.0
8593,lipopolysaccharide,1,1,6.907755278982137,1.0
8594,liposomes,1,1,6.907755278982137,1.0
8595,liquids,1,1,6.907755278982137,1.0
8596,liraglutide-inhibited,1,1,6.907755278982137,1.0
8597,liraglutide-treated,1,1,6.907755278982137,1.0
8598,list,1,1,6.907755278982137,1.0
8599,listing,1,1,6.907755278982137,1.0
8600,liter,1,1,6.907755278982137,1.0
8601,liu,1,1,6.907755278982137,1.0
8602,live-cell,1,1,6.907755278982137,1.0
8603,lixi,1,1,6.907755278982137,1.0
8604,lixisenatide-have,1,1,6.907755278982137,1.0
8605,lkb-1,1,1,6.907755278982137,1.0
8606,ll,1,1,6.907755278982137,1.0
8607,lnc,1,1,6.907755278982137,1.0
8608,loads,1,1,6.907755278982137,1.0
8609,lobular,1,1,6.907755278982137,1.0
8610,localize,1,1,6.907755278982137,1.0
8611,locally,1,1,6.907755278982137,1.0
8612,location-specific,1,1,6.907755278982137,1.0
8613,locus,1,1,6.907755278982137,1.0
8614,long-sought-after,1,1,6.907755278982137,1.0
8615,longer-term,1,1,6.907755278982137,1.0
8616,longest,1,1,6.907755278982137,1.0
8617,longevity-promoting,1,1,6.907755278982137,1.0
8618,longum,1,1,6.907755278982137,1.0
8619,loop-contributed,1,1,6.907755278982137,1.0
8620,loops,1,1,6.907755278982137,1.0
8621,loose,1,1,6.907755278982137,1.0
8622,loosening,1,1,6.907755278982137,1.0
8623,lorcaserin,1,1,6.907755278982137,1.0
8624,loses,1,1,6.907755278982137,1.0
8625,loss-dependent,1,1,6.907755278982137,1.0
8626,loss-include,1,1,6.907755278982137,1.0
8627,loss-independent,1,1,6.907755278982137,1.0
8628,lotte,1,1,6.907755278982137,1.0
8629,low-affinity,1,1,6.907755278982137,1.0
8630,low-density,1,1,6.907755278982137,1.0
8631,low-glycemic,1,1,6.907755278982137,1.0
8632,lps-cascade,1,1,6.907755278982137,1.0
8633,ltd,1,1,6.907755278982137,1.0
8634,ltr,1,1,6.907755278982137,1.0
8635,lucia,1,1,6.907755278982137,1.0
8636,lumen-apposing,1,1,6.907755278982137,1.0
8637,luminescence,1,1,6.907755278982137,1.0
8638,lunar,1,1,6.907755278982137,1.0
8639,lung-targeted,1,1,6.907755278982137,1.0
8640,luteinizing,1,1,6.907755278982137,1.0
8641,lyerly,1,1,6.907755278982137,1.0
8642,lymphedema-specific,1,1,6.907755278982137,1.0
8643,lymphocyte,1,1,6.907755278982137,1.0
8644,lymphoma,1,1,6.907755278982137,1.0
8645,lymphovenous,1,1,6.907755278982137,1.0
8646,lypotoxicity,1,1,6.907755278982137,1.0
8647,lys-288,1,1,6.907755278982137,1.0
8648,lys-induced,1,1,6.907755278982137,1.0
8649,lysine-288,1,1,6.907755278982137,1.0
8650,lysosome-targeting,1,1,6.907755278982137,1.0
8651,lysozyme,1,1,6.907755278982137,1.0
8652,lytac,1,1,6.907755278982137,1.0
8653,m-1,1,1,6.907755278982137,1.0
8654,macaque,1,1,6.907755278982137,1.0
8655,maces,1,1,6.907755278982137,1.0
8656,macroalbuminuria,1,1,6.907755278982137,1.0
8657,macromolecules,1,1,6.907755278982137,1.0
8658,macropinocytosis,1,1,6.907755278982137,1.0
8659,macular,1,1,6.907755278982137,1.0
8660,mafb,1,1,6.907755278982137,1.0
8661,magnocellular,1,1,6.907755278982137,1.0
8662,mainlythrough,1,1,6.907755278982137,1.0
8663,maintenance-oriented,1,1,6.907755278982137,1.0
8664,makeup,1,1,6.907755278982137,1.0
8665,mal-pegs,1,1,6.907755278982137,1.0
8666,maldi-tof-ms,1,1,6.907755278982137,1.0
8667,males-though,1,1,6.907755278982137,1.0
8668,malformations,1,1,6.907755278982137,1.0
8669,malic,1,1,6.907755278982137,1.0
8670,malnutrition,1,1,6.907755278982137,1.0
8671,mamillary,1,1,6.907755278982137,1.0
8672,mammals,1,1,6.907755278982137,1.0
8673,manageable,1,1,6.907755278982137,1.0
8674,manager,1,1,6.907755278982137,1.0
8675,mandated,1,1,6.907755278982137,1.0
8676,mangiferin,1,1,6.907755278982137,1.0
8677,mango,1,1,6.907755278982137,1.0
8678,manifested,1,1,6.907755278982137,1.0
8679,manifesting,1,1,6.907755278982137,1.0
8680,manifests,1,1,6.907755278982137,1.0
8681,manifold,1,1,6.907755278982137,1.0
8682,manners,1,1,6.907755278982137,1.0
8683,mannose,1,1,6.907755278982137,1.0
8684,mantsiou,1,1,6.907755278982137,1.0
8685,manual,1,1,6.907755278982137,1.0
8686,manufacturability,1,1,6.907755278982137,1.0
8687,manufacture,1,1,6.907755278982137,1.0
8688,manufactured,1,1,6.907755278982137,1.0
8689,manufacturer,1,1,6.907755278982137,1.0
8690,manufacturer-recommended,1,1,6.907755278982137,1.0
8691,manufacturing,1,1,6.907755278982137,1.0
8692,mapks,1,1,6.907755278982137,1.0
8693,mapped,1,1,6.907755278982137,1.0
8694,marginal,1,1,6.907755278982137,1.0
8695,maritide,1,1,6.907755278982137,1.0
8696,marking,1,1,6.907755278982137,1.0
8697,marred,1,1,6.907755278982137,1.0
8698,marrow,1,1,6.907755278982137,1.0
8699,masld-related,1,1,6.907755278982137,1.0
8700,massive,1,1,6.907755278982137,1.0
8701,mast,1,1,6.907755278982137,1.0
8702,master,1,1,6.907755278982137,1.0
8703,mastery,1,1,6.907755278982137,1.0
8704,mastocytosis,1,1,6.907755278982137,1.0
8705,match,1,1,6.907755278982137,1.0
8706,materials-methods,1,1,6.907755278982137,1.0
8707,matrices,1,1,6.907755278982137,1.0
8708,matrix-assisted,1,1,6.907755278982137,1.0
8709,matrix-receptor,1,1,6.907755278982137,1.0
8710,matsuda,1,1,6.907755278982137,1.0
8711,maximally,1,1,6.907755278982137,1.0
8712,maximizing,1,1,6.907755278982137,1.0
8713,mci,1,1,6.907755278982137,1.0
8714,mcprc,1,1,6.907755278982137,1.0
8715,mda,1,1,6.907755278982137,1.0
8716,mdd,1,1,6.907755278982137,1.0
8717,mds,1,1,6.907755278982137,1.0
8718,meal-stimulated,1,1,6.907755278982137,1.0
8719,meal-wise,1,1,6.907755278982137,1.0
8720,meaning,1,1,6.907755278982137,1.0
8721,meat,1,1,6.907755278982137,1.0
8722,mechanism-informed,1,1,6.907755278982137,1.0
8723,medi,1,1,6.907755278982137,1.0
8724,medica,1,1,6.907755278982137,1.0
8725,medicalization,1,1,6.907755278982137,1.0
8726,medicalizing,1,1,6.907755278982137,1.0
8727,medically,1,1,6.907755278982137,1.0
8728,medicaments,1,1,6.907755278982137,1.0
8729,medication-date,1,1,6.907755278982137,1.0
8730,medication-specific,1,1,6.907755278982137,1.0
8731,medications-whether,1,1,6.907755278982137,1.0
8732,medicolegal,1,1,6.907755278982137,1.0
8733,mediterranean,1,1,6.907755278982137,1.0
8734,medrxiv,1,1,6.907755278982137,1.0
8735,meetings,1,1,6.907755278982137,1.0
8736,mek,1,1,6.907755278982137,1.0
8737,melanocortin-4,1,1,6.907755278982137,1.0
8738,melastatin,1,1,6.907755278982137,1.0
8739,membership,1,1,6.907755278982137,1.0
8740,membrane-anchored,1,1,6.907755278982137,1.0
8741,menadione,1,1,6.907755278982137,1.0
8742,menarandrense,1,1,6.907755278982137,1.0
8743,menarandrosides,1,1,6.907755278982137,1.0
8744,meng,1,1,6.907755278982137,1.0
8745,menopause,1,1,6.907755278982137,1.0
8746,mentioned,1,1,6.907755278982137,1.0
8747,mer,1,1,6.907755278982137,1.0
8748,merger,1,1,6.907755278982137,1.0
8749,merit,1,1,6.907755278982137,1.0
8750,mesencephalon,1,1,6.907755278982137,1.0
8751,mesoporous,1,1,6.907755278982137,1.0
8752,message,1,1,6.907755278982137,1.0
8753,meta-inflammation,1,1,6.907755278982137,1.0
8754,metab,1,1,6.907755278982137,1.0
8755,metabolic-inflammatory-aging,1,1,6.907755278982137,1.0
8756,metabolically-inactive,1,1,6.907755278982137,1.0
8757,metabolism-regulating,1,1,6.907755278982137,1.0
8758,metabolized,1,1,6.907755278982137,1.0
8759,metabolome,1,1,6.907755278982137,1.0
8760,metal,1,1,6.907755278982137,1.0
8761,metald,1,1,6.907755278982137,1.0
8762,metalloproteinase,1,1,6.907755278982137,1.0
8763,metalloproteinases,1,1,6.907755278982137,1.0
8764,metastatic,1,1,6.907755278982137,1.0
8765,metformin-induced,1,1,6.907755278982137,1.0
8766,methadone,1,1,6.907755278982137,1.0
8767,methodswe,1,1,6.907755278982137,1.0
8768,methyl,1,1,6.907755278982137,1.0
8769,methyl-4-phenyl-1,1,1,6.907755278982137,1.0
8770,methylation,1,1,6.907755278982137,1.0
8771,metric,1,1,6.907755278982137,1.0
8772,metrics,1,1,6.907755278982137,1.0
8773,mets,1,1,6.907755278982137,1.0
8774,mgcs,1,1,6.907755278982137,1.0
8775,mglutag,1,1,6.907755278982137,1.0
8776,mi-induced,1,1,6.907755278982137,1.0
8777,micellar,1,1,6.907755278982137,1.0
8778,micelles,1,1,6.907755278982137,1.0
8779,microbial-induced,1,1,6.907755278982137,1.0
8780,microbiomes,1,1,6.907755278982137,1.0
8781,microbiota-derived,1,1,6.907755278982137,1.0
8782,microbiota-endocannabinoid,1,1,6.907755278982137,1.0
8783,microbiota-gut-brain,1,1,6.907755278982137,1.0
8784,microcarrier-based,1,1,6.907755278982137,1.0
8785,microcirculatory,1,1,6.907755278982137,1.0
8786,microdialysis,1,1,6.907755278982137,1.0
8787,microenvironments,1,1,6.907755278982137,1.0
8788,microg,1,1,6.907755278982137,1.0
8789,microglia,1,1,6.907755278982137,1.0
8790,microgram,1,1,6.907755278982137,1.0
8791,microinjection,1,1,6.907755278982137,1.0
8792,microneedles,1,1,6.907755278982137,1.0
8793,microrna-27a,1,1,6.907755278982137,1.0
8794,microscopy-based,1,1,6.907755278982137,1.0
8795,microspheres,1,1,6.907755278982137,1.0
8796,microstructural,1,1,6.907755278982137,1.0
8797,microstructure,1,1,6.907755278982137,1.0
8798,microvillus,1,1,6.907755278982137,1.0
8799,mid,1,1,6.907755278982137,1.0
8800,mid-life,1,1,6.907755278982137,1.0
8801,middle-aged,1,1,6.907755278982137,1.0
8802,middle-income,1,1,6.907755278982137,1.0
8803,milestone,1,1,6.907755278982137,1.0
8804,milestones,1,1,6.907755278982137,1.0
8805,milieu,1,1,6.907755278982137,1.0
8806,mimics,1,1,6.907755278982137,1.0
8807,min-6,1,1,6.907755278982137,1.0
8808,mindful,1,1,6.907755278982137,1.0
8809,mineral,1,1,6.907755278982137,1.0
8810,mineralization,1,1,6.907755278982137,1.0
8811,mini,1,1,6.907755278982137,1.0
8812,mini-mental,1,1,6.907755278982137,1.0
8813,mini-osmotic,1,1,6.907755278982137,1.0
8814,minimized,1,1,6.907755278982137,1.0
8815,minimum,1,1,6.907755278982137,1.0
8816,mining,1,1,6.907755278982137,1.0
8817,minipigs,1,1,6.907755278982137,1.0
8818,minocycline,1,1,6.907755278982137,1.0
8819,minus,1,1,6.907755278982137,1.0
8820,minute,1,1,6.907755278982137,1.0
8821,miranda,1,1,6.907755278982137,1.0
8822,mirrored,1,1,6.907755278982137,1.0
8823,misdiagnosis,1,1,6.907755278982137,1.0
8824,misfolded,1,1,6.907755278982137,1.0
8825,misfolding,1,1,6.907755278982137,1.0
8826,mismatch,1,1,6.907755278982137,1.0
8827,mission,1,1,6.907755278982137,1.0
8828,mitochondrial-circadian,1,1,6.907755278982137,1.0
8829,mitochondrial-derived,1,1,6.907755278982137,1.0
8830,mitogen-activated,1,1,6.907755278982137,1.0
8831,mitotic,1,1,6.907755278982137,1.0
8832,mitral,1,1,6.907755278982137,1.0
8833,mixed-design,1,1,6.907755278982137,1.0
8834,mixed-effects,1,1,6.907755278982137,1.0
8835,mixed-methods,1,1,6.907755278982137,1.0
8836,mizuno,1,1,6.907755278982137,1.0
8837,mmh,1,1,6.907755278982137,1.0
8838,mmp,1,1,6.907755278982137,1.0
8839,mmp-2,1,1,6.907755278982137,1.0
8840,mnemonic,1,1,6.907755278982137,1.0
8841,mobility,1,1,6.907755278982137,1.0
8842,mobilize,1,1,6.907755278982137,1.0
8843,mochi,1,1,6.907755278982137,1.0
8844,modelled,1,1,6.907755278982137,1.0
8845,moderate-severe,1,1,6.907755278982137,1.0
8846,moderately,1,1,6.907755278982137,1.0
8847,moderating,1,1,6.907755278982137,1.0
8848,moderation,1,1,6.907755278982137,1.0
8849,modestly,1,1,6.907755278982137,1.0
8850,modifier,1,1,6.907755278982137,1.0
8851,modulatory,1,1,6.907755278982137,1.0
8852,mofs,1,1,6.907755278982137,1.0
8853,mojsov,1,1,6.907755278982137,1.0
8854,molecular-level,1,1,6.907755278982137,1.0
8855,molecularly,1,1,6.907755278982137,1.0
8856,moment,1,1,6.907755278982137,1.0
8857,mono-125i-iodinated,1,1,6.907755278982137,1.0
8858,mono-125i-tglp-1,1,1,6.907755278982137,1.0
8859,mono-gpcr,1,1,6.907755278982137,1.0
8860,monoamine,1,1,6.907755278982137,1.0
8861,monocular,1,1,6.907755278982137,1.0
8862,monocytes,1,1,6.907755278982137,1.0
8863,monosodium,1,1,6.907755278982137,1.0
8864,months-long,1,1,6.907755278982137,1.0
8865,morbidly,1,1,6.907755278982137,1.0
8866,morphometrical,1,1,6.907755278982137,1.0
8867,morris,1,1,6.907755278982137,1.0
8868,mossy,1,1,6.907755278982137,1.0
8869,motifs,1,1,6.907755278982137,1.0
8870,motions,1,1,6.907755278982137,1.0
8871,motivated,1,1,6.907755278982137,1.0
8872,motivation,1,1,6.907755278982137,1.0
8873,motoris,1,1,6.907755278982137,1.0
8874,motorius,1,1,6.907755278982137,1.0
8875,mounjaro,1,1,6.907755278982137,1.0
8876,mounting,1,1,6.907755278982137,1.0
8877,mounts,1,1,6.907755278982137,1.0
8878,mouth,1,1,6.907755278982137,1.0
8879,move,1,1,6.907755278982137,1.0
8880,movements,1,1,6.907755278982137,1.0
8881,mpn,1,1,6.907755278982137,1.0
8882,mptp-induced,1,1,6.907755278982137,1.0
8883,mra,1,1,6.907755278982137,1.0
8884,msh,1,1,6.907755278982137,1.0
8885,mtc,1,1,6.907755278982137,1.0
8886,mucin,1,1,6.907755278982137,1.0
8887,mucoadhesive,1,1,6.907755278982137,1.0
8888,mucosae,1,1,6.907755278982137,1.0
8889,multi-component,1,1,6.907755278982137,1.0
8890,multi-disciplinary,1,1,6.907755278982137,1.0
8891,multi-function,1,1,6.907755278982137,1.0
8892,multi-ingredient,1,1,6.907755278982137,1.0
8893,multi-level,1,1,6.907755278982137,1.0
8894,multi-omics,1,1,6.907755278982137,1.0
8895,multi-site,1,1,6.907755278982137,1.0
8896,multi-targeting,1,1,6.907755278982137,1.0
8897,multi-visit,1,1,6.907755278982137,1.0
8898,multi-year,1,1,6.907755278982137,1.0
8899,multicenter,1,1,6.907755278982137,1.0
8900,multidose,1,1,6.907755278982137,1.0
8901,multihormonal,1,1,6.907755278982137,1.0
8902,multilevel,1,1,6.907755278982137,1.0
8903,multimers,1,1,6.907755278982137,1.0
8904,multimodal,1,1,6.907755278982137,1.0
8905,multireceptor,1,1,6.907755278982137,1.0
8906,multisystem,1,1,6.907755278982137,1.0
8907,multitarget,1,1,6.907755278982137,1.0
8908,multivariate,1,1,6.907755278982137,1.0
8909,muscularis,1,1,6.907755278982137,1.0
8910,muslims,1,1,6.907755278982137,1.0
8911,mutants,1,1,6.907755278982137,1.0
8912,mutation,1,1,6.907755278982137,1.0
8913,mutual,1,1,6.907755278982137,1.0
8914,myd,1,1,6.907755278982137,1.0
8915,myelin,1,1,6.907755278982137,1.0
8916,myelination,1,1,6.907755278982137,1.0
8917,myelodysplastic,1,1,6.907755278982137,1.0
8918,myeloproliferative,1,1,6.907755278982137,1.0
8919,mykiss,1,1,6.907755278982137,1.0
8920,mylohyoid,1,1,6.907755278982137,1.0
8921,myogenic,1,1,6.907755278982137,1.0
8922,myography,1,1,6.907755278982137,1.0
8923,myriad,1,1,6.907755278982137,1.0
8924,n-acetylglucosamine,1,1,6.907755278982137,1.0
8925,n-containing,1,1,6.907755278982137,1.0
8926,n-methylated,1,1,6.907755278982137,1.0
8927,n-palmitoyl,1,1,6.907755278982137,1.0
8928,n-pga,1,1,6.907755278982137,1.0
8929,n-termini,1,1,6.907755278982137,1.0
8930,n-truncated,1,1,6.907755278982137,1.0
8931,n-type,1,1,6.907755278982137,1.0
8932,nad,1,1,6.907755278982137,1.0
8933,nadirs,1,1,6.907755278982137,1.0
8934,naloxone,1,1,6.907755278982137,1.0
8935,namgok,1,1,6.907755278982137,1.0
8936,nano,1,1,6.907755278982137,1.0
8937,nano-formulated,1,1,6.907755278982137,1.0
8938,nanoassemblies,1,1,6.907755278982137,1.0
8939,nanocapsules,1,1,6.907755278982137,1.0
8940,nanocarrier,1,1,6.907755278982137,1.0
8941,nanodevices,1,1,6.907755278982137,1.0
8942,nanomolar,1,1,6.907755278982137,1.0
8943,nanoshapes,1,1,6.907755278982137,1.0
8944,nanostructured,1,1,6.907755278982137,1.0
8945,nanostructures,1,1,6.907755278982137,1.0
8946,narrow-therapeutic,1,1,6.907755278982137,1.0
8947,nascent,1,1,6.907755278982137,1.0
8948,nausea-related,1,1,6.907755278982137,1.0
8949,ncl-h716,1,1,6.907755278982137,1.0
8950,nct,1,1,6.907755278982137,1.0
8951,ndd,1,1,6.907755278982137,1.0
8952,ndgs,1,1,6.907755278982137,1.0
8953,ndp,1,1,6.907755278982137,1.0
8954,ndp-based,1,1,6.907755278982137,1.0
8955,ndp-promoted,1,1,6.907755278982137,1.0
8956,necessarily,1,1,6.907755278982137,1.0
8957,necessitate,1,1,6.907755278982137,1.0
8958,necessitated,1,1,6.907755278982137,1.0
8959,nedd,1,1,6.907755278982137,1.0
8960,nefas,1,1,6.907755278982137,1.0
8961,negated,1,1,6.907755278982137,1.0
8962,negligible,1,1,6.907755278982137,1.0
8963,nep,1,1,6.907755278982137,1.0
8964,nephrectomy,1,1,6.907755278982137,1.0
8965,nephron,1,1,6.907755278982137,1.0
8966,nesfatin,1,1,6.907755278982137,1.0
8967,nesfatin-1-producing,1,1,6.907755278982137,1.0
8968,neuen,1,1,6.907755278982137,1.0
8969,neun-positive,1,1,6.907755278982137,1.0
8970,neuro-anatomical,1,1,6.907755278982137,1.0
8971,neuro-immuno-hormonal,1,1,6.907755278982137,1.0
8972,neuro-ophthalmology,1,1,6.907755278982137,1.0
8973,neurobehavioral,1,1,6.907755278982137,1.0
8974,neurochemical,1,1,6.907755278982137,1.0
8975,neurocircuitry,1,1,6.907755278982137,1.0
8976,neurocircuits,1,1,6.907755278982137,1.0
8977,neurodiverse,1,1,6.907755278982137,1.0
8978,neuroincretin,1,1,6.907755278982137,1.0
8979,neuroinflammatory,1,1,6.907755278982137,1.0
8980,neurologists,1,1,6.907755278982137,1.0
8981,neuromedin,1,1,6.907755278982137,1.0
8982,neurometabolic,1,1,6.907755278982137,1.0
8983,neuromodulator,1,1,6.907755278982137,1.0
8984,neuron-activity,1,1,6.907755278982137,1.0
8985,neuron-derived,1,1,6.907755278982137,1.0
8986,neuronally-produced,1,1,6.907755278982137,1.0
8987,neurones,1,1,6.907755278982137,1.0
8988,neuropathic,1,1,6.907755278982137,1.0
8989,neuropathology,1,1,6.907755278982137,1.0
8990,neuropsychiatry,1,1,6.907755278982137,1.0
8991,neurotoxic,1,1,6.907755278982137,1.0
8992,neurotoxicity,1,1,6.907755278982137,1.0
8993,neutravidin,1,1,6.907755278982137,1.0
8994,never,1,1,6.907755278982137,1.0
8995,never-fed,1,1,6.907755278982137,1.0
8996,news,1,1,6.907755278982137,1.0
8997,ni-nta,1,1,6.907755278982137,1.0
8998,nickname,1,1,6.907755278982137,1.0
8999,niddm,1,1,6.907755278982137,1.0
9000,nigricans,1,1,6.907755278982137,1.0
9001,nil,1,1,6.907755278982137,1.0
9002,ninety-seven,1,1,6.907755278982137,1.0
9003,ninth,1,1,6.907755278982137,1.0
9004,nlrp-3,1,1,6.907755278982137,1.0
9005,nma,1,1,6.907755278982137,1.0
9006,nmr-determined,1,1,6.907755278982137,1.0
9007,nn-2211,1,1,6.907755278982137,1.0
9008,no-cf,1,1,6.907755278982137,1.0
9009,no-cgmp,1,1,6.907755278982137,1.0
9010,no-diabetes,1,1,6.907755278982137,1.0
9011,no-go,1,1,6.907755278982137,1.0
9012,nociceptive,1,1,6.907755278982137,1.0
9013,nodaga-exendin,1,1,6.907755278982137,1.0
9014,node,1,1,6.907755278982137,1.0
9015,node-specific,1,1,6.907755278982137,1.0
9016,nodules,1,1,6.907755278982137,1.0
9017,non-adherence,1,1,6.907755278982137,1.0
9018,non-asians,1,1,6.907755278982137,1.0
9019,non-biased,1,1,6.907755278982137,1.0
9020,non-carriers,1,1,6.907755278982137,1.0
9021,non-digestible,1,1,6.907755278982137,1.0
9022,non-electrophilic,1,1,6.907755278982137,1.0
9023,non-fatal,1,1,6.907755278982137,1.0
9024,non-genomic,1,1,6.907755278982137,1.0
9025,non-gfap,1,1,6.907755278982137,1.0
9026,non-glp-1,1,1,6.907755278982137,1.0
9027,non-glucidic,1,1,6.907755278982137,1.0
9028,non-glycaemic,1,1,6.907755278982137,1.0
9029,non-glycemic,1,1,6.907755278982137,1.0
9030,non-human,1,1,6.907755278982137,1.0
9031,non-hypothalamic,1,1,6.907755278982137,1.0
9032,non-immunomodulatory,1,1,6.907755278982137,1.0
9033,non-incretin,1,1,6.907755278982137,1.0
9034,non-inferiority,1,1,6.907755278982137,1.0
9035,non-insulin-based,1,1,6.907755278982137,1.0
9036,non-insulin-dependent,1,1,6.907755278982137,1.0
9037,non-invasive,1,1,6.907755278982137,1.0
9038,non-ischemic,1,1,6.907755278982137,1.0
9039,non-neural,1,1,6.907755278982137,1.0
9040,non-nutrient,1,1,6.907755278982137,1.0
9041,non-oncology,1,1,6.907755278982137,1.0
9042,non-responders,1,1,6.907755278982137,1.0
9043,non-significant,1,1,6.907755278982137,1.0
9044,non-steroidal,1,1,6.907755278982137,1.0
9045,non-t1d,1,1,6.907755278982137,1.0
9046,non-t2dm,1,1,6.907755278982137,1.0
9047,non-toxic,1,1,6.907755278982137,1.0
9048,non-users,1,1,6.907755278982137,1.0
9049,non-weight-bearing,1,1,6.907755278982137,1.0
9050,noncovalent,1,1,6.907755278982137,1.0
9051,nonetheless,1,1,6.907755278982137,1.0
9052,nonfood,1,1,6.907755278982137,1.0
9053,noninferior,1,1,6.907755278982137,1.0
9054,noninferiority,1,1,6.907755278982137,1.0
9055,noninflamed,1,1,6.907755278982137,1.0
9056,nonmetabolizable,1,1,6.907755278982137,1.0
9057,nonnutritive,1,1,6.907755278982137,1.0
9058,nonoverlapping,1,1,6.907755278982137,1.0
9059,nonrandomized,1,1,6.907755278982137,1.0
9060,nonredundant,1,1,6.907755278982137,1.0
9061,nonrenal,1,1,6.907755278982137,1.0
9062,nonselective,1,1,6.907755278982137,1.0
9063,nonstandard,1,1,6.907755278982137,1.0
9064,nonsteroidal,1,1,6.907755278982137,1.0
9065,nor-labdane,1,1,6.907755278982137,1.0
9066,noradrenergic,1,1,6.907755278982137,1.0
9067,norepinephrine,1,1,6.907755278982137,1.0
9068,norlignans,1,1,6.907755278982137,1.0
9069,normalizes,1,1,6.907755278982137,1.0
9070,normally,1,1,6.907755278982137,1.0
9071,normoglycaemia,1,1,6.907755278982137,1.0
9072,normotensive,1,1,6.907755278982137,1.0
9073,normoxic,1,1,6.907755278982137,1.0
9074,nose,1,1,6.907755278982137,1.0
9075,noticing,1,1,6.907755278982137,1.0
9076,notifications,1,1,6.907755278982137,1.0
9077,notified,1,1,6.907755278982137,1.0
9078,novak,1,1,6.907755278982137,1.0
9079,npo,1,1,6.907755278982137,1.0
9080,npy,1,1,6.907755278982137,1.0
9081,npy-y2-receptor,1,1,6.907755278982137,1.0
9082,ns,1,1,6.907755278982137,1.0
9083,ntr-mediated,1,1,6.907755278982137,1.0
9084,ntrk,1,1,6.907755278982137,1.0
9085,nuance,1,1,6.907755278982137,1.0
9086,nuances,1,1,6.907755278982137,1.0
9087,nucleic,1,1,6.907755278982137,1.0
9088,nurses,1,1,6.907755278982137,1.0
9089,nutraceuticals,1,1,6.907755278982137,1.0
9090,nutrient-activated,1,1,6.907755278982137,1.0
9091,nutrient-dependent,1,1,6.907755278982137,1.0
9092,nutrient-driven,1,1,6.907755278982137,1.0
9093,nutrient-rich,1,1,6.907755278982137,1.0
9094,nutrient-sensing,1,1,6.907755278982137,1.0
9095,nutriments,1,1,6.907755278982137,1.0
9096,nutritionally,1,1,6.907755278982137,1.0
9097,nz,1,1,6.907755278982137,1.0
9098,o-glcnacylated,1,1,6.907755278982137,1.0
9099,o-linked,1,1,6.907755278982137,1.0
9100,ob-rb,1,1,6.907755278982137,1.0
9101,obes,1,1,6.907755278982137,1.0
9102,obesity-focused,1,1,6.907755278982137,1.0
9103,obesity-mediated,1,1,6.907755278982137,1.0
9104,obesogenic,1,1,6.907755278982137,1.0
9105,objects,1,1,6.907755278982137,1.0
9106,obscurus,1,1,6.907755278982137,1.0
9107,observable,1,1,6.907755278982137,1.0
9108,obstetricians,1,1,6.907755278982137,1.0
9109,obstipation,1,1,6.907755278982137,1.0
9110,obtaining,1,1,6.907755278982137,1.0
9111,occasion,1,1,6.907755278982137,1.0
9112,occasions,1,1,6.907755278982137,1.0
9113,occupied,1,1,6.907755278982137,1.0
9114,occuring,1,1,6.907755278982137,1.0
9115,october,1,1,6.907755278982137,1.0
9116,oea-mediated,1,1,6.907755278982137,1.0
9117,offending,1,1,6.907755278982137,1.0
9118,offset,1,1,6.907755278982137,1.0
9119,ogt,1,1,6.907755278982137,1.0
9120,ogtts,1,1,6.907755278982137,1.0
9121,ohdg,1,1,6.907755278982137,1.0
9122,ohdg-positive,1,1,6.907755278982137,1.0
9123,oil-treated,1,1,6.907755278982137,1.0
9124,olanzapine,1,1,6.907755278982137,1.0
9125,oleoylethanolamide,1,1,6.907755278982137,1.0
9126,oligomers,1,1,6.907755278982137,1.0
9127,oligonucleotide,1,1,6.907755278982137,1.0
9128,oligosaccharide,1,1,6.907755278982137,1.0
9129,oligosaccharides,1,1,6.907755278982137,1.0
9130,once-every-4-months,1,1,6.907755278982137,1.0
9131,oncologic,1,1,6.907755278982137,1.0
9132,oncoming,1,1,6.907755278982137,1.0
9133,oncorhynchus,1,1,6.907755278982137,1.0
9134,one-quarter,1,1,6.907755278982137,1.0
9135,one-third,1,1,6.907755278982137,1.0
9136,one-to-one,1,1,6.907755278982137,1.0
9137,onto,1,1,6.907755278982137,1.0
9138,ontology,1,1,6.907755278982137,1.0
9139,oocyte,1,1,6.907755278982137,1.0
9140,open-chest,1,1,6.907755278982137,1.0
9141,open-type,1,1,6.907755278982137,1.0
9142,opening,1,1,6.907755278982137,1.0
9143,openion,1,1,6.907755278982137,1.0
9144,operates,1,1,6.907755278982137,1.0
9145,operators,1,1,6.907755278982137,1.0
9146,ophthalmologic,1,1,6.907755278982137,1.0
9147,ophthalmological,1,1,6.907755278982137,1.0
9148,ophthalmologists,1,1,6.907755278982137,1.0
9149,ophthalmology,1,1,6.907755278982137,1.0
9150,opn,1,1,6.907755278982137,1.0
9151,opposed,1,1,6.907755278982137,1.0
9152,opposes,1,1,6.907755278982137,1.0
9153,optimally,1,1,6.907755278982137,1.0
9154,optimise,1,1,6.907755278982137,1.0
9155,optimised,1,1,6.907755278982137,1.0
9156,optimistic,1,1,6.907755278982137,1.0
9157,optimizes,1,1,6.907755278982137,1.0
9158,opting,1,1,6.907755278982137,1.0
9159,optional,1,1,6.907755278982137,1.0
9160,orchestrated,1,1,6.907755278982137,1.0
9161,orchestration,1,1,6.907755278982137,1.0
9162,ordered,1,1,6.907755278982137,1.0
9163,ordering,1,1,6.907755278982137,1.0
9164,orders,1,1,6.907755278982137,1.0
9165,orexin-1,1,1,6.907755278982137,1.0
9166,organ-damaging,1,1,6.907755278982137,1.0
9167,organ-wide,1,1,6.907755278982137,1.0
9168,organism,1,1,6.907755278982137,1.0
9169,organoid-derived,1,1,6.907755278982137,1.0
9170,organophosphate,1,1,6.907755278982137,1.0
9171,orient,1,1,6.907755278982137,1.0
9172,oriented,1,1,6.907755278982137,1.0
9173,originates,1,1,6.907755278982137,1.0
9174,orphan,1,1,6.907755278982137,1.0
9175,os-glp1r-egfp,1,1,6.907755278982137,1.0
9176,oscillospira,1,1,6.907755278982137,1.0
9177,osmolality,1,1,6.907755278982137,1.0
9178,osseous,1,1,6.907755278982137,1.0
9179,osteoarthritis,1,1,6.907755278982137,1.0
9180,osteoblasts,1,1,6.907755278982137,1.0
9181,osteoclast,1,1,6.907755278982137,1.0
9182,osteoclasts,1,1,6.907755278982137,1.0
9183,osteogenesis,1,1,6.907755278982137,1.0
9184,osteoprotective,1,1,6.907755278982137,1.0
9185,otalgia,1,1,6.907755278982137,1.0
9186,outcomes-based,1,1,6.907755278982137,1.0
9187,outlook,1,1,6.907755278982137,1.0
9188,outpatients,1,1,6.907755278982137,1.0
9189,outperform,1,1,6.907755278982137,1.0
9190,outside,1,1,6.907755278982137,1.0
9191,outspreading,1,1,6.907755278982137,1.0
9192,outward,1,1,6.907755278982137,1.0
9193,ova-enhanced,1,1,6.907755278982137,1.0
9194,ova-reduced,1,1,6.907755278982137,1.0
9195,ovalbumin,1,1,6.907755278982137,1.0
9196,ovariectomized,1,1,6.907755278982137,1.0
9197,ovariectomy,1,1,6.907755278982137,1.0
9198,ovaries,1,1,6.907755278982137,1.0
9199,over-expression,1,1,6.907755278982137,1.0
9200,overburdened,1,1,6.907755278982137,1.0
9201,overcame,1,1,6.907755278982137,1.0
9202,overcoming,1,1,6.907755278982137,1.0
9203,overlapping,1,1,6.907755278982137,1.0
9204,overlaps,1,1,6.907755278982137,1.0
9205,overload-mediated,1,1,6.907755278982137,1.0
9206,overlook,1,1,6.907755278982137,1.0
9207,overlooked,1,1,6.907755278982137,1.0
9208,overly,1,1,6.907755278982137,1.0
9209,overrepresented,1,1,6.907755278982137,1.0
9210,overstressed,1,1,6.907755278982137,1.0
9211,overviews,1,1,6.907755278982137,1.0
9212,overwhelm,1,1,6.907755278982137,1.0
9213,overwhelmed,1,1,6.907755278982137,1.0
9214,ovulatory,1,1,6.907755278982137,1.0
9215,oxidative-stress,1,1,6.907755278982137,1.0
9216,oxide-cyclic,1,1,6.907755278982137,1.0
9217,oxide-positive,1,1,6.907755278982137,1.0
9218,oxm,1,1,6.907755278982137,1.0
9219,oxoguanine,1,1,6.907755278982137,1.0
9220,oxytocin,1,1,6.907755278982137,1.0
9221,p-c-jun,1,1,6.907755278982137,1.0
9222,p-erk1,1,1,6.907755278982137,1.0
9223,p-nf,1,1,6.907755278982137,1.0
9224,p-p38,1,1,6.907755278982137,1.0
9225,p-stat3,1,1,6.907755278982137,1.0
9226,packaged,1,1,6.907755278982137,1.0
9227,paediatric,1,1,6.907755278982137,1.0
9228,pain-modulating,1,1,6.907755278982137,1.0
9229,painful,1,1,6.907755278982137,1.0
9230,pair-wise,1,1,6.907755278982137,1.0
9231,paired-pulse,1,1,6.907755278982137,1.0
9232,pairwise,1,1,6.907755278982137,1.0
9233,pakt-s473,1,1,6.907755278982137,1.0
9234,palatable,1,1,6.907755278982137,1.0
9235,palliated,1,1,6.907755278982137,1.0
9236,palpitations,1,1,6.907755278982137,1.0
9237,pam,1,1,6.907755278982137,1.0
9238,pamps,1,1,6.907755278982137,1.0
9239,pan-binders,1,1,6.907755278982137,1.0
9240,pan-interaction,1,1,6.907755278982137,1.0
9241,pancreas-specific,1,1,6.907755278982137,1.0
9242,pancreatic-derived,1,1,6.907755278982137,1.0
9243,panniculitis,1,1,6.907755278982137,1.0
9244,panvascular,1,1,6.907755278982137,1.0
9245,papillae,1,1,6.907755278982137,1.0
9246,papilledema,1,1,6.907755278982137,1.0
9247,paraclinical,1,1,6.907755278982137,1.0
9248,parafollicular,1,1,6.907755278982137,1.0
9249,paralleled,1,1,6.907755278982137,1.0
9250,parental,1,1,6.907755278982137,1.0
9251,parietal,1,1,6.907755278982137,1.0
9252,parity,1,1,6.907755278982137,1.0
9253,parkin,1,1,6.907755278982137,1.0
9254,parkinsonism,1,1,6.907755278982137,1.0
9255,parosmia,1,1,6.907755278982137,1.0
9256,parse,1,1,6.907755278982137,1.0
9257,parthenolide,1,1,6.907755278982137,1.0
9258,participant,1,1,6.907755278982137,1.0
9259,participates,1,1,6.907755278982137,1.0
9260,particulate,1,1,6.907755278982137,1.0
9261,partitioning,1,1,6.907755278982137,1.0
9262,partners,1,1,6.907755278982137,1.0
9263,pasi,1,1,6.907755278982137,1.0
9264,pass,1,1,6.907755278982137,1.0
9265,pastoris,1,1,6.907755278982137,1.0
9266,patency,1,1,6.907755278982137,1.0
9267,pathobiological,1,1,6.907755278982137,1.0
9268,pathogen,1,1,6.907755278982137,1.0
9269,pathogen-associated,1,1,6.907755278982137,1.0
9270,pathognomic,1,1,6.907755278982137,1.0
9271,pathologically,1,1,6.907755278982137,1.0
9272,patient-centred,1,1,6.907755278982137,1.0
9273,patient-friendly,1,1,6.907755278982137,1.0
9274,patients-a,1,1,6.907755278982137,1.0
9275,patulous,1,1,6.907755278982137,1.0
9276,paucity,1,1,6.907755278982137,1.0
9277,pave,1,1,6.907755278982137,1.0
9278,paving,1,1,6.907755278982137,1.0
9279,pax,1,1,6.907755278982137,1.0
9280,paying,1,1,6.907755278982137,1.0
9281,pb,1,1,6.907755278982137,1.0
9282,pba,1,1,6.907755278982137,1.0
9283,pbbm,1,1,6.907755278982137,1.0
9284,pcos-related,1,1,6.907755278982137,1.0
9285,pcp,1,1,6.907755278982137,1.0
9286,pd-l1,1,1,6.907755278982137,1.0
9287,pdd,1,1,6.907755278982137,1.0
9288,pdx,1,1,6.907755278982137,1.0
9289,peaked,1,1,6.907755278982137,1.0
9290,pediatrician,1,1,6.907755278982137,1.0
9291,peg,1,1,6.907755278982137,1.0
9292,pegylation,1,1,6.907755278982137,1.0
9293,pelvic,1,1,6.907755278982137,1.0
9294,pemphigoid,1,1,6.907755278982137,1.0
9295,penetrants,1,1,6.907755278982137,1.0
9296,penetratin-glp-1fusion,1,1,6.907755278982137,1.0
9297,penile,1,1,6.907755278982137,1.0
9298,pentapeptides,1,1,6.907755278982137,1.0
9299,pentaphylla,1,1,6.907755278982137,1.0
9300,pepck,1,1,6.907755278982137,1.0
9301,pepsin,1,1,6.907755278982137,1.0
9302,peptide-1-based,1,1,6.907755278982137,1.0
9303,peptide-1-immunoreactivity,1,1,6.907755278982137,1.0
9304,peptide-1-receptor,1,1,6.907755278982137,1.0
9305,peptide-1-related,1,1,6.907755278982137,1.0
9306,peptide-29,1,1,6.907755278982137,1.0
9307,peptide-5,1,1,6.907755278982137,1.0
9308,peptide-elp,1,1,6.907755278982137,1.0
9309,peptide-expressing,1,1,6.907755278982137,1.0
9310,peptide-hormones,1,1,6.907755278982137,1.0
9311,peptide-protein,1,1,6.907755278982137,1.0
9312,peptide-secreting,1,1,6.907755278982137,1.0
9313,peptide-yy,1,1,6.907755278982137,1.0
9314,peptidomics,1,1,6.907755278982137,1.0
9315,perconditioning,1,1,6.907755278982137,1.0
9316,perfluorinated,1,1,6.907755278982137,1.0
9317,perform,1,1,6.907755278982137,1.0
9318,performances,1,1,6.907755278982137,1.0
9319,performing,1,1,6.907755278982137,1.0
9320,periconception,1,1,6.907755278982137,1.0
9321,pericyte,1,1,6.907755278982137,1.0
9322,pericytes,1,1,6.907755278982137,1.0
9323,perifusion,1,1,6.907755278982137,1.0
9324,perifusions,1,1,6.907755278982137,1.0
9325,perikaryonal,1,1,6.907755278982137,1.0
9326,perilous,1,1,6.907755278982137,1.0
9327,perinatal,1,1,6.907755278982137,1.0
9328,perineal,1,1,6.907755278982137,1.0
9329,periodically,1,1,6.907755278982137,1.0
9330,periorbital,1,1,6.907755278982137,1.0
9331,periportal,1,1,6.907755278982137,1.0
9332,perirenal,1,1,6.907755278982137,1.0
9333,peristalsis,1,1,6.907755278982137,1.0
9334,perisurgically,1,1,6.907755278982137,1.0
9335,peritoneal,1,1,6.907755278982137,1.0
9336,perivenous,1,1,6.907755278982137,1.0
9337,permeable,1,1,6.907755278982137,1.0
9338,permeation,1,1,6.907755278982137,1.0
9339,permits,1,1,6.907755278982137,1.0
9340,peroxide-induced,1,1,6.907755278982137,1.0
9341,perpetuate,1,1,6.907755278982137,1.0
9342,persists,1,1,6.907755278982137,1.0
9343,person,1,1,6.907755278982137,1.0
9344,person-centered,1,1,6.907755278982137,1.0
9345,personalised,1,1,6.907755278982137,1.0
9346,personally,1,1,6.907755278982137,1.0
9347,persuade,1,1,6.907755278982137,1.0
9348,persuasive,1,1,6.907755278982137,1.0
9349,pertain,1,1,6.907755278982137,1.0
9350,pertained,1,1,6.907755278982137,1.0
9351,pertains,1,1,6.907755278982137,1.0
9352,perturbation,1,1,6.907755278982137,1.0
9353,pesticides,1,1,6.907755278982137,1.0
9354,phage,1,1,6.907755278982137,1.0
9355,pharmacoepidemiologic,1,1,6.907755278982137,1.0
9356,pharmacogenetics,1,1,6.907755278982137,1.0
9357,pharmacophore,1,1,6.907755278982137,1.0
9358,pharmacotherapeutics,1,1,6.907755278982137,1.0
9359,pharmacy,1,1,6.907755278982137,1.0
9360,phasic,1,1,6.907755278982137,1.0
9361,phe-62,1,1,6.907755278982137,1.0
9362,phe-88,1,1,6.907755278982137,1.0
9363,phenolic,1,1,6.907755278982137,1.0
9364,phenotype-based,1,1,6.907755278982137,1.0
9365,phenotype-specific,1,1,6.907755278982137,1.0
9366,phenotypic,1,1,6.907755278982137,1.0
9367,phentolamine,1,1,6.907755278982137,1.0
9368,phenylephrine,1,1,6.907755278982137,1.0
9369,phenylephrine-induced,1,1,6.907755278982137,1.0
9370,phloridzin,1,1,6.907755278982137,1.0
9371,phosphatase,1,1,6.907755278982137,1.0
9372,phosphate,1,1,6.907755278982137,1.0
9373,phosphatidylcholine,1,1,6.907755278982137,1.0
9374,phosphatidylinositol,1,1,6.907755278982137,1.0
9375,phosphatidylinositol-3,1,1,6.907755278982137,1.0
9376,phospho-ikk,1,1,6.907755278982137,1.0
9377,phospho-jak2,1,1,6.907755278982137,1.0
9378,phospho-nf,1,1,6.907755278982137,1.0
9379,phospho-stat3,1,1,6.907755278982137,1.0
9380,phosphoinositide,1,1,6.907755278982137,1.0
9381,phosphoinositide-3-kinase,1,1,6.907755278982137,1.0
9382,phospholipid,1,1,6.907755278982137,1.0
9383,phosphorylate,1,1,6.907755278982137,1.0
9384,phosphorylation-dependent,1,1,6.907755278982137,1.0
9385,phosphorylation-independent,1,1,6.907755278982137,1.0
9386,physicochemical,1,1,6.907755278982137,1.0
9387,physiologic-dose,1,1,6.907755278982137,1.0
9388,physiology-informed,1,1,6.907755278982137,1.0
9389,phytochemical,1,1,6.907755278982137,1.0
9390,phytochemicals,1,1,6.907755278982137,1.0
9391,pichia,1,1,6.907755278982137,1.0
9392,picomolar,1,1,6.907755278982137,1.0
9393,picos-defined,1,1,6.907755278982137,1.0
9394,piglets,1,1,6.907755278982137,1.0
9395,pills,1,1,6.907755278982137,1.0
9396,pink,1,1,6.907755278982137,1.0
9397,pinpointed,1,1,6.907755278982137,1.0
9398,pinpointing,1,1,6.907755278982137,1.0
9399,pioneer,1,1,6.907755278982137,1.0
9400,pipeline,1,1,6.907755278982137,1.0
9401,piqued,1,1,6.907755278982137,1.0
9402,pituitary-adrenocortical,1,1,6.907755278982137,1.0
9403,pka-dependent,1,1,6.907755278982137,1.0
9404,placebo-treated,1,1,6.907755278982137,1.0
9405,placed,1,1,6.907755278982137,1.0
9406,placement,1,1,6.907755278982137,1.0
9407,plagued,1,1,6.907755278982137,1.0
9408,plan,1,1,6.907755278982137,1.0
9409,planned,1,1,6.907755278982137,1.0
9410,plans,1,1,6.907755278982137,1.0
9411,plant-derived,1,1,6.907755278982137,1.0
9412,plantarum,1,1,6.907755278982137,1.0
9413,plaque-modifying,1,1,6.907755278982137,1.0
9414,plasmas,1,1,6.907755278982137,1.0
9415,plasmids,1,1,6.907755278982137,1.0
9416,plasminogen,1,1,6.907755278982137,1.0
9417,plastic,1,1,6.907755278982137,1.0
9418,played,1,1,6.907755278982137,1.0
9419,player,1,1,6.907755278982137,1.0
9420,pleiotropy,1,1,6.907755278982137,1.0
9421,pleotropic,1,1,6.907755278982137,1.0
9422,plethora,1,1,6.907755278982137,1.0
9423,plexuses,1,1,6.907755278982137,1.0
9424,pluripotent,1,1,6.907755278982137,1.0
9425,pmos,1,1,6.907755278982137,1.0
9426,pneumocytes,1,1,6.907755278982137,1.0
9427,polar,1,1,6.907755278982137,1.0
9428,polarization,1,1,6.907755278982137,1.0
9429,policies,1,1,6.907755278982137,1.0
9430,polish,1,1,6.907755278982137,1.0
9431,pollutants,1,1,6.907755278982137,1.0
9432,poly-incretin-agonist,1,1,6.907755278982137,1.0
9433,polyendocrine,1,1,6.907755278982137,1.0
9434,polymerase,1,1,6.907755278982137,1.0
9435,polymerisation,1,1,6.907755278982137,1.0
9436,polymerization,1,1,6.907755278982137,1.0
9437,polymers,1,1,6.907755278982137,1.0
9438,polymorbidity,1,1,6.907755278982137,1.0
9439,polymorphisms,1,1,6.907755278982137,1.0
9440,polyols,1,1,6.907755278982137,1.0
9441,polypeptide-gip,1,1,6.907755278982137,1.0
9442,polypharmacy,1,1,6.907755278982137,1.0
9443,polysaccharide,1,1,6.907755278982137,1.0
9444,polysaccharides,1,1,6.907755278982137,1.0
9445,polysomnograms,1,1,6.907755278982137,1.0
9446,pons,1,1,6.907755278982137,1.0
9447,pools,1,1,6.907755278982137,1.0
9448,populace,1,1,6.907755278982137,1.0
9449,porous,1,1,6.907755278982137,1.0
9450,porta,1,1,6.907755278982137,1.0
9451,portalvenous,1,1,6.907755278982137,1.0
9452,portosystemic,1,1,6.907755278982137,1.0
9453,portrayal,1,1,6.907755278982137,1.0
9454,posing,1,1,6.907755278982137,1.0
9455,posit,1,1,6.907755278982137,1.0
9456,positional,1,1,6.907755278982137,1.0
9457,possibilities,1,1,6.907755278982137,1.0
9458,post-bariatric,1,1,6.907755278982137,1.0
9459,post-discontinuation,1,1,6.907755278982137,1.0
9460,post-endocytic,1,1,6.907755278982137,1.0
9461,post-gastrectomy,1,1,6.907755278982137,1.0
9462,post-hoc,1,1,6.907755278982137,1.0
9463,post-hospitalization,1,1,6.907755278982137,1.0
9464,post-infarct,1,1,6.907755278982137,1.0
9465,post-meal,1,1,6.907755278982137,1.0
9466,post-myocardial,1,1,6.907755278982137,1.0
9467,post-secretory,1,1,6.907755278982137,1.0
9468,post-surgery,1,1,6.907755278982137,1.0
9469,post-surgical,1,1,6.907755278982137,1.0
9470,post-test,1,1,6.907755278982137,1.0
9471,post-transcriptional,1,1,6.907755278982137,1.0
9472,postabsorptive,1,1,6.907755278982137,1.0
9473,postmeal,1,1,6.907755278982137,1.0
9474,postmenstrual,1,1,6.907755278982137,1.0
9475,postmortem,1,1,6.907755278982137,1.0
9476,potassium,1,1,6.907755278982137,1.0
9477,potassium-induced,1,1,6.907755278982137,1.0
9478,potential-evoked,1,1,6.907755278982137,1.0
9479,potentiating,1,1,6.907755278982137,1.0
9480,pp,1,1,6.907755278982137,1.0
9481,pparg,1,1,6.907755278982137,1.0
9482,practicing,1,1,6.907755278982137,1.0
9483,prader-willi,1,1,6.907755278982137,1.0
9484,pre-approval,1,1,6.907755278982137,1.0
9485,pre-defined,1,1,6.907755278982137,1.0
9486,pre-endoscopic,1,1,6.907755278982137,1.0
9487,pre-glp-1,1,1,6.907755278982137,1.0
9488,pre-menopausal,1,1,6.907755278982137,1.0
9489,pre-obesity,1,1,6.907755278982137,1.0
9490,pre-ogtt,1,1,6.907755278982137,1.0
9491,pre-print,1,1,6.907755278982137,1.0
9492,precautions,1,1,6.907755278982137,1.0
9493,preceding,1,1,6.907755278982137,1.0
9494,precipitated,1,1,6.907755278982137,1.0
9495,precipitating,1,1,6.907755278982137,1.0
9496,precisely,1,1,6.907755278982137,1.0
9497,precursors,1,1,6.907755278982137,1.0
9498,prediabetic,1,1,6.907755278982137,1.0
9499,predictable,1,1,6.907755278982137,1.0
9500,prediction,1,1,6.907755278982137,1.0
9501,predictors,1,1,6.907755278982137,1.0
9502,predispose,1,1,6.907755278982137,1.0
9503,predisposes,1,1,6.907755278982137,1.0
9504,predominates,1,1,6.907755278982137,1.0
9505,preexisting,1,1,6.907755278982137,1.0
9506,prefer,1,1,6.907755278982137,1.0
9507,preferences,1,1,6.907755278982137,1.0
9508,preglucagonergic,1,1,6.907755278982137,1.0
9509,pregnancy-related,1,1,6.907755278982137,1.0
9510,pregnane-type,1,1,6.907755278982137,1.0
9511,pregnanes,1,1,6.907755278982137,1.0
9512,pregnenolone-3-o-gentiobioside,1,1,6.907755278982137,1.0
9513,preincubation,1,1,6.907755278982137,1.0
9514,preoptic,1,1,6.907755278982137,1.0
9515,prepare,1,1,6.907755278982137,1.0
9516,prepro-cck,1,1,6.907755278982137,1.0
9517,prepro-pyy,1,1,6.907755278982137,1.0
9518,prerequisite,1,1,6.907755278982137,1.0
9519,prescribe,1,1,6.907755278982137,1.0
9520,prescription-record,1,1,6.907755278982137,1.0
9521,presenilin,1,1,6.907755278982137,1.0
9522,presentations,1,1,6.907755278982137,1.0
9523,preserves,1,1,6.907755278982137,1.0
9524,prespecified,1,1,6.907755278982137,1.0
9525,pressure-lowering,1,1,6.907755278982137,1.0
9526,pressures,1,1,6.907755278982137,1.0
9527,prestigious,1,1,6.907755278982137,1.0
9528,presumed,1,1,6.907755278982137,1.0
9529,presyncope,1,1,6.907755278982137,1.0
9530,pretectal,1,1,6.907755278982137,1.0
9531,pretreated,1,1,6.907755278982137,1.0
9532,pretreating,1,1,6.907755278982137,1.0
9533,prevailing,1,1,6.907755278982137,1.0
9534,preventable,1,1,6.907755278982137,1.0
9535,previewed,1,1,6.907755278982137,1.0
9536,previews,1,1,6.907755278982137,1.0
9537,prevotella,1,1,6.907755278982137,1.0
9538,primacy,1,1,6.907755278982137,1.0
9539,primate,1,1,6.907755278982137,1.0
9540,primed,1,1,6.907755278982137,1.0
9541,priorities,1,1,6.907755278982137,1.0
9542,prioritising,1,1,6.907755278982137,1.0
9543,prioritization,1,1,6.907755278982137,1.0
9544,prioritize,1,1,6.907755278982137,1.0
9545,prioritized,1,1,6.907755278982137,1.0
9546,prisma-scr,1,1,6.907755278982137,1.0
9547,private,1,1,6.907755278982137,1.0
9548,privilege,1,1,6.907755278982137,1.0
9549,privileged,1,1,6.907755278982137,1.0
9550,pro-apoptotic,1,1,6.907755278982137,1.0
9551,pro-cognitive,1,1,6.907755278982137,1.0
9552,pro-fibrotic,1,1,6.907755278982137,1.0
9553,pro-insulin,1,1,6.907755278982137,1.0
9554,pro-opiomelanocortin,1,1,6.907755278982137,1.0
9555,pro-survival,1,1,6.907755278982137,1.0
9556,proactive,1,1,6.907755278982137,1.0
9557,proapoptotic,1,1,6.907755278982137,1.0
9558,probability,1,1,6.907755278982137,1.0
9559,probe-dependence,1,1,6.907755278982137,1.0
9560,probe-dependent,1,1,6.907755278982137,1.0
9561,probiotic-mediated,1,1,6.907755278982137,1.0
9562,probiotics,1,1,6.907755278982137,1.0
9563,procaspase-3,1,1,6.907755278982137,1.0
9564,procedure-related,1,1,6.907755278982137,1.0
9565,proceed,1,1,6.907755278982137,1.0
9566,proconvertase,1,1,6.907755278982137,1.0
9567,procyanidin-rich,1,1,6.907755278982137,1.0
9568,produces,1,1,6.907755278982137,1.0
9569,productive,1,1,6.907755278982137,1.0
9570,professional,1,1,6.907755278982137,1.0
9571,profoundly,1,1,6.907755278982137,1.0
9572,progesterone,1,1,6.907755278982137,1.0
9573,proglucagon-expressing,1,1,6.907755278982137,1.0
9574,progressed,1,1,6.907755278982137,1.0
9575,progressing,1,1,6.907755278982137,1.0
9576,progressively,1,1,6.907755278982137,1.0
9577,projected,1,1,6.907755278982137,1.0
9578,projecting,1,1,6.907755278982137,1.0
9579,projects,1,1,6.907755278982137,1.0
9580,prokaryotic,1,1,6.907755278982137,1.0
9581,prokinetic,1,1,6.907755278982137,1.0
9582,prolactin-releasing,1,1,6.907755278982137,1.0
9583,prolongs,1,1,6.907755278982137,1.0
9584,prom,1,1,6.907755278982137,1.0
9585,prominence,1,1,6.907755278982137,1.0
9586,promotive,1,1,6.907755278982137,1.0
9587,prompt,1,1,6.907755278982137,1.0
9588,proof-of-concept,1,1,6.907755278982137,1.0
9589,proopiomelanocortin,1,1,6.907755278982137,1.0
9590,prophylactic,1,1,6.907755278982137,1.0
9591,prophylaxes,1,1,6.907755278982137,1.0
9592,proposing,1,1,6.907755278982137,1.0
9593,proprietary,1,1,6.907755278982137,1.0
9594,prosenescent,1,1,6.907755278982137,1.0
9595,prospect,1,1,6.907755278982137,1.0
9596,prospectively,1,1,6.907755278982137,1.0
9597,prospero,1,1,6.907755278982137,1.0
9598,prostaglandins,1,1,6.907755278982137,1.0
9599,prostate-specific,1,1,6.907755278982137,1.0
9600,prosthetic,1,1,6.907755278982137,1.0
9601,protease-resistant,1,1,6.907755278982137,1.0
9602,proteases,1,1,6.907755278982137,1.0
9603,proteasome-mediated,1,1,6.907755278982137,1.0
9604,protectionist,1,1,6.907755278982137,1.0
9605,protein-based,1,1,6.907755278982137,1.0
9606,protein-biased,1,1,6.907755278982137,1.0
9607,protein-enriched,1,1,6.907755278982137,1.0
9608,proteome,1,1,6.907755278982137,1.0
9609,proteosome,1,1,6.907755278982137,1.0
9610,protocol-driven,1,1,6.907755278982137,1.0
9611,proton,1,1,6.907755278982137,1.0
9612,protract,1,1,6.907755278982137,1.0
9613,provoke,1,1,6.907755278982137,1.0
9614,provoked,1,1,6.907755278982137,1.0
9615,provokes,1,1,6.907755278982137,1.0
9616,proximities,1,1,6.907755278982137,1.0
9617,proximity,1,1,6.907755278982137,1.0
9618,prrp,1,1,6.907755278982137,1.0
9619,prrs,1,1,6.907755278982137,1.0
9620,prudent,1,1,6.907755278982137,1.0
9621,pruritus,1,1,6.907755278982137,1.0
9622,psoriatic,1,1,6.907755278982137,1.0
9623,psychinfo,1,1,6.907755278982137,1.0
9624,psychology,1,1,6.907755278982137,1.0
9625,psychopathological,1,1,6.907755278982137,1.0
9626,psychopathology,1,1,6.907755278982137,1.0
9627,psychopharmacological,1,1,6.907755278982137,1.0
9628,psycinfo,1,1,6.907755278982137,1.0
9629,ptau,1,1,6.907755278982137,1.0
9630,ptd,1,1,6.907755278982137,1.0
9631,puberty,1,1,6.907755278982137,1.0
9632,publication,1,1,6.907755278982137,1.0
9633,puk,1,1,6.907755278982137,1.0
9634,pull-down,1,1,6.907755278982137,1.0
9635,pump,1,1,6.907755278982137,1.0
9636,pumping,1,1,6.907755278982137,1.0
9637,pumps,1,1,6.907755278982137,1.0
9638,purely,1,1,6.907755278982137,1.0
9639,purkinje,1,1,6.907755278982137,1.0
9640,pursue,1,1,6.907755278982137,1.0
9641,putatively,1,1,6.907755278982137,1.0
9642,puts,1,1,6.907755278982137,1.0
9643,putting,1,1,6.907755278982137,1.0
9644,pyloric,1,1,6.907755278982137,1.0
9645,pylorus-ligated,1,1,6.907755278982137,1.0
9646,pyrimidines,1,1,6.907755278982137,1.0
9647,pyroptosis-related,1,1,6.907755278982137,1.0
9648,pyy-dependent,1,1,6.907755278982137,1.0
9649,qd,1,1,6.907755278982137,1.0
9650,qrt-pcr,1,1,6.907755278982137,1.0
9651,qsar,1,1,6.907755278982137,1.0
9652,qualities,1,1,6.907755278982137,1.0
9653,quantities,1,1,6.907755278982137,1.0
9654,queried,1,1,6.907755278982137,1.0
9655,query,1,1,6.907755278982137,1.0
9656,quick,1,1,6.907755278982137,1.0
9657,quickly,1,1,6.907755278982137,1.0
9658,quiescence,1,1,6.907755278982137,1.0
9659,r-dependent,1,1,6.907755278982137,1.0
9660,r-ires-cre,1,1,6.907755278982137,1.0
9661,r-specific,1,1,6.907755278982137,1.0
9662,ra-based,1,1,6.907755278982137,1.0
9663,ra-treated,1,1,6.907755278982137,1.0
9664,raas,1,1,6.907755278982137,1.0
9665,rab,1,1,6.907755278982137,1.0
9666,rabbit,1,1,6.907755278982137,1.0
9667,race,1,1,6.907755278982137,1.0
9668,radicals,1,1,6.907755278982137,1.0
9669,radiolabeling,1,1,6.907755278982137,1.0
9670,radiological,1,1,6.907755278982137,1.0
9671,radiologists,1,1,6.907755278982137,1.0
9672,radioscintigraphy,1,1,6.907755278982137,1.0
9673,radiotheranostics,1,1,6.907755278982137,1.0
9674,radiotherapeutic,1,1,6.907755278982137,1.0
9675,radiotherapy,1,1,6.907755278982137,1.0
9676,rainbow,1,1,6.907755278982137,1.0
9677,ramifications,1,1,6.907755278982137,1.0
9678,rana,1,1,6.907755278982137,1.0
9679,random-effects,1,1,6.907755278982137,1.0
9680,ranked,1,1,6.907755278982137,1.0
9681,rapamycin-insensitive,1,1,6.907755278982137,1.0
9682,raphe,1,1,6.907755278982137,1.0
9683,rash,1,1,6.907755278982137,1.0
9684,rasrole,1,1,6.907755278982137,1.0
9685,rate-limiting,1,1,6.907755278982137,1.0
9686,rationally,1,1,6.907755278982137,1.0
9687,raw,1,1,6.907755278982137,1.0
9688,rd,1,1,6.907755278982137,1.0
9689,re-analysis,1,1,6.907755278982137,1.0
9690,re-direct,1,1,6.907755278982137,1.0
9691,re-elevation,1,1,6.907755278982137,1.0
9692,re-emerge,1,1,6.907755278982137,1.0
9693,re-purposed,1,1,6.907755278982137,1.0
9694,re-purposing,1,1,6.907755278982137,1.0
9695,reacts,1,1,6.907755278982137,1.0
9696,reading,1,1,6.907755278982137,1.0
9697,readings,1,1,6.907755278982137,1.0
9698,realize,1,1,6.907755278982137,1.0
9699,realm,1,1,6.907755278982137,1.0
9700,reasonable,1,1,6.907755278982137,1.0
9701,reassess,1,1,6.907755278982137,1.0
9702,reassurance,1,1,6.907755278982137,1.0
9703,rebaudiana,1,1,6.907755278982137,1.0
9704,rebound,1,1,6.907755278982137,1.0
9705,recapitulate,1,1,6.907755278982137,1.0
9706,recapitulated,1,1,6.907755278982137,1.0
9707,receives,1,1,6.907755278982137,1.0
9708,receptor-93,1,1,6.907755278982137,1.0
9709,receptor-binding,1,1,6.907755278982137,1.0
9710,receptor-deficient,1,1,6.907755278982137,1.0
9711,receptor-gamma,1,1,6.907755278982137,1.0
9712,receptor-independent,1,1,6.907755278982137,1.0
9713,receptor-null,1,1,6.907755278982137,1.0
9714,receptor-targeting,1,1,6.907755278982137,1.0
9715,recesses,1,1,6.907755278982137,1.0
9716,recessive,1,1,6.907755278982137,1.0
9717,recognize,1,1,6.907755278982137,1.0
9718,recombinase-mediated,1,1,6.907755278982137,1.0
9719,reconcile,1,1,6.907755278982137,1.0
9720,reconciliation,1,1,6.907755278982137,1.0
9721,reconciling,1,1,6.907755278982137,1.0
9722,reconstituted,1,1,6.907755278982137,1.0
9723,reconstitution,1,1,6.907755278982137,1.0
9724,reconstructive,1,1,6.907755278982137,1.0
9725,reconstructs,1,1,6.907755278982137,1.0
9726,recording,1,1,6.907755278982137,1.0
9727,recordings,1,1,6.907755278982137,1.0
9728,recount,1,1,6.907755278982137,1.0
9729,recover,1,1,6.907755278982137,1.0
9730,rectal,1,1,6.907755278982137,1.0
9731,rectifying,1,1,6.907755278982137,1.0
9732,recur,1,1,6.907755278982137,1.0
9733,recurring,1,1,6.907755278982137,1.0
9734,redistribution,1,1,6.907755278982137,1.0
9735,redressing,1,1,6.907755278982137,1.0
9736,reduced-calorie,1,1,6.907755278982137,1.0
9737,reevaluated,1,1,6.907755278982137,1.0
9738,refers,1,1,6.907755278982137,1.0
9739,reflection,1,1,6.907755278982137,1.0
9740,refolding,1,1,6.907755278982137,1.0
9741,refrigerated,1,1,6.907755278982137,1.0
9742,regained,1,1,6.907755278982137,1.0
9743,regards,1,1,6.907755278982137,1.0
9744,regeneration,1,1,6.907755278982137,1.0
9745,region-dependent,1,1,6.907755278982137,1.0
9746,register-based,1,1,6.907755278982137,1.0
9747,registry,1,1,6.907755278982137,1.0
9748,regressing,1,1,6.907755278982137,1.0
9749,regrowth,1,1,6.907755278982137,1.0
9750,regulatory-approved,1,1,6.907755278982137,1.0
9751,reimbursement,1,1,6.907755278982137,1.0
9752,reinforce,1,1,6.907755278982137,1.0
9753,reinforcement,1,1,6.907755278982137,1.0
9754,reinitiating,1,1,6.907755278982137,1.0
9755,reinitiation,1,1,6.907755278982137,1.0
9756,reinstating,1,1,6.907755278982137,1.0
9757,reintroducing,1,1,6.907755278982137,1.0
9758,reintroduction,1,1,6.907755278982137,1.0
9759,rejection,1,1,6.907755278982137,1.0
9760,relate,1,1,6.907755278982137,1.0
9761,relates,1,1,6.907755278982137,1.0
9762,releasable,1,1,6.907755278982137,1.0
9763,releases,1,1,6.907755278982137,1.0
9764,reliability,1,1,6.907755278982137,1.0
9765,reliance,1,1,6.907755278982137,1.0
9766,relied,1,1,6.907755278982137,1.0
9767,relies,1,1,6.907755278982137,1.0
9768,relieve,1,1,6.907755278982137,1.0
9769,religious,1,1,6.907755278982137,1.0
9770,relocating,1,1,6.907755278982137,1.0
9771,rely,1,1,6.907755278982137,1.0
9772,relying,1,1,6.907755278982137,1.0
9773,remap,1,1,6.907755278982137,1.0
9774,reminiscent,1,1,6.907755278982137,1.0
9775,removed,1,1,6.907755278982137,1.0
9776,removing,1,1,6.907755278982137,1.0
9777,renal-cardiac,1,1,6.907755278982137,1.0
9778,renaturation,1,1,6.907755278982137,1.0
9779,rendered,1,1,6.907755278982137,1.0
9780,rendering,1,1,6.907755278982137,1.0
9781,renin,1,1,6.907755278982137,1.0
9782,renoprotection,1,1,6.907755278982137,1.0
9783,renowned,1,1,6.907755278982137,1.0
9784,reordering,1,1,6.907755278982137,1.0
9785,reperfuse,1,1,6.907755278982137,1.0
9786,repetitive,1,1,6.907755278982137,1.0
9787,replacing,1,1,6.907755278982137,1.0
9788,replenishment,1,1,6.907755278982137,1.0
9789,replication,1,1,6.907755278982137,1.0
9790,repressive,1,1,6.907755278982137,1.0
9791,reproduced,1,1,6.907755278982137,1.0
9792,reproducibility,1,1,6.907755278982137,1.0
9793,reproducibly,1,1,6.907755278982137,1.0
9794,reproduction,1,1,6.907755278982137,1.0
9795,reproductive-age,1,1,6.907755278982137,1.0
9796,reprogram,1,1,6.907755278982137,1.0
9797,repurpose,1,1,6.907755278982137,1.0
9798,reputation,1,1,6.907755278982137,1.0
9799,rer,1,1,6.907755278982137,1.0
9800,rescuing,1,1,6.907755278982137,1.0
9801,researched,1,1,6.907755278982137,1.0
9802,resembles,1,1,6.907755278982137,1.0
9803,reserpine,1,1,6.907755278982137,1.0
9804,reserve,1,1,6.907755278982137,1.0
9805,reserves,1,1,6.907755278982137,1.0
9806,reset,1,1,6.907755278982137,1.0
9807,reshaping,1,1,6.907755278982137,1.0
9808,residue-residue,1,1,6.907755278982137,1.0
9809,resilience,1,1,6.907755278982137,1.0
9810,resilient,1,1,6.907755278982137,1.0
9811,resin,1,1,6.907755278982137,1.0
9812,resistin,1,1,6.907755278982137,1.0
9813,resisting,1,1,6.907755278982137,1.0
9814,resolving,1,1,6.907755278982137,1.0
9815,resource,1,1,6.907755278982137,1.0
9816,resourced,1,1,6.907755278982137,1.0
9817,restarted,1,1,6.907755278982137,1.0
9818,resting,1,1,6.907755278982137,1.0
9819,restorative,1,1,6.907755278982137,1.0
9820,restrains,1,1,6.907755278982137,1.0
9821,restricting,1,1,6.907755278982137,1.0
9822,resultsa,1,1,6.907755278982137,1.0
9823,retain,1,1,6.907755278982137,1.0
9824,retaining,1,1,6.907755278982137,1.0
9825,retains,1,1,6.907755278982137,1.0
9826,retinol-binding,1,1,6.907755278982137,1.0
9827,retrieve,1,1,6.907755278982137,1.0
9828,returned,1,1,6.907755278982137,1.0
9829,reuptake,1,1,6.907755278982137,1.0
9830,rev,1,1,6.907755278982137,1.0
9831,revascularization,1,1,6.907755278982137,1.0
9832,reverse-phase,1,1,6.907755278982137,1.0
9833,reversed-phase,1,1,6.907755278982137,1.0
9834,reverses,1,1,6.907755278982137,1.0
9835,revert,1,1,6.907755278982137,1.0
9836,reviewmanger,1,1,6.907755278982137,1.0
9837,revisiting,1,1,6.907755278982137,1.0
9838,revisits,1,1,6.907755278982137,1.0
9839,revolutionary,1,1,6.907755278982137,1.0
9840,rewind,1,1,6.907755278982137,1.0
9841,rg,1,1,6.907755278982137,1.0
9842,rgc,1,1,6.907755278982137,1.0
9843,rgc-5,1,1,6.907755278982137,1.0
9844,rhein,1,1,6.907755278982137,1.0
9845,rhesus,1,1,6.907755278982137,1.0
9846,rheumatic,1,1,6.907755278982137,1.0
9847,rhythmic,1,1,6.907755278982137,1.0
9848,rias,1,1,6.907755278982137,1.0
9849,riddled,1,1,6.907755278982137,1.0
9850,rigid,1,1,6.907755278982137,1.0
9851,rigidity,1,1,6.907755278982137,1.0
9852,rigorously,1,1,6.907755278982137,1.0
9853,ring,1,1,6.907755278982137,1.0
9854,rings,1,1,6.907755278982137,1.0
9855,ripre-induced,1,1,6.907755278982137,1.0
9856,rises,1,1,6.907755278982137,1.0
9857,risk-reducing,1,1,6.907755278982137,1.0
9858,risk-reduction,1,1,6.907755278982137,1.0
9859,rivaling,1,1,6.907755278982137,1.0
9860,rna-sequencing,1,1,6.907755278982137,1.0
9861,rnas,1,1,6.907755278982137,1.0
9862,rnascope,1,1,6.907755278982137,1.0
9863,roadmap,1,1,6.907755278982137,1.0
9864,robins-e,1,1,6.907755278982137,1.0
9865,robustly,1,1,6.907755278982137,1.0
9866,robustness,1,1,6.907755278982137,1.0
9867,rolling,1,1,6.907755278982137,1.0
9868,room,1,1,6.907755278982137,1.0
9869,rostral,1,1,6.907755278982137,1.0
9870,rotenone,1,1,6.907755278982137,1.0
9871,rough,1,1,6.907755278982137,1.0
9872,roughly,1,1,6.907755278982137,1.0
9873,rounds,1,1,6.907755278982137,1.0
9874,roundtable,1,1,6.907755278982137,1.0
9875,routines,1,1,6.907755278982137,1.0
9876,rrna,1,1,6.907755278982137,1.0
9877,rrs,1,1,6.907755278982137,1.0
9878,rs-fed,1,1,6.907755278982137,1.0
9879,rtta,1,1,6.907755278982137,1.0
9880,rule,1,1,6.907755278982137,1.0
9881,rules,1,1,6.907755278982137,1.0
9882,ruminant,1,1,6.907755278982137,1.0
9883,runx,1,1,6.907755278982137,1.0
9884,rutaceae,1,1,6.907755278982137,1.0
9885,rygb-induced,1,1,6.907755278982137,1.0
9886,rygb-regulated,1,1,6.907755278982137,1.0
9887,rylg,1,1,6.907755278982137,1.0
9888,s-glutathionylation,1,1,6.907755278982137,1.0
9889,saccharides,1,1,6.907755278982137,1.0
9890,saccharin,1,1,6.907755278982137,1.0
9891,sacrifice,1,1,6.907755278982137,1.0
9892,safeguarding,1,1,6.907755278982137,1.0
9893,safer,1,1,6.907755278982137,1.0
9894,salient,1,1,6.907755278982137,1.0
9895,salivary,1,1,6.907755278982137,1.0
9896,salpingectomy,1,1,6.907755278982137,1.0
9897,salt-treated,1,1,6.907755278982137,1.0
9898,sandwich,1,1,6.907755278982137,1.0
9899,sanger,1,1,6.907755278982137,1.0
9900,saponin,1,1,6.907755278982137,1.0
9901,satiety-promoting,1,1,6.907755278982137,1.0
9902,satisfaction,1,1,6.907755278982137,1.0
9903,satisfactorily,1,1,6.907755278982137,1.0
9904,satisfied,1,1,6.907755278982137,1.0
9905,saturable,1,1,6.907755278982137,1.0
9906,saturated,1,1,6.907755278982137,1.0
9907,saxagliptin,1,1,6.907755278982137,1.0
9908,sb,1,1,6.907755278982137,1.0
9909,scaffolds,1,1,6.907755278982137,1.0
9910,scale-up,1,1,6.907755278982137,1.0
9911,scales,1,1,6.907755278982137,1.0
9912,scalp,1,1,6.907755278982137,1.0
9913,scarcity,1,1,6.907755278982137,1.0
9914,scatchard,1,1,6.907755278982137,1.0
9915,scheduled,1,1,6.907755278982137,1.0
9916,schedules,1,1,6.907755278982137,1.0
9917,schiff,1,1,6.907755278982137,1.0
9918,sciencedirect,1,1,6.907755278982137,1.0
9919,scientists,1,1,6.907755278982137,1.0
9920,scintillation,1,1,6.907755278982137,1.0
9921,scios,1,1,6.907755278982137,1.0
9922,score-weighted,1,1,6.907755278982137,1.0
9923,score-weighting,1,1,6.907755278982137,1.0
9924,scored,1,1,6.907755278982137,1.0
9925,scoring,1,1,6.907755278982137,1.0
9926,scrutinized,1,1,6.907755278982137,1.0
9927,sd,1,1,6.907755278982137,1.0
9928,seahorse,1,1,6.907755278982137,1.0
9929,seaweeds,1,1,6.907755278982137,1.0
9930,second-generation,1,1,6.907755278982137,1.0
9931,second-line,1,1,6.907755278982137,1.0
9932,secretagogin,1,1,6.907755278982137,1.0
9933,secretagogs,1,1,6.907755278982137,1.0
9934,secretion-stimulating,1,1,6.907755278982137,1.0
9935,secretogogues,1,1,6.907755278982137,1.0
9936,secrets,1,1,6.907755278982137,1.0
9937,sedentary,1,1,6.907755278982137,1.0
9938,segment,1,1,6.907755278982137,1.0
9939,segmental,1,1,6.907755278982137,1.0
9940,self-control,1,1,6.907755278982137,1.0
9941,self-efficacy,1,1,6.907755278982137,1.0
9942,self-limiting,1,1,6.907755278982137,1.0
9943,self-report,1,1,6.907755278982137,1.0
9944,self-reported,1,1,6.907755278982137,1.0
9945,self-restraint,1,1,6.907755278982137,1.0
9946,sella,1,1,6.907755278982137,1.0
9947,send,1,1,6.907755278982137,1.0
9948,senescent,1,1,6.907755278982137,1.0
9949,senolytics,1,1,6.907755278982137,1.0
9950,senomorphics,1,1,6.907755278982137,1.0
9951,sensed,1,1,6.907755278982137,1.0
9952,sensitized,1,1,6.907755278982137,1.0
9953,sensor,1,1,6.907755278982137,1.0
9954,sensory-driven,1,1,6.907755278982137,1.0
9955,separable,1,1,6.907755278982137,1.0
9956,separately,1,1,6.907755278982137,1.0
9957,sepsis-induced,1,1,6.907755278982137,1.0
9958,septal,1,1,6.907755278982137,1.0
9959,septum,1,1,6.907755278982137,1.0
9960,sequelae,1,1,6.907755278982137,1.0
9961,sequenced,1,1,6.907755278982137,1.0
9962,sequestrants,1,1,6.907755278982137,1.0
9963,ser-14,1,1,6.907755278982137,1.0
9964,ser-8-glp-1,1,1,6.907755278982137,1.0
9965,serendipitous,1,1,6.907755278982137,1.0
9966,serial,1,1,6.907755278982137,1.0
9967,serines,1,1,6.907755278982137,1.0
9968,seriously,1,1,6.907755278982137,1.0
9969,serotonergic,1,1,6.907755278982137,1.0
9970,serotonin-induced,1,1,6.907755278982137,1.0
9971,served,1,1,6.907755278982137,1.0
9972,server,1,1,6.907755278982137,1.0
9973,setup-the,1,1,6.907755278982137,1.0
9974,sex-4,1,1,6.907755278982137,1.0
9975,sg-1,1,1,6.907755278982137,1.0
9976,sh-sy5y,1,1,6.907755278982137,1.0
9977,shall,1,1,6.907755278982137,1.0
9978,shaped,1,1,6.907755278982137,1.0
9979,shares,1,1,6.907755278982137,1.0
9980,sharply,1,1,6.907755278982137,1.0
9981,shear-stress,1,1,6.907755278982137,1.0
9982,sheds,1,1,6.907755278982137,1.0
9983,shelf-stable,1,1,6.907755278982137,1.0
9984,shell,1,1,6.907755278982137,1.0
9985,shells,1,1,6.907755278982137,1.0
9986,short-bowel,1,1,6.907755278982137,1.0
9987,short-duration,1,1,6.907755278982137,1.0
9988,short-lived,1,1,6.907755278982137,1.0
9989,shortens,1,1,6.907755278982137,1.0
9990,shortlisted,1,1,6.907755278982137,1.0
9991,shrinkage,1,1,6.907755278982137,1.0
9992,shunt,1,1,6.907755278982137,1.0
9993,shutdown,1,1,6.907755278982137,1.0
9994,sialic,1,1,6.907755278982137,1.0
9995,side-effect,1,1,6.907755278982137,1.0
9996,signalling-wnt,1,1,6.907755278982137,1.0
9997,signals-such,1,1,6.907755278982137,1.0
9998,signatures,1,1,6.907755278982137,1.0
9999,significancetirzepatide,1,1,6.907755278982137,1.0
10000,silent,1,1,6.907755278982137,1.0
10001,silicon,1,1,6.907755278982137,1.0
10002,silver,1,1,6.907755278982137,1.0
10003,simplicity,1,1,6.907755278982137,1.0
10004,simplify,1,1,6.907755278982137,1.0
10005,simulated,1,1,6.907755278982137,1.0
10006,simulates,1,1,6.907755278982137,1.0
10007,simvastatin,1,1,6.907755278982137,1.0
10008,single-day,1,1,6.907755278982137,1.0
10009,single-dose,1,1,6.907755278982137,1.0
10010,single-nucleotide,1,1,6.907755278982137,1.0
10011,single-substance,1,1,6.907755278982137,1.0
10012,sipsc,1,1,6.907755278982137,1.0
10013,sirna-mediated,1,1,6.907755278982137,1.0
10014,sirnas,1,1,6.907755278982137,1.0
10015,sirtuin,1,1,6.907755278982137,1.0
10016,sister,1,1,6.907755278982137,1.0
10017,site-directed,1,1,6.907755278982137,1.0
10018,sitting,1,1,6.907755278982137,1.0
10019,situ-perfused,1,1,6.907755278982137,1.0
10020,situated,1,1,6.907755278982137,1.0
10021,situation,1,1,6.907755278982137,1.0
10022,sixteen,1,1,6.907755278982137,1.0
10023,sixth,1,1,6.907755278982137,1.0
10024,sixty,1,1,6.907755278982137,1.0
10025,size-suppressive,1,1,6.907755278982137,1.0
10026,skills,1,1,6.907755278982137,1.0
10027,skin-related,1,1,6.907755278982137,1.0
10028,sle,1,1,6.907755278982137,1.0
10029,sli,1,1,6.907755278982137,1.0
10030,slice,1,1,6.907755278982137,1.0
10031,sln,1,1,6.907755278982137,1.0
10032,slope,1,1,6.907755278982137,1.0
10033,slopes,1,1,6.907755278982137,1.0
10034,slower,1,1,6.907755278982137,1.0
10035,slower-clearing,1,1,6.907755278982137,1.0
10036,small-scale,1,1,6.907755278982137,1.0
10037,smaller,1,1,6.907755278982137,1.0
10038,smallest,1,1,6.907755278982137,1.0
10039,smart,1,1,6.907755278982137,1.0
10040,smart-c,1,1,6.907755278982137,1.0
10041,smell,1,1,6.907755278982137,1.0
10042,smes,1,1,6.907755278982137,1.0
10043,smoking,1,1,6.907755278982137,1.0
10044,sn,1,1,6.907755278982137,1.0
10045,snac,1,1,6.907755278982137,1.0
10046,snakehead,1,1,6.907755278982137,1.0
10047,socio-economic,1,1,6.907755278982137,1.0
10048,socs,1,1,6.907755278982137,1.0
10049,softened,1,1,6.907755278982137,1.0
10050,sojourn,1,1,6.907755278982137,1.0
10051,solely,1,1,6.907755278982137,1.0
10052,solidify,1,1,6.907755278982137,1.0
10053,solitaries,1,1,6.907755278982137,1.0
10054,soluble-insoluble,1,1,6.907755278982137,1.0
10055,solve,1,1,6.907755278982137,1.0
10056,solvent,1,1,6.907755278982137,1.0
10057,somatostatin-14,1,1,6.907755278982137,1.0
10058,somatostatin-like,1,1,6.907755278982137,1.0
10059,somehow,1,1,6.907755278982137,1.0
10060,somewhat,1,1,6.907755278982137,1.0
10061,sons,1,1,6.907755278982137,1.0
10062,soon,1,1,6.907755278982137,1.0
10063,sophisticated,1,1,6.907755278982137,1.0
10064,sourced,1,1,6.907755278982137,1.0
10065,southeast,1,1,6.907755278982137,1.0
10066,southern,1,1,6.907755278982137,1.0
10067,spanning,1,1,6.907755278982137,1.0
10068,sparing,1,1,6.907755278982137,1.0
10069,sparked,1,1,6.907755278982137,1.0
10070,spatially,1,1,6.907755278982137,1.0
10071,specialist,1,1,6.907755278982137,1.0
10072,specialized,1,1,6.907755278982137,1.0
10073,specially,1,1,6.907755278982137,1.0
10074,specificities,1,1,6.907755278982137,1.0
10075,specimens,1,1,6.907755278982137,1.0
10076,spect,1,1,6.907755278982137,1.0
10077,spectra,1,1,6.907755278982137,1.0
10078,spectroscopies,1,1,6.907755278982137,1.0
10079,spectroscopy,1,1,6.907755278982137,1.0
10080,speculate,1,1,6.907755278982137,1.0
10081,speeds,1,1,6.907755278982137,1.0
10082,spent,1,1,6.907755278982137,1.0
10083,sperm,1,1,6.907755278982137,1.0
10084,spermatogenesis,1,1,6.907755278982137,1.0
10085,spermidine,1,1,6.907755278982137,1.0
10086,spices,1,1,6.907755278982137,1.0
10087,spikes,1,1,6.907755278982137,1.0
10088,spillover,1,1,6.907755278982137,1.0
10089,splenic,1,1,6.907755278982137,1.0
10090,splenocytes,1,1,6.907755278982137,1.0
10091,splice,1,1,6.907755278982137,1.0
10092,spotlight,1,1,6.907755278982137,1.0
10093,sprays,1,1,6.907755278982137,1.0
10094,spreading,1,1,6.907755278982137,1.0
10095,spurring,1,1,6.907755278982137,1.0
10096,src,1,1,6.907755278982137,1.0
10097,sryps,1,1,6.907755278982137,1.0
10098,sstr,1,1,6.907755278982137,1.0
10099,st-segment,1,1,6.907755278982137,1.0
10100,stabilisation,1,1,6.907755278982137,1.0
10101,stabilities,1,1,6.907755278982137,1.0
10102,stabilizer,1,1,6.907755278982137,1.0
10103,stable-peptide-based,1,1,6.907755278982137,1.0
10104,stage-targeted,1,1,6.907755278982137,1.0
10105,stain,1,1,6.907755278982137,1.0
10106,stand,1,1,6.907755278982137,1.0
10107,standards,1,1,6.907755278982137,1.0
10108,stands,1,1,6.907755278982137,1.0
10109,stat,1,1,6.907755278982137,1.0
10110,stated,1,1,6.907755278982137,1.0
10111,statement,1,1,6.907755278982137,1.0
10112,static,1,1,6.907755278982137,1.0
10113,station,1,1,6.907755278982137,1.0
10114,stations,1,1,6.907755278982137,1.0
10115,statistic,1,1,6.907755278982137,1.0
10116,statuses,1,1,6.907755278982137,1.0
10117,stay,1,1,6.907755278982137,1.0
10118,steadily,1,1,6.907755278982137,1.0
10119,steady,1,1,6.907755278982137,1.0
10120,stearic,1,1,6.907755278982137,1.0
10121,stearoyl-coa,1,1,6.907755278982137,1.0
10122,steepness,1,1,6.907755278982137,1.0
10123,stemmed,1,1,6.907755278982137,1.0
10124,stemming,1,1,6.907755278982137,1.0
10125,sterically,1,1,6.907755278982137,1.0
10126,steroid,1,1,6.907755278982137,1.0
10127,steroid-refractory,1,1,6.907755278982137,1.0
10128,steroidal,1,1,6.907755278982137,1.0
10129,stevia,1,1,6.907755278982137,1.0
10130,stifling,1,1,6.907755278982137,1.0
10131,stigmatized,1,1,6.907755278982137,1.0
10132,stimuli-responsive,1,1,6.907755278982137,1.0
10133,stimulus,1,1,6.907755278982137,1.0
10134,sting-elicited,1,1,6.907755278982137,1.0
10135,stirred,1,1,6.907755278982137,1.0
10136,stones,1,1,6.907755278982137,1.0
10137,stories,1,1,6.907755278982137,1.0
10138,stream,1,1,6.907755278982137,1.0
10139,streamlined,1,1,6.907755278982137,1.0
10140,strengthening,1,1,6.907755278982137,1.0
10141,streptococcal,1,1,6.907755278982137,1.0
10142,streptozocin-induced,1,1,6.907755278982137,1.0
10143,stress-activated,1,1,6.907755278982137,1.0
10144,stress-associated,1,1,6.907755278982137,1.0
10145,stressor,1,1,6.907755278982137,1.0
10146,strictly,1,1,6.907755278982137,1.0
10147,strikingly,1,1,6.907755278982137,1.0
10148,strobe,1,1,6.907755278982137,1.0
10149,structure-activity-relationship,1,1,6.907755278982137,1.0
10150,structure-function,1,1,6.907755278982137,1.0
10151,students,1,1,6.907755278982137,1.0
10152,stunning,1,1,6.907755278982137,1.0
10153,style,1,1,6.907755278982137,1.0
10154,stz-treated,1,1,6.907755278982137,1.0
10155,su,1,1,6.907755278982137,1.0
10156,sub-diaphragmatic,1,1,6.907755278982137,1.0
10157,sub-mixtures,1,1,6.907755278982137,1.0
10158,sub-picomolar,1,1,6.907755278982137,1.0
10159,subclass,1,1,6.907755278982137,1.0
10160,subclinical,1,1,6.907755278982137,1.0
10161,subcutaneoussemaglutide,1,1,6.907755278982137,1.0
10162,subdivision,1,1,6.907755278982137,1.0
10163,subdivisions,1,1,6.907755278982137,1.0
10164,subepithelial,1,1,6.907755278982137,1.0
10165,subfamily,1,1,6.907755278982137,1.0
10166,subjective,1,1,6.907755278982137,1.0
10167,subpopulation,1,1,6.907755278982137,1.0
10168,subpopulations,1,1,6.907755278982137,1.0
10169,subserve,1,1,6.907755278982137,1.0
10170,substantiate,1,1,6.907755278982137,1.0
10171,substantiated,1,1,6.907755278982137,1.0
10172,substantive,1,1,6.907755278982137,1.0
10173,substituting,1,1,6.907755278982137,1.0
10174,substudies,1,1,6.907755278982137,1.0
10175,substudy,1,1,6.907755278982137,1.0
10176,subtotal,1,1,6.907755278982137,1.0
10177,subtypes,1,1,6.907755278982137,1.0
10178,subunits,1,1,6.907755278982137,1.0
10179,subventricular,1,1,6.907755278982137,1.0
10180,successes,1,1,6.907755278982137,1.0
10181,successive,1,1,6.907755278982137,1.0
10182,suctioned,1,1,6.907755278982137,1.0
10183,suffered,1,1,6.907755278982137,1.0
10184,sugar-lowering,1,1,6.907755278982137,1.0
10185,sugars,1,1,6.907755278982137,1.0
10186,suggestion,1,1,6.907755278982137,1.0
10187,suggestions,1,1,6.907755278982137,1.0
10188,suioh,1,1,6.907755278982137,1.0
10189,suited,1,1,6.907755278982137,1.0
10190,suits,1,1,6.907755278982137,1.0
10191,sulfated,1,1,6.907755278982137,1.0
10192,summit,1,1,6.907755278982137,1.0
10193,sunitinib,1,1,6.907755278982137,1.0
10194,sunred,1,1,6.907755278982137,1.0
10195,superimposed,1,1,6.907755278982137,1.0
10196,supplemented,1,1,6.907755278982137,1.0
10197,supra-physiological,1,1,6.907755278982137,1.0
10198,suprachiasmatic,1,1,6.907755278982137,1.0
10199,supracommissuralis,1,1,6.907755278982137,1.0
10200,supraglottic,1,1,6.907755278982137,1.0
10201,surfaces,1,1,6.907755278982137,1.0
10202,surmount-osa,1,1,6.907755278982137,1.0
10203,surpass-cvot,1,1,6.907755278982137,1.0
10204,surpassed,1,1,6.907755278982137,1.0
10205,surplus,1,1,6.907755278982137,1.0
10206,surprise,1,1,6.907755278982137,1.0
10207,surprising,1,1,6.907755278982137,1.0
10208,surrogate,1,1,6.907755278982137,1.0
10209,surround,1,1,6.907755278982137,1.0
10210,surveyed,1,1,6.907755278982137,1.0
10211,surveys,1,1,6.907755278982137,1.0
10212,surviving,1,1,6.907755278982137,1.0
10213,survivors,1,1,6.907755278982137,1.0
10214,survivorship,1,1,6.907755278982137,1.0
10215,suspect,1,1,6.907755278982137,1.0
10216,suspectum,1,1,6.907755278982137,1.0
10217,suspicion,1,1,6.907755278982137,1.0
10218,sustainability,1,1,6.907755278982137,1.0
10219,sustains,1,1,6.907755278982137,1.0
10220,sutterella,1,1,6.907755278982137,1.0
10221,svetlana,1,1,6.907755278982137,1.0
10222,swallow,1,1,6.907755278982137,1.0
10223,sweden,1,1,6.907755278982137,1.0
10224,sweet-taste,1,1,6.907755278982137,1.0
10225,sweetened,1,1,6.907755278982137,1.0
10226,sweetener,1,1,6.907755278982137,1.0
10227,sweeteners,1,1,6.907755278982137,1.0
10228,swing,1,1,6.907755278982137,1.0
10229,sword,1,1,6.907755278982137,1.0
10230,sympatho-gastro-spinal-reticular-hypothalamic,1,1,6.907755278982137,1.0
10231,symptom-based,1,1,6.907755278982137,1.0
10232,symptom-focused,1,1,6.907755278982137,1.0
10233,synapse,1,1,6.907755278982137,1.0
10234,synapses,1,1,6.907755278982137,1.0
10235,synaptosome,1,1,6.907755278982137,1.0
10236,synchronization,1,1,6.907755278982137,1.0
10237,synchronously,1,1,6.907755278982137,1.0
10238,synergic,1,1,6.907755278982137,1.0
10239,synergism,1,1,6.907755278982137,1.0
10240,synergy-nash,1,1,6.907755278982137,1.0
10241,synphase,1,1,6.907755278982137,1.0
10242,synthesise,1,1,6.907755278982137,1.0
10243,synthesised,1,1,6.907755278982137,1.0
10244,synthetically,1,1,6.907755278982137,1.0
10245,synuclein,1,1,6.907755278982137,1.0
10246,syrcle,1,1,6.907755278982137,1.0
10247,syrian,1,1,6.907755278982137,1.0
10248,syringaldehyde,1,1,6.907755278982137,1.0
10249,syst,1,1,6.907755278982137,1.0
10250,systemically,1,1,6.907755278982137,1.0
10251,table,1,1,6.907755278982137,1.0
10252,tackle,1,1,6.907755278982137,1.0
10253,tag,1,1,6.907755278982137,1.0
10254,tagged,1,1,6.907755278982137,1.0
10255,tail,1,1,6.907755278982137,1.0
10256,takaoka,1,1,6.907755278982137,1.0
10257,take-home,1,1,6.907755278982137,1.0
10258,takes,1,1,6.907755278982137,1.0
10259,tapering,1,1,6.907755278982137,1.0
10260,target-mediates,1,1,6.907755278982137,1.0
10261,target-to-background,1,1,6.907755278982137,1.0
10262,targetable,1,1,6.907755278982137,1.0
10263,targetscan,1,1,6.907755278982137,1.0
10264,tasks,1,1,6.907755278982137,1.0
10265,taspoglutide-bound,1,1,6.907755278982137,1.0
10266,tastant,1,1,6.907755278982137,1.0
10267,taste-signaling,1,1,6.907755278982137,1.0
10268,tbas,1,1,6.907755278982137,1.0
10269,tctr,1,1,6.907755278982137,1.0
10270,tdtomato-fluorescence,1,1,6.907755278982137,1.0
10271,tdtomato-positive,1,1,6.907755278982137,1.0
10272,team,1,1,6.907755278982137,1.0
10273,teams,1,1,6.907755278982137,1.0
10274,technical,1,1,6.907755278982137,1.0
10275,telemedicine-based,1,1,6.907755278982137,1.0
10276,telemeters,1,1,6.907755278982137,1.0
10277,telencephali,1,1,6.907755278982137,1.0
10278,telencephalic,1,1,6.907755278982137,1.0
10279,tell,1,1,6.907755278982137,1.0
10280,telogen,1,1,6.907755278982137,1.0
10281,telomerase,1,1,6.907755278982137,1.0
10282,temper,1,1,6.907755278982137,1.0
10283,temperatures,1,1,6.907755278982137,1.0
10284,tempered,1,1,6.907755278982137,1.0
10285,template,1,1,6.907755278982137,1.0
10286,templates,1,1,6.907755278982137,1.0
10287,temples,1,1,6.907755278982137,1.0
10288,temporally,1,1,6.907755278982137,1.0
10289,tendencies,1,1,6.907755278982137,1.0
10290,tendency,1,1,6.907755278982137,1.0
10291,tendon,1,1,6.907755278982137,1.0
10292,teratogenicity,1,1,6.907755278982137,1.0
10293,terminal,1,1,6.907755278982137,1.0
10294,terminated,1,1,6.907755278982137,1.0
10295,tertiary,1,1,6.907755278982137,1.0
10296,testicles,1,1,6.907755278982137,1.0
10297,testosterone-stimulated,1,1,6.907755278982137,1.0
10298,tet-reporter,1,1,6.907755278982137,1.0
10299,tethered,1,1,6.907755278982137,1.0
10300,tetrachloride,1,1,6.907755278982137,1.0
10301,tetraethylene,1,1,6.907755278982137,1.0
10302,tetrahydropyridine,1,1,6.907755278982137,1.0
10303,textbook,1,1,6.907755278982137,1.0
10304,tgs,1,1,6.907755278982137,1.0
10305,thai,1,1,6.907755278982137,1.0
10306,themanagement,1,1,6.907755278982137,1.0
10307,theorizes,1,1,6.907755278982137,1.0
10308,theory,1,1,6.907755278982137,1.0
10309,theory-based,1,1,6.907755278982137,1.0
10310,theranostics,1,1,6.907755278982137,1.0
10311,thereof,1,1,6.907755278982137,1.0
10312,thermodynamic,1,1,6.907755278982137,1.0
10313,thermodynamics,1,1,6.907755278982137,1.0
10314,theses,1,1,6.907755278982137,1.0
10315,thiamine,1,1,6.907755278982137,1.0
10316,thiazolidinedione,1,1,6.907755278982137,1.0
10317,thick,1,1,6.907755278982137,1.0
10318,thickness,1,1,6.907755278982137,1.0
10319,think,1,1,6.907755278982137,1.0
10320,thioredoxin-modified,1,1,6.907755278982137,1.0
10321,thoracic,1,1,6.907755278982137,1.0
10322,thousand-fold,1,1,6.907755278982137,1.0
10323,threats,1,1,6.907755278982137,1.0
10324,threonine,1,1,6.907755278982137,1.0
10325,threonines,1,1,6.907755278982137,1.0
10326,threshold,1,1,6.907755278982137,1.0
10327,thresholds,1,1,6.907755278982137,1.0
10328,thrice-daily,1,1,6.907755278982137,1.0
10329,thromboembolic,1,1,6.907755278982137,1.0
10330,thrombogenicity,1,1,6.907755278982137,1.0
10331,thromboprophylactic,1,1,6.907755278982137,1.0
10332,thromboxane-mediated,1,1,6.907755278982137,1.0
10333,thyroid-related,1,1,6.907755278982137,1.0
10334,thyrotoxicosis,1,1,6.907755278982137,1.0
10335,tide,1,1,6.907755278982137,1.0
10336,tight,1,1,6.907755278982137,1.0
10337,time-based,1,1,6.907755278982137,1.0
10338,time-driven,1,1,6.907755278982137,1.0
10339,time-lagged,1,1,6.907755278982137,1.0
10340,time-to-onset,1,1,6.907755278982137,1.0
10341,timed,1,1,6.907755278982137,1.0
10342,timepoint,1,1,6.907755278982137,1.0
10343,timescales,1,1,6.907755278982137,1.0
10344,timp-1,1,1,6.907755278982137,1.0
10345,timp-2,1,1,6.907755278982137,1.0
10346,title,1,1,6.907755278982137,1.0
10347,titles,1,1,6.907755278982137,1.0
10348,titratable,1,1,6.907755278982137,1.0
10349,titrated,1,1,6.907755278982137,1.0
10350,tms,1,1,6.907755278982137,1.0
10351,to-date,1,1,6.907755278982137,1.0
10352,tolerable,1,1,6.907755278982137,1.0
10353,tolerance-was,1,1,6.907755278982137,1.0
10354,tolerating,1,1,6.907755278982137,1.0
10355,toll-like,1,1,6.907755278982137,1.0
10356,tone,1,1,6.907755278982137,1.0
10357,topical,1,1,6.907755278982137,1.0
10358,topiramate,1,1,6.907755278982137,1.0
10359,tortuosity,1,1,6.907755278982137,1.0
10360,totally,1,1,6.907755278982137,1.0
10361,touted,1,1,6.907755278982137,1.0
10362,toxicants,1,1,6.907755278982137,1.0
10363,toxicities,1,1,6.907755278982137,1.0
10364,toxicology,1,1,6.907755278982137,1.0
10365,toxsentryweb,1,1,6.907755278982137,1.0
10366,traceable,1,1,6.907755278982137,1.0
10367,tracers,1,1,6.907755278982137,1.0
10368,traces,1,1,6.907755278982137,1.0
10369,trachea,1,1,6.907755278982137,1.0
10370,tracheal,1,1,6.907755278982137,1.0
10371,traction,1,1,6.907755278982137,1.0
10372,traits,1,1,6.907755278982137,1.0
10373,trajectories,1,1,6.907755278982137,1.0
10374,trans-differentiation,1,1,6.907755278982137,1.0
10375,trans-well,1,1,6.907755278982137,1.0
10376,transaminases,1,1,6.907755278982137,1.0
10377,transcription-polymerase,1,1,6.907755278982137,1.0
10378,transcytosis,1,1,6.907755278982137,1.0
10379,transdifferentiate,1,1,6.907755278982137,1.0
10380,transduced,1,1,6.907755278982137,1.0
10381,transducing,1,1,6.907755278982137,1.0
10382,transectioning,1,1,6.907755278982137,1.0
10383,transfected,1,1,6.907755278982137,1.0
10384,transformation,1,1,6.907755278982137,1.0
10385,transgastric,1,1,6.907755278982137,1.0
10386,transiently,1,1,6.907755278982137,1.0
10387,transitioning,1,1,6.907755278982137,1.0
10388,transjugular,1,1,6.907755278982137,1.0
10389,translatable,1,1,6.907755278982137,1.0
10390,translates,1,1,6.907755278982137,1.0
10391,translating,1,1,6.907755278982137,1.0
10392,transmembraneous,1,1,6.907755278982137,1.0
10393,transmitter,1,1,6.907755278982137,1.0
10394,transplant-listed,1,1,6.907755278982137,1.0
10395,transplants,1,1,6.907755278982137,1.0
10396,transporter-mediated,1,1,6.907755278982137,1.0
10397,trapped,1,1,6.907755278982137,1.0
10398,traumatic,1,1,6.907755278982137,1.0
10399,traverse,1,1,6.907755278982137,1.0
10400,treatable,1,1,6.907755278982137,1.0
10401,treatment-adherent,1,1,6.907755278982137,1.0
10402,treatment-induced,1,1,6.907755278982137,1.0
10403,treatment-limiting,1,1,6.907755278982137,1.0
10404,trending,1,1,6.907755278982137,1.0
10405,tri-agonism,1,1,6.907755278982137,1.0
10406,tri-agonists,1,1,6.907755278982137,1.0
10407,triamterene,1,1,6.907755278982137,1.0
10408,trichostatin,1,1,6.907755278982137,1.0
10409,tried,1,1,6.907755278982137,1.0
10410,trifluoroethanol,1,1,6.907755278982137,1.0
10411,trifunctional,1,1,6.907755278982137,1.0
10412,triggers,1,1,6.907755278982137,1.0
10413,trimester,1,1,6.907755278982137,1.0
10414,trimethylamine-n-oxide,1,1,6.907755278982137,1.0
10415,trioleate,1,1,6.907755278982137,1.0
10416,trip,1,1,6.907755278982137,1.0
10417,triphosphate,1,1,6.907755278982137,1.0
10418,triphosphate-sensor,1,1,6.907755278982137,1.0
10419,triple-acting,1,1,6.907755278982137,1.0
10420,triterpenoid,1,1,6.907755278982137,1.0
10421,triumvirate,1,1,6.907755278982137,1.0
10422,trizepatide,1,1,6.907755278982137,1.0
10423,trough,1,1,6.907755278982137,1.0
10424,trout,1,1,6.907755278982137,1.0
10425,trp-ile,1,1,6.907755278982137,1.0
10426,trpa,1,1,6.907755278982137,1.0
10427,trpa-1,1,1,6.907755278982137,1.0
10428,trpm,1,1,6.907755278982137,1.0
10429,trulicity,1,1,6.907755278982137,1.0
10430,truncal,1,1,6.907755278982137,1.0
10431,tryptophan,1,1,6.907755278982137,1.0
10432,tryptophan-cage,1,1,6.907755278982137,1.0
10433,tryptophan-selective,1,1,6.907755278982137,1.0
10434,ttx,1,1,6.907755278982137,1.0
10435,tubular,1,1,6.907755278982137,1.0
10436,tudca,1,1,6.907755278982137,1.0
10437,tumour,1,1,6.907755278982137,1.0
10438,tunable,1,1,6.907755278982137,1.0
10439,tunica,1,1,6.907755278982137,1.0
10440,turned,1,1,6.907755278982137,1.0
10441,twenty,1,1,6.907755278982137,1.0
10442,twenty-four,1,1,6.907755278982137,1.0
10443,twenty-six,1,1,6.907755278982137,1.0
10444,twenty-three,1,1,6.907755278982137,1.0
10445,twigs,1,1,6.907755278982137,1.0
10446,twincretin,1,1,6.907755278982137,1.0
10447,two-channel,1,1,6.907755278982137,1.0
10448,two-dimensional,1,1,6.907755278982137,1.0
10449,two-thirds,1,1,6.907755278982137,1.0
10450,two-year,1,1,6.907755278982137,1.0
10451,type-1,1,1,6.907755278982137,1.0
10452,type-ii,1,1,6.907755278982137,1.0
10453,tyr,1,1,6.907755278982137,1.0
10454,ubiquitously,1,1,6.907755278982137,1.0
10455,ucp,1,1,6.907755278982137,1.0
10456,udekem,1,1,6.907755278982137,1.0
10457,ultimate,1,1,6.907755278982137,1.0
10458,umbrella,1,1,6.907755278982137,1.0
10459,unabated,1,1,6.907755278982137,1.0
10460,unacceptable,1,1,6.907755278982137,1.0
10461,unaddressed,1,1,6.907755278982137,1.0
10462,unadjusted,1,1,6.907755278982137,1.0
10463,unappealing,1,1,6.907755278982137,1.0
10464,unattempted,1,1,6.907755278982137,1.0
10465,unblocking,1,1,6.907755278982137,1.0
10466,uncharted,1,1,6.907755278982137,1.0
10467,unclassified,1,1,6.907755278982137,1.0
10468,uncompensated,1,1,6.907755278982137,1.0
10469,uncomplicated,1,1,6.907755278982137,1.0
10470,unconjugated,1,1,6.907755278982137,1.0
10471,unconnected,1,1,6.907755278982137,1.0
10472,unconsciousness,1,1,6.907755278982137,1.0
10473,uncoupling,1,1,6.907755278982137,1.0
10474,undefined,1,1,6.907755278982137,1.0
10475,under-described,1,1,6.907755278982137,1.0
10476,under-recognized,1,1,6.907755278982137,1.0
10477,underappreciated,1,1,6.907755278982137,1.0
10478,underlines,1,1,6.907755278982137,1.0
10479,undermine,1,1,6.907755278982137,1.0
10480,undernutrition,1,1,6.907755278982137,1.0
10481,underpins,1,1,6.907755278982137,1.0
10482,underrepresented,1,1,6.907755278982137,1.0
10483,undertook,1,1,6.907755278982137,1.0
10484,underweight,1,1,6.907755278982137,1.0
10485,undescribed,1,1,6.907755278982137,1.0
10486,undetermined,1,1,6.907755278982137,1.0
10487,undiagnosed,1,1,6.907755278982137,1.0
10488,undoubtedly,1,1,6.907755278982137,1.0
10489,uneven,1,1,6.907755278982137,1.0
10490,unevenly,1,1,6.907755278982137,1.0
10491,unexplained,1,1,6.907755278982137,1.0
10492,unexposed,1,1,6.907755278982137,1.0
10493,unfavorable,1,1,6.907755278982137,1.0
10494,unfolded,1,1,6.907755278982137,1.0
10495,unfused,1,1,6.907755278982137,1.0
10496,unhealthy,1,1,6.907755278982137,1.0
10497,uniform,1,1,6.907755278982137,1.0
10498,uniformly,1,1,6.907755278982137,1.0
10499,unifying,1,1,6.907755278982137,1.0
10500,unintentional,1,1,6.907755278982137,1.0
10501,unity,1,1,6.907755278982137,1.0
10502,univariate,1,1,6.907755278982137,1.0
10503,unmeasured,1,1,6.907755278982137,1.0
10504,unobserved,1,1,6.907755278982137,1.0
10505,unplanned,1,1,6.907755278982137,1.0
10506,unrecognized,1,1,6.907755278982137,1.0
10507,unregulated,1,1,6.907755278982137,1.0
10508,unrelated,1,1,6.907755278982137,1.0
10509,unreported,1,1,6.907755278982137,1.0
10510,unrestrained,1,1,6.907755278982137,1.0
10511,unrestricted,1,1,6.907755278982137,1.0
10512,unsettled,1,1,6.907755278982137,1.0
10513,unstable,1,1,6.907755278982137,1.0
10514,unstandardised,1,1,6.907755278982137,1.0
10515,unsuccessful,1,1,6.907755278982137,1.0
10516,unsuitable,1,1,6.907755278982137,1.0
10517,untargeted,1,1,6.907755278982137,1.0
10518,untoward,1,1,6.907755278982137,1.0
10519,unusual,1,1,6.907755278982137,1.0
10520,unveil,1,1,6.907755278982137,1.0
10521,unveiled,1,1,6.907755278982137,1.0
10522,unwanted,1,1,6.907755278982137,1.0
10523,unwelcome,1,1,6.907755278982137,1.0
10524,up-regulate,1,1,6.907755278982137,1.0
10525,up-regulating,1,1,6.907755278982137,1.0
10526,up-take,1,1,6.907755278982137,1.0
10527,upadacitinib,1,1,6.907755278982137,1.0
10528,upcoming,1,1,6.907755278982137,1.0
10529,updated,1,1,6.907755278982137,1.0
10530,upregulates,1,1,6.907755278982137,1.0
10531,upregulating,1,1,6.907755278982137,1.0
10532,upregulations,1,1,6.907755278982137,1.0
10533,ups,1,1,6.907755278982137,1.0
10534,upstream,1,1,6.907755278982137,1.0
10535,upward,1,1,6.907755278982137,1.0
10536,urethane,1,1,6.907755278982137,1.0
10537,urethane-chloralose,1,1,6.907755278982137,1.0
10538,urogenital,1,1,6.907755278982137,1.0
10539,urticaria,1,1,6.907755278982137,1.0
10540,uruchi,1,1,6.907755278982137,1.0
10541,uscn,1,1,6.907755278982137,1.0
10542,use-related,1,1,6.907755278982137,1.0
10543,usefully,1,1,6.907755278982137,1.0
10544,user,1,1,6.907755278982137,1.0
10545,ushered,1,1,6.907755278982137,1.0
10546,usp,1,1,6.907755278982137,1.0
10547,ustekinumab,1,1,6.907755278982137,1.0
10548,uterus,1,1,6.907755278982137,1.0
10549,utilisation,1,1,6.907755278982137,1.0
10550,utilising,1,1,6.907755278982137,1.0
10551,utilities,1,1,6.907755278982137,1.0
10552,utmost,1,1,6.907755278982137,1.0
10553,utr,1,1,6.907755278982137,1.0
10554,uv-visible,1,1,6.907755278982137,1.0
10555,vaccine,1,1,6.907755278982137,1.0
10556,vagally,1,1,6.907755278982137,1.0
10557,vagally-mediated,1,1,6.907755278982137,1.0
10558,vagi,1,1,6.907755278982137,1.0
10559,vago-vagal,1,1,6.907755278982137,1.0
10560,valid,1,1,6.907755278982137,1.0
10561,valproic,1,1,6.907755278982137,1.0
10562,valve,1,1,6.907755278982137,1.0
10563,vans,1,1,6.907755278982137,1.0
10564,varicosities,1,1,6.907755278982137,1.0
10565,varies,1,1,6.907755278982137,1.0
10566,vascularity,1,1,6.907755278982137,1.0
10567,vascularized,1,1,6.907755278982137,1.0
10568,vascularly,1,1,6.907755278982137,1.0
10569,vasculitic,1,1,6.907755278982137,1.0
10570,vasoactive,1,1,6.907755278982137,1.0
10571,vasoactivity,1,1,6.907755278982137,1.0
10572,vasoconstriction,1,1,6.907755278982137,1.0
10573,vasopressin,1,1,6.907755278982137,1.0
10574,vasoprotective,1,1,6.907755278982137,1.0
10575,vast,1,1,6.907755278982137,1.0
10576,vastly,1,1,6.907755278982137,1.0
10577,vectorial,1,1,6.907755278982137,1.0
10578,vectors,1,1,6.907755278982137,1.0
10579,vegan,1,1,6.907755278982137,1.0
10580,vegetables,1,1,6.907755278982137,1.0
10581,vegetarian,1,1,6.907755278982137,1.0
10582,vegf,1,1,6.907755278982137,1.0
10583,vegf-a,1,1,6.907755278982137,1.0
10584,vehicle-infused,1,1,6.907755278982137,1.0
10585,vehicle-treated,1,1,6.907755278982137,1.0
10586,veins,1,1,6.907755278982137,1.0
10587,vena,1,1,6.907755278982137,1.0
10588,ventralis,1,1,6.907755278982137,1.0
10589,ventrolateral,1,1,6.907755278982137,1.0
10590,venus,1,1,6.907755278982137,1.0
10591,verapamil,1,1,6.907755278982137,1.0
10592,verifying,1,1,6.907755278982137,1.0
10593,verity,1,1,6.907755278982137,1.0
10594,vertebrates,1,1,6.907755278982137,1.0
10595,vesicular,1,1,6.907755278982137,1.0
10596,veterans,1,1,6.907755278982137,1.0
10597,vi,1,1,6.907755278982137,1.0
10598,viable,1,1,6.907755278982137,1.0
10599,vicinity,1,1,6.907755278982137,1.0
10600,vicious,1,1,6.907755278982137,1.0
10601,victoza-novo,1,1,6.907755278982137,1.0
10602,videomicroscopy,1,1,6.907755278982137,1.0
10603,vietnam,1,1,6.907755278982137,1.0
10604,viewed,1,1,6.907755278982137,1.0
10605,viewpoints,1,1,6.907755278982137,1.0
10606,vii,1,1,6.907755278982137,1.0
10607,villosum,1,1,6.907755278982137,1.0
10608,villus,1,1,6.907755278982137,1.0
10609,vilsb,1,1,6.907755278982137,1.0
10610,vimentin,1,1,6.907755278982137,1.0
10611,virtue,1,1,6.907755278982137,1.0
10612,virulence,1,1,6.907755278982137,1.0
10613,visits,1,1,6.907755278982137,1.0
10614,visualizing,1,1,6.907755278982137,1.0
10615,vitro-maturated,1,1,6.907755278982137,1.0
10616,vldl-tg,1,1,6.907755278982137,1.0
10617,void,1,1,6.907755278982137,1.0
10618,voltage-sensitive,1,1,6.907755278982137,1.0
10619,volumetric,1,1,6.907755278982137,1.0
10620,volunteer,1,1,6.907755278982137,1.0
10621,vpa-therapy,1,1,6.907755278982137,1.0
10622,vulnerabilities,1,1,6.907755278982137,1.0
10623,waggoner,1,1,6.907755278982137,1.0
10624,waist-to-hip,1,1,6.907755278982137,1.0
10625,wake,1,1,6.907755278982137,1.0
10626,wall,1,1,6.907755278982137,1.0
10627,wanfang,1,1,6.907755278982137,1.0
10628,wasting,1,1,6.907755278982137,1.0
10629,water-salt,1,1,6.907755278982137,1.0
10630,wave,1,1,6.907755278982137,1.0
10631,wdl,1,1,6.907755278982137,1.0
10632,weakened,1,1,6.907755278982137,1.0
10633,weaker,1,1,6.907755278982137,1.0
10634,wealth,1,1,6.907755278982137,1.0
10635,web-based,1,1,6.907755278982137,1.0
10636,websites,1,1,6.907755278982137,1.0
10637,weight-bearing,1,1,6.907755278982137,1.0
10638,weight-centered,1,1,6.907755278982137,1.0
10639,weight-control,1,1,6.907755278982137,1.0
10640,weight-defense,1,1,6.907755278982137,1.0
10641,weight-inclusive,1,1,6.907755278982137,1.0
10642,weight-mediated,1,1,6.907755278982137,1.0
10643,weight-modifying,1,1,6.907755278982137,1.0
10644,weight-targeted,1,1,6.907755278982137,1.0
10645,well-being,1,1,6.907755278982137,1.0
10646,well-characterised,1,1,6.907755278982137,1.0
10647,well-conserved,1,1,6.907755278982137,1.0
10648,well-controlled,1,1,6.907755278982137,1.0
10649,well-informed,1,1,6.907755278982137,1.0
10650,wherein,1,1,6.907755278982137,1.0
10651,wholegrain,1,1,6.907755278982137,1.0
10652,wider,1,1,6.907755278982137,1.0
10653,wire,1,1,6.907755278982137,1.0
10654,wired,1,1,6.907755278982137,1.0
10655,wirgcrl,1,1,6.907755278982137,1.0
10656,wisdom,1,1,6.907755278982137,1.0
10657,withdrawing,1,1,6.907755278982137,1.0
10658,within-person,1,1,6.907755278982137,1.0
10659,wonderful,1,1,6.907755278982137,1.0
10660,words,1,1,6.907755278982137,1.0
10661,workforce,1,1,6.907755278982137,1.0
10662,working,1,1,6.907755278982137,1.0
10663,workload,1,1,6.907755278982137,1.0
10664,worsen,1,1,6.907755278982137,1.0
10665,worsened,1,1,6.907755278982137,1.0
10666,worsens,1,1,6.907755278982137,1.0
10667,worth,1,1,6.907755278982137,1.0
10668,worthwhile,1,1,6.907755278982137,1.0
10669,x-box,1,1,6.907755278982137,1.0
10670,x-ray,1,1,6.907755278982137,1.0
10671,xaa-pro,1,1,6.907755278982137,1.0
10672,xanthoangelol,1,1,6.907755278982137,1.0
10673,xglp-1,1,1,6.907755278982137,1.0
10674,xu,1,1,6.907755278982137,1.0
10675,y-maze,1,1,6.907755278982137,1.0
10676,yearly,1,1,6.907755278982137,1.0
10677,yes,1,1,6.907755278982137,1.0
10678,yfp-tagged,1,1,6.907755278982137,1.0
10679,yi,1,1,6.907755278982137,1.0
10680,yogeswaran,1,1,6.907755278982137,1.0
10681,yogurt,1,1,6.907755278982137,1.0
10682,young-onset,1,1,6.907755278982137,1.0
10683,youth,1,1,6.907755278982137,1.0
10684,yr-old,1,1,6.907755278982137,1.0
10685,zd,1,1,6.907755278982137,1.0
10686,zealand,1,1,6.907755278982137,1.0
10687,zeitgeber,1,1,6.907755278982137,1.0
10688,zepbound,1,1,6.907755278982137,1.0
10689,zhang,1,1,6.907755278982137,1.0
10690,zinc,1,1,6.907755278982137,1.0
10691,zucker,1,1,6.907755278982137,1.0
