rank,term,CF,DF,IDF,CF_per_DF
1,glp-1,3863,929,0.07364654016829851,4.158234660925727
2,effect,1278,613,0.4893903430459257,2.0848287112561175
3,receptor,1207,671,0.3989861420104553,1.7988077496274217
4,diabet,987,571,0.5603660693261269,1.7285464098073555
5,glucagon-like,973,928,0.07472354619593657,1.0484913793103448
6,agonist,965,554,0.5905905922348532,1.7418772563176896
7,peptide-1,781,753,0.28369005118224344,1.0371845949535192
8,studi,741,449,0.8007323912398827,1.6503340757238307
9,secret,709,288,1.2447947988461912,2.4618055555555554
10,cell,706,267,1.3205066205818874,2.644194756554307
11,us,702,446,0.8074363269620729,1.5739910313901346
12,treatment,661,417,0.8746690571833357,1.5851318944844124
13,ra,624,172,1.7602608021686839,3.627906976744186
14,patient,619,330,1.1086626245216111,1.8757575757575757
15,insulin,616,309,1.1744140020843916,1.993527508090615
16,glucos,572,307,1.18090753139494,1.8631921824104234
17,obes,568,300,1.2039728043259361,1.8933333333333333
18,increas,557,341,1.0758728016986203,1.6334310850439884
19,weight,554,315,1.155182640156504,1.7587301587301587
20,type,550,422,0.8627499649461252,1.3033175355450237
21,peptid,540,337,1.0876723486297752,1.6023738872403561
22,potenti,456,331,1.1056369036050742,1.3776435045317221
23,review,441,339,1.0817551716016867,1.3008849557522124
24,clinic,438,290,1.2378743560016172,1.5103448275862068
25,activ,430,255,1.3664917338237108,1.6862745098039216
26,metabol,429,257,1.3586791940869172,1.6692607003891051
27,result,403,328,1.1147416705979933,1.228658536585366
28,improv,398,278,1.2801341652915,1.4316546762589928
29,reduc,397,276,1.287354413264987,1.4384057971014492
30,diseas,383,248,1.3943265328171548,1.5443548387096775
31,level,383,242,1.4188175528254505,1.5826446280991735
32,express,372,170,1.7719568419318754,2.1882352941176473
33,control,370,271,1.3056364581024362,1.3653136531365313
34,glp-1r,356,112,2.1892564076870427,3.1785714285714284
35,includ,356,278,1.2801341652915,1.2805755395683454
36,mechan,356,269,1.313043899380298,1.3234200743494424
37,therapi,354,230,1.4696759700589417,1.5391304347826087
38,cardiovascular,342,168,1.783791299578878,2.0357142857142856
39,also,341,271,1.3056364581024362,1.2583025830258303
40,risk,331,195,1.6347557204183902,1.6974358974358974
41,hormon,324,230,1.4696759700589417,1.4086956521739131
42,drug,322,201,1.6044503709230613,1.6019900497512438
43,loss,311,207,1.575036485716768,1.502415458937198
44,function,310,214,1.5417792639602856,1.4485981308411215
45,associ,301,208,1.570217199280819,1.4471153846153846
46,role,294,244,1.410587053688935,1.2049180327868851
47,respons,291,178,1.725971728690052,1.6348314606741574
48,incretin,284,176,1.7372712839439852,1.6136363636363635
49,suggest,278,245,1.40649706843741,1.1346938775510205
50,signal,276,167,1.789761466565382,1.652694610778443
51,manag,275,190,1.6607312068216509,1.4473684210526316
52,therapeut,271,213,1.546463113272712,1.272300469483568
53,howev,270,251,1.3823023398503531,1.0756972111553784
54,report,267,180,1.7147984280919266,1.4833333333333334
55,evid,266,195,1.6347557204183902,1.3641025641025641
56,mice,265,121,2.111964733385396,2.190082644628099
57,regul,265,188,1.6713133161521878,1.4095744680851063
58,develop,263,213,1.546463113272712,1.2347417840375587
59,recent,259,217,1.5278579254416773,1.1935483870967742
60,gip,248,104,2.2633643798407643,2.3846153846153846
61,action,247,182,1.7037485919053417,1.3571428571428572
62,trial,247,169,1.7778565640590636,1.4615384615384615
63,after,245,171,1.7660917224794772,1.432748538011696
64,medic,243,146,1.9241486572738007,1.6643835616438356
65,both,239,195,1.6347557204183902,1.2256410256410257
66,current,238,197,1.6245515502441485,1.2081218274111676
67,stimul,230,160,1.8325814637483102,1.4375
68,investig,225,195,1.6347557204183902,1.1538461538461537
69,system,221,170,1.7719568419318754,1.3
70,intestin,217,127,2.0635681925235456,1.7086614173228347
71,demonstr,216,193,1.6450650900772514,1.1191709844559585
72,bodi,215,163,1.8140050781753747,1.3190184049079754
73,dm,214,101,2.2926347621408776,2.118811881188119
74,mellitu,212,188,1.6713133161521878,1.127659574468085
75,releas,212,132,2.0249533563957662,1.606060606060606
76,p,211,73,2.617295837833746,2.8904109589041096
77,enhanc,209,154,1.870802676568508,1.3571428571428572
78,outcom,209,136,1.995100393246085,1.536764705882353
79,show,209,180,1.7147984280919266,1.1611111111111112
80,liraglutid,204,101,2.2926347621408776,2.01980198019802
81,data,201,168,1.783791299578878,1.1964285714285714
82,food,201,118,2.137070654516472,1.7033898305084745
83,gastric,199,123,2.0955709236097197,1.6178861788617886
84,glucagon,199,134,2.0099154790312257,1.4850746268656716
85,benefit,197,152,1.8838747581358606,1.2960526315789473
86,decreas,196,144,1.9379419794061366,1.3611111111111112
87,target,195,144,1.9379419794061366,1.3541666666666667
88,glp-1ras,193,69,2.6736487743848776,2.7971014492753623
89,provid,193,176,1.7372712839439852,1.0965909090909092
90,blood,189,151,1.8904754421672127,1.2516556291390728
91,human,189,130,2.0402208285265546,1.4538461538461538
92,induc,189,141,1.9589953886039688,1.3404255319148937
93,signific,189,158,1.8451602459551701,1.1962025316455696
94,significantli,186,134,2.0099154790312257,1.3880597014925373
95,other,184,154,1.870802676568508,1.1948051948051948
96,pathwai,184,134,2.0099154790312257,1.373134328358209
97,between,183,134,2.0099154790312257,1.3656716417910448
98,agent,182,130,2.0402208285265546,1.4
99,find,179,162,1.820158943749753,1.1049382716049383
100,compar,175,129,2.047942874620465,1.3565891472868217
101,conclus,175,172,1.7602608021686839,1.0174418604651163
102,rat,175,94,2.364460496712133,1.8617021276595744
103,efficaci,174,145,1.9310215365615626,1.2
104,inhibit,174,121,2.111964733385396,1.43801652892562
105,pancreat,174,116,2.1541650878757723,1.5
106,intak,173,99,2.312635428847547,1.7474747474747474
107,combin,172,111,2.198225077669803,1.5495495495495495
108,remain,169,159,1.8388510767619055,1.0628930817610063
109,present,168,153,1.8773173575897015,1.0980392156862746
110,treat,167,132,2.0249533563957662,1.2651515151515151
111,well,167,150,1.8971199848858813,1.1133333333333333
112,model,163,124,2.0874737133771,1.314516129032258
113,protein,163,102,2.282782465697866,1.5980392156862746
114,addit,162,146,1.9241486572738007,1.1095890410958904
115,research,161,126,2.0714733720306593,1.2777777777777777
116,semaglutid,160,85,2.4651040224918206,1.8823529411764706
117,differ,159,119,2.1286317858706076,1.3361344537815125
118,neuron,158,74,2.6036901857779675,2.135135135135135
119,sever,158,126,2.0714733720306593,1.253968253968254
120,import,157,139,1.9732813458514453,1.129496402877698
121,administr,156,117,2.145581344184381,1.3333333333333333
122,group,154,61,2.796881414808826,2.5245901639344264
123,d,153,66,2.7181005369557116,2.3181818181818183
124,aim,150,144,1.9379419794061366,1.0416666666666667
125,need,150,126,2.0714733720306593,1.1904761904761905
126,new,150,125,2.0794415416798357,1.2
127,reduct,150,114,2.1715568305876416,1.3157894736842106
128,modul,149,116,2.1541650878757723,1.2844827586206897
129,novel,149,130,2.0402208285265546,1.146153846153846
130,inhibitor,147,102,2.282782465697866,1.4411764705882353
131,further,146,131,2.0325579557809856,1.1145038167938932
132,emerg,144,133,2.017406150760383,1.0827067669172932
133,glycem,143,110,2.207274913189721,1.3
134,indic,143,128,2.05572501506252,1.1171875
135,method,143,139,1.9732813458514453,1.0287769784172662
136,involv,142,111,2.198225077669803,1.2792792792792793
137,gut,141,89,2.419118909249997,1.5842696629213484
138,evalu,139,127,2.0635681925235456,1.094488188976378
139,brain,138,82,2.501036031717884,1.6829268292682926
140,discuss,137,124,2.0874737133771,1.1048387096774193
141,observ,137,117,2.145581344184381,1.170940170940171
142,disord,136,99,2.312635428847547,1.3737373737373737
143,limit,136,118,2.137070654516472,1.152542372881356
144,acid,135,83,2.488914671185539,1.6265060240963856
145,assess,135,116,2.1541650878757723,1.1637931034482758
146,dure,135,95,2.3538783873815965,1.4210526315789473
147,insulinotrop,134,114,2.1715568305876416,1.1754385964912282
148,oral,133,91,2.396895772465287,1.4615384615384615
149,via,133,110,2.207274913189721,1.209090909090909
150,lower,132,101,2.2926347621408776,1.306930693069307
151,l,131,61,2.796881414808826,2.1475409836065573
152,protect,130,89,2.419118909249997,1.4606741573033708
153,strategi,129,115,2.162823150618887,1.1217391304347826
154,c,127,74,2.6036901857779675,1.7162162162162162
155,found,127,106,2.24431618487007,1.1981132075471699
156,gastrointestin,127,106,2.24431618487007,1.1981132075471699
157,affect,126,111,2.198225077669803,1.135135135135135
158,factor,126,102,2.282782465697866,1.2352941176470589
159,identifi,126,111,2.198225077669803,1.135135135135135
160,promot,126,102,2.282782465697866,1.2352941176470589
161,concentr,125,77,2.563949857128453,1.6233766233766234
162,advers,124,94,2.364460496712133,1.3191489361702127
163,plasma,124,85,2.4651040224918206,1.4588235294117646
164,safeti,123,93,2.375155785828881,1.3225806451612903
165,complic,122,89,2.419118909249997,1.3707865168539326
166,prevent,122,88,2.4304184645039304,1.3863636363636365
167,chang,121,97,2.3330443004787544,1.2474226804123711
168,health,119,92,2.385966701933097,1.2934782608695652
169,central,118,88,2.4304184645039304,1.3409090909090908
170,glucose-dependent,118,110,2.207274913189721,1.0727272727272728
171,lead,117,108,2.2256240518579173,1.0833333333333333
172,r,117,29,3.540459448995663,4.0344827586206895
173,support,117,107,2.234926444520231,1.0934579439252337
174,tirzepatid,117,58,2.8473122684357177,2.0172413793103448
175,shown,116,104,2.2633643798407643,1.1153846153846154
176,follow,115,94,2.364460496712133,1.2234042553191489
177,analogu,114,69,2.6736487743848776,1.6521739130434783
178,product,114,82,2.501036031717884,1.3902439024390243
179,postprandi,113,64,2.7488721956224653,1.765625
180,case,112,78,2.5510464522925456,1.435897435897436
181,condit,112,96,2.3434070875143007,1.1666666666666667
182,examin,112,103,2.2730262907525014,1.087378640776699
183,islet,112,50,2.995732273553991,2.24
184,all,111,83,2.488914671185539,1.3373493975903614
185,glp,111,38,3.270169119255751,2.9210526315789473
186,chronic,110,86,2.4534079827286295,1.2790697674418605
187,here,110,110,2.207274913189721,1.0
188,homeostasi,110,94,2.364460496712133,1.1702127659574468
189,amid,109,47,3.0576076772720784,2.3191489361702127
190,class,109,86,2.4534079827286295,1.2674418604651163
191,highlight,109,104,2.2633643798407643,1.0480769230769231
192,toler,109,82,2.501036031717884,1.329268292682927
193,two,109,88,2.4304184645039304,1.2386363636363635
194,dual,108,72,2.631089159966082,1.5
195,due,108,101,2.2926347621408776,1.0693069306930694
196,high,108,84,2.4769384801388235,1.2857142857142858
197,tissu,108,77,2.563949857128453,1.4025974025974026
198,approach,107,96,2.3434070875143007,1.1145833333333333
199,empti,107,82,2.501036031717884,1.3048780487804879
200,suppress,107,81,2.513306124309698,1.3209876543209877
201,caus,106,93,2.375155785828881,1.1397849462365592
202,mediat,105,84,2.4769384801388235,1.25
203,polypeptid,104,98,2.322787800311565,1.0612244897959184
204,avail,103,88,2.4304184645039304,1.1704545454545454
205,heart,103,59,2.8302178350764176,1.7457627118644068
206,on,103,86,2.4534079827286295,1.197674418604651
207,enteroendocrin,102,68,2.6882475738060303,1.5
208,g,102,58,2.8473122684357177,1.7586206896551724
209,event,101,81,2.513306124309698,1.2469135802469136
210,impact,101,85,2.4651040224918206,1.188235294117647
211,contribut,100,89,2.419118909249997,1.1235955056179776
212,dose,100,70,2.659260036932778,1.4285714285714286
213,individu,100,81,2.513306124309698,1.2345679012345678
214,select,100,76,2.5770219386958058,1.3157894736842106
215,analog,99,57,2.864704011147587,1.736842105263158
216,higher,99,72,2.631089159966082,1.375
217,impair,99,63,2.7646205525906042,1.5714285714285714
218,promis,99,91,2.396895772465287,1.0879120879120878
219,liver,98,58,2.8473122684357177,1.6896551724137931
220,major,98,91,2.396895772465287,1.0769230769230769
221,explor,97,91,2.396895772465287,1.065934065934066
222,specif,97,81,2.513306124309698,1.1975308641975309
223,although,96,89,2.419118909249997,1.0786516853932584
224,inflamm,96,68,2.6882475738060303,1.411764705882353
225,physiolog,96,85,2.4651040224918206,1.1294117647058823
226,relat,95,86,2.4534079827286295,1.1046511627906976
227,understand,95,84,2.4769384801388235,1.130952380952381
228,benefici,94,86,2.4534079827286295,1.0930232558139534
229,furthermor,94,91,2.396895772465287,1.032967032967033
230,inject,94,65,2.7333680090865,1.4461538461538461
231,rate,94,67,2.703062659591171,1.4029850746268657
232,requir,94,88,2.4304184645039304,1.0681818181818181
233,resist,94,77,2.563949857128453,1.2207792207792207
234,vitro,94,76,2.5770219386958058,1.236842105263158
235,endogen,93,65,2.7333680090865,1.4307692307692308
236,kidnei,93,54,2.9187712324178627,1.7222222222222223
237,molecular,93,79,2.5383074265151158,1.1772151898734178
238,reveal,93,87,2.441847160327553,1.0689655172413792
239,vivo,93,67,2.703062659591171,1.3880597014925373
240,surgeri,91,54,2.9187712324178627,1.6851851851851851
241,posit,90,73,2.617295837833746,1.2328767123287672
242,h,89,39,3.2441936328524905,2.282051282051282
243,known,89,83,2.488914671185539,1.072289156626506
244,like,89,81,2.513306124309698,1.0987654320987654
245,onli,89,82,2.501036031717884,1.0853658536585367
246,test,89,74,2.6036901857779675,1.2027027027027026
247,whether,89,80,2.5257286443082556,1.1125
248,pharmacolog,88,69,2.6736487743848776,1.2753623188405796
249,futur,87,86,2.4534079827286295,1.0116279069767442
250,pyi,87,25,3.6888794541139363,3.48
251,without,87,77,2.563949857128453,1.12987012987013
252,analysi,85,72,2.631089159966082,1.1805555555555556
253,determin,85,78,2.5510464522925456,1.0897435897435896
254,gene,85,49,3.0159349808715104,1.7346938775510203
255,articl,83,72,2.631089159966082,1.1527777777777777
256,direct,82,73,2.617295837833746,1.1232876712328768
257,literatur,82,72,2.631089159966082,1.1388888888888888
258,anim,81,68,2.6882475738060303,1.1911764705882353
259,structur,81,55,2.900422093749666,1.4727272727272727
260,fast,80,48,3.036554268074246,1.6666666666666667
261,mass,80,61,2.796881414808826,1.3114754098360655
262,possibl,80,70,2.659260036932778,1.1428571428571428
263,stress,80,49,3.0159349808715104,1.6326530612244898
264,base,79,74,2.6036901857779675,1.0675675675675675
265,bind,79,50,2.995732273553991,1.58
266,diet,79,50,2.995732273553991,1.58
267,exendin-4,79,41,3.1941832122778293,1.9268292682926829
268,initi,79,67,2.703062659591171,1.1791044776119404
269,long-term,79,72,2.631089159966082,1.0972222222222223
270,low,79,67,2.703062659591171,1.1791044776119404
271,underli,79,71,2.645075401940822,1.1126760563380282
272,area,78,59,2.8302178350764176,1.3220338983050848
273,measur,78,70,2.659260036932778,1.1142857142857143
274,variou,78,72,2.631089159966082,1.0833333333333333
275,establish,77,68,2.6882475738060303,1.1323529411764706
276,exert,77,67,2.703062659591171,1.1492537313432836
277,energi,76,56,2.882403588246988,1.3571428571428572
278,interact,76,52,2.9565115604007097,1.4615384615384615
279,multipl,76,72,2.631089159966082,1.0555555555555556
280,preclin,76,57,2.864704011147587,1.3333333333333333
281,profil,76,65,2.7333680090865,1.1692307692307693
282,dysfunct,75,62,2.7806208939370456,1.2096774193548387
283,lipid,75,51,2.9759296462578115,1.4705882352941178
284,among,74,65,2.7333680090865,1.1384615384615384
285,approv,74,59,2.8302178350764176,1.2542372881355932
286,glp-1ra,74,36,3.324236340526027,2.0555555555555554
287,popul,74,65,2.7333680090865,1.1384615384615384
288,potent,74,59,2.8302178350764176,1.2542372881355932
289,challeng,73,63,2.7646205525906042,1.1587301587301588
290,exenatid,73,49,3.0159349808715104,1.489795918367347
291,mani,73,65,2.7333680090865,1.123076923076923
292,plai,73,68,2.6882475738060303,1.0735294117647058
293,thu,73,68,2.6882475738060303,1.0735294117647058
294,year,73,57,2.864704011147587,1.280701754385965
295,ag,72,43,3.1465551632885744,1.6744186046511629
296,care,72,58,2.8473122684357177,1.2413793103448276
297,character,72,70,2.659260036932778,1.0285714285714285
298,gener,72,58,2.8473122684357177,1.2413793103448276
299,kei,72,67,2.703062659591171,1.0746268656716418
300,offer,72,65,2.7333680090865,1.1076923076923078
301,small,72,59,2.8302178350764176,1.2203389830508475
302,describ,71,68,2.6882475738060303,1.0441176470588236
303,nutrient,71,48,3.036554268074246,1.4791666666666667
304,perform,71,63,2.7646205525906042,1.126984126984127
305,regard,71,63,2.7646205525906042,1.126984126984127
306,renal,71,41,3.1941832122778293,1.7317073170731707
307,acut,70,55,2.900422093749666,1.2727272727272727
308,ad,70,29,3.540459448995663,2.413793103448276
309,appetit,70,57,2.864704011147587,1.2280701754385965
310,behavior,70,41,3.1941832122778293,1.7073170731707317
311,dai,70,42,3.170085660698769,1.6666666666666667
312,influenc,70,62,2.7806208939370456,1.1290322580645162
313,mous,70,45,3.101092789211817,1.5555555555555556
314,practic,70,52,2.9565115604007097,1.3461538461538463
315,similar,70,64,2.7488721956224653,1.09375
316,therefor,70,68,2.6882475738060303,1.0294117647058822
317,failur,69,45,3.101092789211817,1.5333333333333334
318,mg,69,36,3.324236340526027,1.9166666666666667
319,peopl,69,50,2.995732273553991,1.38
320,neuroprotect,68,45,3.101092789211817,1.511111111111111
321,optim,68,61,2.796881414808826,1.1147540983606556
322,cognit,67,33,3.411247717515657,2.0303030303030303
323,compound,67,42,3.170085660698769,1.5952380952380953
324,consid,67,61,2.796881414808826,1.098360655737705
325,option,67,59,2.8302178350764176,1.1355932203389831
326,over,66,57,2.864704011147587,1.1578947368421053
327,produc,66,53,2.9374633654300153,1.2452830188679245
328,random,66,58,2.8473122684357177,1.1379310344827587
329,search,66,49,3.0159349808715104,1.346938775510204
330,delai,65,56,2.882403588246988,1.1607142857142858
331,fat,65,45,3.101092789211817,1.4444444444444444
332,m,65,37,3.2968373663379125,1.7567567567567568
333,normal,65,54,2.9187712324178627,1.2037037037037037
334,object,65,63,2.7646205525906042,1.0317460317460319
335,repres,65,59,2.8302178350764176,1.1016949152542372
336,side,65,58,2.8473122684357177,1.1206896551724137
337,act,64,56,2.882403588246988,1.1428571428571428
338,background,64,64,2.7488721956224653,1.0
339,dipeptidyl,64,64,2.7488721956224653,1.0
340,metformin,64,27,3.611918412977808,2.3703703703703702
341,oxid,64,50,2.995732273553991,1.28
342,time,64,57,2.864704011147587,1.1228070175438596
343,adult,63,44,3.123565645063876,1.4318181818181819
344,beyond,63,59,2.8302178350764176,1.0677966101694916
345,sensit,63,51,2.9759296462578115,1.2352941176470589
346,util,63,55,2.900422093749666,1.1454545454545455
347,across,62,52,2.9565115604007097,1.1923076923076923
348,address,62,57,2.864704011147587,1.087719298245614
349,common,62,59,2.8302178350764176,1.0508474576271187
350,design,62,56,2.882403588246988,1.1071428571428572
351,fatti,62,45,3.101092789211817,1.3777777777777778
352,focus,62,60,2.8134107167600364,1.0333333333333334
353,implic,62,53,2.9374633654300153,1.169811320754717
354,kg,62,38,3.270169119255751,1.631578947368421
355,link,62,53,2.9374633654300153,1.169811320754717
356,peripher,62,46,3.079113882493042,1.3478260869565217
357,primari,62,51,2.9759296462578115,1.2156862745098038
358,properti,62,52,2.9565115604007097,1.1923076923076923
359,subject,62,48,3.036554268074246,1.2916666666666667
360,summar,62,61,2.796881414808826,1.0163934426229508
361,week,62,38,3.270169119255751,1.631578947368421
362,alter,61,51,2.9759296462578115,1.196078431372549
363,despit,61,59,2.8302178350764176,1.0338983050847457
364,receiv,60,54,2.9187712324178627,1.1111111111111112
365,relev,60,56,2.882403588246988,1.0714285714285714
366,assai,59,40,3.2188758248682006,1.475
367,inflammatori,59,43,3.1465551632885744,1.372093023255814
368,intervent,59,51,2.9759296462578115,1.1568627450980393
369,wide,59,55,2.900422093749666,1.0727272727272728
370,biolog,58,48,3.036554268074246,1.2083333333333333
371,mrna,58,36,3.324236340526027,1.6111111111111112
372,number,58,53,2.9374633654300153,1.0943396226415094
373,process,58,50,2.995732273553991,1.16
374,v,58,28,3.575550768806933,2.0714285714285716
375,within,58,52,2.9565115604007097,1.1153846153846154
376,applic,57,55,2.900422093749666,1.0363636363636364
377,cancer,57,25,3.6888794541139363,2.28
378,first,57,52,2.9565115604007097,1.0961538461538463
379,greater,57,45,3.101092789211817,1.2666666666666666
380,progress,57,52,2.9565115604007097,1.0961538461538463
381,confirm,56,51,2.9759296462578115,1.0980392156862746
382,critic,56,50,2.995732273553991,1.12
383,gpr,56,13,4.3428059215206005,4.3076923076923075
384,particularli,56,53,2.9374633654300153,1.0566037735849056
385,respect,56,52,2.9565115604007097,1.0769230769230769
386,about,55,44,3.123565645063876,1.25
387,antagonist,55,45,3.101092789211817,1.2222222222222223
388,concern,55,47,3.0576076772720784,1.1702127659574468
389,feed,55,35,3.3524072174927233,1.5714285714285714
390,gain,55,46,3.079113882493042,1.1956521739130435
391,larg,55,53,2.9374633654300153,1.0377358490566038
392,becaus,54,49,3.0159349808715104,1.1020408163265305
393,endotheli,54,33,3.411247717515657,1.6363636363636365
394,exhibit,54,51,2.9759296462578115,1.0588235294117647
395,hepat,54,34,3.3813947543659757,1.588235294117647
396,line,54,42,3.170085660698769,1.2857142857142858
397,mortal,54,38,3.270169119255751,1.4210526315789473
398,systemat,54,39,3.2441936328524905,1.3846153846153846
399,achiev,53,46,3.079113882493042,1.1521739130434783
400,dpp-4,53,26,3.649658740960655,2.0384615384615383
401,elev,53,50,2.995732273553991,1.06
402,exist,53,49,3.0159349808715104,1.0816326530612246
403,meal,53,38,3.270169119255751,1.394736842105263
404,min,53,29,3.540459448995663,1.8275862068965518
405,advanc,52,48,3.036554268074246,1.0833333333333333
406,antidiabet,52,42,3.170085660698769,1.2380952380952381
407,b,52,30,3.506557897319982,1.7333333333333334
408,conduct,52,48,3.036554268074246,1.0833333333333333
409,detect,52,40,3.2188758248682006,1.3
410,infus,52,24,3.7297014486341915,2.1666666666666665
411,l-cells,52,31,3.473768074496991,1.6774193548387097
412,perfus,52,18,4.017383521085972,2.888888888888889
413,cohort,51,33,3.411247717515657,1.5454545454545454
414,degrad,51,38,3.270169119255751,1.3421052631578947
415,exposur,51,30,3.506557897319982,1.7
416,isol,51,39,3.2441936328524905,1.3076923076923077
417,occur,51,46,3.079113882493042,1.108695652173913
418,pancrea,51,33,3.411247717515657,1.5454545454545454
419,pressur,51,44,3.123565645063876,1.1590909090909092
420,syndrom,51,42,3.170085660698769,1.2142857142857142
421,three,51,43,3.1465551632885744,1.186046511627907
422,attenu,50,43,3.1465551632885744,1.1627906976744187
423,circul,50,43,3.1465551632885744,1.1627906976744187
424,deliveri,50,30,3.506557897319982,1.6666666666666667
425,global,50,47,3.0576076772720784,1.0638297872340425
426,highli,50,48,3.036554268074246,1.0416666666666667
427,pd,50,10,4.605170185988092,5.0
428,adipos,49,31,3.473768074496991,1.5806451612903225
429,against,49,42,3.170085660698769,1.1666666666666667
430,basal,49,25,3.6888794541139363,1.96
431,becom,49,46,3.079113882493042,1.065217391304348
432,ca,49,23,3.7722610630529876,2.130434782608696
433,form,49,41,3.1941832122778293,1.1951219512195121
434,now,49,46,3.079113882493042,1.065217391304348
435,total,49,38,3.270169119255751,1.2894736842105263
436,wherea,49,43,3.1465551632885744,1.1395348837209303
437,appear,48,46,3.079113882493042,1.0434782608695652
438,cardiac,48,21,3.8632328412587142,2.2857142857142856
439,complex,48,46,3.079113882493042,1.0434782608695652
440,comprehens,48,46,3.079113882493042,1.0434782608695652
441,ex,48,11,4.509860006183766,4.363636363636363
442,grow,48,46,3.079113882493042,1.0434782608695652
443,guidelin,48,40,3.2188758248682006,1.2
444,hba,48,26,3.649658740960655,1.8461538461538463
445,might,48,43,3.1465551632885744,1.1162790697674418
446,n,48,25,3.6888794541139363,1.92
447,nafld,48,10,4.605170185988092,4.8
448,organ,48,39,3.2441936328524905,1.2307692307692308
449,proglucagon,48,28,3.575550768806933,1.7142857142857142
450,purpos,48,44,3.123565645063876,1.0909090909090908
451,sglt,48,21,3.8632328412587142,2.2857142857142856
452,short,48,46,3.079113882493042,1.0434782608695652
453,symptom,48,37,3.2968373663379125,1.2972972972972974
454,synthes,48,43,3.1465551632885744,1.1162790697674418
455,analyz,47,46,3.079113882493042,1.0217391304347827
456,e,47,30,3.506557897319982,1.5666666666666667
457,eat,47,19,3.9633162998156966,2.473684210526316
458,hyperglycemia,47,38,3.270169119255751,1.236842105263158
459,hypoglycemia,47,28,3.575550768806933,1.6785714285714286
460,integr,47,45,3.101092789211817,1.0444444444444445
461,nervou,47,45,3.101092789211817,1.0444444444444445
462,satieti,47,36,3.324236340526027,1.3055555555555556
463,serum,47,30,3.506557897319982,1.5666666666666667
464,term,47,38,3.270169119255751,1.236842105263158
465,anti-inflammatory,46,38,3.270169119255751,1.2105263157894737
466,content,46,34,3.3813947543659757,1.3529411764705883
467,earli,46,39,3.2441936328524905,1.1794871794871795
468,independ,46,44,3.123565645063876,1.0454545454545454
469,index,46,42,3.170085660698769,1.0952380952380953
470,moreov,46,44,3.123565645063876,1.0454545454545454
471,relationship,46,42,3.170085660698769,1.0952380952380953
472,alon,45,38,3.270169119255751,1.1842105263157894
473,camp,45,30,3.506557897319982,1.5
474,consider,45,41,3.1941832122778293,1.0975609756097562
475,continu,45,41,3.1941832122778293,1.0975609756097562
476,given,45,42,3.170085660698769,1.0714285714285714
477,glp-1-based,45,31,3.473768074496991,1.4516129032258065
478,healthi,45,38,3.270169119255751,1.1842105263157894
479,ingest,45,35,3.3524072174927233,1.2857142857142858
480,pco,45,11,4.509860006183766,4.090909090909091
481,abil,44,43,3.1465551632885744,1.0232558139534884
482,administ,44,42,3.170085660698769,1.0476190476190477
483,agon,44,27,3.611918412977808,1.6296296296296295
484,aspir,44,23,3.7722610630529876,1.9130434782608696
485,befor,44,39,3.2441936328524905,1.1282051282051282
486,cultur,44,29,3.540459448995663,1.5172413793103448
487,databas,44,42,3.170085660698769,1.0476190476190477
488,differenti,44,38,3.270169119255751,1.1578947368421053
489,experi,44,34,3.3813947543659757,1.2941176470588236
490,maintain,44,36,3.324236340526027,1.2222222222222223
491,periop,44,24,3.7297014486341915,1.8333333333333333
492,preval,44,41,3.1941832122778293,1.0731707317073171
493,rapid,44,41,3.1941832122778293,1.0731707317073171
494,cardioprotect,43,26,3.649658740960655,1.6538461538461537
495,correl,43,33,3.411247717515657,1.303030303030303
496,cv,43,11,4.509860006183766,3.909090909090909
497,focu,43,43,3.1465551632885744,1.0
498,glucose-lowering,43,31,3.473768074496991,1.3870967741935485
499,increasingli,43,40,3.2188758248682006,1.075
500,inform,43,39,3.2441936328524905,1.1025641025641026
501,prescrib,43,35,3.3524072174927233,1.2285714285714286
502,yet,43,41,3.1941832122778293,1.048780487804878
503,addition,42,41,3.1941832122778293,1.024390243902439
504,consequ,42,36,3.324236340526027,1.1666666666666667
505,cvd,42,13,4.3428059215206005,3.230769230769231
506,either,42,39,3.2441936328524905,1.0769230769230769
507,elucid,42,42,3.170085660698769,1.0
508,extend,42,40,3.2188758248682006,1.05
509,injuri,42,28,3.575550768806933,1.5
510,month,42,28,3.575550768806933,1.5
511,postop,42,14,4.268697949366879,3.0
512,propos,42,41,3.1941832122778293,1.024390243902439
513,stabil,42,30,3.506557897319982,1.4
514,take,42,26,3.649658740960655,1.6153846153846154
515,cck,41,12,4.422848629194137,3.4166666666666665
516,ci,41,19,3.9633162998156966,2.1578947368421053
517,experiment,41,38,3.270169119255751,1.0789473684210527
518,insight,41,41,3.1941832122778293,1.0
519,tract,41,35,3.3524072174927233,1.1714285714285715
520,inhibitori,40,34,3.3813947543659757,1.1764705882352942
521,less,40,36,3.324236340526027,1.1111111111111112
522,mitochondri,40,25,3.6888794541139363,1.6
523,overal,40,39,3.2441936328524905,1.0256410256410255
524,rang,40,34,3.3813947543659757,1.1764705882352942
525,rel,40,38,3.270169119255751,1.0526315789473684
526,colon,39,18,4.017383521085972,2.1666666666666665
527,dietari,39,30,3.506557897319982,1.3
528,endocrin,39,35,3.3524072174927233,1.1142857142857143
529,even,39,34,3.3813947543659757,1.1470588235294117
530,final,39,39,3.2441936328524905,1.0
531,imag,39,29,3.540459448995663,1.3448275862068966
532,membran,39,27,3.611918412977808,1.4444444444444444
533,particular,39,38,3.270169119255751,1.0263157894736843
534,region,39,35,3.3524072174927233,1.1142857142857143
535,sodium,39,23,3.7722610630529876,1.6956521739130435
536,state,39,36,3.324236340526027,1.0833333333333333
537,vascular,39,29,3.540459448995663,1.3448275862068966
538,apoptosi,38,24,3.7297014486341915,1.5833333333333333
539,cellular,38,33,3.411247717515657,1.1515151515151516
540,directli,38,36,3.324236340526027,1.0555555555555556
541,half-life,38,29,3.540459448995663,1.3103448275862069
542,interest,38,37,3.2968373663379125,1.027027027027027
543,long-acting,38,30,3.506557897319982,1.2666666666666666
544,molecul,38,32,3.4420193761824107,1.1875
545,nucleu,38,24,3.7297014486341915,1.5833333333333333
546,prolong,38,32,3.4420193761824107,1.1875
547,togeth,38,38,3.270169119255751,1.0
548,context,37,35,3.3524072174927233,1.0571428571428572
549,daili,37,25,3.6888794541139363,1.48
550,deriv,37,28,3.575550768806933,1.3214285714285714
551,discontinu,37,28,3.575550768806933,1.3214285714285714
552,dulaglutid,37,26,3.649658740960655,1.4230769230769231
553,exendin,37,20,3.912023005428146,1.85
554,expand,37,35,3.3524072174927233,1.0571428571428572
555,glycaem,37,29,3.540459448995663,1.2758620689655173
556,introduct,37,37,3.2968373663379125,1.0
557,male,37,27,3.611918412977808,1.3703703703703705
558,period,37,24,3.7297014486341915,1.5416666666666667
559,phosphoryl,37,30,3.506557897319982,1.2333333333333334
560,screen,37,28,3.575550768806933,1.3214285714285714
561,unclear,37,36,3.324236340526027,1.0277777777777777
562,bmi,36,20,3.912023005428146,1.8
563,consist,36,32,3.4420193761824107,1.125
564,db,36,11,4.509860006183766,3.272727272727273
565,depend,36,34,3.3813947543659757,1.0588235294117647
566,discoveri,36,28,3.575550768806933,1.2857142857142858
567,especi,36,36,3.324236340526027,1.0
568,fold,36,24,3.7297014486341915,1.5
569,help,36,31,3.473768074496991,1.1612903225806452
570,incretin-based,36,30,3.506557897319982,1.2
571,issu,36,35,3.3524072174927233,1.0285714285714285
572,knowledg,36,34,3.3813947543659757,1.0588235294117647
573,manner,36,34,3.3813947543659757,1.0588235294117647
574,part,36,33,3.411247717515657,1.0909090909090908
575,peptidase-4,36,36,3.324236340526027,1.0
576,phase,36,26,3.649658740960655,1.3846153846153846
577,sequenc,36,29,3.540459448995663,1.2413793103448276
578,set,36,35,3.3524072174927233,1.0285714285714285
579,still,36,35,3.3524072174927233,1.0285714285714285
580,toward,36,31,3.473768074496991,1.1612903225806452
581,cardiometabol,35,29,3.540459448995663,1.206896551724138
582,comorbid,35,33,3.411247717515657,1.0606060606060606
583,contrast,35,35,3.3524072174927233,1.0
584,effici,35,31,3.473768074496991,1.1290322580645162
585,glutag,35,17,4.074541934925921,2.0588235294117645
586,mechanist,35,32,3.4420193761824107,1.09375
587,mitig,35,33,3.411247717515657,1.0606060606060606
588,muscl,35,21,3.8632328412587142,1.6666666666666667
589,narr,35,34,3.3813947543659757,1.0294117647058822
590,pubm,35,35,3.3524072174927233,1.0
591,recommend,35,32,3.4420193761824107,1.09375
592,alcohol,34,14,4.268697949366879,2.4285714285714284
593,analys,34,30,3.506557897319982,1.1333333333333333
594,basi,34,31,3.473768074496991,1.096774193548387
595,better,34,34,3.3813947543659757,1.0
596,distribut,34,23,3.7722610630529876,1.4782608695652173
597,gap,34,31,3.473768074496991,1.096774193548387
598,ii,34,25,3.6888794541139363,1.36
599,local,34,23,3.7722610630529876,1.4782608695652173
600,placebo,34,19,3.9633162998156966,1.7894736842105263
601,synthesi,34,28,3.575550768806933,1.2142857142857142
602,work,34,33,3.411247717515657,1.0303030303030303
603,affin,33,22,3.816712825623821,1.5
604,ampk,33,15,4.199705077879927,2.2
605,beta,33,23,3.7722610630529876,1.434782608695652
606,bone,33,14,4.268697949366879,2.357142857142857
607,clinician,33,31,3.473768074496991,1.064516129032258
608,gi,33,16,4.135166556742356,2.0625
609,glucose-stimulated,33,26,3.649658740960655,1.2692307692307692
610,hypoglycem,33,26,3.649658740960655,1.2692307692307692
611,intracellular,33,29,3.540459448995663,1.1379310344827587
612,kinas,33,29,3.540459448995663,1.1379310344827587
613,main,33,29,3.540459448995663,1.1379310344827587
614,modif,33,29,3.540459448995663,1.1379310344827587
615,modifi,33,31,3.473768074496991,1.064516129032258
616,myocardi,33,18,4.017383521085972,1.8333333333333333
617,natur,33,27,3.611918412977808,1.2222222222222223
618,presenc,33,29,3.540459448995663,1.1379310344827587
619,preserv,33,30,3.506557897319982,1.1
620,previous,33,33,3.411247717515657,1.0
621,procedur,33,24,3.7297014486341915,1.375
622,pulmonari,33,19,3.9633162998156966,1.736842105263158
623,qualiti,33,32,3.4420193761824107,1.03125
624,ratio,33,28,3.575550768806933,1.1785714285714286
625,site,33,26,3.649658740960655,1.2692307692307692
626,stroke,33,9,4.710530701645918,3.6666666666666665
627,substanti,33,32,3.4420193761824107,1.03125
628,accumul,32,24,3.7297014486341915,1.3333333333333333
629,altern,32,31,3.473768074496991,1.032258064516129
630,arteri,32,22,3.816712825623821,1.4545454545454546
631,balanc,32,31,3.473768074496991,1.032258064516129
632,beta-cell,32,21,3.8632328412587142,1.5238095238095237
633,candid,32,30,3.506557897319982,1.0666666666666667
634,cn,32,16,4.135166556742356,2.0
635,each,32,29,3.540459448995663,1.103448275862069
636,essenti,32,31,3.473768074496991,1.032258064516129
637,four,32,26,3.649658740960655,1.2307692307692308
638,immunoreact,32,18,4.017383521085972,1.7777777777777777
639,monitor,32,30,3.506557897319982,1.0666666666666667
640,nerv,32,22,3.816712825623821,1.4545454545454546
641,paramet,32,30,3.506557897319982,1.0666666666666667
642,rise,32,31,3.473768074496991,1.032258064516129
643,stc-1,32,17,4.074541934925921,1.8823529411764706
644,subsequ,32,31,3.473768074496991,1.032258064516129
645,sustain,32,23,3.7722610630529876,1.391304347826087
646,undergo,32,28,3.575550768806933,1.1428571428571428
647,absorpt,31,17,4.074541934925921,1.8235294117647058
648,access,31,24,3.7297014486341915,1.2916666666666667
649,advantag,31,30,3.506557897319982,1.0333333333333334
650,amino,31,24,3.7297014486341915,1.2916666666666667
651,ani,31,29,3.540459448995663,1.0689655172413792
652,attent,31,31,3.473768074496991,1.0
653,augment,31,23,3.7722610630529876,1.3478260869565217
654,cyclic,31,22,3.816712825623821,1.4090909090909092
655,frequent,31,31,3.473768074496991,1.0
656,medicin,31,25,3.6888794541139363,1.24
657,ml,31,18,4.017383521085972,1.7222222222222223
658,neurodegen,31,25,3.6888794541139363,1.24
659,overview,31,31,3.473768074496991,1.0
660,particip,31,28,3.575550768806933,1.1071428571428572
661,physiologi,31,26,3.649658740960655,1.1923076923076923
662,rapidli,31,30,3.506557897319982,1.0333333333333334
663,restor,31,28,3.575550768806933,1.1071428571428572
664,slow,31,30,3.506557897319982,1.0333333333333334
665,tool,31,30,3.506557897319982,1.0333333333333334
666,understood,31,31,3.473768074496991,1.0
667,women,31,19,3.9633162998156966,1.631578947368421
668,worldwid,31,31,3.473768074496991,1.0
669,bariatr,30,21,3.8632328412587142,1.4285714285714286
670,collect,30,29,3.540459448995663,1.0344827586206897
671,coupl,30,24,3.7297014486341915,1.25
672,digest,30,14,4.268697949366879,2.142857142857143
673,fusion,30,12,4.422848629194137,2.5
674,ghrelin,30,8,4.8283137373023015,3.75
675,hypothesi,30,27,3.611918412977808,1.1111111111111112
676,led,30,30,3.506557897319982,1.0
677,nativ,30,26,3.649658740960655,1.1538461538461537
678,nausea,30,24,3.7297014486341915,1.25
679,pattern,30,24,3.7297014486341915,1.25
680,pharmacotherapi,30,29,3.540459448995663,1.0344827586206897
681,surviv,30,24,3.7297014486341915,1.25
682,channel,29,18,4.017383521085972,1.6111111111111112
683,children,29,11,4.509860006183766,2.6363636363636362
684,contain,29,28,3.575550768806933,1.0357142857142858
685,dpp,29,15,4.199705077879927,1.9333333333333333
686,enzym,29,24,3.7297014486341915,1.2083333333333333
687,herein,29,28,3.575550768806933,1.0357142857142858
688,lifestyl,29,21,3.8632328412587142,1.380952380952381
689,ongo,29,27,3.611918412977808,1.0740740740740742
690,pc,29,11,4.509860006183766,2.6363636363636362
691,primarili,29,27,3.611918412977808,1.0740740740740742
692,rais,29,26,3.649658740960655,1.1153846153846154
693,reward,29,14,4.268697949366879,2.0714285714285716
694,rodent,29,25,3.6888794541139363,1.16
695,secretori,29,22,3.816712825623821,1.3181818181818181
696,standard,29,27,3.611918412977808,1.0740740740740742
697,u,29,25,3.6888794541139363,1.16
698,adjunct,28,24,3.7297014486341915,1.1666666666666667
699,complet,28,26,3.649658740960655,1.0769230769230769
700,criteria,28,24,3.7297014486341915,1.1666666666666667
701,decad,28,27,3.611918412977808,1.037037037037037
702,engin,28,18,4.017383521085972,1.5555555555555556
703,fraction,28,20,3.912023005428146,1.4
704,hypothalam,28,16,4.135166556742356,1.75
705,mainli,28,27,3.611918412977808,1.037037037037037
706,mc,28,3,5.809142990314028,9.333333333333334
707,n-terminal,28,17,4.074541934925921,1.6470588235294117
708,often,28,28,3.575550768806933,1.0
709,osa,28,7,4.961845129926823,4.0
710,overweight,28,20,3.912023005428146,1.4
711,perspect,28,26,3.649658740960655,1.0769230769230769
712,previou,28,21,3.8632328412587142,1.3333333333333333
713,prolifer,28,20,3.912023005428146,1.4
714,prospect,28,28,3.575550768806933,1.0
715,residu,28,21,3.8632328412587142,1.3333333333333333
716,ror,28,5,5.298317366548036,5.6
717,thyroid,28,12,4.422848629194137,2.3333333333333335
718,translat,28,27,3.611918412977808,1.037037037037037
719,ventricular,28,14,4.268697949366879,2.0
720,western,28,26,3.649658740960655,1.0769230769230769
721,conjug,27,12,4.422848629194137,2.25
722,dr,27,7,4.961845129926823,3.857142857142857
723,emphas,27,27,3.611918412977808,1.0
724,extracellular,27,19,3.9633162998156966,1.4210526315789473
725,fibrosi,27,19,3.9633162998156966,1.4210526315789473
726,infarct,27,18,4.017383521085972,1.5
727,intact,27,21,3.8632328412587142,1.2857142857142858
728,ligand,27,21,3.8632328412587142,1.2857142857142858
729,pleiotrop,27,24,3.7297014486341915,1.125
730,sinc,27,25,3.6888794541139363,1.08
731,sleep,27,15,4.199705077879927,1.8
732,subcutan,27,24,3.7297014486341915,1.125
733,surgic,27,19,3.9633162998156966,1.4210526315789473
734,upon,27,25,3.6888794541139363,1.08
735,volum,27,15,4.199705077879927,1.8
736,consumpt,26,17,4.074541934925921,1.5294117647058822
737,coronari,26,16,4.135166556742356,1.625
738,defin,26,23,3.7722610630529876,1.1304347826086956
739,distinct,26,24,3.7297014486341915,1.0833333333333333
740,enter,26,20,3.912023005428146,1.3
741,extens,26,23,3.7722610630529876,1.1304347826086956
742,famili,26,22,3.816712825623821,1.1818181818181819
743,femal,26,18,4.017383521085972,1.4444444444444444
744,fulli,26,26,3.649658740960655,1.0
745,gipr,26,9,4.710530701645918,2.888888888888889
746,hypertens,26,20,3.912023005428146,1.3
747,hypothalamu,26,21,3.8632328412587142,1.2380952380952381
748,hypothes,26,24,3.7297014486341915,1.0833333333333333
749,incid,26,25,3.6888794541139363,1.04
750,lean,26,17,4.074541934925921,1.5294117647058822
751,leptin,26,11,4.509860006183766,2.3636363636363638
752,metabolit,26,16,4.135166556742356,1.625
753,notabl,26,25,3.6888794541139363,1.04
754,ppg,26,8,4.8283137373023015,3.25
755,pregnanc,26,9,4.710530701645918,2.888888888888889
756,revers,26,26,3.649658740960655,1.0
757,robust,26,26,3.649658740960655,1.0
758,rygb,26,7,4.961845129926823,3.7142857142857144
759,scienc,26,24,3.7297014486341915,1.0833333333333333
760,secretagogu,26,15,4.199705077879927,1.7333333333333334
761,stomach,26,21,3.8632328412587142,1.2380952380952381
762,summari,26,25,3.6888794541139363,1.04
763,underscor,26,26,3.649658740960655,1.0
764,vagal,26,15,4.199705077879927,1.7333333333333334
765,versu,26,20,3.912023005428146,1.3
766,yield,26,23,3.7722610630529876,1.1304347826086956
767,amelior,25,24,3.7297014486341915,1.0416666666666667
768,barrier,25,20,3.912023005428146,1.25
769,bia,25,19,3.9633162998156966,1.3157894736842106
770,calcium,25,16,4.135166556742356,1.5625
771,crucial,25,24,3.7297014486341915,1.0416666666666667
772,declin,25,21,3.8632328412587142,1.1904761904761905
773,detail,25,24,3.7297014486341915,1.0416666666666667
774,disrupt,25,20,3.912023005428146,1.25
775,divers,25,23,3.7722610630529876,1.0869565217391304
776,gcg,25,9,4.710530701645918,2.7777777777777777
777,genet,25,18,4.017383521085972,1.3888888888888888
778,glp-1rs,25,16,4.135166556742356,1.5625
779,hemoglobin,25,24,3.7297014486341915,1.0416666666666667
780,heterogen,25,20,3.912023005428146,1.25
781,hf,25,9,4.710530701645918,2.7777777777777777
782,infect,25,15,4.199705077879927,1.6666666666666667
783,lack,25,24,3.7297014486341915,1.0416666666666667
784,life,25,20,3.912023005428146,1.25
785,marker,25,21,3.8632328412587142,1.1904761904761905
786,morbid,25,24,3.7297014486341915,1.0416666666666667
787,origin,25,25,3.6888794541139363,1.0
788,pathogenesi,25,23,3.7722610630529876,1.0869565217391304
789,persist,25,22,3.816712825623821,1.1363636363636365
790,public,25,24,3.7297014486341915,1.0416666666666667
791,question,25,20,3.912023005428146,1.25
792,regimen,25,20,3.912023005428146,1.25
793,retrospect,25,24,3.7297014486341915,1.0416666666666667
794,safe,25,25,3.6888794541139363,1.0
795,seem,25,22,3.816712825623821,1.1363636363636365
796,sodium-glucose,25,25,3.6888794541139363,1.0
797,superior,25,22,3.816712825623821,1.1363636363636365
798,therebi,25,23,3.7722610630529876,1.0869565217391304
799,variabl,25,23,3.7722610630529876,1.0869565217391304
800,fda,24,19,3.9633162998156966,1.263157894736842
801,format,24,22,3.816712825623821,1.0909090909090908
802,gastrin,24,6,5.115995809754082,4.0
803,guidanc,24,21,3.8632328412587142,1.1428571428571428
804,ileum,24,16,4.135166556742356,1.5
805,last,24,23,3.7722610630529876,1.0434782608695652
806,make,24,23,3.7722610630529876,1.0434782608695652
807,mimet,24,17,4.074541934925921,1.411764705882353
808,nt,24,7,4.961845129926823,3.4285714285714284
809,obstruct,24,18,4.017383521085972,1.3333333333333333
810,obtain,24,21,3.8632328412587142,1.1428571428571428
811,portal,24,9,4.710530701645918,2.6666666666666665
812,preoper,24,11,4.509860006183766,2.1818181818181817
813,same,24,23,3.7722610630529876,1.0434782608695652
814,serv,24,24,3.7297014486341915,1.0
815,shift,24,22,3.816712825623821,1.0909090909090908
816,though,24,23,3.7722610630529876,1.0434782608695652
817,adher,23,19,3.9633162998156966,1.2105263157894737
818,allevi,23,19,3.9633162998156966,1.2105263157894737
819,alzheim,23,23,3.7722610630529876,1.0
820,attract,23,22,3.816712825623821,1.0454545454545454
821,baselin,23,16,4.135166556742356,1.4375
822,ckd,23,9,4.710530701645918,2.5555555555555554
823,enabl,23,21,3.8632328412587142,1.0952380952380953
824,expect,23,23,3.7722610630529876,1.0
825,extract,23,21,3.8632328412587142,1.0952380952380953
826,featur,23,20,3.912023005428146,1.15
827,field,23,19,3.9633162998156966,1.2105263157894737
828,glp-2,23,12,4.422848629194137,1.9166666666666667
829,growth,23,22,3.816712825623821,1.0454545454545454
830,guid,23,23,3.7722610630529876,1.0
831,live,23,21,3.8632328412587142,1.0952380952380953
832,lixisenatid,23,16,4.135166556742356,1.4375
833,long,23,23,3.7722610630529876,1.0
834,neg,23,20,3.912023005428146,1.15
835,nh,23,5,5.298317366548036,4.6
836,outlin,23,23,3.7722610630529876,1.0
837,partial,23,20,3.912023005428146,1.15
838,peptidas,23,22,3.816712825623821,1.0454545454545454
839,pharmacokinet,23,21,3.8632328412587142,1.0952380952380953
840,rather,23,22,3.816712825623821,1.0454545454545454
841,size,23,18,4.017383521085972,1.2777777777777777
842,strong,23,22,3.816712825623821,1.0454545454545454
843,tast,23,11,4.509860006183766,2.090909090909091
844,unknown,23,23,3.7722610630529876,1.0
845,veri,23,23,3.7722610630529876,1.0
846,warrant,23,23,3.7722610630529876,1.0
847,along,22,22,3.816712825623821,1.0
848,anti-obesity,22,17,4.074541934925921,1.2941176470588236
849,block,22,21,3.8632328412587142,1.0476190476190477
850,conclud,22,22,3.816712825623821,1.0
851,cover,22,20,3.912023005428146,1.1
852,distal,22,18,4.017383521085972,1.2222222222222223
853,dynam,22,20,3.912023005428146,1.1
854,er,22,4,5.521460917862246,5.5
855,exogen,22,17,4.074541934925921,1.2941176470588236
856,favor,22,21,3.8632328412587142,1.0476190476190477
857,fxr,22,3,5.809142990314028,7.333333333333333
858,goal,22,17,4.074541934925921,1.2941176470588236
859,iv,22,16,4.135166556742356,1.375
860,k,22,13,4.3428059215206005,1.6923076923076923
861,librari,22,17,4.074541934925921,1.2941176470588236
862,littl,22,21,3.8632328412587142,1.0476190476190477
863,load,22,15,4.199705077879927,1.4666666666666666
864,ly,22,11,4.509860006183766,2.0
865,masld,22,8,4.8283137373023015,2.75
866,microbiota,22,14,4.268697949366879,1.5714285714285714
867,pathophysiolog,22,22,3.816712825623821,1.0
868,phenotyp,22,19,3.9633162998156966,1.1578947368421053
869,program,22,14,4.268697949366879,1.5714285714285714
870,satiat,22,10,4.605170185988092,2.2
871,seri,22,20,3.912023005428146,1.1
872,start,22,20,3.912023005428146,1.1
873,strongli,22,20,3.912023005428146,1.1
874,synapt,22,16,4.135166556742356,1.375
875,transcript,22,14,4.268697949366879,1.5714285714285714
876,unit,22,20,3.912023005428146,1.1
877,weekli,22,18,4.017383521085972,1.2222222222222223
878,absenc,21,17,4.074541934925921,1.2352941176470589
879,alpha,21,10,4.605170185988092,2.1
880,bias,21,7,4.961845129926823,3.0
881,blot,21,20,3.912023005428146,1.05
882,carbohydr,21,17,4.074541934925921,1.2352941176470589
883,clearanc,21,17,4.074541934925921,1.2352941176470589
884,cost,21,21,3.8632328412587142,1.0
885,evolv,21,18,4.017383521085972,1.1666666666666667
886,explain,21,21,3.8632328412587142,1.0
887,high-fat,21,15,4.199705077879927,1.4
888,histori,21,18,4.017383521085972,1.1666666666666667
889,hospit,21,16,4.135166556742356,1.3125
890,indirect,21,20,3.912023005428146,1.05
891,murin,21,19,3.9633162998156966,1.105263157894737
892,nmol,21,11,4.509860006183766,1.9090909090909092
893,numer,21,21,3.8632328412587142,1.0
894,pain,21,12,4.422848629194137,1.75
895,paper,21,19,3.9633162998156966,1.105263157894737
896,per,21,18,4.017383521085972,1.1666666666666667
897,proven,21,21,3.8632328412587142,1.0
898,rare,21,20,3.912023005428146,1.05
899,reach,21,15,4.199705077879927,1.4
900,reproduct,21,11,4.509860006183766,1.9090909090909092
901,sampl,21,18,4.017383521085972,1.1666666666666667
902,seen,21,16,4.135166556742356,1.3125
903,singl,21,20,3.912023005428146,1.05
904,stain,21,13,4.3428059215206005,1.6153846153846154
905,synergist,21,20,3.912023005428146,1.05
906,transit,21,14,4.268697949366879,1.5
907,tumor,21,16,4.135166556742356,1.3125
908,year-old,21,21,3.8632328412587142,1.0
909,abl,20,16,4.135166556742356,1.25
910,abolish,20,17,4.074541934925921,1.1764705882352942
911,al,20,12,4.422848629194137,1.6666666666666667
912,albumin,20,14,4.268697949366879,1.4285714285714286
913,allow,20,19,3.9633162998156966,1.0526315789473684
914,appropri,20,15,4.199705077879927,1.3333333333333333
915,asthma,20,5,5.298317366548036,4.0
916,burden,20,20,3.912023005428146,1.0
917,comparison,20,19,3.9633162998156966,1.0526315789473684
918,date,20,20,3.912023005428146,1.0
919,fiber,20,10,4.605170185988092,2.0
920,formul,20,16,4.135166556742356,1.25
921,glp-1-induced,20,13,4.3428059215206005,1.5384615384615385
922,gspe,20,3,5.809142990314028,6.666666666666667
923,hyperglycaemia,20,13,4.3428059215206005,1.5384615384615385
924,il-6,20,7,4.961845129926823,2.857142857142857
925,inclus,20,19,3.9633162998156966,1.0526315789473684
926,innov,20,17,4.074541934925921,1.1764705882352942
927,introduc,20,18,4.017383521085972,1.1111111111111112
928,mean,20,19,3.9633162998156966,1.0526315789473684
929,meta-analysis,20,17,4.074541934925921,1.1764705882352942
930,neural,20,18,4.017383521085972,1.1111111111111112
931,nm,20,13,4.3428059215206005,1.5384615384615385
932,onc,20,15,4.199705077879927,1.3333333333333333
933,pathophysiologi,20,20,3.912023005428146,1.0
934,pet,20,8,4.8283137373023015,2.5
935,pvn,20,5,5.298317366548036,4.0
936,restrict,20,15,4.199705077879927,1.3333333333333333
937,second,20,20,3.912023005428146,1.0
938,toxic,20,16,4.135166556742356,1.25
939,wild-type,20,15,4.199705077879927,1.3333333333333333
940,atherosclerot,19,15,4.199705077879927,1.2666666666666666
941,attribut,19,18,4.017383521085972,1.0555555555555556
942,aud,19,6,5.115995809754082,3.1666666666666665
943,axi,19,17,4.074541934925921,1.1176470588235294
944,broader,19,19,3.9633162998156966,1.0
945,characterist,19,16,4.135166556742356,1.1875
946,commonli,19,19,3.9633162998156966,1.0
947,diet-induced,19,16,4.135166556742356,1.1875
948,displai,19,19,3.9633162998156966,1.0
949,durat,19,18,4.017383521085972,1.0555555555555556
950,exercis,19,13,4.3428059215206005,1.4615384615384615
951,fail,19,18,4.017383521085972,1.0555555555555556
952,gsi,19,6,5.115995809754082,3.1666666666666665
953,gut-derived,19,17,4.074541934925921,1.1176470588235294
954,have,19,18,4.017383521085972,1.0555555555555556
955,hour,19,13,4.3428059215206005,1.4615384615384615
956,immun,19,16,4.135166556742356,1.1875
957,induct,19,17,4.074541934925921,1.1176470588235294
958,intern,19,11,4.509860006183766,1.7272727272727273
959,lacti,19,6,5.115995809754082,3.1666666666666665
960,minim,19,18,4.017383521085972,1.0555555555555556
961,mix,19,16,4.135166556742356,1.1875
962,naion,19,5,5.298317366548036,3.8
963,necessari,19,18,4.017383521085972,1.0555555555555556
964,overexpress,19,13,4.3428059215206005,1.4615384615384615
965,potenc,19,17,4.074541934925921,1.1176470588235294
966,prior,19,18,4.017383521085972,1.0555555555555556
967,problem,19,18,4.017383521085972,1.0555555555555556
968,publish,19,17,4.074541934925921,1.1176470588235294
969,record,19,14,4.268697949366879,1.3571428571428572
970,regulatori,19,17,4.074541934925921,1.1176470588235294
971,respond,19,12,4.422848629194137,1.5833333333333333
972,sepsi,19,5,5.298317366548036,3.8
973,somatostatin,19,8,4.8283137373023015,2.375
974,transform,19,19,3.9633162998156966,1.0
975,type-2,19,14,4.268697949366879,1.3571428571428572
976,uptak,19,15,4.199705077879927,1.2666666666666666
977,water,19,10,4.605170185988092,1.9
978,adjust,18,18,4.017383521085972,1.0
979,amp,18,10,4.605170185988092,1.8
980,antibodi,18,8,4.8283137373023015,2.25
981,approxim,18,15,4.199705077879927,1.2
982,best,18,14,4.268697949366879,1.2857142857142858
983,clarifi,18,18,4.017383521085972,1.0
984,cochran,18,16,4.135166556742356,1.125
985,composit,18,14,4.268697949366879,1.2857142857142858
986,concept,18,14,4.268697949366879,1.2857142857142858
987,damag,18,14,4.268697949366879,1.2857142857142858
988,dna,18,9,4.710530701645918,2.0
989,emploi,18,17,4.074541934925921,1.0588235294117647
990,ensur,18,18,4.017383521085972,1.0
991,excess,18,17,4.074541934925921,1.0588235294117647
992,expert,18,17,4.074541934925921,1.0588235294117647
993,expos,18,14,4.268697949366879,1.2857142857142858
994,five,18,14,4.268697949366879,1.2857142857142858
995,frequenc,18,13,4.3428059215206005,1.3846153846153846
996,glut,18,4,5.521460917862246,4.5
997,gpcr,18,12,4.422848629194137,1.5
998,immunohistochemistri,18,16,4.135166556742356,1.125
999,incub,18,12,4.422848629194137,1.5
1000,intraven,18,17,4.074541934925921,1.0588235294117647
1001,later,18,18,4.017383521085972,1.0
1002,markedli,18,17,4.074541934925921,1.0588235294117647
1003,memori,18,11,4.509860006183766,1.6363636363636365
1004,motil,18,17,4.074541934925921,1.0588235294117647
1005,neurodegener,18,12,4.422848629194137,1.5
1006,person,18,16,4.135166556742356,1.125
1007,possess,18,18,4.017383521085972,1.0
1008,prepar,18,18,4.017383521085972,1.0
1009,recogn,18,15,4.199705077879927,1.2
1010,seriou,18,17,4.074541934925921,1.0588235294117647
1011,sitagliptin,18,6,5.115995809754082,3.0
1012,six,18,15,4.199705077879927,1.2
1013,suicid,18,6,5.115995809754082,3.0
1014,tradit,18,18,4.017383521085972,1.0
1015,transport,18,11,4.509860006183766,1.6363636363636365
1016,abdomin,17,12,4.422848629194137,1.4166666666666667
1017,accompani,17,17,4.074541934925921,1.0
1018,addict,17,13,4.3428059215206005,1.3076923076923077
1019,airwai,17,7,4.961845129926823,2.4285714285714284
1020,amount,17,16,4.135166556742356,1.0625
1021,anesthesia,17,10,4.605170185988092,1.7
1022,aspect,17,17,4.074541934925921,1.0
1023,biologi,17,16,4.135166556742356,1.0625
1024,blockad,17,12,4.422848629194137,1.4166666666666667
1025,capabl,17,16,4.135166556742356,1.0625
1026,certain,17,17,4.074541934925921,1.0
1027,cholecystokinin,17,15,4.199705077879927,1.1333333333333333
1028,cocain,17,5,5.298317366548036,3.4
1029,diagnos,17,11,4.509860006183766,1.5454545454545454
1030,discov,17,17,4.074541934925921,1.0
1031,document,17,16,4.135166556742356,1.0625
1032,elisa,17,13,4.3428059215206005,1.3076923076923077
1033,facilit,17,16,4.135166556742356,1.0625
1034,few,17,17,4.074541934925921,1.0
1035,free,17,14,4.268697949366879,1.2142857142857142
1036,glycemia,17,14,4.268697949366879,1.2142857142857142
1037,hybrid,17,15,4.199705077879927,1.1333333333333333
1038,ir,17,9,4.710530701645918,1.8888888888888888
1039,ischem,17,15,4.199705077879927,1.1333333333333333
1040,lumin,17,11,4.509860006183766,1.5454545454545454
1041,lung,17,10,4.605170185988092,1.7
1042,men,17,11,4.509860006183766,1.5454545454545454
1043,mimic,17,17,4.074541934925921,1.0
1044,o,17,11,4.509860006183766,1.5454545454545454
1045,order,17,17,4.074541934925921,1.0
1046,parkinson,17,15,4.199705077879927,1.1333333333333333
1047,pka,17,9,4.710530701645918,1.8888888888888888
1048,pretreat,17,11,4.509860006183766,1.5454545454545454
1049,reaction,17,14,4.268697949366879,1.2142857142857142
1050,respiratori,17,11,4.509860006183766,1.5454545454545454
1051,sex,17,7,4.961845129926823,2.4285714285714284
1052,speci,17,17,4.074541934925921,1.0
1053,stage,17,13,4.3428059215206005,1.3076923076923077
1054,strain,17,8,4.8283137373023015,2.125
1055,substanc,17,11,4.509860006183766,1.5454545454545454
1056,switch,17,11,4.509860006183766,1.5454545454545454
1057,tgr,17,4,5.521460917862246,4.25
1058,trigger,17,16,4.135166556742356,1.0625
1059,uniqu,17,17,4.074541934925921,1.0
1060,vari,17,17,4.074541934925921,1.0
1061,vomit,17,14,4.268697949366879,1.2142857142857142
1062,widespread,17,17,4.074541934925921,1.0
1063,yy,17,17,4.074541934925921,1.0
1064,anti-diabetic,16,15,4.199705077879927,1.0666666666666667
1065,appli,16,15,4.199705077879927,1.0666666666666667
1066,brainstem,16,12,4.422848629194137,1.3333333333333333
1067,chemic,16,15,4.199705077879927,1.0666666666666667
1068,chick,16,5,5.298317366548036,3.2
1069,convent,16,15,4.199705077879927,1.0666666666666667
1070,depress,16,10,4.605170185988092,1.6
1071,diarrhea,16,8,4.8283137373023015,2.0
1072,domain,16,14,4.268697949366879,1.1428571428571428
1073,dysregul,16,16,4.135166556742356,1.0
1074,eec,16,7,4.961845129926823,2.2857142857142856
1075,ethanol,16,4,5.521460917862246,4.0
1076,fed,16,13,4.3428059215206005,1.2307692307692308
1077,ga,16,6,5.115995809754082,2.6666666666666665
1078,hippocamp,16,9,4.710530701645918,1.7777777777777777
1079,hypoglycaemia,16,13,4.3428059215206005,1.2307692307692308
1080,interv,16,15,4.199705077879927,1.0666666666666667
1081,l-cell,16,10,4.605170185988092,1.6
1082,landscap,16,16,4.135166556742356,1.0
1083,least,16,15,4.199705077879927,1.0666666666666667
1084,materi,16,14,4.268697949366879,1.1428571428571428
1085,medlin,16,16,4.135166556742356,1.0
1086,million,16,13,4.3428059215206005,1.2307692307692308
1087,neonat,16,4,5.521460917862246,4.0
1088,neurolog,16,14,4.268697949366879,1.1428571428571428
1089,newli,16,8,4.8283137373023015,2.0
1090,non-diabetic,16,13,4.3428059215206005,1.2307692307692308
1091,parallel,16,15,4.199705077879927,1.0666666666666667
1092,peak,16,9,4.710530701645918,1.7777777777777777
1093,possibli,16,15,4.199705077879927,1.0666666666666667
1094,protocol,16,10,4.605170185988092,1.6
1095,psychiatr,16,8,4.8283137373023015,2.0
1096,quantit,16,15,4.199705077879927,1.0666666666666667
1097,real-world,16,15,4.199705077879927,1.0666666666666667
1098,scope,16,15,4.199705077879927,1.0666666666666667
1099,separ,16,14,4.268697949366879,1.1428571428571428
1100,sourc,16,14,4.268697949366879,1.1428571428571428
1101,statu,16,11,4.509860006183766,1.4545454545454546
1102,success,16,16,4.135166556742356,1.0
1103,techniqu,16,16,4.135166556742356,1.0
1104,valid,16,15,4.199705077879927,1.0666666666666667
1105,valu,16,14,4.268697949366879,1.1428571428571428
1106,albiglutid,15,8,4.8283137373023015,1.875
1107,alloster,15,8,4.8283137373023015,1.875
1108,alreadi,15,15,4.199705077879927,1.0
1109,antihyperglycem,15,11,4.509860006183766,1.3636363636363635
1110,autophagi,15,6,5.115995809754082,2.5
1111,behaviour,15,11,4.509860006183766,1.3636363636363635
1112,bile,15,5,5.298317366548036,3.0
1113,bioactiv,15,13,4.3428059215206005,1.1538461538461537
1114,bl,15,13,4.3428059215206005,1.1538461538461537
1115,bypass,15,15,4.199705077879927,1.0
1116,close,15,15,4.199705077879927,1.0
1117,compon,15,14,4.268697949366879,1.0714285714285714
1118,construct,15,15,4.199705077879927,1.0
1119,creat,15,14,4.268697949366879,1.0714285714285714
1120,defici,15,13,4.3428059215206005,1.1538461538461537
1121,densiti,15,11,4.509860006183766,1.3636363636363635
1122,downstream,15,15,4.199705077879927,1.0
1123,effort,15,15,4.199705077879927,1.0
1124,end,15,12,4.422848629194137,1.25
1125,engag,15,12,4.422848629194137,1.25
1126,exacerb,15,14,4.268697949366879,1.0714285714285714
1127,far,15,15,4.199705077879927,1.0
1128,hand,15,11,4.509860006183766,1.3636363636363635
1129,hfd,15,6,5.115995809754082,2.5
1130,highest,15,13,4.3428059215206005,1.1538461538461537
1131,ileal,15,12,4.422848629194137,1.25
1132,illustr,15,15,4.199705077879927,1.0
1133,importantli,15,15,4.199705077879927,1.0
1134,incorpor,15,15,4.199705077879927,1.0
1135,intoler,15,14,4.268697949366879,1.0714285714285714
1136,ischemia,15,12,4.422848629194137,1.25
1137,laboratori,15,15,4.199705077879927,1.0
1138,linker,15,10,4.605170185988092,1.5
1139,mainten,15,14,4.268697949366879,1.0714285714285714
1140,median,15,8,4.8283137373023015,1.875
1141,motor,15,12,4.422848629194137,1.25
1142,open,15,15,4.199705077879927,1.0
1143,opinion,15,15,4.199705077879927,1.0
1144,pharmacovigil,15,11,4.509860006183766,1.3636363636363635
1145,platform,15,9,4.710530701645918,1.6666666666666667
1146,prediabet,15,6,5.115995809754082,2.5
1147,predominantli,15,14,4.268697949366879,1.0714285714285714
1148,prefer,15,12,4.422848629194137,1.25
1149,preliminari,15,15,4.199705077879927,1.0
1150,preproglucagon,15,11,4.509860006183766,1.3636363636363635
1151,project,15,13,4.3428059215206005,1.1538461538461537
1152,psoriasi,15,6,5.115995809754082,2.5
1153,q,15,5,5.298317366548036,3.0
1154,rct,15,7,4.961845129926823,2.142857142857143
1155,recombin,15,14,4.268697949366879,1.0714285714285714
1156,recruit,15,14,4.268697949366879,1.0714285714285714
1157,refer,15,15,4.199705077879927,1.0
1158,sa,15,3,5.809142990314028,5.0
1159,score,15,15,4.199705077879927,1.0
1160,seven,15,12,4.422848629194137,1.25
1161,similarli,15,14,4.268697949366879,1.0714285714285714
1162,sugar,15,12,4.422848629194137,1.25
1163,sweet,15,7,4.961845129926823,2.142857142857143
1164,thought,15,13,4.3428059215206005,1.1538461538461537
1165,transient,15,14,4.268697949366879,1.0714285714285714
1166,typic,15,15,4.199705077879927,1.0
1167,upper,15,13,4.3428059215206005,1.1538461538461537
1168,wai,15,14,4.268697949366879,1.0714285714285714
1169,world,15,14,4.268697949366879,1.0714285714285714
1170,worsen,15,11,4.509860006183766,1.3636363636363635
1171,abnorm,14,13,4.3428059215206005,1.0769230769230769
1172,adenosin,14,10,4.605170185988092,1.4
1173,arrhythmia,14,10,4.605170185988092,1.4
1174,atherosclerosi,14,9,4.710530701645918,1.5555555555555556
1175,author,14,12,4.422848629194137,1.1666666666666667
1176,biomark,14,13,4.3428059215206005,1.0769230769230769
1177,cerebr,14,9,4.710530701645918,1.5555555555555556
1178,chain,14,11,4.509860006183766,1.2727272727272727
1179,cholesterol,14,8,4.8283137373023015,1.75
1180,circuit,14,12,4.422848629194137,1.1666666666666667
1181,clear,14,13,4.3428059215206005,1.0769230769230769
1182,coagonist,14,3,5.809142990314028,4.666666666666667
1183,conform,14,8,4.8283137373023015,1.75
1184,connect,14,13,4.3428059215206005,1.0769230769230769
1185,cytokin,14,11,4.509860006183766,1.2727272727272727
1186,embas,14,14,4.268697949366879,1.0
1187,estim,14,14,4.268697949366879,1.0
1188,excit,14,12,4.422848629194137,1.1666666666666667
1189,excurs,14,12,4.422848629194137,1.1666666666666667
1190,give,14,13,4.3428059215206005,1.0769230769230769
1191,good,14,13,4.3428059215206005,1.0769230769230769
1192,iii,14,12,4.422848629194137,1.1666666666666667
1193,inactiv,14,11,4.509860006183766,1.2727272727272727
1194,intraperiton,14,14,4.268697949366879,1.0
1195,knockout,14,9,4.710530701645918,1.5555555555555556
1196,lesion,14,5,5.298317366548036,2.8
1197,locat,14,13,4.3428059215206005,1.0769230769230769
1198,mark,14,14,4.268697949366879,1.0
1199,market,14,13,4.3428059215206005,1.0769230769230769
1200,meta-analyses,14,14,4.268697949366879,1.0
1201,minut,14,8,4.8283137373023015,1.75
1202,mmol,14,8,4.8283137373023015,1.75
1203,mtor,14,8,4.8283137373023015,1.75
1204,nd,14,4,5.521460917862246,3.5
1205,network,14,13,4.3428059215206005,1.0769230769230769
1206,neuroinflamm,14,13,4.3428059215206005,1.0769230769230769
1207,odd,14,10,4.605170185988092,1.4
1208,older,14,9,4.710530701645918,1.5555555555555556
1209,opportun,14,13,4.3428059215206005,1.0769230769230769
1210,oxygen,14,9,4.710530701645918,1.5555555555555556
1211,past,14,14,4.268697949366879,1.0
1212,patholog,14,13,4.3428059215206005,1.0769230769230769
1213,pharmaceut,14,14,4.268697949366879,1.0
1214,poorli,14,13,4.3428059215206005,1.0769230769230769
1215,predict,14,12,4.422848629194137,1.1666666666666667
1216,propens,14,13,4.3428059215206005,1.0769230769230769
1217,prostat,14,3,5.809142990314028,4.666666666666667
1218,readmiss,14,6,5.115995809754082,2.3333333333333335
1219,repeat,14,9,4.710530701645918,1.5555555555555556
1220,rhythm,14,7,4.961845129926823,2.0
1221,scopu,14,14,4.268697949366879,1.0
1222,solut,14,11,4.509860006183766,1.2727272727272727
1223,substitut,14,11,4.509860006183766,1.2727272727272727
1224,sud,14,3,5.809142990314028,4.666666666666667
1225,synthet,14,13,4.3428059215206005,1.0769230769230769
1226,technologi,14,10,4.605170185988092,1.4
1227,upregul,14,14,4.268697949366879,1.0
1228,valuabl,14,14,4.268697949366879,1.0
1229,variant,14,8,4.8283137373023015,1.75
1230,web,14,14,4.268697949366879,1.0
1231,young,14,13,4.3428059215206005,1.0769230769230769
1232,akt,13,8,4.8283137373023015,1.625
1233,anorexigen,13,11,4.509860006183766,1.1818181818181819
1234,antioxid,13,9,4.710530701645918,1.4444444444444444
1235,apnea,13,13,4.3428059215206005,1.0
1236,bowel,13,11,4.509860006183766,1.1818181818181819
1237,capac,13,13,4.3428059215206005,1.0
1238,cfrd,13,2,6.214608098422191,6.5
1239,chromatographi,13,10,4.605170185988092,1.3
1240,circadian,13,4,5.521460917862246,3.25
1241,cleavag,13,12,4.422848629194137,1.0833333333333333
1242,concomit,13,13,4.3428059215206005,1.0
1243,confid,13,12,4.422848629194137,1.0833333333333333
1244,convertas,13,9,4.710530701645918,1.4444444444444444
1245,cvot,13,8,4.8283137373023015,1.625
1246,deliv,13,12,4.422848629194137,1.0833333333333333
1247,dementia,13,7,4.961845129926823,1.8571428571428572
1248,dio,13,8,4.8283137373023015,1.625
1249,dose-dependent,13,12,4.422848629194137,1.0833333333333333
1250,dpp-iv,13,7,4.961845129926823,1.8571428571428572
1251,epitheli,13,10,4.605170185988092,1.3
1252,et,13,11,4.509860006183766,1.1818181818181819
1253,exocytosi,13,7,4.961845129926823,1.8571428571428572
1254,fragment,13,13,4.3428059215206005,1.0
1255,framework,13,12,4.422848629194137,1.0833333333333333
1256,gcgr,13,6,5.115995809754082,2.1666666666666665
1257,glucagon-like-peptide-1,13,13,4.3428059215206005,1.0
1258,glycat,13,12,4.422848629194137,1.0833333333333333
1259,great,13,11,4.509860006183766,1.1818181818181819
1260,grk,13,2,6.214608098422191,6.5
1261,hold,13,13,4.3428059215206005,1.0
1262,hypertrophi,13,6,5.115995809754082,2.1666666666666665
1263,indirectli,13,13,4.3428059215206005,1.0
1264,insl,13,1,6.907755278982137,13.0
1265,j,13,12,4.422848629194137,1.0833333333333333
1266,learn,13,9,4.710530701645918,1.4444444444444444
1267,light,13,13,4.3428059215206005,1.0
1268,match,13,9,4.710530701645918,1.4444444444444444
1269,moder,13,12,4.422848629194137,1.0833333333333333
1270,must,13,13,4.3428059215206005,1.0
1271,neurotransmitt,13,11,4.509860006183766,1.1818181818181819
1272,next,13,13,4.3428059215206005,1.0
1273,nutrit,13,13,4.3428059215206005,1.0
1274,obesity-related,13,11,4.509860006183766,1.1818181818181819
1275,ocular,13,5,5.298317366548036,2.6
1276,opioid,13,6,5.115995809754082,2.1666666666666665
1277,ovari,13,10,4.605170185988092,1.3
1278,paradigm,13,13,4.3428059215206005,1.0
1279,pathologi,13,13,4.3428059215206005,1.0
1280,pharmacologi,13,13,4.3428059215206005,1.0
1281,precursor,13,13,4.3428059215206005,1.0
1282,probabl,13,12,4.422848629194137,1.0833333333333333
1283,protein-coupled,13,12,4.422848629194137,1.0833333333333333
1284,rational,13,12,4.422848629194137,1.0833333333333333
1285,repair,13,7,4.961845129926823,1.8571428571428572
1286,retinopathi,13,9,4.710530701645918,1.4444444444444444
1287,sens,13,12,4.422848629194137,1.0833333333333333
1288,serotonin,13,4,5.521460917862246,3.25
1289,skelet,13,10,4.605170185988092,1.3
1290,small-molecule,13,9,4.710530701645918,1.4444444444444444
1291,spinal,13,5,5.298317366548036,2.6
1292,stabl,13,13,4.3428059215206005,1.0
1293,statist,13,11,4.509860006183766,1.1818181818181819
1294,steatosi,13,9,4.710530701645918,1.4444444444444444
1295,substrat,13,11,4.509860006183766,1.1818181818181819
1296,topic,13,12,4.422848629194137,1.0833333333333333
1297,transplant,13,7,4.961845129926823,1.8571428571428572
1298,tripl,13,11,4.509860006183766,1.1818181818181819
1299,turn,13,12,4.422848629194137,1.0833333333333333
1300,vein,13,7,4.961845129926823,1.8571428571428572
1301,viscer,13,11,4.509860006183766,1.1818181818181819
1302,visual,13,9,4.710530701645918,1.4444444444444444
1303,woman,13,13,4.3428059215206005,1.0
1304,accord,12,12,4.422848629194137,1.0
1305,amyloid,12,9,4.710530701645918,1.3333333333333333
1306,ascophyllan,12,1,6.907755278982137,12.0
1307,bed,12,4,5.521460917862246,3.0
1308,behind,12,11,4.509860006183766,1.0909090909090908
1309,biosynthesi,12,10,4.605170185988092,1.2
1310,bp,12,4,5.521460917862246,3.0
1311,carri,12,12,4.422848629194137,1.0
1312,cart,12,2,6.214608098422191,6.0
1313,cd,12,8,4.8283137373023015,1.5
1314,coliti,12,3,5.809142990314028,4.0
1315,constitut,12,12,4.422848629194137,1.0
1316,cotransport,12,12,4.422848629194137,1.0
1317,cotransporter-2,12,12,4.422848629194137,1.0
1318,death,12,10,4.605170185988092,1.2
1319,deficit,12,11,4.509860006183766,1.0909090909090908
1320,demand,12,11,4.509860006183766,1.0909090909090908
1321,diabetes-related,12,9,4.710530701645918,1.3333333333333333
1322,drink,12,7,4.961845129926823,1.7142857142857142
1323,durabl,12,11,4.509860006183766,1.0909090909090908
1324,dysfunction-associated,12,10,4.605170185988092,1.2
1325,ed,12,4,5.521460917862246,3.0
1326,encod,12,12,4.422848629194137,1.0
1327,endoscop,12,6,5.115995809754082,2.0
1328,f,12,7,4.961845129926823,1.7142857142857142
1329,face,12,12,4.422848629194137,1.0
1330,follow-up,12,12,4.422848629194137,1.0
1331,g-protein,12,11,4.509860006183766,1.0909090909090908
1332,gk,12,3,5.809142990314028,4.0
1333,healthcar,12,12,4.422848629194137,1.0
1334,henc,12,11,4.509860006183766,1.0909090909090908
1335,hfpef,12,3,5.809142990314028,4.0
1336,ibd,12,5,5.298317366548036,2.4
1337,icv,12,5,5.298317366548036,2.4
1338,ih,12,2,6.214608098422191,6.0
1339,lactat,12,5,5.298317366548036,2.4
1340,large-scale,12,12,4.422848629194137,1.0
1341,larger,12,12,4.422848629194137,1.0
1342,left,12,10,4.605170185988092,1.2
1343,longer,12,11,4.509860006183766,1.0909090909090908
1344,microbiom,12,9,4.710530701645918,1.3333333333333333
1345,mir-27a,12,1,6.907755278982137,12.0
1346,modal,12,11,4.509860006183766,1.0909090909090908
1347,mode,12,11,4.509860006183766,1.0909090909090908
1348,name,12,12,4.422848629194137,1.0
1349,ng,12,8,4.8283137373023015,1.5
1350,nondiabet,12,8,4.8283137373023015,1.5
1351,organoid,12,4,5.521460917862246,3.0
1352,output,12,10,4.605170185988092,1.2
1353,periodont,12,3,5.809142990314028,4.0
1354,pivot,12,12,4.422848629194137,1.0
1355,pmol,12,5,5.298317366548036,2.4
1356,popular,12,11,4.509860006183766,1.0909090909090908
1357,ppar,12,3,5.809142990314028,4.0
1358,prisma,12,12,4.422848629194137,1.0
1359,probe,12,9,4.710530701645918,1.3333333333333333
1360,proport,12,11,4.509860006183766,1.0909090909090908
1361,proxim,12,11,4.509860006183766,1.0909090909090908
1362,put,12,12,4.422848629194137,1.0
1363,regain,12,10,4.605170185988092,1.2
1364,retin,12,6,5.115995809754082,2.0
1365,simultan,12,12,4.422848629194137,1.0
1366,situ,12,9,4.710530701645918,1.3333333333333333
1367,steatot,12,11,4.509860006183766,1.0909090909090908
1368,taken,12,12,4.422848629194137,1.0
1369,termin,12,7,4.961845129926823,1.7142857142857142
1370,throughout,12,12,4.422848629194137,1.0
1371,tiab,12,1,6.907755278982137,12.0
1372,tlr,12,1,6.907755278982137,12.0
1373,unlik,12,12,4.422848629194137,1.0
1374,vital,12,12,4.422848629194137,1.0
1375,ablat,11,7,4.961845129926823,1.5714285714285714
1376,account,11,11,4.509860006183766,1.0
1377,adolesc,11,7,4.961845129926823,1.5714285714285714
1378,adopt,11,11,4.509860006183766,1.0
1379,affer,11,10,4.605170185988092,1.1
1380,aid,11,11,4.509860006183766,1.0
1381,all-cause,11,6,5.115995809754082,1.8333333333333333
1382,ar,11,2,6.214608098422191,5.5
1383,asud,11,3,5.809142990314028,3.6666666666666665
1384,attempt,11,11,4.509860006183766,1.0
1385,autoimmun,11,8,4.8283137373023015,1.375
1386,avoid,11,10,4.605170185988092,1.1
1387,basic,11,11,4.509860006183766,1.0
1388,besid,11,11,4.509860006183766,1.0
1389,bioavail,11,11,4.509860006183766,1.0
1390,biochem,11,11,4.509860006183766,1.0
1391,c-peptide,11,6,5.115995809754082,1.8333333333333333
1392,categori,11,8,4.8283137373023015,1.375
1393,causal,11,10,4.605170185988092,1.1
1394,commun,11,9,4.710530701645918,1.2222222222222223
1395,complementari,11,11,4.509860006183766,1.0
1396,compromis,11,11,4.509860006183766,1.0
1397,confer,11,11,4.509860006183766,1.0
1398,cornerston,11,11,4.509860006183766,1.0
1399,cortex,11,7,4.961845129926823,1.5714285714285714
1400,degre,11,11,4.509860006183766,1.0
1401,depolar,11,9,4.710530701645918,1.2222222222222223
1402,diagnosi,11,11,4.509860006183766,1.0
1403,dopamin,11,8,4.8283137373023015,1.375
1404,downregul,11,9,4.710530701645918,1.2222222222222223
1405,dramat,11,11,4.509860006183766,1.0
1406,driven,11,11,4.509860006183766,1.0
1407,dyslipidemia,11,7,4.961845129926823,1.5714285714285714
1408,eight,11,11,4.509860006183766,1.0
1409,eject,11,9,4.710530701645918,1.2222222222222223
1410,elicit,11,11,4.509860006183766,1.0
1411,endpoint,11,11,4.509860006183766,1.0
1412,epithelium,11,10,4.605170185988092,1.1
1413,error,11,5,5.298317366548036,2.2
1414,european,11,11,4.509860006183766,1.0
1415,exact,11,11,4.509860006183766,1.0
1416,faer,11,5,5.298317366548036,2.2
1417,flow,11,10,4.605170185988092,1.1
1418,full,11,11,4.509860006183766,1.0
1419,gland,11,8,4.8283137373023015,1.375
1420,glp-1-producing,11,6,5.115995809754082,1.8333333333333333
1421,glp-1s,11,5,5.298317366548036,2.2
1422,greatli,11,10,4.605170185988092,1.1
1423,hair,11,2,6.214608098422191,5.5
1424,high-quality,11,10,4.605170185988092,1.1
1425,identif,11,11,4.509860006183766,1.0
1426,immunohistochem,11,10,4.605170185988092,1.1
1427,inadequ,11,11,4.509860006183766,1.0
1428,incomplet,11,11,4.509860006183766,1.0
1429,iqr,11,4,5.521460917862246,2.75
1430,ketoacidosi,11,3,5.809142990314028,3.6666666666666665
1431,knockdown,11,7,4.961845129926823,1.5714285714285714
1432,label,11,9,4.710530701645918,1.2222222222222223
1433,mace,11,9,4.710530701645918,1.2222222222222223
1434,macrophag,11,6,5.115995809754082,1.8333333333333333
1435,malign,11,7,4.961845129926823,1.5714285714285714
1436,md,11,5,5.298317366548036,2.2
1437,mi,11,6,5.115995809754082,1.8333333333333333
1438,much,11,9,4.710530701645918,1.2222222222222223
1439,nci-h716,11,9,4.710530701645918,1.2222222222222223
1440,neither,11,10,4.605170185988092,1.1
1441,neuropeptid,11,11,4.509860006183766,1.0
1442,neurotroph,11,6,5.115995809754082,1.8333333333333333
1443,nf,11,6,5.115995809754082,1.8333333333333333
1444,nor,11,11,4.509860006183766,1.0
1445,ogtt,11,7,4.961845129926823,1.5714285714285714
1446,onset,11,11,4.509860006183766,1.0
1447,ophthalm,11,4,5.521460917862246,2.75
1448,overcom,11,11,4.509860006183766,1.0
1449,oxyntomodulin,11,8,4.8283137373023015,1.375
1450,pge,11,1,6.907755278982137,11.0
1451,ph,11,4,5.521460917862246,2.75
1452,physic,11,7,4.961845129926823,1.5714285714285714
1453,physician,11,11,4.509860006183766,1.0
1454,point,11,10,4.605170185988092,1.1
1455,polycyst,11,11,4.509860006183766,1.0
1456,poor,11,10,4.605170185988092,1.1
1457,pph,11,3,5.809142990314028,3.6666666666666665
1458,proteas,11,8,4.8283137373023015,1.375
1459,protract,11,3,5.809142990314028,3.6666666666666665
1460,purifi,11,9,4.710530701645918,1.2222222222222223
1461,recurr,11,7,4.961845129926823,1.5714285714285714
1462,regardless,11,11,4.509860006183766,1.0
1463,revis,11,7,4.961845129926823,1.5714285714285714
1464,rice,11,3,5.809142990314028,3.6666666666666665
1465,share,11,11,4.509860006183766,1.0
1466,skin,11,8,4.8283137373023015,1.375
1467,social,11,7,4.961845129926823,1.5714285714285714
1468,spine,11,2,6.214608098422191,5.5
1469,stimuli,11,8,4.8283137373023015,1.375
1470,subgroup,11,8,4.8283137373023015,1.375
1471,suffici,11,11,4.509860006183766,1.0
1472,sulfonylurea,11,8,4.8283137373023015,1.375
1473,surfac,11,11,4.509860006183766,1.0
1474,suscept,11,10,4.605170185988092,1.1
1475,symptomat,11,8,4.8283137373023015,1.375
1476,temperatur,11,5,5.298317366548036,2.2
1477,torpor,11,1,6.907755278982137,11.0
1478,traffick,11,5,5.298317366548036,2.2
1479,trend,11,9,4.710530701645918,1.2222222222222223
1480,uncertain,11,10,4.605170185988092,1.1
1481,underw,11,10,4.605170185988092,1.1
1482,until,11,11,4.509860006183766,1.0
1483,urgent,11,11,4.509860006183766,1.0
1484,user,11,9,4.710530701645918,1.2222222222222223
1485,vagu,11,8,4.8283137373023015,1.375
1486,val,11,3,5.809142990314028,3.6666666666666665
1487,van,11,2,6.214608098422191,5.5
1488,vehicl,11,9,4.710530701645918,1.2222222222222223
1489,viabil,11,9,4.710530701645918,1.2222222222222223
1490,view,11,11,4.509860006183766,1.0
1491,wt,11,5,5.298317366548036,2.2
1492,abund,10,9,4.710530701645918,1.1111111111111112
1493,acceler,10,9,4.710530701645918,1.1111111111111112
1494,acn,10,2,6.214608098422191,5.0
1495,adapt,10,9,4.710530701645918,1.1111111111111112
1496,adequ,10,9,4.710530701645918,1.1111111111111112
1497,american,10,7,4.961845129926823,1.4285714285714286
1498,anoth,10,10,4.605170185988092,1.0
1499,anterior,10,10,4.605170185988092,1.0
1500,arginin,10,5,5.298317366548036,2.0
1501,asian,10,3,5.809142990314028,3.3333333333333335
1502,blunt,10,9,4.710530701645918,1.1111111111111112
1503,cad,10,3,5.809142990314028,3.3333333333333335
1504,calor,10,4,5.521460917862246,2.5
1505,car,10,1,6.907755278982137,10.0
1506,center,10,9,4.710530701645918,1.1111111111111112
1507,choic,10,10,4.605170185988092,1.0
1508,classic,10,8,4.8283137373023015,1.25
1509,clock,10,2,6.214608098422191,5.0
1510,code,10,6,5.115995809754082,1.6666666666666667
1511,concurr,10,10,4.605170185988092,1.0
1512,count,10,3,5.809142990314028,3.3333333333333335
1513,cours,10,10,4.605170185988092,1.0
1514,covid-19,10,3,5.809142990314028,3.3333333333333335
1515,ct,10,3,5.809142990314028,3.3333333333333335
1516,curv,10,8,4.8283137373023015,1.25
1517,cycl,10,7,4.961845129926823,1.4285714285714286
1518,depot,10,6,5.115995809754082,1.6666666666666667
1519,disproportion,10,5,5.298317366548036,2.0
1520,disturb,10,10,4.605170185988092,1.0
1521,dkd,10,3,5.809142990314028,3.3333333333333335
1522,dorsal,10,6,5.115995809754082,1.6666666666666667
1523,electron,10,10,4.605170185988092,1.0
1524,elimin,10,10,4.605170185988092,1.0
1525,emphasi,10,10,4.605170185988092,1.0
1526,enzymat,10,10,4.605170185988092,1.0
1527,ew,10,1,6.907755278982137,10.0
1528,experienc,10,9,4.710530701645918,1.1111111111111112
1529,ey,10,5,5.298317366548036,2.0
1530,feedback,10,6,5.115995809754082,1.6666666666666667
1531,glargin,10,7,4.961845129926823,1.4285714285714286
1532,glucotox,10,5,5.298317366548036,2.0
1533,googl,10,10,4.605170185988092,1.0
1534,high-risk,10,9,4.710530701645918,1.1111111111111112
1535,hippocampu,10,7,4.961845129926823,1.4285714285714286
1536,hydrophob,10,5,5.298317366548036,2.0
1537,iapp,10,1,6.907755278982137,10.0
1538,iih,10,2,6.214608098422191,5.0
1539,ill,10,7,4.961845129926823,1.4285714285714286
1540,immunofluoresc,10,9,4.710530701645918,1.1111111111111112
1541,insulinoma,10,6,5.115995809754082,1.6666666666666667
1542,intens,10,10,4.605170185988092,1.0
1543,interestingli,10,10,4.605170185988092,1.0
1544,intracerebroventricular,10,10,4.605170185988092,1.0
1545,laminarin,10,1,6.907755278982137,10.0
1546,latest,10,10,4.605170185988092,1.0
1547,lose,10,10,4.605170185988092,1.0
1548,man,10,9,4.710530701645918,1.1111111111111112
1549,map,10,8,4.8283137373023015,1.25
1550,mash,10,4,5.521460917862246,2.5
1551,matrix,10,6,5.115995809754082,1.6666666666666667
1552,meet,10,10,4.605170185988092,1.0
1553,met,10,10,4.605170185988092,1.0
1554,methodolog,10,7,4.961845129926823,1.4285714285714286
1555,microbi,10,6,5.115995809754082,1.6666666666666667
1556,mixtur,10,4,5.521460917862246,2.5
1557,monophosph,10,10,4.605170185988092,1.0
1558,mucos,10,5,5.298317366548036,2.0
1559,multifactori,10,10,4.605170185988092,1.0
1560,n-terminus,10,7,4.961845129926823,1.4285714285714286
1561,na,10,6,5.115995809754082,1.6666666666666667
1562,nacc,10,1,6.907755278982137,10.0
1563,neuropathi,10,8,4.8283137373023015,1.25
1564,note,10,10,4.605170185988092,1.0
1565,oea,10,1,6.907755278982137,10.0
1566,olfactori,10,5,5.298317366548036,2.0
1567,partli,10,9,4.710530701645918,1.1111111111111112
1568,patent,10,4,5.521460917862246,2.5
1569,phenomenon,10,9,4.710530701645918,1.1111111111111112
1570,plu,10,8,4.8283137373023015,1.25
1571,pose,10,10,4.605170185988092,1.0
1572,postsynapt,10,5,5.298317366548036,2.0
1573,pro-inflammatory,10,9,4.710530701645918,1.1111111111111112
1574,procyanidin,10,5,5.298317366548036,2.0
1575,profound,10,10,4.605170185988092,1.0
1576,quantifi,10,10,4.605170185988092,1.0
1577,reactiv,10,8,4.8283137373023015,1.25
1578,rebaudiosid,10,2,6.214608098422191,5.0
1579,reflect,10,9,4.710530701645918,1.1111111111111112
1580,reperfus,10,8,4.8283137373023015,1.25
1581,resolut,10,7,4.961845129926823,1.4285714285714286
1582,roux-en-y,10,10,4.605170185988092,1.0
1583,s-equol,10,1,6.907755278982137,10.0
1584,salin,10,7,4.961845129926823,1.4285714285714286
1585,secondari,10,8,4.8283137373023015,1.25
1586,seek,10,9,4.710530701645918,1.1111111111111112
1587,simul,10,8,4.8283137373023015,1.25
1588,societi,10,7,4.961845129926823,1.4285714285714286
1589,solitari,10,10,4.605170185988092,1.0
1590,special,10,10,4.605170185988092,1.0
1591,stem,10,10,4.605170185988092,1.0
1592,successfulli,10,10,4.605170185988092,1.0
1593,supplement,10,5,5.298317366548036,2.0
1594,transcriptom,10,8,4.8283137373023015,1.25
1595,unmet,10,8,4.8283137373023015,1.25
1596,vat,10,2,6.214608098422191,5.0
1597,ventral,10,5,5.298317366548036,2.0
1598,vitamin,10,3,5.809142990314028,3.3333333333333335
1599,wound,10,5,5.298317366548036,2.0
1600,adropin,9,1,6.907755278982137,9.0
1601,algorithm,9,8,4.8283137373023015,1.125
1602,arthroplasti,9,3,5.809142990314028,3.0
1603,awar,9,9,4.710530701645918,1.0
1604,blood-brain,9,6,5.115995809754082,1.5
1605,broad,9,9,4.710530701645918,1.0
1606,calcul,9,9,4.710530701645918,1.0
1607,cardioren,9,9,4.710530701645918,1.0
1608,cecal,9,6,5.115995809754082,1.5
1609,chemerin,9,1,6.907755278982137,9.0
1610,chicken,9,3,5.809142990314028,3.0
1611,clpr,9,2,6.214608098422191,4.5
1612,compris,9,9,4.710530701645918,1.0
1613,correspond,9,9,4.710530701645918,1.0
1614,crh,9,2,6.214608098422191,4.5
1615,decision-making,9,9,4.710530701645918,1.0
1616,defect,9,8,4.8283137373023015,1.125
1617,dg,9,2,6.214608098422191,4.5
1618,diminish,9,9,4.710530701645918,1.0
1619,elig,9,9,4.710530701645918,1.0
1620,enzyme-linked,9,9,4.710530701645918,1.0
1621,epidem,9,9,4.710530701645918,1.0
1622,equal,9,6,5.115995809754082,1.5
1623,estrogen,9,3,5.809142990314028,3.0
1624,exclus,9,8,4.8283137373023015,1.125
1625,extent,9,9,4.710530701645918,1.0
1626,fo,9,2,6.214608098422191,4.5
1627,genistein,9,1,6.907755278982137,9.0
1628,glp-1-ras,9,2,6.214608098422191,4.5
1629,half,9,9,4.710530701645918,1.0
1630,heal,9,6,5.115995809754082,1.5
1631,hepatosteatosi,9,1,6.907755278982137,9.0
1632,hindbrain,9,6,5.115995809754082,1.5
1633,hunger,9,5,5.298317366548036,1.8
1634,immunosorb,9,9,4.710530701645918,1.0
1635,insuffici,9,9,4.710530701645918,1.0
1636,interpret,9,9,4.710530701645918,1.0
1637,kcnq,9,1,6.907755278982137,9.0
1638,kglp-1,9,2,6.214608098422191,4.5
1639,layer,9,6,5.115995809754082,1.5
1640,lipotox,9,6,5.115995809754082,1.5
1641,lymphocyt,9,5,5.298317366548036,1.8
1642,manifest,9,9,4.710530701645918,1.0
1643,medium,9,6,5.115995809754082,1.5
1644,mental,9,6,5.115995809754082,1.5
1645,mimick,9,8,4.8283137373023015,1.125
1646,modest,9,9,4.710530701645918,1.0
1647,myricetin,9,1,6.907755278982137,9.0
1648,necess,9,9,4.710530701645918,1.0
1649,newer,9,9,4.710530701645918,1.0
1650,oil,9,6,5.115995809754082,1.5
1651,once-weekly,9,9,4.710530701645918,1.0
1652,optic,9,7,4.961845129926823,1.2857142857142858
1653,pander,9,1,6.907755278982137,9.0
1654,paracrin,9,7,4.961845129926823,1.2857142857142858
1655,penetr,9,5,5.298317366548036,1.8
1656,percept,9,6,5.115995809754082,1.5
1657,pi,9,6,5.115995809754082,1.5
1658,postrema,9,4,5.521460917862246,2.25
1659,precis,9,9,4.710530701645918,1.0
1660,preferenti,9,8,4.8283137373023015,1.125
1661,prohormon,9,8,4.8283137373023015,1.125
1662,real-time,9,9,4.710530701645918,1.0
1663,regress,9,8,4.8283137373023015,1.125
1664,remark,9,9,4.710530701645918,1.0
1665,remiss,9,6,5.115995809754082,1.5
1666,remodel,9,7,4.961845129926823,1.2857142857142858
1667,retain,9,9,4.710530701645918,1.0
1668,rout,9,6,5.115995809754082,1.5
1669,sad-a,9,1,6.907755278982137,9.0
1670,segment,9,5,5.298317366548036,1.8
1671,servic,9,5,5.298317366548036,1.8
1672,sglt-2,9,4,5.521460917862246,2.25
1673,sham,9,5,5.298317366548036,1.8
1674,short-term,9,8,4.8283137373023015,1.125
1675,simpl,9,8,4.8283137373023015,1.125
1676,spectrum,9,9,4.710530701645918,1.0
1677,step,9,8,4.8283137373023015,1.125
1678,stimulatori,9,8,4.8283137373023015,1.125
1679,suitabl,9,8,4.8283137373023015,1.125
1680,titrat,9,8,4.8283137373023015,1.125
1681,tm,9,4,5.521460917862246,2.25
1682,unimolecular,9,8,4.8283137373023015,1.125
1683,usag,9,9,4.710530701645918,1.0
1684,variat,9,7,4.961845129926823,1.2857142857142858
1685,varieti,9,9,4.710530701645918,1.0
1686,venou,9,7,4.961845129926823,1.2857142857142858
1687,vessel,9,5,5.298317366548036,1.8
1688,vsg,9,1,6.907755278982137,9.0
1689,well-established,9,9,4.710530701645918,1.0
1690,whilst,9,8,4.8283137373023015,1.125
1691,xglp,9,2,6.214608098422191,4.5
1692,acarbos,8,4,5.521460917862246,2.0
1693,af,8,3,5.809142990314028,2.6666666666666665
1694,ago,8,8,4.8283137373023015,1.0
1695,alanin,8,6,5.115995809754082,1.3333333333333333
1696,almost,8,7,4.961845129926823,1.1428571428571428
1697,alongsid,8,8,4.8283137373023015,1.0
1698,amp-activated,8,8,4.8283137373023015,1.0
1699,amylin,8,5,5.298317366548036,1.6
1700,anorect,8,7,4.961845129926823,1.1428571428571428
1701,antagon,8,7,4.961845129926823,1.1428571428571428
1702,ap,8,4,5.521460917862246,2.0
1703,apd,8,2,6.214608098422191,4.0
1704,aris,8,8,4.8283137373023015,1.0
1705,arrestin,8,7,4.961845129926823,1.1428571428571428
1706,astrocyt,8,3,5.809142990314028,2.6666666666666665
1707,c-fos,8,5,5.298317366548036,1.6
1708,c-terminal,8,8,4.8283137373023015,1.0
1709,call,8,8,4.8283137373023015,1.0
1710,cannot,8,8,4.8283137373023015,1.0
1711,cardiomyocyt,8,4,5.521460917862246,2.0
1712,cardiomyopathi,8,5,5.298317366548036,1.6
1713,caregiv,8,1,6.907755278982137,8.0
1714,carrier,8,6,5.115995809754082,1.3333333333333333
1715,casein,8,4,5.521460917862246,2.0
1716,cessat,8,5,5.298317366548036,1.6
1717,characteris,8,7,4.961845129926823,1.1428571428571428
1718,co-administration,8,6,5.115995809754082,1.3333333333333333
1719,co-agonists,8,6,5.115995809754082,1.3333333333333333
1720,contracept,8,3,5.809142990314028,2.6666666666666665
1721,converg,8,8,4.8283137373023015,1.0
1722,core,8,8,4.8283137373023015,1.0
1723,cortic,8,4,5.521460917862246,2.0
1724,creb,8,4,5.521460917862246,2.0
1725,decis,8,7,4.961845129926823,1.1428571428571428
1726,delet,8,4,5.521460917862246,2.0
1727,demograph,8,8,4.8283137373023015,1.0
1728,deposit,8,7,4.961845129926823,1.1428571428571428
1729,dermatolog,8,3,5.809142990314028,2.6666666666666665
1730,desmopressin,8,1,6.907755278982137,8.0
1731,dock,8,7,4.961845129926823,1.1428571428571428
1732,dose-dependently,8,7,4.961845129926823,1.1428571428571428
1733,drive,8,8,4.8283137373023015,1.0
1734,effector,8,7,4.961845129926823,1.1428571428571428
1735,element,8,7,4.961845129926823,1.1428571428571428
1736,encount,8,7,4.961845129926823,1.1428571428571428
1737,encourag,8,8,4.8283137373023015,1.0
1738,endoplasm,8,8,4.8283137373023015,1.0
1739,epidemiolog,8,8,4.8283137373023015,1.0
1740,epilepsi,8,3,5.809142990314028,2.6666666666666665
1741,episod,8,6,5.115995809754082,1.3333333333333333
1742,escal,8,7,4.961845129926823,1.1428571428571428
1743,excel,8,8,4.8283137373023015,1.0
1744,expans,8,8,4.8283137373023015,1.0
1745,exploit,8,8,4.8283137373023015,1.0
1746,fact,8,8,4.8283137373023015,1.0
1747,ffa,8,3,5.809142990314028,2.6666666666666665
1748,fluid,8,8,4.8283137373023015,1.0
1749,g-protein-coupled,8,8,4.8283137373023015,1.0
1750,glp-1-positive,8,4,5.521460917862246,2.0
1751,glp-1-ra,8,2,6.214608098422191,4.0
1752,glp-1-receptor,8,4,5.521460917862246,2.0
1753,glucose-induced,8,8,4.8283137373023015,1.0
1754,glycaemia,8,8,4.8283137373023015,1.0
1755,glycolysi,8,5,5.298317366548036,1.6
1756,gut-brain,8,6,5.115995809754082,1.3333333333333333
1757,helic,8,6,5.115995809754082,1.3333333333333333
1758,iglarlixi,8,2,6.214608098422191,4.0
1759,incept,8,8,4.8283137373023015,1.0
1760,inconsist,8,8,4.8283137373023015,1.0
1761,instead,8,8,4.8283137373023015,1.0
1762,januari,8,8,4.8283137373023015,1.0
1763,late,8,5,5.298317366548036,1.6
1764,lipoprotein,8,4,5.521460917862246,2.0
1765,lost,8,7,4.961845129926823,1.1428571428571428
1766,lp,8,3,5.809142990314028,2.6666666666666665
1767,lymphedema,8,1,6.907755278982137,8.0
1768,malabsorpt,8,6,5.115995809754082,1.3333333333333333
1769,mammalian,8,6,5.115995809754082,1.3333333333333333
1770,maxim,8,8,4.8283137373023015,1.0
1771,mdl,8,2,6.214608098422191,4.0
1772,mglp-1,8,1,6.907755278982137,8.0
1773,microvascular,8,7,4.961845129926823,1.1428571428571428
1774,mm,8,6,5.115995809754082,1.3333333333333333
1775,mr,8,2,6.214608098422191,4.0
1776,mucosa,8,7,4.961845129926823,1.1428571428571428
1777,multifacet,8,8,4.8283137373023015,1.0
1778,mutagenesi,8,5,5.298317366548036,1.6
1779,nav,8,1,6.907755278982137,8.0
1780,nearli,8,8,4.8283137373023015,1.0
1781,nitric,8,7,4.961845129926823,1.1428571428571428
1782,nmu,8,1,6.907755278982137,8.0
1783,normoglycemia,8,3,5.809142990314028,2.6666666666666665
1784,nuclei,8,6,5.115995809754082,1.3333333333333333
1785,nutrient-induced,8,5,5.298317366548036,1.6
1786,occlus,8,6,5.115995809754082,1.3333333333333333
1787,oppos,8,8,4.8283137373023015,1.0
1788,ow,8,8,4.8283137373023015,1.0
1789,pam,8,4,5.521460917862246,2.0
1790,pbh,8,2,6.214608098422191,4.0
1791,plastic,8,7,4.961845129926823,1.1428571428571428
1792,pool,8,8,4.8283137373023015,1.0
1793,promin,8,8,4.8283137373023015,1.0
1794,recognit,8,8,4.8283137373023015,1.0
1795,reinforc,8,7,4.961845129926823,1.1428571428571428
1796,relax,8,3,5.809142990314028,2.6666666666666665
1797,replac,8,8,4.8283137373023015,1.0
1798,reticulum,8,8,4.8283137373023015,1.0
1799,rna-seq,8,5,5.298317366548036,1.6
1800,rr,8,4,5.521460917862246,2.0
1801,scholar,8,8,4.8283137373023015,1.0
1802,scientif,8,8,4.8283137373023015,1.0
1803,section,8,7,4.961845129926823,1.1428571428571428
1804,sought,8,8,4.8283137373023015,1.0
1805,steatohepat,8,7,4.961845129926823,1.1428571428571428
1806,suppli,8,4,5.521460917862246,2.0
1807,surround,8,8,4.8283137373023015,1.0
1808,survei,8,3,5.809142990314028,2.6666666666666665
1809,swallow,8,1,6.907755278982137,8.0
1810,ta,8,1,6.907755278982137,8.0
1811,tempor,8,7,4.961845129926823,1.1428571428571428
1812,tend,8,8,4.8283137373023015,1.0
1813,tomographi,8,6,5.115995809754082,1.3333333333333333
1814,transgen,8,7,4.961845129926823,1.1428571428571428
1815,transmembran,8,8,4.8283137373023015,1.0
1816,triglycerid,8,8,4.8283137373023015,1.0
1817,trinetx,8,8,4.8283137373023015,1.0
1818,ultim,8,8,4.8283137373023015,1.0
1819,ultrasound,8,7,4.961845129926823,1.1428571428571428
1820,underpin,8,8,4.8283137373023015,1.0
1821,vasodilatori,8,5,5.298317366548036,1.6
1822,verifi,8,8,4.8283137373023015,1.0
1823,accept,7,7,4.961845129926823,1.0
1824,acetylcholin,7,6,5.115995809754082,1.1666666666666667
1825,adenyl,7,6,5.115995809754082,1.1666666666666667
1826,ae,7,2,6.214608098422191,3.5
1827,agopam,7,1,6.907755278982137,7.0
1828,anti-apoptotic,7,7,4.961845129926823,1.0
1829,anti-hyperglycemic,7,6,5.115995809754082,1.1666666666666667
1830,anticip,7,7,4.961845129926823,1.0
1831,antiobes,7,6,5.115995809754082,1.1666666666666667
1832,aorta,7,3,5.809142990314028,2.3333333333333335
1833,app,7,3,5.809142990314028,2.3333333333333335
1834,arc,7,2,6.214608098422191,3.5
1835,atrophi,7,3,5.809142990314028,2.3333333333333335
1836,believ,7,7,4.961845129926823,1.0
1837,ber,7,3,5.809142990314028,2.3333333333333335
1838,beta-cells,7,5,5.298317366548036,1.4
1839,bodyweight,7,5,5.298317366548036,1.4
1840,buffer,7,6,5.115995809754082,1.1666666666666667
1841,canon,7,6,5.115995809754082,1.1666666666666667
1842,cck-8,7,5,5.298317366548036,1.4
1843,cell-specific,7,5,5.298317366548036,1.4
1844,cerebellar,7,1,6.907755278982137,7.0
1845,chemistri,7,7,4.961845129926823,1.0
1846,chines,7,4,5.521460917862246,1.75
1847,coli,7,6,5.115995809754082,1.1666666666666667
1848,complement,7,7,4.961845129926823,1.0
1849,contributor,7,7,4.961845129926823,1.0
1850,controversi,7,7,4.961845129926823,1.0
1851,cpe,7,1,6.907755278982137,7.0
1852,cyclas,7,6,5.115995809754082,1.1666666666666667
1853,degludec,7,5,5.298317366548036,1.4
1854,deplet,7,6,5.115995809754082,1.1666666666666667
1855,desir,7,7,4.961845129926823,1.0
1856,dgat,7,1,6.907755278982137,7.0
1857,diarrhoea,7,3,5.809142990314028,2.3333333333333335
1858,difficult,7,6,5.115995809754082,1.1666666666666667
1859,digit,7,4,5.521460917862246,1.75
1860,donor,7,3,5.809142990314028,2.3333333333333335
1861,down,7,7,4.961845129926823,1.0
1862,dysbiosi,7,5,5.298317366548036,1.4
1863,elect,7,6,5.115995809754082,1.1666666666666667
1864,endoscopi,7,5,5.298317366548036,1.4
1865,endosom,7,3,5.809142990314028,2.3333333333333335
1866,era,7,6,5.115995809754082,1.1666666666666667
1867,erk,7,7,4.961845129926823,1.0
1868,euglycem,7,2,6.214608098422191,3.5
1869,evidence-based,7,7,4.961845129926823,1.0
1870,extrapancreat,7,7,4.961845129926823,1.0
1871,facial,7,3,5.809142990314028,2.3333333333333335
1872,favour,7,7,4.961845129926823,1.0
1873,ferment,7,5,5.298317366548036,1.4
1874,filtrat,7,7,4.961845129926823,1.0
1875,fluoresc,7,6,5.115995809754082,1.1666666666666667
1876,frc,7,2,6.214608098422191,3.5
1877,gaba,7,2,6.214608098422191,3.5
1878,gel,7,6,5.115995809754082,1.1666666666666667
1879,genotyp,7,3,5.809142990314028,2.3333333333333335
1880,glucocorticoid,7,1,6.907755278982137,7.0
1881,glycosyl,7,7,4.961845129926823,1.0
1882,hd,7,1,6.907755278982137,7.0
1883,hemodynam,7,5,5.298317366548036,1.4
1884,high-dose,7,4,5.521460917862246,1.75
1885,histolog,7,7,4.961845129926823,1.0
1886,histor,7,7,4.961845129926823,1.0
1887,hr,7,5,5.298317366548036,1.4
1888,ideal,7,7,4.961845129926823,1.0
1889,imbal,7,6,5.115995809754082,1.1666666666666667
1890,imper,7,7,4.961845129926823,1.0
1891,ins-1,7,6,5.115995809754082,1.1666666666666667
1892,invas,7,7,4.961845129926823,1.0
1893,ip,7,5,5.298317366548036,1.4
1894,jugular,7,3,5.809142990314028,2.3333333333333335
1895,kcal,7,6,5.115995809754082,1.1666666666666667
1896,kt,7,2,6.214608098422191,3.5
1897,latter,7,7,4.961845129926823,1.0
1898,leverag,7,7,4.961845129926823,1.0
1899,licens,7,7,4.961845129926823,1.0
1900,lithium,7,4,5.521460917862246,1.75
1901,look,7,7,4.961845129926823,1.0
1902,lot,7,7,4.961845129926823,1.0
1903,made,7,7,4.961845129926823,1.0
1904,matern,7,3,5.809142990314028,2.3333333333333335
1905,maximum,7,5,5.298317366548036,1.4
1906,mca,7,1,6.907755278982137,7.0
1907,member,7,7,4.961845129926823,1.0
1908,modern,7,6,5.115995809754082,1.1666666666666667
1909,mp,7,1,6.907755278982137,7.0
1910,msg,7,1,6.907755278982137,7.0
1911,mucu,7,3,5.809142990314028,2.3333333333333335
1912,multidisciplinari,7,5,5.298317366548036,1.4
1913,nanoparticl,7,3,5.809142990314028,2.3333333333333335
1914,natriuresi,7,6,5.115995809754082,1.1666666666666667
1915,necrosi,7,6,5.115995809754082,1.1666666666666667
1916,neurobiolog,7,7,4.961845129926823,1.0
1917,neuroendocrin,7,6,5.115995809754082,1.1666666666666667
1918,nicotin,7,4,5.521460917862246,1.75
1919,non-specific,7,5,5.298317366548036,1.4
1920,nonalcohol,7,6,5.115995809754082,1.1666666666666667
1921,none,7,5,5.298317366548036,1.4
1922,noteworthi,7,7,4.961845129926823,1.0
1923,nuclear,7,7,4.961845129926823,1.0
1924,oa,7,2,6.214608098422191,3.5
1925,off-label,7,6,5.115995809754082,1.1666666666666667
1926,old,7,5,5.298317366548036,1.4
1927,osteogen,7,3,5.809142990314028,2.3333333333333335
1928,paraventricular,7,7,4.961845129926823,1.0
1929,pathogen,7,7,4.961845129926823,1.0
1930,pcr,7,7,4.961845129926823,1.0
1931,pcsk,7,6,5.115995809754082,1.1666666666666667
1932,pediatr,7,5,5.298317366548036,1.4
1933,peptidase-iv,7,7,4.961845129926823,1.0
1934,permeabl,7,6,5.115995809754082,1.1666666666666667
1935,pig,7,4,5.521460917862246,1.75
1936,pituitari,7,5,5.298317366548036,1.4
1937,pji,7,2,6.214608098422191,3.5
1938,plan,7,7,4.961845129926823,1.0
1939,plausibl,7,6,5.115995809754082,1.1666666666666667
1940,post-prandial,7,5,5.298317366548036,1.4
1941,prescript,7,6,5.115995809754082,1.1666666666666667
1942,probiot,7,5,5.298317366548036,1.4
1943,prompt,7,7,4.961845129926823,1.0
1944,proteolyt,7,7,4.961845129926823,1.0
1945,prove,7,7,4.961845129926823,1.0
1946,qualit,7,3,5.809142990314028,2.3333333333333335
1947,quinin,7,1,6.907755278982137,7.0
1948,radiolabel,7,6,5.115995809754082,1.1666666666666667
1949,ramadan,7,1,6.907755278982137,7.0
1950,ration,7,7,4.961845129926823,1.0
1951,reason,7,7,4.961845129926823,1.0
1952,recognis,7,6,5.115995809754082,1.1666666666666667
1953,reflex,7,3,5.809142990314028,2.3333333333333335
1954,relaps,7,6,5.115995809754082,1.1666666666666667
1955,reoper,7,2,6.214608098422191,3.5
1956,repurpos,7,7,4.961845129926823,1.0
1957,reson,7,7,4.961845129926823,1.0
1958,rna,7,7,4.961845129926823,1.0
1959,routin,7,6,5.115995809754082,1.1666666666666667
1960,sad,7,2,6.214608098422191,3.5
1961,scale,7,7,4.961845129926823,1.0
1962,scgn,7,1,6.907755278982137,7.0
1963,shed,7,7,4.961845129926823,1.0
1964,solubl,7,6,5.115995809754082,1.1666666666666667
1965,spectrometri,7,7,4.961845129926823,1.0
1966,spontan,7,6,5.115995809754082,1.1666666666666667
1967,stratifi,7,7,4.961845129926823,1.0
1968,sucros,7,4,5.521460917862246,1.75
1969,summaris,7,7,4.961845129926823,1.0
1970,supernat,7,5,5.298317366548036,1.4
1971,sympathet,7,6,5.115995809754082,1.1666666666666667
1972,tg,7,4,5.521460917862246,1.75
1973,tglp-1,7,3,5.809142990314028,2.3333333333333335
1974,th,7,6,5.115995809754082,1.1666666666666667
1975,third,7,7,4.961845129926823,1.0
1976,tka,7,1,6.907755278982137,7.0
1977,tracer,7,6,5.115995809754082,1.1666666666666667
1978,transmiss,7,6,5.115995809754082,1.1666666666666667
1979,tubul,7,5,5.298317366548036,1.4
1980,tyrosin,7,5,5.298317366548036,1.4
1981,uk,7,4,5.521460917862246,1.75
1982,vasculatur,7,7,4.961845129926823,1.0
1983,vector,7,5,5.298317366548036,1.4
1984,w,7,4,5.521460917862246,1.75
1985,wd,7,1,6.907755278982137,7.0
1986,whose,7,6,5.115995809754082,1.1666666666666667
1987,window,7,5,5.298317366548036,1.4
1988,x,7,6,5.115995809754082,1.1666666666666667
1989,xenin-8-gln,7,1,6.907755278982137,7.0
1990,zp,7,1,6.907755278982137,7.0
1991,abov,6,6,5.115995809754082,1.0
1992,accordingli,6,6,5.115995809754082,1.0
1993,add,6,6,5.115995809754082,1.0
1994,adhes,6,6,5.115995809754082,1.0
1995,adipocyt,6,5,5.298317366548036,1.2
1996,age-related,6,4,5.521460917862246,1.5
1997,aneurysm,6,1,6.907755278982137,6.0
1998,anti-glp-1,6,2,6.214608098422191,3.0
1999,anti-hyperglycaemic,6,5,5.298317366548036,1.2
2000,antidepress,6,2,6.214608098422191,3.0
2001,anxieti,6,3,5.809142990314028,2.0
2002,argu,6,6,5.115995809754082,1.0
2003,around,6,6,5.115995809754082,1.0
2004,arr,6,1,6.907755278982137,6.0
2005,atp,6,5,5.298317366548036,1.2
2006,atrial,6,6,5.115995809754082,1.0
2007,auc,6,3,5.809142990314028,2.0
2008,avenu,6,6,5.115995809754082,1.0
2009,averag,6,6,5.115995809754082,1.0
2010,axon,6,3,5.809142990314028,2.0
2011,bi,6,1,6.907755278982137,6.0
2012,bing,6,3,5.809142990314028,2.0
2013,bound,6,4,5.521460917862246,1.5
2014,breakdown,6,4,5.521460917862246,1.5
2015,brief,6,6,5.115995809754082,1.0
2016,btb,6,1,6.907755278982137,6.0
2017,carer,6,1,6.907755278982137,6.0
2018,cascad,6,6,5.115995809754082,1.0
2019,cav,6,2,6.214608098422191,3.0
2020,ceramid,6,2,6.214608098422191,3.0
2021,charg,6,4,5.521460917862246,1.5
2022,chow,6,3,5.809142990314028,2.0
2023,circumfer,6,6,5.115995809754082,1.0
2024,clp,6,2,6.214608098422191,3.0
2025,cm,6,3,5.809142990314028,2.0
2026,come,6,6,5.115995809754082,1.0
2027,comput,6,6,5.115995809754082,1.0
2028,conflict,6,6,5.115995809754082,1.0
2029,conjunct,6,6,5.115995809754082,1.0
2030,consensu,6,6,5.115995809754082,1.0
2031,constant,6,6,5.115995809754082,1.0
2032,constrain,6,5,5.298317366548036,1.2
2033,consum,6,5,5.298317366548036,1.2
2034,counteract,6,6,5.115995809754082,1.0
2035,countri,6,6,5.115995809754082,1.0
2036,cre,6,2,6.214608098422191,3.0
2037,crop,6,1,6.907755278982137,6.0
2038,crypt,6,4,5.521460917862246,1.5
2039,cutan,6,3,5.809142990314028,2.0
2040,deleteri,6,6,5.115995809754082,1.0
2041,delv,6,6,5.115995809754082,1.0
2042,deterior,6,6,5.115995809754082,1.0
2043,diastol,6,3,5.809142990314028,2.0
2044,disadvantag,6,6,5.115995809754082,1.0
2045,disease-modifying,6,5,5.298317366548036,1.2
2046,diurnal,6,2,6.214608098422191,3.0
2047,divid,6,6,5.115995809754082,1.0
2048,dn,6,1,6.907755278982137,6.0
2049,dosag,6,6,5.115995809754082,1.0
2050,doubl,6,6,5.115995809754082,1.0
2051,drawn,6,6,5.115995809754082,1.0
2052,e-glp-1,6,2,6.214608098422191,3.0
2053,edema,6,2,6.214608098422191,3.0
2054,egia,6,1,6.907755278982137,6.0
2055,encompass,6,6,5.115995809754082,1.0
2056,endometri,6,1,6.907755278982137,6.0
2057,equit,6,6,5.115995809754082,1.0
2058,equival,6,5,5.298317366548036,1.2
2059,everi,6,6,5.115995809754082,1.0
2060,except,6,6,5.115995809754082,1.0
2061,excitatori,6,5,5.298317366548036,1.2
2062,exclud,6,6,5.115995809754082,1.0
2063,excret,6,5,5.298317366548036,1.2
2064,fertil,6,5,5.298317366548036,1.2
2065,fewer,6,6,5.115995809754082,1.0
2066,fibril,6,6,5.115995809754082,1.0
2067,fix,6,3,5.809142990314028,2.0
2068,flexibl,6,5,5.298317366548036,1.2
2069,fodmap,6,1,6.907755278982137,6.0
2070,fundament,6,6,5.115995809754082,1.0
2071,gastroenterologist,6,1,6.907755278982137,6.0
2072,girl,6,1,6.907755278982137,6.0
2073,glar,6,1,6.907755278982137,6.0
2074,glomerular,6,5,5.298317366548036,1.2
2075,glp-1-immunoreactive,6,3,5.809142990314028,2.0
2076,glp-1-mediated,6,5,5.298317366548036,1.2
2077,glp-1a,6,2,6.214608098422191,3.0
2078,glp-1rx,6,1,6.907755278982137,6.0
2079,glu,6,4,5.521460917862246,1.5
2080,glypin,6,1,6.907755278982137,6.0
2081,go,6,4,5.521460917862246,1.5
2082,gq,6,3,5.809142990314028,2.0
2083,grade,6,5,5.298317366548036,1.2
2084,gsk-3,6,3,5.809142990314028,2.0
2085,hamster,6,2,6.214608098422191,3.0
2086,healthier,6,4,5.521460917862246,1.5
2087,helix,6,5,5.298317366548036,1.2
2088,hgb,6,1,6.907755278982137,6.0
2089,hgpr,6,2,6.214608098422191,3.0
2090,host,6,4,5.521460917862246,1.5
2091,hsa,6,2,6.214608098422191,3.0
2092,ident,6,5,5.298317366548036,1.2
2093,immedi,6,5,5.298317366548036,1.2
2094,implement,6,6,5.115995809754082,1.0
2095,inappropri,6,3,5.809142990314028,2.0
2096,increment,6,5,5.298317366548036,1.2
2097,infiltr,6,5,5.298317366548036,1.2
2098,interconnect,6,6,5.115995809754082,1.0
2099,intrins,6,6,5.115995809754082,1.0
2100,invers,6,5,5.298317366548036,1.2
2101,ion,6,6,5.115995809754082,1.0
2102,iri,6,1,6.907755278982137,6.0
2103,itself,6,6,5.115995809754082,1.0
2104,keton,6,5,5.298317366548036,1.2
2105,knee,6,3,5.809142990314028,2.0
2106,la,6,1,6.907755278982137,6.0
2107,lcfa,6,3,5.809142990314028,2.0
2108,leav,6,5,5.298317366548036,1.2
2109,length,6,5,5.298317366548036,1.2
2110,life-threatening,6,6,5.115995809754082,1.0
2111,lifespan,6,4,5.521460917862246,1.5
2112,lina,6,1,6.907755278982137,6.0
2113,linear,6,6,5.115995809754082,1.0
2114,lipolysi,6,4,5.521460917862246,1.5
2115,liquid,6,6,5.115995809754082,1.0
2116,ll-glp1,6,1,6.907755278982137,6.0
2117,logist,6,6,5.115995809754082,1.0
2118,lymph,6,2,6.214608098422191,3.0
2119,lysosom,6,4,5.521460917862246,1.5
2120,macronutri,6,3,5.809142990314028,2.0
2121,macrovascular,6,6,5.115995809754082,1.0
2122,mapk,6,3,5.809142990314028,2.0
2123,messeng,6,6,5.115995809754082,1.0
2124,metformin-treated,6,2,6.214608098422191,3.0
2125,microcircul,6,3,5.809142990314028,2.0
2126,microdos,6,2,6.214608098422191,3.0
2127,microscopi,6,6,5.115995809754082,1.0
2128,misus,6,5,5.298317366548036,1.2
2129,mle,6,1,6.907755278982137,6.0
2130,monotherapi,6,5,5.298317366548036,1.2
2131,muscarin,6,5,5.298317366548036,1.2
2132,mutat,6,4,5.521460917862246,1.5
2133,ndp,6,1,6.907755278982137,6.0
2134,necessit,6,6,5.115995809754082,1.0
2135,neoplasm,6,4,5.521460917862246,1.5
2136,neuropsychiatr,6,3,5.809142990314028,2.0
2137,nine,6,6,5.115995809754082,1.0
2138,nmr,6,6,5.115995809754082,1.0
2139,nnc,6,2,6.214608098422191,3.0
2140,non-alcoholic,6,6,5.115995809754082,1.0
2141,once-daily,6,6,5.115995809754082,1.0
2142,onlin,6,5,5.298317366548036,1.2
2143,orexin-a,6,1,6.907755278982137,6.0
2144,orlistat,6,3,5.809142990314028,2.0
2145,perk,6,3,5.809142990314028,2.0
2146,pg,6,2,6.214608098422191,3.0
2147,place,6,6,5.115995809754082,1.0
2148,plaqu,6,5,5.298317366548036,1.2
2149,pma,6,2,6.214608098422191,3.0
2150,pmg,6,2,6.214608098422191,3.0
2151,podocyt,6,1,6.907755278982137,6.0
2152,polyphenol,6,5,5.298317366548036,1.2
2153,pre,6,5,5.298317366548036,1.2
2154,prematur,6,6,5.115995809754082,1.0
2155,profession,6,6,5.115995809754082,1.0
2156,ptl,6,1,6.907755278982137,6.0
2157,quantif,6,5,5.298317366548036,1.2
2158,randomis,6,6,5.115995809754082,1.0
2159,rcr,6,2,6.214608098422191,3.0
2160,recoveri,6,6,5.115995809754082,1.0
2161,reliabl,6,6,5.115995809754082,1.0
2162,renoprotect,6,5,5.298317366548036,1.2
2163,reprogram,6,3,5.809142990314028,2.0
2164,resolv,6,6,5.115995809754082,1.0
2165,resourc,6,5,5.298317366548036,1.2
2166,retriev,6,6,5.115995809754082,1.0
2167,rglp-1,6,2,6.214608098422191,3.0
2168,rolgg,6,1,6.907755278982137,6.0
2169,rp,6,1,6.907755278982137,6.0
2170,rt-pcr,6,6,5.115995809754082,1.0
2171,sar,6,2,6.214608098422191,3.0
2172,sarcopenia,6,4,5.521460917862246,1.5
2173,sc,6,2,6.214608098422191,3.0
2174,scd,6,1,6.907755278982137,6.0
2175,scn,6,2,6.214608098422191,3.0
2176,self-assembling,6,1,6.907755278982137,6.0
2177,sensori,6,6,5.115995809754082,1.0
2178,sheep,6,2,6.214608098422191,3.0
2179,short-acting,6,5,5.298317366548036,1.2
2180,sirt,6,3,5.809142990314028,2.0
2181,situat,6,4,5.521460917862246,1.5
2182,slice,6,5,5.298317366548036,1.2
2183,socioeconom,6,5,5.298317366548036,1.2
2184,south,6,1,6.907755278982137,6.0
2185,spatial,6,6,5.115995809754082,1.0
2186,stop,6,6,5.115995809754082,1.0
2187,subunit,6,3,5.809142990314028,2.0
2188,suffer,6,6,5.115995809754082,1.0
2189,surprisingli,6,6,5.115995809754082,1.0
2190,synthas,6,6,5.115995809754082,1.0
2191,systol,6,5,5.298317366548036,1.2
2192,taurin,6,2,6.214608098422191,3.0
2193,ten,6,6,5.115995809754082,1.0
2194,testicular,6,2,6.214608098422191,3.0
2195,tfr,6,1,6.907755278982137,6.0
2196,thorough,6,6,5.115995809754082,1.0
2197,too,6,6,5.115995809754082,1.0
2198,tractu,6,6,5.115995809754082,1.0
2199,train,6,6,5.115995809754082,1.0
2200,transduct,6,6,5.115995809754082,1.0
2201,transloc,6,3,5.809142990314028,2.0
2202,twelv,6,6,5.115995809754082,1.0
2203,twice,6,4,5.521460917862246,1.5
2204,tzp,6,1,6.907755278982137,6.0
2205,usi,6,1,6.907755278982137,6.0
2206,vildagliptin,6,1,6.907755278982137,6.0
2207,vulner,6,6,5.115995809754082,1.0
2208,waist,6,6,5.115995809754082,1.0
2209,wat,6,1,6.907755278982137,6.0
2210,weight-lowering,6,4,5.521460917862246,1.5
2211,white,6,6,5.115995809754082,1.0
2212,wistar,6,5,5.298317366548036,1.2
2213,absent,5,5,5.298317366548036,1.0
2214,abstract,5,5,5.298317366548036,1.0
2215,accident,5,1,6.907755278982137,5.0
2216,actin,5,3,5.809142990314028,1.6666666666666667
2217,adipokin,5,4,5.521460917862246,1.25
2218,adiponectin,5,3,5.809142990314028,1.6666666666666667
2219,adrenalin,5,1,6.907755278982137,5.0
2220,adrenoceptor,5,2,6.214608098422191,2.5
2221,agenc,5,4,5.521460917862246,1.25
2222,aggress,5,5,5.298317366548036,1.0
2223,aldosteron,5,2,6.214608098422191,2.5
2224,alopecia,5,3,5.809142990314028,1.6666666666666667
2225,amplifi,5,4,5.521460917862246,1.25
2226,anorex,5,4,5.521460917862246,1.25
2227,anti-cd3,5,1,6.907755278982137,5.0
2228,antihyperglycaem,5,5,5.298317366548036,1.0
2229,arcuat,5,5,5.298317366548036,1.0
2230,arrai,5,5,5.298317366548036,1.0
2231,assembli,5,5,5.298317366548036,1.0
2232,assist,5,5,5.298317366548036,1.0
2233,asymptomat,5,3,5.809142990314028,1.6666666666666667
2234,autonom,5,5,5.298317366548036,1.0
2235,avp,5,1,6.907755278982137,5.0
2236,balloon,5,3,5.809142990314028,1.6666666666666667
2237,begin,5,5,5.298317366548036,1.0
2238,bilater,5,5,5.298317366548036,1.0
2239,binge-eating,5,2,6.214608098422191,2.5
2240,bioenerget,5,2,6.214608098422191,2.5
2241,bond,5,5,5.298317366548036,1.0
2242,bridg,5,5,5.298317366548036,1.0
2243,briefli,5,5,5.298317366548036,1.0
2244,broaden,5,5,5.298317366548036,1.0
2245,broadli,5,5,5.298317366548036,1.0
2246,brown,5,3,5.809142990314028,1.6666666666666667
2247,bw,5,1,6.907755278982137,5.0
2248,bydureon,5,3,5.809142990314028,1.6666666666666667
2249,byetta,5,5,5.298317366548036,1.0
2250,cafeteria,5,2,6.214608098422191,2.5
2251,calori,5,3,5.809142990314028,1.6666666666666667
2252,cathet,5,4,5.521460917862246,1.25
2253,cck-1,5,1,6.907755278982137,5.0
2254,cf,5,2,6.214608098422191,2.5
2255,cfvr,5,1,6.907755278982137,5.0
2256,cgm,5,2,6.214608098422191,2.5
2257,chimera,5,3,5.809142990314028,1.6666666666666667
2258,cho,5,3,5.809142990314028,1.6666666666666667
2259,claim,5,5,5.298317366548036,1.0
2260,coffe,5,1,6.907755278982137,5.0
2261,collabor,5,5,5.298317366548036,1.0
2262,combat,5,5,5.298317366548036,1.0
2263,commerci,5,5,5.298317366548036,1.0
2264,compet,5,4,5.521460917862246,1.25
2265,competit,5,5,5.298317366548036,1.0
2266,compos,5,5,5.298317366548036,1.0
2267,confound,5,5,5.298317366548036,1.0
2268,constip,5,4,5.521460917862246,1.25
2269,consult,5,5,5.298317366548036,1.0
2270,contraind,5,5,5.298317366548036,1.0
2271,corpu,5,2,6.214608098422191,2.5
2272,crossov,5,5,5.298317366548036,1.0
2273,cultivar,5,2,6.214608098422191,2.5
2274,cystein,5,3,5.809142990314028,1.6666666666666667
2275,cytotox,5,4,5.521460917862246,1.25
2276,de,5,4,5.521460917862246,1.25
2277,deeper,5,5,5.298317366548036,1.0
2278,diet-fed,5,1,6.907755278982137,5.0
2279,dilat,5,5,5.298317366548036,1.0
2280,dimens,5,4,5.521460917862246,1.25
2281,discharg,5,3,5.809142990314028,1.6666666666666667
2282,discomfort,5,5,5.298317366548036,1.0
2283,distens,5,5,5.298317366548036,1.0
2284,dl,5,4,5.521460917862246,1.25
2285,dpp-4is,5,2,6.214608098422191,2.5
2286,driver,5,4,5.521460917862246,1.25
2287,duodenum,5,5,5.298317366548036,1.0
2288,econom,5,5,5.298317366548036,1.0
2289,educ,5,5,5.298317366548036,1.0
2290,egfr,5,3,5.809142990314028,1.6666666666666667
2291,elderli,5,4,5.521460917862246,1.25
2292,electr,5,5,5.298317366548036,1.0
2293,eli,5,4,5.521460917862246,1.25
2294,elus,5,5,5.298317366548036,1.0
2295,emiss,5,5,5.298317366548036,1.0
2296,empa,5,1,6.907755278982137,5.0
2297,enac,5,1,6.907755278982137,5.0
2298,endorphin,5,2,6.214608098422191,2.5
2299,enrich,5,5,5.298317366548036,1.0
2300,environment,5,3,5.809142990314028,1.6666666666666667
2301,eriomin,5,1,6.907755278982137,5.0
2302,ethic,5,3,5.809142990314028,1.6666666666666667
2303,ethnic,5,4,5.521460917862246,1.25
2304,eventu,5,5,5.298317366548036,1.0
2305,exchang,5,5,5.298317366548036,1.0
2306,export,5,1,6.907755278982137,5.0
2307,fall,5,5,5.298317366548036,1.0
2308,fashion,5,5,5.298317366548036,1.0
2309,fatal,5,4,5.521460917862246,1.25
2310,fc,5,1,6.907755278982137,5.0
2311,fgf,5,2,6.214608098422191,2.5
2312,fish,5,2,6.214608098422191,2.5
2313,foundat,5,5,5.298317366548036,1.0
2314,fractur,5,3,5.809142990314028,1.6666666666666667
2315,gabaerg,5,5,5.298317366548036,1.0
2316,gabapentin,5,2,6.214608098422191,2.5
2317,gastrectomi,5,5,5.298317366548036,1.0
2318,gcg-13,5,1,6.907755278982137,5.0
2319,ghs-r1a,5,2,6.214608098422191,2.5
2320,glial,5,4,5.521460917862246,1.25
2321,glp-1-glu-pal,5,1,6.907755278982137,5.0
2322,glp-1-ir,5,1,6.907755278982137,5.0
2323,glp-1-r,5,3,5.809142990314028,1.6666666666666667
2324,glutam,5,5,5.298317366548036,1.0
2325,glutamaterg,5,5,5.298317366548036,1.0
2326,govern,5,5,5.298317366548036,1.0
2327,gradual,5,4,5.521460917862246,1.25
2328,granul,5,3,5.809142990314028,1.6666666666666667
2329,grp-29,5,1,6.907755278982137,5.0
2330,habit,5,3,5.809142990314028,1.6666666666666667
2331,head-to-head,5,4,5.521460917862246,1.25
2332,headach,5,3,5.809142990314028,1.6666666666666667
2333,hip,5,2,6.214608098422191,2.5
2334,histologi,5,3,5.809142990314028,1.6666666666666667
2335,hope,5,5,5.298317366548036,1.0
2336,hpvg,5,1,6.907755278982137,5.0
2337,hyperglycem,5,5,5.298317366548036,1.0
2338,hyperlipidemia,5,4,5.521460917862246,1.25
2339,hypoxia,5,4,5.521460917862246,1.25
2340,ib,5,1,6.907755278982137,5.0
2341,il-1,5,3,5.809142990314028,1.6666666666666667
2342,ilmv,5,1,6.907755278982137,5.0
2343,immunocytochemistri,5,5,5.298317366548036,1.0
2344,immunomodulatori,5,5,5.298317366548036,1.0
2345,in-depth,5,5,5.298317366548036,1.0
2346,inact,5,5,5.298317366548036,1.0
2347,infertil,5,4,5.521460917862246,1.25
2348,innerv,5,5,5.298317366548036,1.0
2349,inspir,5,5,5.298317366548036,1.0
2350,insulin-producing,5,3,5.809142990314028,1.6666666666666667
2351,inter-individual,5,3,5.809142990314028,1.6666666666666667
2352,intranas,5,1,6.907755278982137,5.0
2353,intron,5,1,6.907755278982137,5.0
2354,ischaemia,5,3,5.809142990314028,1.6666666666666667
2355,item,5,5,5.298317366548036,1.0
2356,japanes,5,4,5.521460917862246,1.25
2357,jejunum,5,5,5.298317366548036,1.0
2358,joint,5,4,5.521460917862246,1.25
2359,just,5,4,5.521460917862246,1.25
2360,keyword,5,5,5.298317366548036,1.0
2361,kinet,5,4,5.521460917862246,1.25
2362,l-phenylalanine,5,1,6.907755278982137,5.0
2363,lactobacillu,5,4,5.521460917862246,1.25
2364,lactococcu,5,5,5.298317366548036,1.0
2365,languag,5,4,5.521460917862246,1.25
2366,largest,5,5,5.298317366548036,1.0
2367,lick,5,1,6.907755278982137,5.0
2368,lilli,5,4,5.521460917862246,1.25
2369,ll-uk200,5,1,6.907755278982137,5.0
2370,localis,5,2,6.214608098422191,2.5
2371,locomotor,5,2,6.214608098422191,2.5
2372,long-lasting,5,4,5.521460917862246,1.25
2373,loop,5,5,5.298317366548036,1.0
2374,lowest,5,4,5.521460917862246,1.25
2375,lsi,5,1,6.907755278982137,5.0
2376,lumen,5,5,5.298317366548036,1.0
2377,lysin,5,5,5.298317366548036,1.0
2378,magnitud,5,5,5.298317366548036,1.0
2379,manipul,5,4,5.521460917862246,1.25
2380,manufactur,5,4,5.521460917862246,1.25
2381,march,5,5,5.298317366548036,1.0
2382,matur,5,5,5.298317366548036,1.0
2383,mcc,5,1,6.907755278982137,5.0
2384,meaning,5,5,5.298317366548036,1.0
2385,microgli,5,3,5.809142990314028,1.6666666666666667
2386,migrat,5,3,5.809142990314028,1.6666666666666667
2387,mild,5,5,5.298317366548036,1.0
2388,mitchell-riley,5,1,6.907755278982137,5.0
2389,mol,5,2,6.214608098422191,2.5
2390,multi-agonists,5,3,5.809142990314028,1.6666666666666667
2391,multisystem,5,4,5.521460917862246,1.25
2392,musculoskelet,5,4,5.521460917862246,1.25
2393,myeloid,5,2,6.214608098422191,2.5
2394,near,5,5,5.298317366548036,1.0
2395,neoglycolipid,5,1,6.907755278982137,5.0
2396,nesfatin-1,5,1,6.907755278982137,5.0
2397,net,5,3,5.809142990314028,1.6666666666666667
2398,neurogenesi,5,5,5.298317366548036,1.0
2399,neuropatholog,5,4,5.521460917862246,1.25
2400,neutral,5,5,5.298317366548036,1.0
2401,nevertheless,5,5,5.298317366548036,1.0
2402,next-generation,5,4,5.521460917862246,1.25
2403,ngt,5,1,6.907755278982137,5.0
2404,nifedipin,5,2,6.214608098422191,2.5
2405,nordisk,5,5,5.298317366548036,1.0
2406,novo,5,5,5.298317366548036,1.0
2407,ob,5,3,5.809142990314028,1.6666666666666667
2408,optimis,5,5,5.298317366548036,1.0
2409,orthoped,5,3,5.809142990314028,1.6666666666666667
2410,outpati,5,5,5.298317366548036,1.0
2411,ovarian,5,4,5.521460917862246,1.25
2412,overdos,5,1,6.907755278982137,5.0
2413,overlap,5,5,5.298317366548036,1.0
2414,par,5,2,6.214608098422191,2.5
2415,parent,5,5,5.298317366548036,1.0
2416,particl,5,1,6.907755278982137,5.0
2417,path,5,4,5.521460917862246,1.25
2418,pca,5,1,6.907755278982137,5.0
2419,pcp,5,2,6.214608098422191,2.5
2420,peptide-based,5,4,5.521460917862246,1.25
2421,perhap,5,5,5.298317366548036,1.0
2422,pharmacodynam,5,5,5.298317366548036,1.0
2423,platelet,5,1,6.907755278982137,5.0
2424,poison,5,2,6.214608098422191,2.5
2425,polici,5,4,5.521460917862246,1.25
2426,poly-gpcr,5,1,6.907755278982137,5.0
2427,positron,5,5,5.298317366548036,1.0
2428,power,5,5,5.298317366548036,1.0
2429,principl,5,5,5.298317366548036,1.0
2430,priorit,5,5,5.298317366548036,1.0
2431,pro,5,3,5.809142990314028,1.6666666666666667
2432,probiotic-based,5,2,6.214608098422191,2.5
2433,progenitor,5,4,5.521460917862246,1.25
2434,prognosi,5,5,5.298317366548036,1.0
2435,pronounc,5,5,5.298317366548036,1.0
2436,psycholog,5,5,5.298317366548036,1.0
2437,pvh,5,1,6.907755278982137,5.0
2438,pw,5,1,6.907755278982137,5.0
2439,pyrimidin,5,2,6.214608098422191,2.5
2440,qpcr,5,5,5.298317366548036,1.0
2441,quail,5,2,6.214608098422191,2.5
2442,ra-induced,5,3,5.809142990314028,1.6666666666666667
2443,rapamycin,5,4,5.521460917862246,1.25
2444,re-fed,5,1,6.907755278982137,5.0
2445,receptor-dependent,5,5,5.298317366548036,1.0
2446,reconstruct,5,3,5.809142990314028,1.6666666666666667
2447,regular,5,5,5.298317366548036,1.0
2448,replic,5,5,5.298317366548036,1.0
2449,reshap,5,5,5.298317366548036,1.0
2450,revolution,5,5,5.298317366548036,1.0
2451,rich,5,5,5.298317366548036,1.0
2452,riper,5,1,6.907755278982137,5.0
2453,ro,5,4,5.521460917862246,1.25
2454,root,5,4,5.521460917862246,1.25
2455,sars-cov-2,5,1,6.907755278982137,5.0
2456,schedul,5,4,5.521460917862246,1.25
2457,senesc,5,3,5.809142990314028,1.6666666666666667
2458,shape,5,5,5.298317366548036,1.0
2459,short-chain,5,5,5.298317366548036,1.0
2460,shortag,5,4,5.521460917862246,1.25
2461,sleev,5,5,5.298317366548036,1.0
2462,sp,5,1,6.907755278982137,5.0
2463,spars,5,5,5.298317366548036,1.0
2464,streptozotocin,5,5,5.298317366548036,1.0
2465,structure-activity,5,4,5.521460917862246,1.25
2466,subcellular,5,4,5.521460917862246,1.25
2467,subset,5,4,5.521460917862246,1.25
2468,syn,5,1,6.907755278982137,5.0
2469,tailor,5,5,5.298317366548036,1.0
2470,tau,5,2,6.214608098422191,2.5
2471,todai,5,5,5.298317366548036,1.0
2472,tradition,5,5,5.298317366548036,1.0
2473,truncat,5,5,5.298317366548036,1.0
2474,tube,5,2,6.214608098422191,2.5
2475,uncertainti,5,5,5.298317366548036,1.0
2476,updat,5,5,5.298317366548036,1.0
2477,urin,5,3,5.809142990314028,1.6666666666666667
2478,usual,5,5,5.298317366548036,1.0
2479,vasodil,5,2,6.214608098422191,2.5
2480,victoza,5,4,5.521460917862246,1.25
2481,vigibas,5,2,6.214608098422191,2.5
2482,vigil,5,5,5.298317366548036,1.0
2483,vldl,5,1,6.907755278982137,5.0
2484,voltage-gated,5,3,5.809142990314028,1.6666666666666667
2485,well-documented,5,5,5.298317366548036,1.0
2486,whole,5,5,5.298317366548036,1.0
2487,wild,5,5,5.298317366548036,1.0
2488,wnt,5,3,5.809142990314028,1.6666666666666667
2489,xenopu,5,3,5.809142990314028,1.6666666666666667
2490,zif-8,5,1,6.907755278982137,5.0
2491,zone,5,3,5.809142990314028,1.6666666666666667
2492,aa,4,2,6.214608098422191,2.0
2493,aaa,4,1,6.907755278982137,4.0
2494,aberr,4,4,5.521460917862246,1.0
2495,abrog,4,4,5.521460917862246,1.0
2496,absolut,4,4,5.521460917862246,1.0
2497,acyl,4,4,5.521460917862246,1.0
2498,add-on,4,3,5.809142990314028,1.3333333333333333
2499,aerob,4,2,6.214608098422191,2.0
2500,aggreg,4,4,5.521460917862246,1.0
2501,agonist-induced,4,4,5.521460917862246,1.0
2502,ai,4,2,6.214608098422191,2.0
2503,ala,4,3,5.809142990314028,1.3333333333333333
2504,alginate-coated,4,1,6.907755278982137,4.0
2505,allel,4,3,5.809142990314028,1.3333333333333333
2506,alloxan-induced,4,2,6.214608098422191,2.0
2507,analyt,4,3,5.809142990314028,1.3333333333333333
2508,anatom,4,4,5.521460917862246,1.0
2509,anesthesiologist,4,4,5.521460917862246,1.0
2510,angiotensin,4,3,5.809142990314028,1.3333333333333333
2511,answer,4,4,5.521460917862246,1.0
2512,anthropometr,4,3,5.809142990314028,1.3333333333333333
2513,anti-atherogenic,4,4,5.521460917862246,1.0
2514,antihypertens,4,3,5.809142990314028,1.3333333333333333
2515,anxiety-like,4,1,6.907755278982137,4.0
2516,aortic,4,3,5.809142990314028,1.3333333333333333
2517,apart,4,4,5.521460917862246,1.0
2518,apprais,4,4,5.521460917862246,1.0
2519,architectur,4,3,5.809142990314028,1.3333333333333333
2520,asa,4,2,6.214608098422191,2.0
2521,ascrib,4,4,5.521460917862246,1.0
2522,atropin,4,2,6.214608098422191,2.0
2523,attach,4,4,5.521460917862246,1.0
2524,avid,4,1,6.907755278982137,4.0
2525,avp-d,4,1,6.907755278982137,4.0
2526,b-cell,4,3,5.809142990314028,1.3333333333333333
2527,ba,4,2,6.214608098422191,2.0
2528,bacteri,4,4,5.521460917862246,1.0
2529,bacteria,4,2,6.214608098422191,2.0
2530,balb,4,4,5.521460917862246,1.0
2531,bc,4,1,6.907755278982137,4.0
2532,began,4,4,5.521460917862246,1.0
2533,beta-amyloid,4,1,6.907755278982137,4.0
2534,bgc,4,1,6.907755278982137,4.0
2535,binge-like,4,1,6.907755278982137,4.0
2536,bitter,4,2,6.214608098422191,2.0
2537,body-composition,4,2,6.214608098422191,2.0
2538,boost,4,4,5.521460917862246,1.0
2539,br,4,1,6.907755278982137,4.0
2540,breakthrough,4,4,5.521460917862246,1.0
2541,bring,4,4,5.521460917862246,1.0
2542,buccal,4,1,6.907755278982137,4.0
2543,burn,4,1,6.907755278982137,4.0
2544,butyr,4,2,6.214608098422191,2.0
2545,cadyglp,4,1,6.907755278982137,4.0
2546,captur,4,4,5.521460917862246,1.0
2547,carbon,4,3,5.809142990314028,1.3333333333333333
2548,carefulli,4,4,5.521460917862246,1.0
2549,categor,4,4,5.521460917862246,1.0
2550,catfish,4,1,6.907755278982137,4.0
2551,cau,4,1,6.907755278982137,4.0
2552,caudal,4,3,5.809142990314028,1.3333333333333333
2553,certainti,4,3,5.809142990314028,1.3333333333333333
2554,cervic,4,2,6.214608098422191,2.0
2555,child,4,1,6.907755278982137,4.0
2556,childhood,4,3,5.809142990314028,1.3333333333333333
2557,chlorid,4,3,5.809142990314028,1.3333333333333333
2558,cholestat,4,1,6.907755278982137,4.0
2559,ckd-with-sepsis,4,1,6.907755278982137,4.0
2560,cl,4,2,6.214608098422191,2.0
2561,classifi,4,4,5.521460917862246,1.0
2562,clonal,4,4,5.521460917862246,1.0
2563,co-transporter,4,4,5.521460917862246,1.0
2564,co-transporter-2,4,4,5.521460917862246,1.0
2565,cocaine-induced,4,1,6.907755278982137,4.0
2566,coincid,4,4,5.521460917862246,1.0
2567,commentari,4,3,5.809142990314028,1.3333333333333333
2568,compart,4,3,5.809142990314028,1.3333333333333333
2569,compel,4,4,5.521460917862246,1.0
2570,compens,4,4,5.521460917862246,1.0
2571,concentration-dependent,4,4,5.521460917862246,1.0
2572,congenit,4,4,5.521460917862246,1.0
2573,conserv,4,4,5.521460917862246,1.0
2574,contextu,4,4,5.521460917862246,1.0
2575,contractil,4,3,5.809142990314028,1.3333333333333333
2576,conveni,4,4,5.521460917862246,1.0
2577,coordin,4,4,5.521460917862246,1.0
2578,correct,4,4,5.521460917862246,1.0
2579,counsel,4,4,5.521460917862246,1.0
2580,counterpart,4,4,5.521460917862246,1.0
2581,cpap,4,4,5.521460917862246,1.0
2582,crosstalk,4,4,5.521460917862246,1.0
2583,cumul,4,4,5.521460917862246,1.0
2584,da,4,3,5.809142990314028,1.3333333333333333
2585,dala,4,1,6.907755278982137,4.0
2586,dcm,4,1,6.907755278982137,4.0
2587,deep,4,4,5.521460917862246,1.0
2588,degener,4,3,5.809142990314028,1.3333333333333333
2589,detriment,4,4,5.521460917862246,1.0
2590,development,4,4,5.521460917862246,1.0
2591,devic,4,4,5.521460917862246,1.0
2592,diabetes-associated,4,4,5.521460917862246,1.0
2593,diabetogen,4,3,5.809142990314028,1.3333333333333333
2594,diagnost,4,4,5.521460917862246,1.0
2595,discret,4,4,5.521460917862246,1.0
2596,dispar,4,3,5.809142990314028,1.3333333333333333
2597,displac,4,3,5.809142990314028,1.3333333333333333
2598,dissoci,4,4,5.521460917862246,1.0
2599,domin,4,4,5.521460917862246,1.0
2600,dopaminerg,4,4,5.521460917862246,1.0
2601,double-blinded,4,4,5.521460917862246,1.0
2602,double-click,4,1,6.907755278982137,4.0
2603,dp,4,1,6.907755278982137,4.0
2604,dpp-4i,4,3,5.809142990314028,1.3333333333333333
2605,draw,4,4,5.521460917862246,1.0
2606,drop,4,4,5.521460917862246,1.0
2607,drug-induced,4,3,5.809142990314028,1.3333333333333333
2608,dta,4,1,6.907755278982137,4.0
2609,duoden,4,4,5.521460917862246,1.0
2610,dyslipidaemia,4,3,5.809142990314028,1.3333333333333333
2611,earlier,4,4,5.521460917862246,1.0
2612,ec,4,4,5.521460917862246,1.0
2613,ectop,4,4,5.521460917862246,1.0
2614,editori,4,4,5.521460917862246,1.0
2615,electrophysiolog,4,3,5.809142990314028,1.3333333333333333
2616,electrostat,4,1,6.907755278982137,4.0
2617,endors,4,4,5.521460917862246,1.0
2618,english,4,4,5.521460917862246,1.0
2619,enterogastron,4,3,5.809142990314028,1.3333333333333333
2620,environ,4,4,5.521460917862246,1.0
2621,erectil,4,2,6.214608098422191,2.0
2622,escherichia,4,4,5.521460917862246,1.0
2623,ester,4,4,5.521460917862246,1.0
2624,etiologi,4,4,5.521460917862246,1.0
2625,eustachian,4,1,6.907755278982137,4.0
2626,exactli,4,4,5.521460917862246,1.0
2627,exendin-based,4,4,5.521460917862246,1.0
2628,exocrin,4,4,5.521460917862246,1.0
2629,exploratori,4,4,5.521460917862246,1.0
2630,extra-pancreatic,4,4,5.521460917862246,1.0
2631,extrasynapt,4,1,6.907755278982137,4.0
2632,fad,4,2,6.214608098422191,2.0
2633,faecali,4,1,6.907755278982137,4.0
2634,fbg,4,2,6.214608098422191,2.0
2635,feasibl,4,4,5.521460917862246,1.0
2636,fetal,4,3,5.809142990314028,1.3333333333333333
2637,fibroblast,4,4,5.521460917862246,1.0
2638,fire,4,2,6.214608098422191,2.0
2639,firstli,4,4,5.521460917862246,1.0
2640,fit,4,3,5.809142990314028,1.3333333333333333
2641,fixed-ratio,4,3,5.809142990314028,1.3333333333333333
2642,fl,4,1,6.907755278982137,4.0
2643,focal,4,3,5.809142990314028,1.3333333333333333
2644,forward,4,4,5.521460917862246,1.0
2645,frame,4,4,5.521460917862246,1.0
2646,fructu,4,2,6.214608098422191,2.0
2647,fulfil,4,4,5.521460917862246,1.0
2648,fund,4,3,5.809142990314028,1.3333333333333333
2649,gastroenterologi,4,3,5.809142990314028,1.3333333333333333
2650,gastroparesi,4,4,5.521460917862246,1.0
2651,gb,4,1,6.907755278982137,4.0
2652,gcg-15,4,1,6.907755278982137,4.0
2653,gele,4,1,6.907755278982137,4.0
2654,genom,4,3,5.809142990314028,1.3333333333333333
2655,gg,4,2,6.214608098422191,2.0
2656,gliptin,4,1,6.907755278982137,4.0
2657,glp-1-dependent,4,4,5.521460917862246,1.0
2658,glp-17-36,4,1,6.907755278982137,4.0
2659,glp-19-36,4,1,6.907755278982137,4.0
2660,glp-1ir,4,1,6.907755278982137,4.0
2661,glp-1r-dependent,4,4,5.521460917862246,1.0
2662,glp-1r-mediated,4,4,5.521460917862246,1.0
2663,glp-ir,4,1,6.907755278982137,4.0
2664,glucoregulatori,4,4,5.521460917862246,1.0
2665,glucose-independent,4,3,5.809142990314028,1.3333333333333333
2666,glupal,4,1,6.907755278982137,4.0
2667,gly,4,3,5.809142990314028,1.3333333333333333
2668,gustatori,4,1,6.907755278982137,4.0
2669,gustducin,4,1,6.907755278982137,4.0
2670,hacat,4,1,6.907755278982137,4.0
2671,haemoglobin,4,4,5.521460917862246,1.0
2672,har,4,4,5.521460917862246,1.0
2673,hazard,4,4,5.521460917862246,1.0
2674,heg,4,1,6.907755278982137,4.0
2675,hepatocyt,4,4,5.521460917862246,1.0
2676,hfd-induced,4,3,5.809142990314028,1.3333333333333333
2677,high-affinity,4,4,5.521460917862246,1.0
2678,hilar,4,1,6.907755278982137,4.0
2679,hormone-based,4,2,6.214608098422191,2.0
2680,hpdlsc,4,1,6.907755278982137,4.0
2681,hplc,4,4,5.521460917862246,1.0
2682,hrec,4,2,6.214608098422191,2.0
2683,ht,4,3,5.809142990314028,1.3333333333333333
2684,hydrogel,4,3,5.809142990314028,1.3333333333333333
2685,hydrogen,4,4,5.521460917862246,1.0
2686,hyperinsulinemia,4,2,6.214608098422191,2.0
2687,hypersensit,4,2,6.214608098422191,2.0
2688,hypoglycaem,4,3,5.809142990314028,1.3333333333333333
2689,hypogonad,4,2,6.214608098422191,2.0
2690,i-6,4,1,6.907755278982137,4.0
2691,ic,4,3,5.809142990314028,1.3333333333333333
2692,ihc,4,2,6.214608098422191,2.0
2693,immunoblot,4,3,5.809142990314028,1.3333333333333333
2694,immunostain,4,4,5.521460917862246,1.0
2695,impress,4,4,5.521460917862246,1.0
2696,inadvert,4,3,5.809142990314028,1.3333333333333333
2697,inde,4,4,5.521460917862246,1.0
2698,indol,4,1,6.907755278982137,4.0
2699,ineffect,4,3,5.809142990314028,1.3333333333333333
2700,infecti,4,3,5.809142990314028,1.3333333333333333
2701,influenza,4,1,6.907755278982137,4.0
2702,inpati,4,3,5.809142990314028,1.3333333333333333
2703,institut,4,4,5.521460917862246,1.0
2704,insulin-dependent,4,4,5.521460917862246,1.0
2705,insulin-like,4,3,5.809142990314028,1.3333333333333333
2706,intensif,4,2,6.214608098422191,2.0
2707,interf,4,4,5.521460917862246,1.0
2708,interleukin-6,4,4,5.521460917862246,1.0
2709,intermitt,4,4,5.521460917862246,1.0
2710,internalis,4,4,5.521460917862246,1.0
2711,interplai,4,4,5.521460917862246,1.0
2712,intragastr,4,3,5.809142990314028,1.3333333333333333
2713,intric,4,3,5.809142990314028,1.3333333333333333
2714,irrespect,4,3,5.809142990314028,1.3333333333333333
2715,irrit,4,4,5.521460917862246,1.0
2716,ischaem,4,2,6.214608098422191,2.0
2717,iso,4,2,6.214608098422191,2.0
2718,june,4,4,5.521460917862246,1.0
2719,k-cells,4,2,6.214608098422191,2.0
2720,kd,4,3,5.809142990314028,1.3333333333333333
2721,lamina,4,3,5.809142990314028,1.3333333333333333
2722,lastli,4,4,5.521460917862246,1.0
2723,ligat,4,4,5.521460917862246,1.0
2724,list,4,4,5.521460917862246,1.0
2725,long-chain,4,4,5.521460917862246,1.0
2726,low-fat,4,2,6.214608098422191,2.0
2727,lpl,4,1,6.907755278982137,4.0
2728,ltp,4,2,6.214608098422191,2.0
2729,lv,4,2,6.214608098422191,2.0
2730,lysinoalanin,4,1,6.907755278982137,4.0
2731,ma,4,1,6.907755278982137,4.0
2732,manuscript,4,3,5.809142990314028,1.3333333333333333
2733,matter,4,2,6.214608098422191,2.0
2734,mb,4,1,6.907755278982137,4.0
2735,mdii,4,1,6.907755278982137,4.0
2736,media,4,4,5.521460917862246,1.0
2737,medial,4,3,5.809142990314028,1.3333333333333333
2738,mesh,4,3,5.809142990314028,1.3333333333333333
2739,metabolom,4,4,5.521460917862246,1.0
2740,microb,4,3,5.809142990314028,1.3333333333333333
2741,mini-review,4,4,5.521460917862246,1.0
2742,minor,4,4,5.521460917862246,1.0
2743,miss,4,2,6.214608098422191,2.0
2744,mmhg,4,2,6.214608098422191,2.0
2745,mnt,4,1,6.907755278982137,4.0
2746,mobil,4,4,5.521460917862246,1.0
2747,morphologi,4,4,5.521460917862246,1.0
2748,mrc-5,4,1,6.907755278982137,4.0
2749,multi-organ,4,4,5.521460917862246,1.0
2750,myenter,4,3,5.809142990314028,1.3333333333333333
2751,nae,4,1,6.907755278982137,4.0
2752,nanomedicin,4,2,6.214608098422191,2.0
2753,narrow,4,4,5.521460917862246,1.0
2754,nation,4,3,5.809142990314028,1.3333333333333333
2755,neogenesi,4,4,5.521460917862246,1.0
2756,nephropathi,4,4,5.521460917862246,1.0
2757,neurocognit,4,3,5.809142990314028,1.3333333333333333
2758,neuroplast,4,4,5.521460917862246,1.0
2759,nigromaculata,4,1,6.907755278982137,4.0
2760,nisin,4,1,6.907755278982137,4.0
2761,nist,4,1,6.907755278982137,4.0
2762,nlc,4,1,6.907755278982137,4.0
2763,nonpeptid,4,3,5.809142990314028,1.3333333333333333
2764,npy-y2,4,1,6.907755278982137,4.0
2765,nuanc,4,4,5.521460917862246,1.0
2766,null,4,4,5.521460917862246,1.0
2767,nutrient-stimulated,4,4,5.521460917862246,1.0
2768,oa-induced,4,1,6.907755278982137,4.0
2769,obesity-associated,4,3,5.809142990314028,1.3333333333333333
2770,obstacl,4,4,5.521460917862246,1.0
2771,obviou,4,4,5.521460917862246,1.0
2772,occurr,4,3,5.809142990314028,1.3333333333333333
2773,octreotid,4,2,6.214608098422191,2.0
2774,off-target,4,4,5.521460917862246,1.0
2775,oncologi,4,3,5.809142990314028,1.3333333333333333
2776,op,4,1,6.907755278982137,4.0
2777,oper,4,3,5.809142990314028,1.3333333333333333
2778,overproduct,4,2,6.214608098422191,2.0
2779,overwhelm,4,4,5.521460917862246,1.0
2780,pa,4,1,6.907755278982137,4.0
2781,palat,4,4,5.521460917862246,1.0
2782,pancreas,4,3,5.809142990314028,1.3333333333333333
2783,panel,4,4,5.521460917862246,1.0
2784,parasympathet,4,3,5.809142990314028,1.3333333333333333
2785,pasireotide-induced,4,1,6.907755278982137,4.0
2786,patient-centered,4,4,5.521460917862246,1.0
2787,pave,4,4,5.521460917862246,1.0
2788,pegyl,4,3,5.809142990314028,1.3333333333333333
2789,percent,4,3,5.809142990314028,1.3333333333333333
2790,perikarya,4,3,5.809142990314028,1.3333333333333333
2791,pkc,4,2,6.214608098422191,2.0
2792,plasmid,4,2,6.214608098422191,2.0
2793,plc,4,3,5.809142990314028,1.3333333333333333
2794,pocket,4,2,6.214608098422191,2.0
2795,polar,4,3,5.809142990314028,1.3333333333333333
2796,polym,4,4,5.521460917862246,1.0
2797,polymorph,4,3,5.809142990314028,1.3333333333333333
2798,postpartum,4,3,5.809142990314028,1.3333333333333333
2799,potato,4,2,6.214608098422191,2.0
2800,pre-proglucagon,4,1,6.907755278982137,4.0
2801,preconcept,4,3,5.809142990314028,1.3333333333333333
2802,pregnant,4,3,5.809142990314028,1.3333333333333333
2803,preload,4,2,6.214608098422191,2.0
2804,presum,4,4,5.521460917862246,1.0
2805,preterm,4,1,6.907755278982137,4.0
2806,proinflammatori,4,4,5.521460917862246,1.0
2807,prolactin,4,1,6.907755278982137,4.0
2808,proper,4,4,5.521460917862246,1.0
2809,propria,4,3,5.809142990314028,1.3333333333333333
2810,prostaglandin,4,3,5.809142990314028,1.3333333333333333
2811,pseudocyst,4,1,6.907755278982137,4.0
2812,psychotrop,4,1,6.907755278982137,4.0
2813,pup,4,2,6.214608098422191,2.0
2814,pure,4,4,5.521460917862246,1.0
2815,pv,4,1,6.907755278982137,4.0
2816,qw,4,1,6.907755278982137,4.0
2817,r-ko,4,1,6.907755278982137,4.0
2818,radiat,4,2,6.214608098422191,2.0
2819,radioact,4,1,6.907755278982137,4.0
2820,read,4,3,5.809142990314028,1.3333333333333333
2821,receptor-bound,4,3,5.809142990314028,1.3333333333333333
2822,recycl,4,3,5.809142990314028,1.3333333333333333
2823,registr,4,3,5.809142990314028,1.3333333333333333
2824,reli,4,4,5.521460917862246,1.0
2825,remov,4,4,5.521460917862246,1.0
2826,repolar,4,2,6.214608098422191,2.0
2827,reproduc,4,4,5.521460917862246,1.0
2828,reproductive-aged,4,4,5.521460917862246,1.0
2829,rescu,4,4,5.521460917862246,1.0
2830,resect,4,1,6.907755278982137,4.0
2831,resorpt,4,3,5.809142990314028,1.3333333333333333
2832,retard,4,2,6.214608098422191,2.0
2833,rflox,4,1,6.907755278982137,4.0
2834,rgc,4,1,6.907755278982137,4.0
2835,rhein-c12-glp-1,4,1,6.907755278982137,4.0
2836,ripr,4,1,6.907755278982137,4.0
2837,rt,4,1,6.907755278982137,4.0
2838,rybelsu,4,4,5.521460917862246,1.0
2839,sarcopen,4,4,5.521460917862246,1.0
2840,satur,4,4,5.521460917862246,1.0
2841,sbo,4,2,6.214608098422191,2.0
2842,scan,4,4,5.521460917862246,1.0
2843,scatter,4,2,6.214608098422191,2.0
2844,scgnfl,4,1,6.907755278982137,4.0
2845,secretin,4,4,5.521460917862246,1.0
2846,secur,4,3,5.809142990314028,1.3333333333333333
2847,sedat,4,3,5.809142990314028,1.3333333333333333
2848,see,4,4,5.521460917862246,1.0
2849,seemingli,4,4,5.521460917862246,1.0
2850,sexual,4,2,6.214608098422191,2.0
2851,sg,4,2,6.214608098422191,2.0
2852,sglt-2i,4,2,6.214608098422191,2.0
2853,shortli,4,4,5.521460917862246,1.0
2854,shoulder,4,1,6.907755278982137,4.0
2855,silenc,4,4,5.521460917862246,1.0
2856,silico,4,3,5.809142990314028,1.3333333333333333
2857,smooth,4,4,5.521460917862246,1.0
2858,snp,4,1,6.907755278982137,4.0
2859,solid,4,4,5.521460917862246,1.0
2860,spike,4,2,6.214608098422191,2.0
2861,spr,4,2,6.214608098422191,2.0
2862,sprague-dawley,4,4,5.521460917862246,1.0
2863,spread,4,3,5.809142990314028,1.3333333333333333
2864,statement,4,2,6.214608098422191,2.0
2865,stent,4,2,6.214608098422191,2.0
2866,steroid,4,3,5.809142990314028,1.3333333333333333
2867,stratif,4,4,5.521460917862246,1.0
2868,straw,4,1,6.907755278982137,4.0
2869,strict,4,4,5.521460917862246,1.0
2870,surgeon,4,3,5.809142990314028,1.3333333333333333
2871,surpass,4,4,5.521460917862246,1.0
2872,suspect,4,4,5.521460917862246,1.0
2873,tag,4,3,5.809142990314028,1.3333333333333333
2874,tandem,4,3,5.809142990314028,1.3333333333333333
2875,tdtomato,4,1,6.907755278982137,4.0
2876,telencephalon,4,3,5.809142990314028,1.3333333333333333
2877,testosteron,4,2,6.214608098422191,2.0
2878,theoret,4,4,5.521460917862246,1.0
2879,thermal,4,3,5.809142990314028,1.3333333333333333
2880,threat,4,4,5.521460917862246,1.0
2881,tnf,4,4,5.521460917862246,1.0
2882,tra,4,1,6.907755278982137,4.0
2883,triazol,4,2,6.214608098422191,2.0
2884,unabl,4,3,5.809142990314028,1.3333333333333333
2885,unaffect,4,4,5.521460917862246,1.0
2886,unchang,4,4,5.521460917862246,1.0
2887,unfortun,4,4,5.521460917862246,1.0
2888,unsatur,4,4,5.521460917862246,1.0
2889,up-regulated,4,3,5.809142990314028,1.3333333333333333
2890,urinari,4,4,5.521460917862246,1.0
2891,vagotomi,4,2,6.214608098422191,2.0
2892,ve,4,2,6.214608098422191,2.0
2893,ventromedi,4,3,5.809142990314028,1.3333333333333333
2894,vesicl,4,4,5.521460917862246,1.0
2895,virtual,4,4,5.521460917862246,1.0
2896,viru,4,1,6.907755278982137,4.0
2897,volunt,4,4,5.521460917862246,1.0
2898,vpkeg,4,1,6.907755278982137,4.0
2899,wall,4,2,6.214608098422191,2.0
2900,washout,4,3,5.809142990314028,1.3333333333333333
2901,wegovi,4,4,5.521460917862246,1.0
2902,weight-loss,4,4,5.521460917862246,1.0
2903,well-designed,4,4,5.521460917862246,1.0
2904,well-known,4,4,5.521460917862246,1.0
2905,well-tolerated,4,3,5.809142990314028,1.3333333333333333
2906,wherebi,4,3,5.809142990314028,1.3333333333333333
2907,wors,4,4,5.521460917862246,1.0
2908,zwitterion,4,2,6.214608098422191,2.0
2909,abus,3,3,5.809142990314028,1.0
2910,ac,3,2,6.214608098422191,1.5
2911,accur,3,3,5.809142990314028,1.0
2912,ach,3,1,6.907755278982137,3.0
2913,adenylyl,3,3,5.809142990314028,1.0
2914,adipogenesi,3,3,5.809142990314028,1.0
2915,adjuv,3,2,6.214608098422191,1.5
2916,admiss,3,3,5.809142990314028,1.0
2917,admit,3,3,5.809142990314028,1.0
2918,adrenaline-induced,3,1,6.907755278982137,3.0
2919,adrenerg,3,1,6.907755278982137,3.0
2920,advoc,3,3,5.809142990314028,1.0
2921,aesthet,3,2,6.214608098422191,1.5
2922,afford,3,3,5.809142990314028,1.0
2923,age-associated,3,2,6.214608098422191,1.5
2924,agonist-based,3,3,5.809142990314028,1.0
2925,ahr,3,1,6.907755278982137,3.0
2926,akt-s473,3,1,6.907755278982137,3.0
2927,albeit,3,3,5.809142990314028,1.0
2928,align,3,3,5.809142990314028,1.0
2929,aminotransferas,3,2,6.214608098422191,1.5
2930,amongst,3,3,5.809142990314028,1.0
2931,amphetamin,3,1,6.907755278982137,3.0
2932,amplif,3,2,6.214608098422191,1.5
2933,amplitud,3,2,6.214608098422191,1.5
2934,anastomosi,3,1,6.907755278982137,3.0
2935,androgen,3,3,5.809142990314028,1.0
2936,anekomochi,3,1,6.907755278982137,3.0
2937,anesthesiologi,3,2,6.214608098422191,1.5
2938,anesthet,3,3,5.809142990314028,1.0
2939,annual,3,3,5.809142990314028,1.0
2940,anorexia,3,2,6.214608098422191,1.5
2941,anti-atherosclerotic,3,2,6.214608098422191,1.5
2942,anti-diabetes,3,3,5.809142990314028,1.0
2943,anti-oxidant,3,2,6.214608098422191,1.5
2944,anticonvuls,3,1,6.907755278982137,3.0
2945,antidipsogen,3,1,6.907755278982137,3.0
2946,antipsychot,3,2,6.214608098422191,1.5
2947,antisecretori,3,2,6.214608098422191,1.5
2948,antiserum,3,2,6.214608098422191,1.5
2949,antrum,3,1,6.907755278982137,3.0
2950,aom,3,1,6.907755278982137,3.0
2951,apnea-hypopnea,3,3,5.809142990314028,1.0
2952,apnoea,3,1,6.907755278982137,3.0
2953,april,3,3,5.809142990314028,1.0
2954,ard,3,1,6.907755278982137,3.0
2955,arg,3,2,6.214608098422191,1.5
2956,arm,3,3,5.809142990314028,1.0
2957,arthriti,3,3,5.809142990314028,1.0
2958,artifici,3,3,5.809142990314028,1.0
2959,ascertain,3,3,5.809142990314028,1.0
2960,aspart,3,2,6.214608098422191,1.5
2961,assumpt,3,2,6.214608098422191,1.5
2962,atf,3,2,6.214608098422191,1.5
2963,attain,3,2,6.214608098422191,1.5
2964,autoradiographi,3,3,5.809142990314028,1.0
2965,awai,3,3,5.809142990314028,1.0
2966,baseline-adjusted,3,1,6.907755278982137,3.0
2967,becam,3,3,5.809142990314028,1.0
2968,bedsid,3,3,5.809142990314028,1.0
2969,belong,3,3,5.809142990314028,1.0
2970,bh-exendin,3,1,6.907755278982137,3.0
2971,biformi,3,1,6.907755278982137,3.0
2972,biliari,3,2,6.214608098422191,1.5
2973,biopharmaceut,3,2,6.214608098422191,1.5
2974,biphas,3,3,5.809142990314028,1.0
2975,bipolar,3,3,5.809142990314028,1.0
2976,blood-glucose,3,2,6.214608098422191,1.5
2977,bloodstream,3,3,5.809142990314028,1.0
2978,bolu,3,2,6.214608098422191,1.5
2979,build,3,3,5.809142990314028,1.0
2980,bulb,3,3,5.809142990314028,1.0
2981,burst,3,1,6.907755278982137,3.0
2982,butyricum-pmtl007-glp-1,3,1,6.907755278982137,3.0
2983,c-terminus,3,3,5.809142990314028,1.0
2984,cacao,3,2,6.214608098422191,1.5
2985,caco-2,3,2,6.214608098422191,1.5
2986,camp-dependent,3,3,5.809142990314028,1.0
2987,cancel,3,3,5.809142990314028,1.0
2988,cardiologi,3,2,6.214608098422191,1.5
2989,cardiopulmonari,3,1,6.907755278982137,3.0
2990,cardiovascular-kidney-metabolic,3,3,5.809142990314028,1.0
2991,carotid,3,3,5.809142990314028,1.0
2992,cartilag,3,2,6.214608098422191,1.5
2993,caspase-3,3,3,5.809142990314028,1.0
2994,caucasian,3,1,6.907755278982137,3.0
2995,cbb,3,1,6.907755278982137,3.0
2996,centuri,3,3,5.809142990314028,1.0
2997,cerebellum,3,2,6.214608098422191,1.5
2998,choos,3,3,5.809142990314028,1.0
2999,chop,3,1,6.907755278982137,3.0
3000,cirrhosi,3,2,6.214608098422191,1.5
3001,clearli,3,2,6.214608098422191,1.5
3002,cleav,3,3,5.809142990314028,1.0
3003,co-localized,3,2,6.214608098422191,1.5
3004,co-occurring,3,2,6.214608098422191,1.5
3005,coexist,3,3,5.809142990314028,1.0
3006,coingest,3,2,6.214608098422191,1.5
3007,colleagu,3,3,5.809142990314028,1.0
3008,compat,3,3,5.809142990314028,1.0
3009,complianc,3,3,5.809142990314028,1.0
3010,compress,3,1,6.907755278982137,3.0
3011,conceptu,3,3,5.809142990314028,1.0
3012,consciou,3,3,5.809142990314028,1.0
3013,constitu,3,3,5.809142990314028,1.0
3014,contact,3,3,5.809142990314028,1.0
3015,contemporari,3,3,5.809142990314028,1.0
3016,convers,3,3,5.809142990314028,1.0
3017,cord,3,3,5.809142990314028,1.0
3018,corn,3,3,5.809142990314028,1.0
3019,coronaviru,3,2,6.214608098422191,1.5
3020,cost-effectiveness,3,3,5.809142990314028,1.0
3021,counter,3,3,5.809142990314028,1.0
3022,coval,3,3,5.809142990314028,1.0
3023,cross,3,3,5.809142990314028,1.0
3024,cross-over,3,3,5.809142990314028,1.0
3025,cross-sectional,3,3,5.809142990314028,1.0
3026,cryo-em,3,2,6.214608098422191,1.5
3027,crystal,3,2,6.214608098422191,1.5
3028,csf,3,2,6.214608098422191,1.5
3029,cue,3,3,5.809142990314028,1.0
3030,cy,3,2,6.214608098422191,1.5
3031,cytoplasm,3,3,5.809142990314028,1.0
3032,dark,3,3,5.809142990314028,1.0
3033,dbp,3,2,6.214608098422191,1.5
3034,debat,3,3,5.809142990314028,1.0
3035,deciph,3,3,5.809142990314028,1.0
3036,decretin,3,1,6.907755278982137,3.0
3037,dedic,3,3,5.809142990314028,1.0
3038,dehydr,3,1,6.907755278982137,3.0
3039,dendrit,3,2,6.214608098422191,1.5
3040,denerv,3,2,6.214608098422191,1.5
3041,depart,3,2,6.214608098422191,1.5
3042,dextrin,3,1,6.907755278982137,3.0
3043,diabetes-induced,3,2,6.214608098422191,1.5
3044,difficulti,3,3,5.809142990314028,1.0
3045,digesta,3,2,6.214608098422191,1.5
3046,dimension,3,1,6.907755278982137,3.0
3047,dipeptidylpeptidas,3,3,5.809142990314028,1.0
3048,discern,3,3,5.809142990314028,1.0
3049,dispos,3,2,6.214608098422191,1.5
3050,dmt,3,1,6.907755278982137,3.0
3051,doi,3,3,5.809142990314028,1.0
3052,done,3,3,5.809142990314028,1.0
3053,down-regulated,3,3,5.809142990314028,1.0
3054,drastic,3,2,6.214608098422191,1.5
3055,dsm-5,3,1,6.907755278982137,3.0
3056,dual-receptor,3,2,6.214608098422191,1.5
3057,dvc,3,1,6.907755278982137,3.0
3058,dvt,3,1,6.907755278982137,3.0
3059,easd,3,3,5.809142990314028,1.0
3060,easier,3,3,5.809142990314028,1.0
3061,ebt,3,1,6.907755278982137,3.0
3062,elabor,3,3,5.809142990314028,1.0
3063,electrolyt,3,3,5.809142990314028,1.0
3064,elut,3,2,6.214608098422191,1.5
3065,embryon,3,3,5.809142990314028,1.0
3066,end-stage,3,3,5.809142990314028,1.0
3067,endocrinologist,3,3,5.809142990314028,1.0
3068,endopeptidas,3,3,5.809142990314028,1.0
3069,endothelium,3,3,5.809142990314028,1.0
3070,enrol,3,3,5.809142990314028,1.0
3071,entir,3,3,5.809142990314028,1.0
3072,entrain,3,2,6.214608098422191,1.5
3073,epac,3,2,6.214608098422191,1.5
3074,epicardi,3,3,5.809142990314028,1.0
3075,eplerenon,3,1,6.907755278982137,3.0
3076,equivoc,3,1,6.907755278982137,3.0
3077,erupt,3,2,6.214608098422191,1.5
3078,etoac,3,1,6.907755278982137,3.0
3079,europ,3,3,5.809142990314028,1.0
3080,ever,3,3,5.809142990314028,1.0
3081,evok,3,3,5.809142990314028,1.0
3082,evolut,3,3,5.809142990314028,1.0
3083,exagger,3,3,5.809142990314028,1.0
3084,exampl,3,3,5.809142990314028,1.0
3085,excitotox,3,3,5.809142990314028,1.0
3086,exendin-3,3,3,5.809142990314028,1.0
3087,exendin-9,3,2,6.214608098422191,1.5
3088,exercise-induced,3,2,6.214608098422191,1.5
3089,exon,3,1,6.907755278982137,3.0
3090,expenditur,3,3,5.809142990314028,1.0
3091,explan,3,3,5.809142990314028,1.0
3092,extrem,3,3,5.809142990314028,1.0
3093,farnesoid,3,3,5.809142990314028,1.0
3094,fascicl,3,1,6.907755278982137,3.0
3095,fibrillari,3,3,5.809142990314028,1.0
3096,figur,3,3,5.809142990314028,1.0
3097,fill,3,3,5.809142990314028,1.0
3098,financi,3,3,5.809142990314028,1.0
3099,flavonoid,3,2,6.214608098422191,1.5
3100,fluorin,3,1,6.907755278982137,3.0
3101,fluoxetin,3,1,6.907755278982137,3.0
3102,fmd,3,1,6.907755278982137,3.0
3103,follicular,3,3,5.809142990314028,1.0
3104,fontan,3,1,6.907755278982137,3.0
3105,food-related,3,3,5.809142990314028,1.0
3106,forens,3,1,6.907755278982137,3.0
3107,foxo-1,3,1,6.907755278982137,3.0
3108,fructose-induced,3,1,6.907755278982137,3.0
3109,fruit,3,3,5.809142990314028,1.0
3110,full-length,3,3,5.809142990314028,1.0
3111,fuse,3,3,5.809142990314028,1.0
3112,g-29,3,1,6.907755278982137,3.0
3113,ga-nodaga-exendin-4,3,1,6.907755278982137,3.0
3114,gad-glp-1-a,3,1,6.907755278982137,3.0
3115,gallbladd,3,3,5.809142990314028,1.0
3116,ganglia,3,3,5.809142990314028,1.0
3117,ganglion,3,3,5.809142990314028,1.0
3118,gargarizan,3,1,6.907755278982137,3.0
3119,gastric-emptying,3,2,6.214608098422191,1.5
3120,gelatin,3,1,6.907755278982137,3.0
3121,genai,3,1,6.907755278982137,3.0
3122,gender,3,3,5.809142990314028,1.0
3123,gfap,3,3,5.809142990314028,1.0
3124,gfp,3,2,6.214608098422191,1.5
3125,gfr,3,1,6.907755278982137,3.0
3126,gila,3,2,6.214608098422191,1.5
3127,gip-r,3,2,6.214608098422191,1.5
3128,gla-300,3,1,6.907755278982137,3.0
3129,glaucoma,3,1,6.907755278982137,3.0
3130,glp-1-abd,3,1,6.907755278982137,3.0
3131,glp-1-containing,3,3,5.809142990314028,1.0
3132,glp-1-releasing,3,1,6.907755278982137,3.0
3133,glp-1-ssm,3,1,6.907755278982137,3.0
3134,glp-1r-expressing,3,3,5.809142990314028,1.0
3135,glp-1ra-based,3,3,5.809142990314028,1.0
3136,glucagon-induced,3,1,6.907755278982137,3.0
3137,glucokinas,3,3,5.809142990314028,1.0
3138,glucolipotox,3,1,6.907755278982137,3.0
3139,gluconeogenesi,3,3,5.809142990314028,1.0
3140,glucosidas,3,1,6.907755278982137,3.0
3141,glutin,3,1,6.907755278982137,3.0
3142,glycogen,3,3,5.809142990314028,1.0
3143,glycogenolysi,3,2,6.214608098422191,1.5
3144,gm,3,1,6.907755278982137,3.0
3145,goldfish,3,1,6.907755278982137,3.0
3146,gpbar,3,3,5.809142990314028,1.0
3147,grape-seed,3,2,6.214608098422191,1.5
3148,gravidarum,3,1,6.907755278982137,3.0
3149,gross,3,1,6.907755278982137,3.0
3150,grpr,3,1,6.907755278982137,3.0
3151,gs-coupled,3,1,6.907755278982137,3.0
3152,gt,3,1,6.907755278982137,3.0
3153,gynecolog,3,3,5.809142990314028,1.0
3154,hallmark,3,3,5.809142990314028,1.0
3155,halt,3,3,5.809142990314028,1.0
3156,harm,3,3,5.809142990314028,1.0
3157,harvest,3,3,5.809142990314028,1.0
3158,heighten,3,3,5.809142990314028,1.0
3159,hf-related,3,3,5.809142990314028,1.0
3160,hg,3,1,6.907755278982137,3.0
3161,hidraden,3,3,5.809142990314028,1.0
3162,high-throughput,3,3,5.809142990314028,1.0
3163,hinder,3,3,5.809142990314028,1.0
3164,holist,3,3,5.809142990314028,1.0
3165,homolog,3,3,5.809142990314028,1.0
3166,homologi,3,3,5.809142990314028,1.0
3167,hospitalis,3,3,5.809142990314028,1.0
3168,humor,3,2,6.214608098422191,1.5
3169,hundr,3,3,5.809142990314028,1.0
3170,hyperemesi,3,1,6.907755278982137,3.0
3171,hyperplasia,3,1,6.907755278982137,3.0
3172,hypersecret,3,1,6.907755278982137,3.0
3173,hypertroph,3,2,6.214608098422191,1.5
3174,hyponatremia,3,1,6.907755278982137,3.0
3175,iauc,3,1,6.907755278982137,3.0
3176,icr,3,3,5.809142990314028,1.0
3177,ideglira,3,1,6.907755278982137,3.0
3178,iec,3,1,6.907755278982137,3.0
3179,igb,3,1,6.907755278982137,3.0
3180,igg,3,1,6.907755278982137,3.0
3181,imi,3,2,6.214608098422191,1.5
3182,immunosuppress,3,3,5.809142990314028,1.0
3183,implant,3,3,5.809142990314028,1.0
3184,in-silico,3,1,6.907755278982137,3.0
3185,inconclus,3,3,5.809142990314028,1.0
3186,inflammation-related,3,2,6.214608098422191,1.5
3187,inher,3,3,5.809142990314028,1.0
3188,input,3,3,5.809142990314028,1.0
3189,insulin-releasing,3,2,6.214608098422191,1.5
3190,insulinotroph,3,3,5.809142990314028,1.0
3191,insur,3,3,5.809142990314028,1.0
3192,interfac,3,3,5.809142990314028,1.0
3193,interrupt,3,3,5.809142990314028,1.0
3194,intestinofug,3,1,6.907755278982137,3.0
3195,intracrani,3,2,6.214608098422191,1.5
3196,intraduoden,3,3,5.809142990314028,1.0
3197,intraepitheli,3,3,5.809142990314028,1.0
3198,intralipid,3,1,6.907755278982137,3.0
3199,intriguingli,3,3,5.809142990314028,1.0
3200,ipsc,3,1,6.907755278982137,3.0
3201,ischemia-reperfusion,3,3,5.809142990314028,1.0
3202,islet-cell,3,2,6.214608098422191,1.5
3203,isoform,3,3,5.809142990314028,1.0
3204,japan,3,2,6.214608098422191,1.5
3205,jejun,3,2,6.214608098422191,1.5
3206,juli,3,3,5.809142990314028,1.0
3207,juvenil,3,1,6.907755278982137,3.0
3208,jwu-a021,3,1,6.907755278982137,3.0
3209,katp,3,3,5.809142990314028,1.0
3210,keratinocyt,3,2,6.214608098422191,1.5
3211,ketogenesi,3,2,6.214608098422191,1.5
3212,kit,3,3,5.809142990314028,1.0
3213,know,3,2,6.214608098422191,1.5
3214,ko,3,1,6.907755278982137,3.0
3215,landmark,3,3,5.809142990314028,1.0
3216,lat,3,1,6.907755278982137,3.0
3217,latenc,3,3,5.809142990314028,1.0
3218,lc-ms,3,2,6.214608098422191,1.5
3219,letter,3,2,6.214608098422191,1.5
3220,lgsgpa,3,1,6.907755278982137,3.0
3221,libitum,3,3,5.809142990314028,1.0
3222,lifelong,3,3,5.809142990314028,1.0
3223,likewis,3,3,5.809142990314028,1.0
3224,linagliptin,3,3,5.809142990314028,1.0
3225,lipodystrophi,3,3,5.809142990314028,1.0
3226,lipogenesi,3,3,5.809142990314028,1.0
3227,lipopolysaccharid,3,3,5.809142990314028,1.0
3228,liquor,3,2,6.214608098422191,1.5
3229,longev,3,3,5.809142990314028,1.0
3230,ltr,3,1,6.907755278982137,3.0
3231,luciferas,3,3,5.809142990314028,1.0
3232,lymphat,3,3,5.809142990314028,1.0
3233,lytac,3,1,6.907755278982137,3.0
3234,machineri,3,3,5.809142990314028,1.0
3235,mafld,3,2,6.214608098422191,1.5
3236,magnet,3,3,5.809142990314028,1.0
3237,mazdutid,3,1,6.907755278982137,3.0
3238,mcao,3,1,6.907755278982137,3.0
3239,mcrpc,3,1,6.907755278982137,3.0
3240,mechanism-based,3,3,5.809142990314028,1.0
3241,medulla,3,3,5.809142990314028,1.0
3242,melanocortin,3,3,5.809142990314028,1.0
3243,mention,3,3,5.809142990314028,1.0
3244,merit,3,3,5.809142990314028,1.0
3245,mesolimb,3,3,5.809142990314028,1.0
3246,metabolic-associated,3,3,5.809142990314028,1.0
3247,methodologi,3,3,5.809142990314028,1.0
3248,microenviron,3,3,5.809142990314028,1.0
3249,microgram,3,2,6.214608098422191,1.5
3250,middl,3,3,5.809142990314028,1.0
3251,mind,3,3,5.809142990314028,1.0
3252,minipig,3,1,6.907755278982137,3.0
3253,mitophagi,3,3,5.809142990314028,1.0
3254,moieti,3,3,5.809142990314028,1.0
3255,monkei,3,2,6.214608098422191,1.5
3256,monster,3,2,6.214608098422191,1.5
3257,morpholog,3,3,5.809142990314028,1.0
3258,mosaprid,3,1,6.907755278982137,3.0
3259,mostli,3,3,5.809142990314028,1.0
3260,motif,3,3,5.809142990314028,1.0
3261,move,3,3,5.809142990314028,1.0
3262,movement,3,3,5.809142990314028,1.0
3263,mtorc,3,1,6.907755278982137,3.0
3264,mtt,3,2,6.214608098422191,1.5
3265,multifunct,3,3,5.809142990314028,1.0
3266,multivari,3,3,5.809142990314028,1.0
3267,mutant,3,3,5.809142990314028,1.0
3268,myocardium,3,2,6.214608098422191,1.5
3269,n-terminally,3,3,5.809142990314028,1.0
3270,nasal,3,2,6.214608098422191,1.5
3271,nash,3,2,6.214608098422191,1.5
3272,neoplasia,3,3,5.809142990314028,1.0
3273,nervosa,3,2,6.214608098422191,1.5
3274,nestin-egfp-positive,3,1,6.907755278982137,3.0
3275,neurobiologi,3,3,5.809142990314028,1.0
3276,neurohormon,3,2,6.214608098422191,1.5
3277,neuroimag,3,2,6.214608098422191,1.5
3278,neuromodul,3,3,5.809142990314028,1.0
3279,neurotensin,3,3,5.809142990314028,1.0
3280,neurovascular,3,2,6.214608098422191,1.5
3281,nfat,3,1,6.907755278982137,3.0
3282,nisb,3,1,6.907755278982137,3.0
3283,nlrp,3,1,6.907755278982137,3.0
3284,no-reflow,3,1,6.907755278982137,3.0
3285,non-arteritic,3,3,5.809142990314028,1.0
3286,non-peptide,3,3,5.809142990314028,1.0
3287,non-selective,3,1,6.907755278982137,3.0
3288,nonarterit,3,3,5.809142990314028,1.0
3289,nonfat,3,1,6.907755278982137,3.0
3290,normoxia,3,1,6.907755278982137,3.0
3291,notion,3,3,5.809142990314028,1.0
3292,np,3,1,6.907755278982137,3.0
3293,nurs,3,3,5.809142990314028,1.0
3294,obesogen,3,2,6.214608098422191,1.5
3295,oleat,3,1,6.907755278982137,3.0
3296,orbitofront,3,1,6.907755278982137,3.0
3297,orforglipron,3,2,6.214608098422191,1.5
3298,oro-sensory,3,3,5.809142990314028,1.0
3299,osteoblast,3,3,5.809142990314028,1.0
3300,oud,3,1,6.907755278982137,3.0
3301,ovid,3,3,5.809142990314028,1.0
3302,ovr,3,1,6.907755278982137,3.0
3303,ovul,3,3,5.809142990314028,1.0
3304,own,3,3,5.809142990314028,1.0
3305,ozemp,3,3,5.809142990314028,1.0
3306,p-nedd4-2,3,1,6.907755278982137,3.0
3307,pack,3,2,6.214608098422191,1.5
3308,parenter,3,3,5.809142990314028,1.0
3309,parvocellular,3,1,6.907755278982137,3.0
3310,pasireotid,3,1,6.907755278982137,3.0
3311,pcb,3,1,6.907755278982137,3.0
3312,peer-reviewed,3,3,5.809142990314028,1.0
3313,peptide-2,3,3,5.809142990314028,1.0
3314,peri-operatively,3,1,6.907755278982137,3.0
3315,peripheri,3,3,5.809142990314028,1.0
3316,pertain,3,3,5.809142990314028,1.0
3317,pertin,3,3,5.809142990314028,1.0
3318,pfaa,3,1,6.907755278982137,3.0
3319,pharmaci,3,2,6.214608098422191,1.5
3320,pharmacotherapeut,3,3,5.809142990314028,1.0
3321,phytosterol,3,1,6.907755278982137,3.0
3322,pica,3,1,6.907755278982137,3.0
3323,pictur,3,3,5.809142990314028,1.0
3324,pilot,3,3,5.809142990314028,1.0
3325,pioglitazon,3,1,6.907755278982137,3.0
3326,pitfal,3,3,5.809142990314028,1.0
3327,plasmon,3,3,5.809142990314028,1.0
3328,pm,3,3,5.809142990314028,1.0
3329,pneumatosi,3,1,6.907755278982137,3.0
3330,polymicrobi,3,2,6.214608098422191,1.5
3331,pomc,3,2,6.214608098422191,1.5
3332,pop,3,1,6.907755278982137,3.0
3333,porcin,3,3,5.809142990314028,1.0
3334,post,3,3,5.809142990314028,1.0
3335,post-marketing,3,3,5.809142990314028,1.0
3336,post-treatment,3,2,6.214608098422191,1.5
3337,postul,3,3,5.809142990314028,1.0
3338,practition,3,2,6.214608098422191,1.5
3339,pragmat,3,3,5.809142990314028,1.0
3340,prandial,3,3,5.809142990314028,1.0
3341,pre-clinical,3,3,5.809142990314028,1.0
3342,predefin,3,3,5.809142990314028,1.0
3343,predictor,3,2,6.214608098422191,1.5
3344,predomin,3,3,5.809142990314028,1.0
3345,prehypertens,3,1,6.907755278982137,3.0
3346,press,3,3,5.809142990314028,1.0
3347,princip,3,3,5.809142990314028,1.0
3348,proinsulin,3,2,6.214608098422191,1.5
3349,proliferator-activated,3,3,5.809142990314028,1.0
3350,proof,3,3,5.809142990314028,1.0
3351,properli,3,3,5.809142990314028,1.0
3352,propranolol,3,1,6.907755278982137,3.0
3353,protein-protein,3,3,5.809142990314028,1.0
3354,proteolysi,3,3,5.809142990314028,1.0
3355,provok,3,3,5.809142990314028,1.0
3356,pseudarthrosi,3,1,6.907755278982137,3.0
3357,psychiatri,3,3,5.809142990314028,1.0
3358,pump,3,3,5.809142990314028,1.0
3359,punctur,3,3,5.809142990314028,1.0
3360,puriti,3,3,5.809142990314028,1.0
3361,pursu,3,3,5.809142990314028,1.0
3362,pyroptosi,3,2,6.214608098422191,1.5
3363,pyruv,3,3,5.809142990314028,1.0
3364,quantiti,3,3,5.809142990314028,1.0
3365,quercetin,3,1,6.907755278982137,3.0
3366,ra-related,3,3,5.809142990314028,1.0
3367,radiotrac,3,2,6.214608098422191,1.5
3368,rbp,3,1,6.907755278982137,3.0
3369,rcm-107,3,1,6.907755278982137,3.0
3370,realiz,3,3,5.809142990314028,1.0
3371,recov,3,3,5.809142990314028,1.0
3372,refold,3,1,6.907755278982137,3.0
3373,regist,3,3,5.809142990314028,1.0
3374,registri,3,3,5.809142990314028,1.0
3375,regurgit,3,2,6.214608098422191,1.5
3376,remot,3,1,6.907755278982137,3.0
3377,renew,3,3,5.809142990314028,1.0
3378,renin-angiotensin,3,3,5.809142990314028,1.0
3379,restart,3,3,5.809142990314028,1.0
3380,restrain,3,2,6.214608098422191,1.5
3381,retatrutid,3,2,6.214608098422191,1.5
3382,retent,3,3,5.809142990314028,1.0
3383,retina,3,3,5.809142990314028,1.0
3384,return,3,3,5.809142990314028,1.0
3385,reuteri,3,1,6.907755278982137,3.0
3386,rfx,3,1,6.907755278982137,3.0
3387,ria,3,3,5.809142990314028,1.0
3388,rigor,3,3,5.809142990314028,1.0
3389,rinm,3,1,6.907755278982137,3.0
3390,rob,3,3,5.809142990314028,1.0
3391,rpf,3,1,6.907755278982137,3.0
3392,rumin,3,1,6.907755278982137,3.0
3393,safflow,3,1,6.907755278982137,3.0
3394,saliva,3,2,6.214608098422191,1.5
3395,salt,3,1,6.907755278982137,3.0
3396,saxenda,3,3,5.809142990314028,1.0
3397,scar,3,1,6.907755278982137,3.0
3398,scarc,3,3,5.809142990314028,1.0
3399,scenario,3,3,5.809142990314028,1.0
3400,scfa,3,2,6.214608098422191,1.5
3401,score-matched,3,3,5.809142990314028,1.0
3402,sec,3,1,6.907755278982137,3.0
3403,sem,3,2,6.214608098422191,1.5
3404,sensor,3,3,5.809142990314028,1.0
3405,septemb,3,3,5.809142990314028,1.0
3406,septic,3,2,6.214608098422191,1.5
3407,serin,3,3,5.809142990314028,1.0
3408,seventeen,3,3,5.809142990314028,1.0
3409,sex-specific,3,2,6.214608098422191,1.5
3410,short-linker,3,1,6.907755278982137,3.0
3411,sid,3,1,6.907755278982137,3.0
3412,sign,3,3,5.809142990314028,1.0
3413,signal-regulated,3,3,5.809142990314028,1.0
3414,single-cell,3,2,6.214608098422191,1.5
3415,sinu,3,3,5.809142990314028,1.0
3416,sipsc,3,2,6.214608098422191,1.5
3417,sirna,3,3,5.809142990314028,1.0
3418,sma,3,2,6.214608098422191,1.5
3419,smd,3,1,6.907755278982137,3.0
3420,sodium-induced,3,1,6.907755278982137,3.0
3421,softshel,3,1,6.907755278982137,3.0
3422,solitarii,3,3,5.809142990314028,1.0
3423,sometim,3,3,5.809142990314028,1.0
3424,soymilk,3,1,6.907755278982137,3.0
3425,span,3,3,5.809142990314028,1.0
3426,spare,3,3,5.809142990314028,1.0
3427,specul,3,2,6.214608098422191,1.5
3428,ss-14,3,1,6.907755278982137,3.0
3429,stai,3,2,6.214608098422191,1.5
3430,starch,3,3,5.809142990314028,1.0
3431,starv,3,1,6.907755278982137,3.0
3432,stigma,3,2,6.214608098422191,1.5
3433,sting,3,1,6.907755278982137,3.0
3434,stoma,3,1,6.907755278982137,3.0
3435,storag,3,3,5.809142990314028,1.0
3436,store,3,3,5.809142990314028,1.0
3437,strateg,3,3,5.809142990314028,1.0
3438,strength,3,3,5.809142990314028,1.0
3439,stressor,3,2,6.214608098422191,1.5
3440,striatal,3,1,6.907755278982137,3.0
3441,structure-based,3,2,6.214608098422191,1.5
3442,submit,3,3,5.809142990314028,1.0
3443,suboptim,3,2,6.214608098422191,1.5
3444,sulfat,3,3,5.809142990314028,1.0
3445,suppurativa,3,3,5.809142990314028,1.0
3446,surg,3,3,5.809142990314028,1.0
3447,surmount,3,3,5.809142990314028,1.0
3448,sweeten,3,2,6.214608098422191,1.5
3449,tablet,3,2,6.214608098422191,1.5
3450,tackl,3,3,5.809142990314028,1.0
3451,taspoglutid,3,3,5.809142990314028,1.0
3452,tat,3,1,6.907755278982137,3.0
3453,tba,3,1,6.907755278982137,3.0
3454,tc,3,2,6.214608098422191,1.5
3455,technic,3,2,6.214608098422191,1.5
3456,technolog,3,3,5.809142990314028,1.0
3457,tgfb,3,1,6.907755278982137,3.0
3458,tha,3,1,6.907755278982137,3.0
3459,thalamu,3,2,6.214608098422191,1.5
3460,thcpsi,3,1,6.907755278982137,3.0
3461,thermogenesi,3,3,5.809142990314028,1.0
3462,thirst,3,1,6.907755278982137,3.0
3463,thirteen,3,3,5.809142990314028,1.0
3464,thr,3,2,6.214608098422191,1.5
3465,thromboembol,3,3,5.809142990314028,1.0
3466,throughput,3,2,6.214608098422191,1.5
3467,tipss,3,1,6.907755278982137,3.0
3468,tonic,3,1,6.907755278982137,3.0
3469,trace,3,3,5.809142990314028,1.0
3470,trajectori,3,3,5.809142990314028,1.0
3471,transaminas,3,2,6.214608098422191,1.5
3472,transfer,3,2,6.214608098422191,1.5
3473,transferas,3,3,5.809142990314028,1.0
3474,transmitt,3,3,5.809142990314028,1.0
3475,triacylglycerol,3,2,6.214608098422191,1.5
3476,triphosphate-sensitive,3,1,6.907755278982137,3.0
3477,tsa,3,2,6.214608098422191,1.5
3478,tumour,3,2,6.214608098422191,1.5
3479,turtl,3,1,6.907755278982137,3.0
3480,twice-daily,3,3,5.809142990314028,1.0
3481,twofold,3,2,6.214608098422191,1.5
3482,ubiquit,3,3,5.809142990314028,1.0
3483,unalt,3,3,5.809142990314028,1.0
3484,uncommon,3,3,5.809142990314028,1.0
3485,uncov,3,3,5.809142990314028,1.0
3486,underexplor,3,3,5.809142990314028,1.0
3487,underrecogn,3,3,5.809142990314028,1.0
3488,undertaken,3,3,5.809142990314028,1.0
3489,underwrit,3,1,6.907755278982137,3.0
3490,unexpect,3,3,5.809142990314028,1.0
3491,unexpectedli,3,3,5.809142990314028,1.0
3492,unintend,3,3,5.809142990314028,1.0
3493,unlabel,3,3,5.809142990314028,1.0
3494,unmodifi,3,1,6.907755278982137,3.0
3495,unnatur,3,3,5.809142990314028,1.0
3496,unpreced,3,3,5.809142990314028,1.0
3497,unresolv,3,3,5.809142990314028,1.0
3498,valuat,3,1,6.907755278982137,3.0
3499,veloc,3,3,5.809142990314028,1.0
3500,ventricl,3,3,5.809142990314028,1.0
3501,vgcc,3,1,6.907755278982137,3.0
3502,viewpoint,3,3,5.809142990314028,1.0
3503,vip,3,2,6.214608098422191,1.5
3504,visit,3,3,5.809142990314028,1.0
3505,vlc,3,1,6.907755278982137,3.0
3506,vmn,3,1,6.907755278982137,3.0
3507,vpgag,3,1,6.907755278982137,3.0
3508,vpreg,3,1,6.907755278982137,3.0
3509,vulgari,3,1,6.907755278982137,3.0
3510,weak,3,3,5.809142990314028,1.0
3511,weaken,3,2,6.214608098422191,1.5
3512,weight-reducing,3,3,5.809142990314028,1.0
3513,whole-cell,3,3,5.809142990314028,1.0
3514,whom,3,3,5.809142990314028,1.0
3515,wilei,3,3,5.809142990314028,1.0
3516,wit,3,2,6.214608098422191,1.5
3517,withdraw,3,2,6.214608098422191,1.5
3518,workup,3,3,5.809142990314028,1.0
3519,wpi,3,1,6.907755278982137,3.0
3520,xaa-pro-dap,3,1,6.907755278982137,3.0
3521,y,3,3,5.809142990314028,1.0
3522,yeast,3,1,6.907755278982137,3.0
3523,a-treatment,2,1,6.907755278982137,2.0
3524,aapeptid,2,1,6.907755278982137,2.0
3525,abat,2,2,6.214608098422191,1.0
3526,abd,2,1,6.907755278982137,2.0
3527,abrupt,2,1,6.907755278982137,2.0
3528,abundantli,2,2,6.214608098422191,1.0
3529,acarbose-treated,2,1,6.907755278982137,2.0
3530,accumben,2,2,6.214608098422191,1.0
3531,acet,2,2,6.214608098422191,1.0
3532,acid-sensing,2,1,6.907755278982137,2.0
3533,acinar,2,2,6.214608098422191,1.0
3534,acquir,2,2,6.214608098422191,1.0
3535,ada,2,2,6.214608098422191,1.0
3536,adenoma,2,2,6.214608098422191,1.0
3537,adjac,2,2,6.214608098422191,1.0
3538,adlyxin,2,2,6.214608098422191,1.0
3539,adulthood,2,2,6.214608098422191,1.0
3540,advanced-stage,2,1,6.907755278982137,2.0
3541,advent,2,2,6.214608098422191,1.0
3542,advertis,2,1,6.907755278982137,2.0
3543,advic,2,2,6.214608098422191,1.0
3544,aforement,2,2,6.214608098422191,1.0
3545,age-matched,2,2,6.214608098422191,1.0
3546,agenda,2,2,6.214608098422191,1.0
3547,agent-specific,2,2,6.214608098422191,1.0
3548,aggrav,2,2,6.214608098422191,1.0
3549,aging-related,2,2,6.214608098422191,1.0
3550,agrp,2,1,6.907755278982137,2.0
3551,ahead,2,2,6.214608098422191,1.0
3552,ahi,2,2,6.214608098422191,1.0
3553,aki,2,1,6.907755278982137,2.0
3554,akkermansia,2,2,6.214608098422191,1.0
3555,albumin-binding,2,2,6.214608098422191,1.0
3556,albuminuria,2,2,6.214608098422191,1.0
3557,alcohol-related,2,2,6.214608098422191,1.0
3558,alkalin,2,2,6.214608098422191,1.0
3559,alloxan,2,1,6.907755278982137,2.0
3560,alp,2,1,6.907755278982137,2.0
3561,alpha-gustducin,2,1,6.907755278982137,2.0
3562,alpha-helices,2,1,6.907755278982137,2.0
3563,alpha-mangostin,2,1,6.907755278982137,2.0
3564,altogeth,2,2,6.214608098422191,1.0
3565,alwai,2,2,6.214608098422191,1.0
3566,amd,2,1,6.907755278982137,2.0
3567,amend,2,2,6.214608098422191,1.0
3568,aminobutyr,2,2,6.214608098422191,1.0
3569,amomi,2,1,6.907755278982137,2.0
3570,amovillosumin,2,1,6.907755278982137,2.0
3571,amphetamine-regulated,2,2,6.214608098422191,1.0
3572,amt,2,1,6.907755278982137,2.0
3573,amygdala,2,2,6.214608098422191,1.0
3574,amylas,2,2,6.214608098422191,1.0
3575,anaesthesia,2,1,6.907755278982137,2.0
3576,anaesthesiologist,2,1,6.907755278982137,2.0
3577,anaesthet,2,2,6.214608098422191,1.0
3578,anaphylaxi,2,1,6.907755278982137,2.0
3579,anecdot,2,2,6.214608098422191,1.0
3580,ang,2,1,6.907755278982137,2.0
3581,angiogenesi,2,2,6.214608098422191,1.0
3582,anhydras,2,1,6.907755278982137,2.0
3583,anniversari,2,2,6.214608098422191,1.0
3584,annul,2,2,6.214608098422191,1.0
3585,anti-fouling,2,1,6.907755278982137,2.0
3586,anti-seizure,2,1,6.907755278982137,2.0
3587,antiapoptot,2,2,6.214608098422191,1.0
3588,antiatherogen,2,2,6.214608098422191,1.0
3589,antiemet,2,2,6.214608098422191,1.0
3590,antifibrot,2,2,6.214608098422191,1.0
3591,antigen,2,2,6.214608098422191,1.0
3592,antisera,2,1,6.907755278982137,2.0
3593,anywai,2,2,6.214608098422191,1.0
3594,apelin,2,1,6.907755278982137,2.0
3595,apelin-13,2,1,6.907755278982137,2.0
3596,apoptot,2,2,6.214608098422191,1.0
3597,appeal,2,2,6.214608098422191,1.0
3598,appreci,2,2,6.214608098422191,1.0
3599,apurin,2,2,6.214608098422191,1.0
3600,apyrimidin,2,2,6.214608098422191,1.0
3601,arachidon,2,2,6.214608098422191,1.0
3602,arrang,2,2,6.214608098422191,1.0
3603,arriv,2,2,6.214608098422191,1.0
3604,art,2,2,6.214608098422191,1.0
3605,arteriol,2,2,6.214608098422191,1.0
3606,ascend,2,1,6.907755278982137,2.0
3607,ascvd,2,1,6.907755278982137,2.0
3608,asept,2,2,6.214608098422191,1.0
3609,asia,2,2,6.214608098422191,1.0
3610,ask,2,2,6.214608098422191,1.0
3611,assum,2,2,6.214608098422191,1.0
3612,at-risk,2,2,6.214608098422191,1.0
3613,atiii,2,1,6.907755278982137,2.0
3614,atla,2,1,6.907755278982137,2.0
3615,atom,2,2,6.214608098422191,1.0
3616,atp-sensitive,2,2,6.214608098422191,1.0
3617,atpas,2,1,6.907755278982137,2.0
3618,attend,2,2,6.214608098422191,1.0
3619,audit,2,1,6.907755278982137,2.0
3620,august,2,2,6.214608098422191,1.0
3621,autoantibodi,2,2,6.214608098422191,1.0
3622,autocrin,2,1,6.907755278982137,2.0
3623,autom,2,2,6.214608098422191,1.0
3624,autoregul,2,1,6.907755278982137,2.0
3625,autoregulatori,2,1,6.907755278982137,2.0
3626,avers,2,2,6.214608098422191,1.0
3627,award,2,2,6.214608098422191,1.0
3628,b-17-scid,2,1,6.907755278982137,2.0
3629,bace,2,1,6.907755278982137,2.0
3630,back,2,2,6.214608098422191,1.0
3631,backbon,2,2,6.214608098422191,1.0
3632,backbone-based,2,1,6.907755278982137,2.0
3633,bacterium,2,2,6.214608098422191,1.0
3634,bad,2,1,6.907755278982137,2.0
3635,bar,2,2,6.214608098422191,1.0
3636,barrett,2,2,6.214608098422191,1.0
3637,basal-bolus,2,2,6.214608098422191,1.0
3638,bath,2,2,6.214608098422191,1.0
3639,behav,2,2,6.214608098422191,1.0
3640,benchmark,2,2,6.214608098422191,1.0
3641,benign,2,1,6.907755278982137,2.0
3642,bibliograph,2,2,6.214608098422191,1.0
3643,bidirect,2,2,6.214608098422191,1.0
3644,bifidobacterium,2,2,6.214608098422191,1.0
3645,biguanid,2,2,6.214608098422191,1.0
3646,billion,2,2,6.214608098422191,1.0
3647,biobehavior,2,2,6.214608098422191,1.0
3648,biogrid,2,1,6.907755278982137,2.0
3649,bioinformat,2,2,6.214608098422191,1.0
3650,biopsi,2,2,6.214608098422191,1.0
3651,bjp,2,2,6.214608098422191,1.0
3652,bleomycin-induced,2,1,6.907755278982137,2.0
3653,blind,2,2,6.214608098422191,1.0
3654,bloat,2,2,6.214608098422191,1.0
3655,blockbust,2,2,6.214608098422191,1.0
3656,blocker,2,2,6.214608098422191,1.0
3657,bn-s,2,1,6.907755278982137,2.0
3658,boil,2,2,6.214608098422191,1.0
3659,bombesin,2,2,6.214608098422191,1.0
3660,boolean,2,2,6.214608098422191,1.0
3661,border,2,2,6.214608098422191,1.0
3662,born,2,1,6.907755278982137,2.0
3663,box,2,2,6.214608098422191,1.0
3664,bph,2,2,6.214608098422191,1.0
3665,brain-derived,2,2,6.214608098422191,1.0
3666,breakfast,2,1,6.907755278982137,2.0
3667,breast,2,1,6.907755278982137,2.0
3668,brunner,2,2,6.214608098422191,1.0
3669,bsx,2,2,6.214608098422191,1.0
3670,bud,2,2,6.214608098422191,1.0
3671,bulimia,2,1,6.907755278982137,2.0
3672,bullou,2,2,6.214608098422191,1.0
3673,bupropion-naltrexone,2,2,6.214608098422191,1.0
3674,c-reactive,2,2,6.214608098422191,1.0
3675,cadaver,2,1,6.907755278982137,2.0
3676,caffeoylquin,2,2,6.214608098422191,1.0
3677,cafraglutid,2,2,6.214608098422191,1.0
3678,cagrilintid,2,2,6.214608098422191,1.0
3679,calcium-dependent,2,2,6.214608098422191,1.0
3680,cancer-related,2,1,6.907755278982137,2.0
3681,cannula,2,1,6.907755278982137,2.0
3682,capillari,2,1,6.907755278982137,2.0
3683,carcinoma,2,2,6.214608098422191,1.0
3684,cardio,2,2,6.214608098422191,1.0
3685,cardio-metabolic,2,2,6.214608098422191,1.0
3686,cardiologist,2,2,6.214608098422191,1.0
3687,carumbellosid,2,1,6.907755278982137,2.0
3688,casr,2,2,6.214608098422191,1.0
3689,catabol,2,2,6.214608098422191,1.0
3690,catalyst,2,2,6.214608098422191,1.0
3691,catenin,2,2,6.214608098422191,1.0
3692,causat,2,2,6.214608098422191,1.0
3693,caution,2,2,6.214608098422191,1.0
3694,cautiou,2,2,6.214608098422191,1.0
3695,cch,2,1,6.907755278982137,2.0
3696,ccl,2,1,6.907755278982137,2.0
3697,cea,2,1,6.907755278982137,2.0
3698,cell-derived,2,2,6.214608098422191,1.0
3699,cell-mediated,2,1,6.907755278982137,2.0
3700,cerebrovascular,2,2,6.214608098422191,1.0
3701,cfp-glp-1,2,1,6.907755278982137,2.0
3702,chanc,2,2,6.214608098422191,1.0
3703,chemokin,2,2,6.214608098422191,1.0
3704,chief,2,2,6.214608098422191,1.0
3705,china,2,2,6.214608098422191,1.0
3706,chlorthalidon,2,1,6.907755278982137,2.0
3707,cholinerg,2,2,6.214608098422191,1.0
3708,chromanol,2,1,6.907755278982137,2.0
3709,chromatograph,2,2,6.214608098422191,1.0
3710,chronotrop,2,2,6.214608098422191,1.0
3711,cimt,2,1,6.907755278982137,2.0
3712,circumv,2,2,6.214608098422191,1.0
3713,circumventricular,2,1,6.907755278982137,2.0
3714,citat,2,2,6.214608098422191,1.0
3715,ckm,2,1,6.907755278982137,2.0
3716,clamp,2,2,6.214608098422191,1.0
3717,clearer,2,2,6.214608098422191,1.0
3718,click,2,2,6.214608098422191,1.0
3719,clinicaltri,2,2,6.214608098422191,1.0
3720,clone,2,1,6.907755278982137,2.0
3721,cnt,2,1,6.907755278982137,2.0
3722,co,2,2,6.214608098422191,1.0
3723,co-agonist,2,2,6.214608098422191,1.0
3724,co-expressed,2,2,6.214608098422191,1.0
3725,co-immunoprecipitation,2,2,6.214608098422191,1.0
3726,co-secreted,2,1,6.907755278982137,2.0
3727,coadministr,2,2,6.214608098422191,1.0
3728,cogniz,2,2,6.214608098422191,1.0
3729,col-iv,2,1,6.907755278982137,2.0
3730,colectomi,2,1,6.907755278982137,2.0
3731,collaps,2,2,6.214608098422191,1.0
3732,collat,2,2,6.214608098422191,1.0
3733,coloc,2,2,6.214608098422191,1.0
3734,column,2,2,6.214608098422191,1.0
3735,com,2,2,6.214608098422191,1.0
3736,combinatori,2,2,6.214608098422191,1.0
3737,commenc,2,2,6.214608098422191,1.0
3738,commens,2,1,6.907755278982137,2.0
3739,commissur,2,2,6.214608098422191,1.0
3740,compani,2,2,6.214608098422191,1.0
3741,companion,2,2,6.214608098422191,1.0
3742,compil,2,2,6.214608098422191,1.0
3743,concert,2,2,6.214608098422191,1.0
3744,concomitantli,2,2,6.214608098422191,1.0
3745,confoc,2,2,6.214608098422191,1.0
3746,conformation,2,1,6.907755278982137,2.0
3747,congest,2,1,6.907755278982137,2.0
3748,constraint,2,2,6.214608098422191,1.0
3749,contradictori,2,2,6.214608098422191,1.0
3750,contrari,2,2,6.214608098422191,1.0
3751,cooper,2,2,6.214608098422191,1.0
3752,copd,2,2,6.214608098422191,1.0
3753,corrobor,2,2,6.214608098422191,1.0
3754,corticosteron,2,2,6.214608098422191,1.0
3755,corticotropin-releasing,2,2,6.214608098422191,1.0
3756,cosmet,2,2,6.214608098422191,1.0
3757,coverag,2,2,6.214608098422191,1.0
3758,cqa,2,1,6.907755278982137,2.0
3759,craving-induced,2,1,6.907755278982137,2.0
3760,crd,2,2,6.214608098422191,1.0
3761,creation,2,2,6.214608098422191,1.0
3762,crisi,2,2,6.214608098422191,1.0
3763,criterion,2,1,6.907755278982137,2.0
3764,cross-talk,2,1,6.907755278982137,2.0
3765,cue-induced,2,1,6.907755278982137,2.0
3766,cuff,2,2,6.214608098422191,1.0
3767,cure,2,2,6.214608098422191,1.0
3768,cystic,2,2,6.214608098422191,1.0
3769,cytoprotect,2,2,6.214608098422191,1.0
3770,cytosol,2,2,6.214608098422191,1.0
3771,d-ala,2,1,6.907755278982137,2.0
3772,d-glucose,2,1,6.907755278982137,2.0
3773,dampen,2,2,6.214608098422191,1.0
3774,dawlei,2,2,6.214608098422191,1.0
3775,deal,2,2,6.214608098422191,1.0
3776,dealt,2,2,6.214608098422191,1.0
3777,decid,2,2,6.214608098422191,1.0
3778,defens,2,2,6.214608098422191,1.0
3779,definit,2,2,6.214608098422191,1.0
3780,degradation-resistant,2,2,6.214608098422191,1.0
3781,dehisc,2,1,6.907755278982137,2.0
3782,dehydratas,2,1,6.907755278982137,2.0
3783,delbrueckii,2,1,6.907755278982137,2.0
3784,dens,2,2,6.214608098422191,1.0
3785,dentat,2,2,6.214608098422191,1.0
3786,dependence-induced,2,1,6.907755278982137,2.0
3787,dermatologist,2,2,6.214608098422191,1.0
3788,des-his,2,1,6.907755278982137,2.0
3789,descend,2,2,6.214608098422191,1.0
3790,desensit,2,2,6.214608098422191,1.0
3791,destruct,2,2,6.214608098422191,1.0
3792,devot,2,2,6.214608098422191,1.0
3793,dextran,2,2,6.214608098422191,1.0
3794,dextros,2,2,6.214608098422191,1.0
3795,diffus,2,2,6.214608098422191,1.0
3796,dihydroethidium,2,2,6.214608098422191,1.0
3797,dimethyl,2,2,6.214608098422191,1.0
3798,dipeptidyl-peptidase,2,2,6.214608098422191,1.0
3799,disabl,2,2,6.214608098422191,1.0
3800,disc,2,2,6.214608098422191,1.0
3801,distali,2,1,6.907755278982137,2.0
3802,distinguish,2,2,6.214608098422191,1.0
3803,disulfid,2,1,6.907755278982137,2.0
3804,diterpenoid,2,1,6.907755278982137,2.0
3805,diuret,2,1,6.907755278982137,2.0
3806,divis,2,2,6.214608098422191,1.0
3807,do,2,2,6.214608098422191,1.0
3808,double-blind,2,2,6.214608098422191,1.0
3809,down-regulate,2,2,6.214608098422191,1.0
3810,drawback,2,2,6.214608098422191,1.0
3811,drug-like,2,1,6.907755278982137,2.0
3812,drug-related,2,2,6.214608098422191,1.0
3813,dss,2,2,6.214608098422191,1.0
3814,dtc,2,1,6.907755278982137,2.0
3815,dual-incretin,2,2,6.214608098422191,1.0
3816,duct,2,2,6.214608098422191,1.0
3817,ductal,2,2,6.214608098422191,1.0
3818,dwlss,2,1,6.907755278982137,2.0
3819,dysglycemia,2,1,6.907755278982137,2.0
3820,dysmetabol,2,2,6.214608098422191,1.0
3821,e-selectin,2,1,6.907755278982137,2.0
3822,early-stage,2,2,6.214608098422191,1.0
3823,easi,2,2,6.214608098422191,1.0
3824,ebsco,2,2,6.214608098422191,1.0
3825,ece-1,2,1,6.907755278982137,2.0
3826,ectopeptidas,2,1,6.907755278982137,2.0
3827,edibl,2,2,6.214608098422191,1.0
3828,eg,2,2,6.214608098422191,1.0
3829,eglp,2,1,6.907755278982137,2.0
3830,eleven,2,2,6.214608098422191,1.0
3831,elong,2,2,6.214608098422191,1.0
3832,elp,2,1,6.907755278982137,2.0
3833,elsewher,2,2,6.214608098422191,1.0
3834,ema,2,2,6.214608098422191,1.0
3835,empagliflozin,2,2,6.214608098422191,1.0
3836,empir,2,2,6.214608098422191,1.0
3837,employ,2,2,6.214608098422191,1.0
3838,enact,2,2,6.214608098422191,1.0
3839,encapsul,2,2,6.214608098422191,1.0
3840,end-organ,2,2,6.214608098422191,1.0
3841,endobariatr,2,2,6.214608098422191,1.0
3842,endocannabinoid,2,2,6.214608098422191,1.0
3843,endonucleas,2,2,6.214608098422191,1.0
3844,endoproteolysi,2,1,6.907755278982137,2.0
3845,endothelial-dependent,2,1,6.907755278982137,2.0
3846,endotoxaem,2,1,6.907755278982137,2.0
3847,enjoi,2,2,6.214608098422191,1.0
3848,enlarg,2,2,6.214608098422191,1.0
3849,enorm,2,2,6.214608098422191,1.0
3850,enterochromaffin,2,2,6.214608098422191,1.0
3851,enterokinas,2,2,6.214608098422191,1.0
3852,enthusiasm,2,2,6.214608098422191,1.0
3853,epitop,2,1,6.907755278982137,2.0
3854,epsc,2,1,6.907755278982137,2.0
3855,equat,2,2,6.214608098422191,1.0
3856,equiti,2,1,6.907755278982137,2.0
3857,er-stressed,2,1,6.907755278982137,2.0
3858,eshf,2,1,6.907755278982137,2.0
3859,esophagu,2,2,6.214608098422191,1.0
3860,etoh,2,1,6.907755278982137,2.0
3861,euglycemia,2,2,6.214608098422191,1.0
3862,euthan,2,2,6.214608098422191,1.0
3863,evidenc,2,2,6.214608098422191,1.0
3864,exce,2,2,6.214608098422191,1.0
3865,excis,2,2,6.214608098422191,1.0
3866,exemplifi,2,2,6.214608098422191,1.0
3867,exenatide-treated,2,1,6.907755278982137,2.0
3868,expens,2,2,6.214608098422191,1.0
3869,extant,2,2,6.214608098422191,1.0
3870,extern,2,2,6.214608098422191,1.0
3871,extrapol,2,2,6.214608098422191,1.0
3872,fac,2,2,6.214608098422191,1.0
3873,fair,2,2,6.214608098422191,1.0
3874,familiar,2,2,6.214608098422191,1.0
3875,faster,2,2,6.214608098422191,1.0
3876,fecal,2,2,6.214608098422191,1.0
3877,fece,2,2,6.214608098422191,1.0
3878,feder,2,2,6.214608098422191,1.0
3879,feeding-fasting,2,1,6.907755278982137,2.0
3880,feel,2,2,6.214608098422191,1.0
3881,ferroptosi,2,1,6.907755278982137,2.0
3882,fetu,2,1,6.907755278982137,2.0
3883,fibronectin,2,1,6.907755278982137,2.0
3884,fifteen,2,2,6.214608098422191,1.0
3885,fifty-two,2,1,6.907755278982137,2.0
3886,film,2,1,6.907755278982137,2.0
3887,first-line,2,2,6.214608098422191,1.0
3888,fistula,2,1,6.907755278982137,2.0
3889,five-year,2,1,6.907755278982137,2.0
3890,fli,2,1,6.907755278982137,2.0
3891,floxxcdh,2,1,6.907755278982137,2.0
3892,floxxlysmcr,2,1,6.907755278982137,2.0
3893,focuss,2,2,6.214608098422191,1.0
3894,forc,2,2,6.214608098422191,1.0
3895,forefront,2,2,6.214608098422191,1.0
3896,forthcom,2,2,6.214608098422191,1.0
3897,fourfold,2,2,6.214608098422191,1.0
3898,fourth,2,2,6.214608098422191,1.0
3899,foxo,2,2,6.214608098422191,1.0
3900,fpg,2,1,6.907755278982137,2.0
3901,fuel,2,2,6.214608098422191,1.0
3902,full-text,2,2,6.214608098422191,1.0
3903,fundic,2,2,6.214608098422191,1.0
3904,furin,2,1,6.907755278982137,2.0
3905,ga-induced,2,1,6.907755278982137,2.0
3906,gaba-activated,2,1,6.907755278982137,2.0
3907,galanga,2,1,6.907755278982137,2.0
3908,gardenia,2,1,6.907755278982137,2.0
3909,gastrin-releasing,2,2,6.214608098422191,1.0
3910,gastroesophag,2,2,6.214608098422191,1.0
3911,gastroparesis-like,2,2,6.214608098422191,1.0
3912,gastroprotect,2,1,6.907755278982137,2.0
3913,gc,2,2,6.214608098422191,1.0
3914,gcg-creert2,2,1,6.907755278982137,2.0
3915,genu,2,2,6.214608098422191,1.0
3916,geroprotect,2,1,6.907755278982137,2.0
3917,gestat,2,2,6.214608098422191,1.0
3918,get,2,2,6.214608098422191,1.0
3919,gfp-glp-1,2,1,6.907755278982137,2.0
3920,gfp-tagged,2,1,6.907755278982137,2.0
3921,gk-it,2,1,6.907755278982137,2.0
3922,gk-sham,2,1,6.907755278982137,2.0
3923,gli,2,1,6.907755278982137,2.0
3924,glicentin,2,2,6.214608098422191,1.0
3925,glimepirid,2,2,6.214608098422191,1.0
3926,gliptin-mediated,2,1,6.907755278982137,2.0
3927,globular,2,2,6.214608098422191,1.0
3928,glp-1-elp,2,1,6.907755278982137,2.0
3929,glp-1-like,2,2,6.214608098422191,1.0
3930,glp-1-lytac,2,1,6.907755278982137,2.0
3931,glp-1-receptors,2,2,6.214608098422191,1.0
3932,glp-1-stimulated,2,2,6.214608098422191,1.0
3933,glp-1r-deficient,2,2,6.214608098422191,1.0
3934,glp-1r-immunoreactivity,2,1,6.907755278982137,2.0
3935,glp-1r-min-6,2,1,6.907755278982137,2.0
3936,glp-1ra-induced,2,2,6.214608098422191,1.0
3937,glp-1ra-mediated,2,2,6.214608098422191,1.0
3938,glucagon-like-peptide,2,2,6.214608098422191,1.0
3939,glucagon-related,2,1,6.907755278982137,2.0
3940,glucan,2,2,6.214608098422191,1.0
3941,glucocorticosteroid,2,2,6.214608098422191,1.0
3942,glucose-bsa,2,1,6.907755278982137,2.0
3943,glucose-sensing,2,2,6.214608098422191,1.0
3944,glucotoxicity-induced,2,1,6.907755278982137,2.0
3945,glutamin,2,1,6.907755278982137,2.0
3946,glycosphingolipid,2,1,6.907755278982137,2.0
3947,goblet,2,2,6.214608098422191,1.0
3948,gold,2,2,6.214608098422191,1.0
3949,gov,2,2,6.214608098422191,1.0
3950,gpl-1ras,2,1,6.907755278982137,2.0
3951,gq-independent,2,2,6.214608098422191,1.0
3952,grai,2,1,6.907755278982137,2.0
3953,granular,2,2,6.214608098422191,1.0
3954,greatest,2,2,6.214608098422191,1.0
3955,grown,2,2,6.214608098422191,1.0
3956,grp,2,1,6.907755278982137,2.0
3957,gust,2,1,6.907755278982137,2.0
3958,gut-expressed,2,2,6.214608098422191,1.0
3959,gyrolab,2,1,6.907755278982137,2.0
3960,gyru,2,2,6.214608098422191,1.0
3961,h-bonds,2,1,6.907755278982137,2.0
3962,hami,2,2,6.214608098422191,1.0
3963,hamper,2,2,6.214608098422191,1.0
3964,handl,2,2,6.214608098422191,1.0
3965,hcp,2,1,6.907755278982137,2.0
3966,heavi,2,2,6.214608098422191,1.0
3967,height,2,2,6.214608098422191,1.0
3968,hek,2,2,6.214608098422191,1.0
3969,hematolog,2,1,6.907755278982137,2.0
3970,herbal,2,1,6.907755278982137,2.0
3971,heterotrimer,2,2,6.214608098422191,1.0
3972,heterozyg,2,2,6.214608098422191,1.0
3973,hfd-fed,2,2,6.214608098422191,1.0
3974,hfhsd,2,1,6.907755278982137,2.0
3975,hgt-1,2,1,6.907755278982137,2.0
3976,high-sugar,2,2,6.214608098422191,1.0
3977,hill,2,2,6.214608098422191,1.0
3978,his-tag,2,1,6.907755278982137,2.0
3979,histidin,2,1,6.907755278982137,2.0
3980,histopatholog,2,2,6.214608098422191,1.0
3981,hit-465,2,1,6.907755278982137,2.0
3982,hit-736,2,1,6.907755278982137,2.0
3983,hiv,2,1,6.907755278982137,2.0
3984,hmwp,2,1,6.907755278982137,2.0
3985,hoc,2,2,6.214608098422191,1.0
3986,homeostat,2,2,6.214608098422191,1.0
3987,horn,2,1,6.907755278982137,2.0
3988,hrptc,2,1,6.907755278982137,2.0
3989,http,2,2,6.214608098422191,1.0
3990,hyper-secretion,2,1,6.907755278982137,2.0
3991,hyperact,2,2,6.214608098422191,1.0
3992,hyperglucagonemia,2,2,6.214608098422191,1.0
3993,hyperglycemia-induced,2,1,6.907755278982137,2.0
3994,hyperinsulinem,2,2,6.214608098422191,1.0
3995,hyperlocomot,2,1,6.907755278982137,2.0
3996,hyperphosphoryl,2,1,6.907755278982137,2.0
3997,hyperpolar,2,2,6.214608098422191,1.0
3998,hyperprolactinemia,2,1,6.907755278982137,2.0
3999,hypophag,2,1,6.907755278982137,2.0
4000,hypotens,2,2,6.214608098422191,1.0
4001,hypothesis,2,1,6.907755278982137,2.0
4002,iapp-aso,2,1,6.907755278982137,2.0
4003,ibs-sss,2,1,6.907755278982137,2.0
4004,icp,2,1,6.907755278982137,2.0
4005,idea,2,2,6.214608098422191,1.0
4006,ideat,2,2,6.214608098422191,1.0
4007,idiopath,2,2,6.214608098422191,1.0
4008,ilc,2,1,6.907755278982137,2.0
4009,ileu,2,1,6.907755278982137,2.0
4010,immort,2,2,6.214608098422191,1.0
4011,immune-modulatory,2,1,6.907755278982137,2.0
4012,immunogen,2,2,6.214608098422191,1.0
4013,impli,2,2,6.214608098422191,1.0
4014,in-vitro,2,2,6.214608098422191,1.0
4015,inabl,2,2,6.214608098422191,1.0
4016,inc,2,2,6.214608098422191,1.0
4017,incident,2,2,6.214608098422191,1.0
4018,incretin-related,2,1,6.907755278982137,2.0
4019,india,2,1,6.907755278982137,2.0
4020,indomethacin,2,1,6.907755278982137,2.0
4021,inequ,2,2,6.214608098422191,1.0
4022,inflam,2,2,6.214608098422191,1.0
4023,influx,2,2,6.214608098422191,1.0
4024,ingredi,2,1,6.907755278982137,2.0
4025,inositol,2,2,6.214608098422191,1.0
4026,insid,2,2,6.214608098422191,1.0
4027,instabl,2,2,6.214608098422191,1.0
4028,instanc,2,2,6.214608098422191,1.0
4029,instruct,2,2,6.214608098422191,1.0
4030,instrument,2,2,6.214608098422191,1.0
4031,insulin-independent,2,2,6.214608098422191,1.0
4032,insulin-induced,2,2,6.214608098422191,1.0
4033,insulin-positive,2,2,6.214608098422191,1.0
4034,insulin-resistant,2,2,6.214608098422191,1.0
4035,insulin-secreting,2,2,6.214608098422191,1.0
4036,insulinaem,2,1,6.907755278982137,2.0
4037,insult,2,2,6.214608098422191,1.0
4038,intellectu,2,2,6.214608098422191,1.0
4039,intellig,2,2,6.214608098422191,1.0
4040,intend,2,2,6.214608098422191,1.0
4041,intensifi,2,2,6.214608098422191,1.0
4042,intent,2,2,6.214608098422191,1.0
4043,intention-to-treat,2,2,6.214608098422191,1.0
4044,interfer,2,2,6.214608098422191,1.0
4045,interleukin,2,2,6.214608098422191,1.0
4046,interquartil,2,2,6.214608098422191,1.0
4047,intersect,2,2,6.214608098422191,1.0
4048,interstiti,2,2,6.214608098422191,1.0
4049,intestine-specific,2,2,6.214608098422191,1.0
4050,intra-abdominal,2,1,6.907755278982137,2.0
4051,intraarteri,2,1,6.907755278982137,2.0
4052,intracerebroventricularli,2,1,6.907755278982137,2.0
4053,intrahepat,2,2,6.214608098422191,1.0
4054,intraop,2,2,6.214608098422191,1.0
4055,intrigu,2,2,6.214608098422191,1.0
4056,intub,2,2,6.214608098422191,1.0
4057,inulin-enriched,2,1,6.907755278982137,2.0
4058,iranian,2,1,6.907755278982137,2.0
4059,iscd,2,1,6.907755278982137,2.0
4060,islet-derived,2,2,6.214608098422191,1.0
4061,isocalor,2,2,6.214608098422191,1.0
4062,isoflavon,2,2,6.214608098422191,1.0
4063,issuetoc,2,2,6.214608098422191,1.0
4064,itt,2,1,6.907755278982137,2.0
4065,junction,2,2,6.214608098422191,1.0
4066,justic,2,1,6.907755278982137,2.0
4067,kappa,2,2,6.214608098422191,1.0
4068,kda,2,2,6.214608098422191,1.0
4069,kegg,2,1,6.907755278982137,2.0
4070,kept,2,2,6.214608098422191,1.0
4071,ketosis-prone,2,1,6.907755278982137,2.0
4072,kexin,2,2,6.214608098422191,1.0
4073,kinase-3,2,2,6.214608098422191,1.0
4074,kong,2,1,6.907755278982137,2.0
4075,kori-tofu,2,1,6.907755278982137,2.0
4076,labdan,2,1,6.907755278982137,2.0
4077,lactisol,2,1,6.907755278982137,2.0
4078,lad,2,1,6.907755278982137,2.0
4079,lai,2,2,6.214608098422191,1.0
4080,laminarin-induced,2,1,6.907755278982137,2.0
4081,laser,2,2,6.214608098422191,1.0
4082,launch,2,2,6.214608098422191,1.0
4083,lc,2,1,6.907755278982137,2.0
4084,ldl-cholesterol,2,2,6.214608098422191,1.0
4085,leader,2,2,6.214608098422191,1.0
4086,leader-glp-1,2,1,6.907755278982137,2.0
4087,leaf,2,2,6.214608098422191,1.0
4088,lesser,2,2,6.214608098422191,1.0
4089,leu,2,2,6.214608098422191,1.0
4090,ligand-receptor,2,2,6.214608098422191,1.0
4091,ligand-specific,2,2,6.214608098422191,1.0
4092,limb,2,2,6.214608098422191,1.0
4093,lingual,2,1,6.907755278982137,2.0
4094,linol,2,2,6.214608098422191,1.0
4095,linolen,2,2,6.214608098422191,1.0
4096,lipid-based,2,1,6.907755278982137,2.0
4097,liraglutide-induced,2,1,6.907755278982137,2.0
4098,lispro,2,1,6.907755278982137,2.0
4099,litterm,2,2,6.214608098422191,1.0
4100,lixilan-g,2,1,6.907755278982137,2.0
4101,ll-a8sglp-1,2,1,6.907755278982137,2.0
4102,long-standing,2,2,6.214608098422191,1.0
4103,longitudin,2,2,6.214608098422191,1.0
4104,low-calorie,2,2,6.214608098422191,1.0
4105,low-dp,2,1,6.907755278982137,2.0
4106,low-grade,2,2,6.214608098422191,1.0
4107,lumbar,2,2,6.214608098422191,1.0
4108,lysinoalanine-bridged,2,1,6.907755278982137,2.0
4109,m-glp-1,2,1,6.907755278982137,2.0
4110,mainstai,2,2,6.214608098422191,1.0
4111,maleimidopropion,2,1,6.907755278982137,2.0
4112,mandatori,2,2,6.214608098422191,1.0
4113,maridebart,2,2,6.214608098422191,1.0
4114,mass-preserving,2,1,6.907755278982137,2.0
4115,max,2,1,6.907755278982137,2.0
4116,maze,2,2,6.214608098422191,1.0
4117,mcp-1,2,2,6.214608098422191,1.0
4118,meal-induced,2,2,6.214608098422191,1.0
4119,meal-related,2,2,6.214608098422191,1.0
4120,meaningfulli,2,2,6.214608098422191,1.0
4121,meanwhil,2,2,6.214608098422191,1.0
4122,medica,2,2,6.214608098422191,1.0
4123,medication-related,2,2,6.214608098422191,1.0
4124,medullari,2,2,6.214608098422191,1.0
4125,menstrual,2,2,6.214608098422191,1.0
4126,mesenter,2,2,6.214608098422191,1.0
4127,meta-regression,2,1,6.907755278982137,2.0
4128,metalloproteinas,2,2,6.214608098422191,1.0
4129,methyl,2,2,6.214608098422191,1.0
4130,metoprolol,2,1,6.907755278982137,2.0
4131,metric,2,2,6.214608098422191,1.0
4132,mglu-yfp,2,1,6.907755278982137,2.0
4133,michaelis-menten,2,1,6.907755278982137,2.0
4134,micro,2,2,6.214608098422191,1.0
4135,microl,2,1,6.907755278982137,2.0
4136,micronutri,2,1,6.907755278982137,2.0
4137,microscop,2,2,6.214608098422191,1.0
4138,microstructur,2,1,6.907755278982137,2.0
4139,microvasculatur,2,2,6.214608098422191,1.0
4140,microvilli,2,1,6.907755278982137,2.0
4141,mifepriston,2,2,6.214608098422191,1.0
4142,mildli,2,2,6.214608098422191,1.0
4143,mileston,2,2,6.214608098422191,1.0
4144,milk,2,2,6.214608098422191,1.0
4145,miner,2,2,6.214608098422191,1.0
4146,mineralocorticoid,2,2,6.214608098422191,1.0
4147,minimis,2,1,6.907755278982137,2.0
4148,minipeg,2,1,6.907755278982137,2.0
4149,misfold,2,2,6.214608098422191,1.0
4150,misti,2,1,6.907755278982137,2.0
4151,mitochondria,2,2,6.214608098422191,1.0
4152,mixed-meal,2,2,6.214608098422191,1.0
4153,mmp-9,2,2,6.214608098422191,1.0
4154,moderate-intensity,2,1,6.907755278982137,2.0
4155,mono,2,2,6.214608098422191,1.0
4156,mono-agonists,2,2,6.214608098422191,1.0
4157,monolay,2,2,6.214608098422191,1.0
4158,monophas,2,2,6.214608098422191,1.0
4159,monosaccharid,2,2,6.214608098422191,1.0
4160,monounsatur,2,2,6.214608098422191,1.0
4161,month-old,2,2,6.214608098422191,1.0
4162,mood,2,1,6.907755278982137,2.0
4163,morbilliform,2,2,6.214608098422191,1.0
4164,mot,2,1,6.907755278982137,2.0
4165,mother,2,1,6.907755278982137,2.0
4166,motiv,2,2,6.214608098422191,1.0
4167,motoneuron,2,1,6.907755278982137,2.0
4168,mount,2,2,6.214608098422191,1.0
4169,mpa-c12-glp-1,2,1,6.907755278982137,2.0
4170,mptp,2,1,6.907755278982137,2.0
4171,mri,2,2,6.214608098422191,1.0
4172,muc,2,1,6.907755278982137,2.0
4173,muciniphila,2,1,6.907755278982137,2.0
4174,mucou,2,2,6.214608098422191,1.0
4175,multi-dimensional,2,2,6.214608098422191,1.0
4176,multi-receptor,2,2,6.214608098422191,1.0
4177,multitud,2,2,6.214608098422191,1.0
4178,muscular,2,1,6.907755278982137,2.0
4179,mwm,2,1,6.907755278982137,2.0
4180,my,2,1,6.907755278982137,2.0
4181,myelin,2,1,6.907755278982137,2.0
4182,n-acetyl-glp-1,2,1,6.907755278982137,2.0
4183,nac,2,1,6.907755278982137,2.0
4184,nanoconstruct,2,1,6.907755278982137,2.0
4185,nanomateri,2,1,6.907755278982137,2.0
4186,nanostructur,2,2,6.214608098422191,1.0
4187,navig,2,2,6.214608098422191,1.0
4188,ne,2,1,6.907755278982137,2.0
4189,neck,2,2,6.214608098422191,1.0
4190,neo,2,2,6.214608098422191,1.0
4191,neoplast,2,2,6.214608098422191,1.0
4192,nephrologist,2,2,6.214608098422191,1.0
4193,neprilysin,2,2,6.214608098422191,1.0
4194,nervi,2,1,6.907755278982137,2.0
4195,neurit,2,2,6.214608098422191,1.0
4196,neuromodulatori,2,1,6.907755278982137,2.0
4197,neurosci,2,2,6.214608098422191,1.0
4198,neurotox,2,2,6.214608098422191,1.0
4199,neurotransmiss,2,2,6.214608098422191,1.0
4200,new-onset,2,2,6.214608098422191,1.0
4201,nhe,2,1,6.907755278982137,2.0
4202,niacin,2,2,6.214608098422191,1.0
4203,nickel,2,2,6.214608098422191,1.0
4204,nicotinamid,2,2,6.214608098422191,1.0
4205,nigra,2,2,6.214608098422191,1.0
4206,nitroprussid,2,2,6.214608098422191,1.0
4207,nn,2,1,6.907755278982137,2.0
4208,nodos,2,2,6.214608098422191,1.0
4209,non-canonical,2,2,6.214608098422191,1.0
4210,non-fasting,2,2,6.214608098422191,1.0
4211,non-glutinous,2,1,6.907755278982137,2.0
4212,non-insulin,2,2,6.214608098422191,1.0
4213,non-pcos,2,1,6.907755278982137,2.0
4214,non-radioactive,2,1,6.907755278982137,2.0
4215,nonapeptid,2,2,6.214608098422191,1.0
4216,noncalor,2,2,6.214608098422191,1.0
4217,nonglucid,2,1,6.907755278982137,2.0
4218,nonglycem,2,2,6.214608098422191,1.0
4219,noninfecti,2,1,6.907755278982137,2.0
4220,noninferior,2,2,6.214608098422191,1.0
4221,noninsulin-dependent,2,1,6.907755278982137,2.0
4222,normal-weight,2,2,6.214608098422191,1.0
4223,north,2,2,6.214608098422191,1.0
4224,notori,2,2,6.214608098422191,1.0
4225,notwithstand,2,2,6.214608098422191,1.0
4226,novemb,2,2,6.214608098422191,1.0
4227,nox,2,1,6.907755278982137,2.0
4228,nppc,2,1,6.907755278982137,2.0
4229,nrf,2,2,6.214608098422191,1.0
4230,nzp,2,1,6.907755278982137,2.0
4231,o-glcnacylation,2,1,6.907755278982137,2.0
4232,oad,2,1,6.907755278982137,2.0
4233,oal,2,1,6.907755278982137,2.0
4234,obesity-induced,2,2,6.214608098422191,1.0
4235,oblongata,2,2,6.214608098422191,1.0
4236,obstetrician-gynecologists,2,2,6.214608098422191,1.0
4237,obvious,2,2,6.214608098422191,1.0
4238,occas,2,1,6.907755278982137,2.0
4239,occup,2,1,6.907755278982137,2.0
4240,ogi,2,1,6.907755278982137,2.0
4241,ogia,2,1,6.907755278982137,2.0
4242,oh,2,1,6.907755278982137,2.0
4243,oleic,2,2,6.214608098422191,1.0
4244,oligosaccharid,2,2,6.214608098422191,1.0
4245,onlinelibrari,2,2,6.214608098422191,1.0
4246,open-label,2,2,6.214608098422191,1.0
4247,openvigil,2,2,6.214608098422191,1.0
4248,ophthalmolog,2,2,6.214608098422191,1.0
4249,opposit,2,2,6.214608098422191,1.0
4250,orchestr,2,2,6.214608098422191,1.0
4251,orexigen,2,2,6.214608098422191,1.0
4252,orient,2,2,6.214608098422191,1.0
4253,orthopaed,2,1,6.907755278982137,2.0
4254,orthoster,2,2,6.214608098422191,1.0
4255,osmoregul,2,1,6.907755278982137,2.0
4256,osmot,2,2,6.214608098422191,1.0
4257,osteoclast,2,2,6.214608098422191,1.0
4258,otherwis,2,2,6.214608098422191,1.0
4259,outgrowth,2,2,6.214608098422191,1.0
4260,outstand,2,2,6.214608098422191,1.0
4261,ova,2,1,6.907755278982137,2.0
4262,ova-induced,2,1,6.907755278982137,2.0
4263,overconsumpt,2,2,6.214608098422191,1.0
4264,overlook,2,2,6.214608098422191,1.0
4265,overt,2,2,6.214608098422191,1.0
4266,ovx,2,1,6.907755278982137,2.0
4267,p-akt,2,1,6.907755278982137,2.0
4268,pacap,2,1,6.907755278982137,2.0
4269,pace,2,1,6.907755278982137,2.0
4270,paid,2,2,6.214608098422191,1.0
4271,painless,2,1,6.907755278982137,2.0
4272,paint,2,1,6.907755278982137,2.0
4273,pair,2,2,6.214608098422191,1.0
4274,palmit,2,1,6.907755278982137,2.0
4275,palmitate-induced,2,2,6.214608098422191,1.0
4276,pancreas-projecting,2,1,6.907755278982137,2.0
4277,pandem,2,2,6.214608098422191,1.0
4278,paradox,2,2,6.214608098422191,1.0
4279,patch-clamp,2,2,6.214608098422191,1.0
4280,patentscop,2,2,6.214608098422191,1.0
4281,pathhunt,2,1,6.907755278982137,2.0
4282,patient-specific,2,2,6.214608098422191,1.0
4283,pdr,2,1,6.907755278982137,2.0
4284,pdx-1,2,2,6.214608098422191,1.0
4285,peck,2,1,6.907755278982137,2.0
4286,pen,2,2,6.214608098422191,1.0
4287,penetratin-glp-1,2,1,6.907755278982137,2.0
4288,pentasaccharid,2,1,6.907755278982137,2.0
4289,peptide-albumin,2,1,6.907755278982137,2.0
4290,peptide-receptor,2,2,6.214608098422191,1.0
4291,peptideyi,2,2,6.214608098422191,1.0
4292,perceiv,2,2,6.214608098422191,1.0
4293,percentag,2,2,6.214608098422191,1.0
4294,perfor,2,1,6.907755278982137,2.0
4295,peri-procedural,2,1,6.907755278982137,2.0
4296,pericyt,2,1,6.907755278982137,2.0
4297,perifus,2,2,6.214608098422191,1.0
4298,periprosthet,2,2,6.214608098422191,1.0
4299,perman,2,2,6.214608098422191,1.0
4300,peroxisom,2,2,6.214608098422191,1.0
4301,pgc,2,2,6.214608098422191,1.0
4302,pgf,2,1,6.907755278982137,2.0
4303,pgip,2,2,6.214608098422191,1.0
4304,phenomena,2,2,6.214608098422191,1.0
4305,phentermin,2,2,6.214608098422191,1.0
4306,phosphate-buffered,2,2,6.214608098422191,1.0
4307,phospholipas,2,2,6.214608098422191,1.0
4308,phytochem,2,2,6.214608098422191,1.0
4309,pinpoint,2,2,6.214608098422191,1.0
4310,placebo-controlled,2,2,6.214608098422191,1.0
4311,plain,2,1,6.907755278982137,2.0
4312,plant,2,2,6.214608098422191,1.0
4313,plexu,2,2,6.214608098422191,1.0
4314,plga,2,2,6.214608098422191,1.0
4315,plwha,2,1,6.907755278982137,2.0
4316,pmc,2,2,6.214608098422191,1.0
4317,pnd,2,1,6.907755278982137,2.0
4318,pneumonia,2,2,6.214608098422191,1.0
4319,point-of-care,2,2,6.214608098422191,1.0
4320,pois,2,2,6.214608098422191,1.0
4321,poli,2,2,6.214608098422191,1.0
4322,polysaccharid,2,2,6.214608098422191,1.0
4323,poorer,2,2,6.214608098422191,1.0
4324,portion,2,2,6.214608098422191,1.0
4325,post-ablation,2,1,6.907755278982137,2.0
4326,post-carbohydrate,2,1,6.907755278982137,2.0
4327,post-challenge,2,1,6.907755278982137,2.0
4328,post-heparin,2,1,6.907755278982137,2.0
4329,post-injection,2,2,6.214608098422191,1.0
4330,post-mi,2,1,6.907755278982137,2.0
4331,postbariatr,2,2,6.214608098422191,1.0
4332,postcess,2,1,6.907755278982137,2.0
4333,postcolectomi,2,1,6.907755278982137,2.0
4334,postmarket,2,1,6.907755278982137,2.0
4335,postnat,2,2,6.214608098422191,1.0
4336,powder,2,2,6.214608098422191,1.0
4337,powerfulli,2,2,6.214608098422191,1.0
4338,ppg-cells,2,1,6.907755278982137,2.0
4339,ppkc,2,1,6.907755278982137,2.0
4340,pramlintid,2,2,6.214608098422191,1.0
4341,pre-administration,2,2,6.214608098422191,1.0
4342,pre-conception,2,1,6.907755278982137,2.0
4343,pre-diabetes,2,1,6.907755278982137,2.0
4344,pre-ingestive,2,1,6.907755278982137,2.0
4345,pre-lethal,2,1,6.907755278982137,2.0
4346,pre-treated,2,1,6.907755278982137,2.0
4347,pre-treatment,2,2,6.214608098422191,1.0
4348,precipit,2,2,6.214608098422191,1.0
4349,preclud,2,2,6.214608098422191,1.0
4350,predispos,2,2,6.214608098422191,1.0
4351,prefront,2,1,6.907755278982137,2.0
4352,presurg,2,2,6.214608098422191,1.0
4353,presynapt,2,2,6.214608098422191,1.0
4354,preview,2,2,6.214608098422191,1.0
4355,privileg,2,2,6.214608098422191,1.0
4356,prognost,2,2,6.214608098422191,1.0
4357,programm,2,2,6.214608098422191,1.0
4358,prolif,2,2,6.214608098422191,1.0
4359,prolonged-release,2,2,6.214608098422191,1.0
4360,prone,2,2,6.214608098422191,1.0
4361,propag,2,1,6.907755278982137,2.0
4362,propensity-score,2,1,6.907755278982137,2.0
4363,propion,2,2,6.214608098422191,1.0
4364,proprotein,2,2,6.214608098422191,1.0
4365,proquest,2,1,6.907755278982137,2.0
4366,protein-free,2,2,6.214608098422191,1.0
4367,protein-induced,2,1,6.907755278982137,2.0
4368,protractor,2,1,6.907755278982137,2.0
4369,provis,2,2,6.214608098422191,1.0
4370,proxi,2,1,6.907755278982137,2.0
4371,psma,2,1,6.907755278982137,2.0
4372,psma-avid,2,1,6.907755278982137,2.0
4373,psychosoci,2,2,6.214608098422191,1.0
4374,psychostimul,2,2,6.214608098422191,1.0
4375,purif,2,2,6.214608098422191,1.0
4376,purport,2,2,6.214608098422191,1.0
4377,pursuit,2,2,6.214608098422191,1.0
4378,qsp,2,1,6.907755278982137,2.0
4379,queri,2,2,6.214608098422191,1.0
4380,r-based,2,1,6.907755278982137,2.0
4381,r-expressing,2,2,6.214608098422191,1.0
4382,ra-supported,2,1,6.907755278982137,2.0
4383,racial,2,1,6.907755278982137,2.0
4384,radiograph,2,2,6.214608098422191,1.0
4385,radioimmunoassai,2,2,6.214608098422191,1.0
4386,rage,2,1,6.907755278982137,2.0
4387,randomli,2,2,6.214608098422191,1.0
4388,re-tear,2,1,6.907755278982137,2.0
4389,re-titration,2,2,6.214608098422191,1.0
4390,reabsorpt,2,2,6.214608098422191,1.0
4391,readili,2,2,6.214608098422191,1.0
4392,real,2,2,6.214608098422191,1.0
4393,recapitul,2,2,6.214608098422191,1.0
4394,recept,2,1,6.907755278982137,2.0
4395,receptor-based,2,1,6.907755278982137,2.0
4396,receptor-expressing,2,2,6.214608098422191,1.0
4397,receptor-mediated,2,2,6.214608098422191,1.0
4398,receptor-targeted,2,2,6.214608098422191,1.0
4399,recess,2,2,6.214608098422191,1.0
4400,reciproc,2,2,6.214608098422191,1.0
4401,recombinantli,2,2,6.214608098422191,1.0
4402,reconcil,2,2,6.214608098422191,1.0
4403,reconstitut,2,1,6.907755278982137,2.0
4404,rectum,2,2,6.214608098422191,1.0
4405,recur,2,2,6.214608098422191,1.0
4406,red,2,2,6.214608098422191,1.0
4407,redefin,2,2,6.214608098422191,1.0
4408,redox,2,2,6.214608098422191,1.0
4409,refin,2,2,6.214608098422191,1.0
4410,reflux,2,2,6.214608098422191,1.0
4411,reform,2,1,6.907755278982137,2.0
4412,refractori,2,2,6.214608098422191,1.0
4413,region-specific,2,2,6.214608098422191,1.0
4414,reiniti,2,2,6.214608098422191,1.0
4415,relai,2,2,6.214608098422191,1.0
4416,relief,2,2,6.214608098422191,1.0
4417,render,2,2,6.214608098422191,1.0
4418,renin-angiotensin-aldosterone,2,2,6.214608098422191,1.0
4419,reorgan,2,2,6.214608098422191,1.0
4420,repeatedli,2,2,6.214608098422191,1.0
4421,repertoir,2,2,6.214608098422191,1.0
4422,request,2,1,6.907755278982137,2.0
4423,reserv,2,2,6.214608098422191,1.0
4424,resili,2,2,6.214608098422191,1.0
4425,respir,2,1,6.907755278982137,2.0
4426,resum,2,2,6.214608098422191,1.0
4427,revisit,2,2,6.214608098422191,1.0
4428,reward-motivated,2,1,6.907755278982137,2.0
4429,reward-related,2,2,6.214608098422191,1.0
4430,rhein-modified,2,1,6.907755278982137,2.0
4431,ri,2,1,6.907755278982137,2.0
4432,ric,2,1,6.907755278982137,2.0
4433,rigid,2,2,6.214608098422191,1.0
4434,ring,2,2,6.214608098422191,1.0
4435,risk-benefit,2,2,6.214608098422191,1.0
4436,risk-stratified,2,2,6.214608098422191,1.0
4437,rose,2,2,6.214608098422191,1.0
4438,rotat,2,2,6.214608098422191,1.0
4439,rotenone-induced,2,1,6.907755278982137,2.0
4440,rrr,2,1,6.907755278982137,2.0
4441,rt-qpcr,2,1,6.907755278982137,2.0
4442,rule,2,2,6.214608098422191,1.0
4443,run,2,2,6.214608098422191,1.0
4444,rvo,2,1,6.907755278982137,2.0
4445,s-1,2,1,6.907755278982137,2.0
4446,sat,2,1,6.907755278982137,2.0
4447,savor-timi,2,1,6.907755278982137,2.0
4448,sclerosi,2,2,6.214608098422191,1.0
4449,sct,2,1,6.907755278982137,2.0
4450,sds-page,2,2,6.214608098422191,1.0
4451,se,2,2,6.214608098422191,1.0
4452,secondli,2,2,6.214608098422191,1.0
4453,self-administration,2,1,6.907755278982137,2.0
4454,self-assembly,2,1,6.907755278982137,2.0
4455,self-injurious,2,1,6.907755278982137,2.0
4456,sepsis-related,2,2,6.214608098422191,1.0
4457,sequenti,2,2,6.214608098422191,1.0
4458,ser,2,2,6.214608098422191,1.0
4459,sex-dependent,2,1,6.907755278982137,2.0
4460,sga,2,1,6.907755278982137,2.0
4461,sglp-1,2,1,6.907755278982137,2.0
4462,sglt-2is,2,1,6.907755278982137,2.0
4463,sheath,2,2,6.214608098422191,1.0
4464,shell,2,1,6.907755278982137,2.0
4465,side-effects,2,2,6.214608098422191,1.0
4466,sih,2,1,6.907755278982137,2.0
4467,simpli,2,2,6.214608098422191,1.0
4468,singleton,2,1,6.907755278982137,2.0
4469,singulex,2,1,6.907755278982137,2.0
4470,site-specific,2,1,6.907755278982137,2.0
4471,slightli,2,2,6.214608098422191,1.0
4472,slope,2,2,6.214608098422191,1.0
4473,so-called,2,2,6.214608098422191,1.0
4474,societ,2,2,6.214608098422191,1.0
4475,society-endorsed,2,1,6.907755278982137,2.0
4476,solitariu,2,2,6.214608098422191,1.0
4477,sort,2,2,6.214608098422191,1.0
4478,soybean,2,2,6.214608098422191,1.0
4479,space,2,2,6.214608098422191,1.0
4480,specialis,2,2,6.214608098422191,1.0
4481,spectroscop,2,2,6.214608098422191,1.0
4482,spectroscopi,2,2,6.214608098422191,1.0
4483,spexin,2,1,6.907755278982137,2.0
4484,spragu,2,2,6.214608098422191,1.0
4485,ss-28,2,1,6.907755278982137,2.0
4486,stabli,2,2,6.214608098422191,1.0
4487,stand,2,2,6.214608098422191,1.0
4488,state-of-the-art,2,2,6.214608098422191,1.0
4489,statin,2,2,6.214608098422191,1.0
4490,station,2,1,6.907755278982137,2.0
4491,steroid-induced,2,1,6.907755278982137,2.0
4492,stiff,2,2,6.214608098422191,1.0
4493,stockholm,2,1,6.907755278982137,2.0
4494,streptozotocin-induced,2,2,6.214608098422191,1.0
4495,stress-induced,2,2,6.214608098422191,1.0
4496,strip,2,1,6.907755278982137,2.0
4497,stromal,2,2,6.214608098422191,1.0
4498,stronger,2,2,6.214608098422191,1.0
4499,strongest,2,2,6.214608098422191,1.0
4500,struggl,2,2,6.214608098422191,1.0
4501,stz,2,2,6.214608098422191,1.0
4502,stz-induced,2,2,6.214608098422191,1.0
4503,sub-chronic,2,1,6.907755278982137,2.0
4504,subdiaphragmat,2,1,6.907755278982137,2.0
4505,subdivis,2,1,6.907755278982137,2.0
4506,subeffect,2,1,6.907755278982137,2.0
4507,sublingu,2,2,6.214608098422191,1.0
4508,subpopul,2,2,6.214608098422191,1.0
4509,substantia,2,2,6.214608098422191,1.0
4510,substudi,2,2,6.214608098422191,1.0
4511,subtilisin,2,2,6.214608098422191,1.0
4512,subtl,2,2,6.214608098422191,1.0
4513,succin,2,2,6.214608098422191,1.0
4514,sud-related,2,1,6.907755278982137,2.0
4515,suit,2,2,6.214608098422191,1.0
4516,sulfono,2,1,6.907755278982137,2.0
4517,sulphonylurea,2,2,6.214608098422191,1.0
4518,sum,2,2,6.214608098422191,1.0
4519,superfici,2,1,6.907755278982137,2.0
4520,supervis,2,2,6.214608098422191,1.0
4521,supportive-care,2,1,6.907755278982137,2.0
4522,supramolecular,2,2,6.214608098422191,1.0
4523,supraphysiolog,2,2,6.214608098422191,1.0
4524,surpris,2,2,6.214608098422191,1.0
4525,surveil,2,2,6.214608098422191,1.0
4526,sustain-6,2,2,6.214608098422191,1.0
4527,swell,2,2,6.214608098422191,1.0
4528,sympathomimet,2,1,6.907755278982137,2.0
4529,synaps,2,2,6.214608098422191,1.0
4530,synchron,2,2,6.214608098422191,1.0
4531,synerg,2,2,6.214608098422191,1.0
4532,synergi,2,2,6.214608098422191,1.0
4533,synthesis,2,2,6.214608098422191,1.0
4534,t-cell,2,1,6.907755278982137,2.0
4535,tachycardia,2,2,6.214608098422191,1.0
4536,tachyphylaxi,2,1,6.907755278982137,2.0
4537,takeda,2,2,6.214608098422191,1.0
4538,team,2,2,6.214608098422191,1.0
4539,tegment,2,2,6.214608098422191,1.0
4540,temper,2,2,6.214608098422191,1.0
4541,templat,2,2,6.214608098422191,1.0
4542,tendenc,2,2,6.214608098422191,1.0
4543,testabl,2,2,6.214608098422191,1.0
4544,tetrodotoxin,2,2,6.214608098422191,1.0
4545,text,2,2,6.214608098422191,1.0
4546,tgf,2,1,6.907755278982137,2.0
4547,thapsigargin,2,2,6.214608098422191,1.0
4548,theme,2,2,6.214608098422191,1.0
4549,themselv,2,2,6.214608098422191,1.0
4550,thermodynam,2,2,6.214608098422191,1.0
4551,thiazide-like,2,1,6.907755278982137,2.0
4552,thick,2,2,6.214608098422191,1.0
4553,thirti,2,2,6.214608098422191,1.0
4554,thoroughli,2,2,6.214608098422191,1.0
4555,threonin,2,2,6.214608098422191,1.0
4556,threshold,2,2,6.214608098422191,1.0
4557,thrombosi,2,2,6.214608098422191,1.0
4558,time-restricted,2,1,6.907755278982137,2.0
4559,tissue-specific,2,2,6.214608098422191,1.0
4560,titl,2,2,6.214608098422191,1.0
4561,tmao,2,1,6.907755278982137,2.0
4562,tongu,2,1,6.907755278982137,2.0
4563,top,2,2,6.214608098422191,1.0
4564,toxin,2,2,6.214608098422191,1.0
4565,track,2,2,6.214608098422191,1.0
4566,tractabl,2,2,6.214608098422191,1.0
4567,transduc,2,2,6.214608098422191,1.0
4568,transmit,2,2,6.214608098422191,1.0
4569,tremend,2,2,6.214608098422191,1.0
4570,tremor,2,2,6.214608098422191,1.0
4571,trf,2,1,6.907755278982137,2.0
4572,trisphosph,2,2,6.214608098422191,1.0
4573,trophic,2,1,6.907755278982137,2.0
4574,true,2,2,6.214608098422191,1.0
4575,truli,2,2,6.214608098422191,1.0
4576,tumorigenesi,2,2,6.214608098422191,1.0
4577,tunel,2,2,6.214608098422191,1.0
4578,turnov,2,2,6.214608098422191,1.0
4579,twenty-five,2,2,6.214608098422191,1.0
4580,two-fold,2,2,6.214608098422191,1.0
4581,ulcer,2,1,6.907755278982137,2.0
4582,ultra-short,2,1,6.907755278982137,2.0
4583,ultrastructur,2,2,6.214608098422191,1.0
4584,uncharg,2,1,6.907755278982137,2.0
4585,unconfirm,2,2,6.214608098422191,1.0
4586,uncontrol,2,2,6.214608098422191,1.0
4587,underdiagnos,2,2,6.214608098422191,1.0
4588,underestim,2,2,6.214608098422191,1.0
4589,underwai,2,2,6.214608098422191,1.0
4590,undesir,2,2,6.214608098422191,1.0
4591,undetect,2,2,6.214608098422191,1.0
4592,unexplor,2,2,6.214608098422191,1.0
4593,unidirect,2,1,6.907755278982137,2.0
4594,unnecessari,2,2,6.214608098422191,1.0
4595,unproven,2,2,6.214608098422191,1.0
4596,unremark,2,2,6.214608098422191,1.0
4597,unsatisfactori,2,1,6.907755278982137,2.0
4598,untreat,2,2,6.214608098422191,1.0
4599,unveil,2,2,6.214608098422191,1.0
4600,unwil,2,2,6.214608098422191,1.0
4601,up-regulation,2,2,6.214608098422191,1.0
4602,up-to-date,2,2,6.214608098422191,1.0
4603,urea,2,2,6.214608098422191,1.0
4604,urolog,2,1,6.907755278982137,2.0
4605,uterin,2,2,6.214608098422191,1.0
4606,utilis,2,2,6.214608098422191,1.0
4607,uv,2,2,6.214608098422191,1.0
4608,vagal-brainstem-hypothalamic,2,1,6.907755278982137,2.0
4609,vagotomis,2,1,6.907755278982137,2.0
4610,vasoact,2,2,6.214608098422191,1.0
4611,vasodilat,2,2,6.214608098422191,1.0
4612,venom,2,2,6.214608098422191,1.0
4613,versatil,2,2,6.214608098422191,1.0
4614,version,2,2,6.214608098422191,1.0
4615,vertic,2,2,6.214608098422191,1.0
4616,video,2,2,6.214608098422191,1.0
4617,vil-creert2,2,1,6.907755278982137,2.0
4618,villi,2,1,6.907755278982137,2.0
4619,viral,2,2,6.214608098422191,1.0
4620,vision,2,1,6.907755278982137,2.0
4621,vista,2,2,6.214608098422191,1.0
4622,vmh,2,1,6.907755278982137,2.0
4623,voluntari,2,2,6.214608098422191,1.0
4624,vpa,2,1,6.907755278982137,2.0
4625,vta,2,1,6.907755278982137,2.0
4626,want,2,2,6.214608098422191,1.0
4627,warn,2,2,6.214608098422191,1.0
4628,wb,2,1,6.907755278982137,2.0
4629,weakli,2,2,6.214608098422191,1.0
4630,wean,2,2,6.214608098422191,1.0
4631,weight-related,2,2,6.214608098422191,1.0
4632,well-defined,2,2,6.214608098422191,1.0
4633,well-recognized,2,2,6.214608098422191,1.0
4634,whei,2,2,6.214608098422191,1.0
4635,whole-body,2,2,6.214608098422191,1.0
4636,why,2,2,6.214608098422191,1.0
4637,wire,2,2,6.214608098422191,1.0
4638,withdrawn,2,2,6.214608098422191,1.0
4639,withhold,2,1,6.907755278982137,2.0
4640,within-patient,2,1,6.907755278982137,2.0
4641,ws-sham,2,1,6.907755278982137,2.0
4642,xag,2,1,6.907755278982137,2.0
4643,xbp,2,1,6.907755278982137,2.0
4644,xenin,2,1,6.907755278982137,2.0
4645,xglp-3,2,1,6.907755278982137,2.0
4646,yfp-glp-1,2,1,6.907755278982137,2.0
4647,younger,2,2,6.214608098422191,1.0
4648,a,1,1,6.907755278982137,1.0
4649,a-ar,1,1,6.907755278982137,1.0
4650,a-e,1,1,6.907755278982137,1.0
4651,a-gad-glp-1-a,1,1,6.907755278982137,1.0
4652,a-q,1,1,6.907755278982137,1.0
4653,abbrevi,1,1,6.907755278982137,1.0
4654,abdomen,1,1,6.907755278982137,1.0
4655,abp,1,1,6.907755278982137,1.0
4656,abruptli,1,1,6.907755278982137,1.0
4657,absorb,1,1,6.907755278982137,1.0
4658,absorptiometri,1,1,6.907755278982137,1.0
4659,abstain,1,1,6.907755278982137,1.0
4660,academi,1,1,6.907755278982137,1.0
4661,acanthosi,1,1,6.907755278982137,1.0
4662,acarbose-induced,1,1,6.907755278982137,1.0
4663,accommod,1,1,6.907755278982137,1.0
4664,accomplish,1,1,6.907755278982137,1.0
4665,accuraci,1,1,6.907755278982137,1.0
4666,acer,1,1,6.907755278982137,1.0
4667,acetaminophen,1,1,6.907755278982137,1.0
4668,acetazolamid,1,1,6.907755278982137,1.0
4669,acetyl,1,1,6.907755278982137,1.0
4670,acetylcholine-stimulated,1,1,6.907755278982137,1.0
4671,acetylcholinesteras,1,1,6.907755278982137,1.0
4672,achd,1,1,6.907755278982137,1.0
4673,acid-mutated,1,1,6.907755278982137,1.0
4674,acid-tgr5,1,1,6.907755278982137,1.0
4675,acidif,1,1,6.907755278982137,1.0
4676,acidosi,1,1,6.907755278982137,1.0
4677,acinu,1,1,6.907755278982137,1.0
4678,acne-related,1,1,6.907755278982137,1.0
4679,acquisit,1,1,6.907755278982137,1.0
4680,acromegali,1,1,6.907755278982137,1.0
4681,acsl,1,1,6.907755278982137,1.0
4682,acta,1,1,6.907755278982137,1.0
4683,acth,1,1,6.907755278982137,1.0
4684,actin-binding,1,1,6.907755278982137,1.0
4685,activation-induced,1,1,6.907755278982137,1.0
4686,active-substance,1,1,6.907755278982137,1.0
4687,activin,1,1,6.907755278982137,1.0
4688,activity-rest,1,1,6.907755278982137,1.0
4689,actual,1,1,6.907755278982137,1.0
4690,acuiti,1,1,6.907755278982137,1.0
4691,acyltransferas,1,1,6.907755278982137,1.0
4692,addiction-like,1,1,6.907755278982137,1.0
4693,adenin,1,1,6.907755278982137,1.0
4694,adenotonsillectomi,1,1,6.907755278982137,1.0
4695,adenovir,1,1,6.907755278982137,1.0
4696,adequaci,1,1,6.907755278982137,1.0
4697,adipocytokin,1,1,6.907755278982137,1.0
4698,adipogen,1,1,6.907755278982137,1.0
4699,adiponectin-glucagon-like,1,1,6.907755278982137,1.0
4700,adipostat,1,1,6.907755278982137,1.0
4701,adren,1,1,6.907755278982137,1.0
4702,adrenalectomi,1,1,6.907755278982137,1.0
4703,advis,1,1,6.907755278982137,1.0
4704,advocaci,1,1,6.907755278982137,1.0
4705,aerial,1,1,6.907755278982137,1.0
4706,affair,1,1,6.907755278982137,1.0
4707,affinity-selection,1,1,6.907755278982137,1.0
4708,african,1,1,6.907755278982137,1.0
4709,after-hyperpolarizing,1,1,6.907755278982137,1.0
4710,after-meal,1,1,6.907755278982137,1.0
4711,aga,1,1,6.907755278982137,1.0
4712,age-at-diagnosis,1,1,6.907755278982137,1.0
4713,age-dependent,1,1,6.907755278982137,1.0
4714,agglomer,1,1,6.907755278982137,1.0
4715,agonis,1,1,6.907755278982137,1.0
4716,agonist-binding,1,1,6.907755278982137,1.0
4717,agonist-bound,1,1,6.907755278982137,1.0
4718,agonistsassoci,1,1,6.907755278982137,1.0
4719,agreement,1,1,6.907755278982137,1.0
4720,agtr,1,1,6.907755278982137,1.0
4721,ai-driven,1,1,6.907755278982137,1.0
4722,aib,1,1,6.907755278982137,1.0
4723,aimemerg,1,1,6.907755278982137,1.0
4724,ain-93g,1,1,6.907755278982137,1.0
4725,aki-related,1,1,6.907755278982137,1.0
4726,akt-activating,1,1,6.907755278982137,1.0
4727,akt-glycogen,1,1,6.907755278982137,1.0
4728,alarm,1,1,6.907755278982137,1.0
4729,albiglutide-treated,1,1,6.907755278982137,1.0
4730,albumin-conjugating,1,1,6.907755278982137,1.0
4731,albuminur,1,1,6.907755278982137,1.0
4732,alcohol-dependent,1,1,6.907755278982137,1.0
4733,alcohol-naive,1,1,6.907755278982137,1.0
4734,ald,1,1,6.907755278982137,1.0
4735,alert,1,1,6.907755278982137,1.0
4736,alik,1,1,6.907755278982137,1.0
4737,alizarin,1,1,6.907755278982137,1.0
4738,alkyl,1,1,6.907755278982137,1.0
4739,allerg,1,1,6.907755278982137,1.0
4740,alli,1,1,6.907755278982137,1.0
4741,alloc,1,1,6.907755278982137,1.0
4742,allodynia,1,1,6.907755278982137,1.0
4743,allud,1,1,6.907755278982137,1.0
4744,alogliptin,1,1,6.907755278982137,1.0
4745,alpha-amino,1,1,6.907755278982137,1.0
4746,alpha-cell,1,1,6.907755278982137,1.0
4747,alpha-glucosidase,1,1,6.907755278982137,1.0
4748,alpha-helical,1,1,6.907755278982137,1.0
4749,alpha-helix,1,1,6.907755278982137,1.0
4750,alpha-linolenic,1,1,6.907755278982137,1.0
4751,alpigalangol,1,1,6.907755278982137,1.0
4752,alpinia,1,1,6.907755278982137,1.0
4753,als-specific,1,1,6.907755278982137,1.0
4754,alt,1,1,6.907755278982137,1.0
4755,alveolar,1,1,6.907755278982137,1.0
4756,am,1,1,6.907755278982137,1.0
4757,amaryl,1,1,6.907755278982137,1.0
4758,america,1,1,6.907755278982137,1.0
4759,amgpssgapgggg,1,1,6.907755278982137,1.0
4760,amide-derived,1,1,6.907755278982137,1.0
4761,amide-induced,1,1,6.907755278982137,1.0
4762,amide-mediated,1,1,6.907755278982137,1.0
4763,amidst,1,1,6.907755278982137,1.0
4764,amino-3,1,1,6.907755278982137,1.0
4765,amino-sulfonic,1,1,6.907755278982137,1.0
4766,aminolaur,1,1,6.907755278982137,1.0
4767,aminopeptidas,1,1,6.907755278982137,1.0
4768,amnesia,1,1,6.907755278982137,1.0
4769,amomum,1,1,6.907755278982137,1.0
4770,amorph,1,1,6.907755278982137,1.0
4771,ampa,1,1,6.907755278982137,1.0
4772,amphetamine-addiction,1,1,6.907755278982137,1.0
4773,amstar,1,1,6.907755278982137,1.0
4774,amyloid-beta,1,1,6.907755278982137,1.0
4775,amyotroph,1,1,6.907755278982137,1.0
4776,anabol,1,1,6.907755278982137,1.0
4777,analges,1,1,6.907755278982137,1.0
4778,analog-regulated,1,1,6.907755278982137,1.0
4779,anatomi,1,1,6.907755278982137,1.0
4780,ancestri,1,1,6.907755278982137,1.0
4781,ancillari,1,1,6.907755278982137,1.0
4782,androgenet,1,1,6.907755278982137,1.0
4783,android,1,1,6.907755278982137,1.0
4784,android-type,1,1,6.907755278982137,1.0
4785,anesthesia-related,1,1,6.907755278982137,1.0
4786,angiogen,1,1,6.907755278982137,1.0
4787,angiotensinogen,1,1,6.907755278982137,1.0
4788,anglerfish,1,1,6.907755278982137,1.0
4789,anion,1,1,6.907755278982137,1.0
4790,ann,1,1,6.907755278982137,1.0
4791,anna,1,1,6.907755278982137,1.0
4792,annum,1,1,6.907755278982137,1.0
4793,anonym,1,1,6.907755278982137,1.0
4794,anovulatori,1,1,6.907755278982137,1.0
4795,antagonis,1,1,6.907755278982137,1.0
4796,antagonist-exn9-treated,1,1,6.907755278982137,1.0
4797,anthropometri,1,1,6.907755278982137,1.0
4798,anti-apoptosis,1,1,6.907755278982137,1.0
4799,anti-glp1r,1,1,6.907755278982137,1.0
4800,anti-glycaemic,1,1,6.907755278982137,1.0
4801,anti-infectious,1,1,6.907755278982137,1.0
4802,anti-inflammation,1,1,6.907755278982137,1.0
4803,anti-insulin-resistant,1,1,6.907755278982137,1.0
4804,anti-matrix,1,1,6.907755278982137,1.0
4805,anti-neoplastic,1,1,6.907755278982137,1.0
4806,anti-type,1,1,6.907755278982137,1.0
4807,antiallodynia,1,1,6.907755278982137,1.0
4808,antiapoptosi,1,1,6.907755278982137,1.0
4809,antibiotic-induced,1,1,6.907755278982137,1.0
4810,antibiotic-treated,1,1,6.907755278982137,1.0
4811,anticholinerg,1,1,6.907755278982137,1.0
4812,anticoagul,1,1,6.907755278982137,1.0
4813,antidepressant-like,1,1,6.907755278982137,1.0
4814,antidiabetogen,1,1,6.907755278982137,1.0
4815,antidiarrho,1,1,6.907755278982137,1.0
4816,antiepilept,1,1,6.907755278982137,1.0
4817,antihypersensit,1,1,6.907755278982137,1.0
4818,antiinflammatori,1,1,6.907755278982137,1.0
4819,antimicrobi,1,1,6.907755278982137,1.0
4820,antimotil,1,1,6.907755278982137,1.0
4821,antiplatelet,1,1,6.907755278982137,1.0
4822,antiresorpt,1,1,6.907755278982137,1.0
4823,antiretrovir,1,1,6.907755278982137,1.0
4824,antisens,1,1,6.907755278982137,1.0
4825,antistrok,1,1,6.907755278982137,1.0
4826,antithrombin,1,1,6.907755278982137,1.0
4827,antithrombot,1,1,6.907755278982137,1.0
4828,antitumor,1,1,6.907755278982137,1.0
4829,antral,1,1,6.907755278982137,1.0
4830,aortal,1,1,6.907755278982137,1.0
4831,apa,1,1,6.907755278982137,1.0
4832,apd-induced,1,1,6.907755278982137,1.0
4833,apelin-induced,1,1,6.907755278982137,1.0
4834,apic,1,1,6.907755278982137,1.0
4835,apo,1,1,6.907755278982137,1.0
4836,apob,1,1,6.907755278982137,1.0
4837,appar,1,1,6.907755278982137,1.0
4838,apperloo,1,1,6.907755278982137,1.0
4839,appetite-increasing,1,1,6.907755278982137,1.0
4840,appetite-inhibiting,1,1,6.907755278982137,1.0
4841,appetite-inhibitors,1,1,6.907755278982137,1.0
4842,appetite-reducing,1,1,6.907755278982137,1.0
4843,appetite-suppressive,1,1,6.907755278982137,1.0
4844,apposit,1,1,6.907755278982137,1.0
4845,appropriately-could,1,1,6.907755278982137,1.0
4846,aquat,1,1,6.907755278982137,1.0
4847,arachidonoylglycerol,1,1,6.907755278982137,1.0
4848,area-under-the-curve,1,1,6.907755278982137,1.0
4849,areata,1,1,6.907755278982137,1.0
4850,arginine-induced,1,1,6.907755278982137,1.0
4851,arglp-1,1,1,6.907755278982137,1.0
4852,arguabl,1,1,6.907755278982137,1.0
4853,arip,1,1,6.907755278982137,1.0
4854,arisen,1,1,6.907755278982137,1.0
4855,aros,1,1,6.907755278982137,1.0
4856,arrhythm,1,1,6.907755278982137,1.0
4857,arteries-is,1,1,6.907755278982137,1.0
4858,arteriolar,1,1,6.907755278982137,1.0
4859,articul,1,1,6.907755278982137,1.0
4860,asenapin,1,1,6.907755278982137,1.0
4861,asgpr,1,1,6.907755278982137,1.0
4862,ashitaba,1,1,6.907755278982137,1.0
4863,asialoglycoprotein,1,1,6.907755278982137,1.0
4864,asn-65,1,1,6.907755278982137,1.0
4865,asp-15,1,1,6.907755278982137,1.0
4866,aspiration-related,1,1,6.907755278982137,1.0
4867,assign,1,1,6.907755278982137,1.0
4868,assoc,1,1,6.907755278982137,1.0
4869,assort,1,1,6.907755278982137,1.0
4870,assur,1,1,6.907755278982137,1.0
4871,astyp,1,1,6.907755278982137,1.0
4872,asud-related,1,1,6.907755278982137,1.0
4873,atgl,1,1,6.907755278982137,1.0
4874,atherothrombot,1,1,6.907755278982137,1.0
4875,atmospher,1,1,6.907755278982137,1.0
4876,atresia,1,1,6.907755278982137,1.0
4877,atria,1,1,6.907755278982137,1.0
4878,atropine-mediated,1,1,6.907755278982137,1.0
4879,atyp,1,1,6.907755278982137,1.0
4880,au,1,1,6.907755278982137,1.0
4881,aucglp-1,1,1,6.907755278982137,1.0
4882,aural,1,1,6.907755278982137,1.0
4883,auratu,1,1,6.907755278982137,1.0
4884,australia,1,1,6.907755278982137,1.0
4885,autoanalyz,1,1,6.907755278982137,1.0
4886,autodigest,1,1,6.907755278982137,1.0
4887,autoinhibitori,1,1,6.907755278982137,1.0
4888,autophagosom,1,1,6.907755278982137,1.0
4889,autophoni,1,1,6.907755278982137,1.0
4890,autoradiograph,1,1,6.907755278982137,1.0
4891,auxiliari,1,1,6.907755278982137,1.0
4892,avascular,1,1,6.907755278982137,1.0
4893,avert,1,1,6.907755278982137,1.0
4894,avian,1,1,6.907755278982137,1.0
4895,avidin-biotin-peroxidase,1,1,6.907755278982137,1.0
4896,axcess,1,1,6.907755278982137,1.0
4897,axin,1,1,6.907755278982137,1.0
4898,axis-independent,1,1,6.907755278982137,1.0
4899,azacytidin,1,1,6.907755278982137,1.0
4900,azc,1,1,6.907755278982137,1.0
4901,azela,1,1,6.907755278982137,1.0
4902,azidohomoalanin,1,1,6.907755278982137,1.0
4903,b-mediated,1,1,6.907755278982137,1.0
4904,backup,1,1,6.907755278982137,1.0
4905,bacteroid,1,1,6.907755278982137,1.0
4906,balf,1,1,6.907755278982137,1.0
4907,baml,1,1,6.907755278982137,1.0
4908,band,1,1,6.907755278982137,1.0
4909,bandag,1,1,6.907755278982137,1.0
4910,bapta-am,1,1,6.907755278982137,1.0
4911,bare,1,1,6.907755278982137,1.0
4912,barlei,1,1,6.907755278982137,1.0
4913,barrier-promoting,1,1,6.907755278982137,1.0
4914,basolater,1,1,6.907755278982137,1.0
4915,batata,1,1,6.907755278982137,1.0
4916,bay,1,1,6.907755278982137,1.0
4917,bbb,1,1,6.907755278982137,1.0
4918,bcise,1,1,6.907755278982137,1.0
4919,bcl-2,1,1,6.907755278982137,1.0
4920,bcm,1,1,6.907755278982137,1.0
4921,bd,1,1,6.907755278982137,1.0
4922,bdnf,1,1,6.907755278982137,1.0
4923,bdnf-trkb,1,1,6.907755278982137,1.0
4924,be,1,1,6.907755278982137,1.0
4925,be-informed,1,1,6.907755278982137,1.0
4926,beckman,1,1,6.907755278982137,1.0
4927,beclin-1,1,1,6.907755278982137,1.0
4928,beforehand,1,1,6.907755278982137,1.0
4929,behavior-lifestyle,1,1,6.907755278982137,1.0
4930,bench,1,1,6.907755278982137,1.0
4931,benchsid,1,1,6.907755278982137,1.0
4932,beneath,1,1,6.907755278982137,1.0
4933,benefit-to-risk,1,1,6.907755278982137,1.0
4934,benefiti,1,1,6.907755278982137,1.0
4935,bestow,1,1,6.907755278982137,1.0
4936,beta-adrenergic,1,1,6.907755278982137,1.0
4937,beta-cell-associated,1,1,6.907755278982137,1.0
4938,beta-cell-preserving,1,1,6.907755278982137,1.0
4939,between-group,1,1,6.907755278982137,1.0
4940,bian,1,1,6.907755278982137,1.0
4941,bibliographi,1,1,6.907755278982137,1.0
4942,bicarbonate-containing,1,1,6.907755278982137,1.0
4943,bicucullin,1,1,6.907755278982137,1.0
4944,bicycl,1,1,6.907755278982137,1.0
4945,bifidobacteria,1,1,6.907755278982137,1.0
4946,bighead,1,1,6.907755278982137,1.0
4947,biie,1,1,6.907755278982137,1.0
4948,binari,1,1,6.907755278982137,1.0
4949,binder,1,1,6.907755278982137,1.0
4950,binge-episode,1,1,6.907755278982137,1.0
4951,binocular,1,1,6.907755278982137,1.0
4952,bio-efficacy,1,1,6.907755278982137,1.0
4953,bioaccess,1,1,6.907755278982137,1.0
4954,bioanalyt,1,1,6.907755278982137,1.0
4955,biochemistri,1,1,6.907755278982137,1.0
4956,bioconjug,1,1,6.907755278982137,1.0
4957,biodistribut,1,1,6.907755278982137,1.0
4958,bioelectr,1,1,6.907755278982137,1.0
4959,biogenesi,1,1,6.907755278982137,1.0
4960,bioimag,1,1,6.907755278982137,1.0
4961,bioimped,1,1,6.907755278982137,1.0
4962,bioluminesc,1,1,6.907755278982137,1.0
4963,biom,1,1,6.907755278982137,1.0
4964,biomarker-guided,1,1,6.907755278982137,1.0
4965,biomateri,1,1,6.907755278982137,1.0
4966,biomolecular,1,1,6.907755278982137,1.0
4967,bioorthogon,1,1,6.907755278982137,1.0
4968,biopot,1,1,6.907755278982137,1.0
4969,biorelev,1,1,6.907755278982137,1.0
4970,biorthogon,1,1,6.907755278982137,1.0
4971,biotech,1,1,6.907755278982137,1.0
4972,biotherapeut,1,1,6.907755278982137,1.0
4973,bip,1,1,6.907755278982137,1.0
4974,biphenylalanin,1,1,6.907755278982137,1.0
4975,bir,1,1,6.907755278982137,1.0
4976,birth,1,1,6.907755278982137,1.0
4977,bitterdb,1,1,6.907755278982137,1.0
4978,bitterx,1,1,6.907755278982137,1.0
4979,bjerr,1,1,6.907755278982137,1.0
4980,black-box,1,1,6.907755278982137,1.0
4981,blanket,1,1,6.907755278982137,1.0
4982,bleed,1,1,6.907755278982137,1.0
4983,blockag,1,1,6.907755278982137,1.0
4984,blond,1,1,6.907755278982137,1.0
4985,blood-glucose-improving,1,1,6.907755278982137,1.0
4986,blood-testis,1,1,6.907755278982137,1.0
4987,blue,1,1,6.907755278982137,1.0
4988,blur,1,1,6.907755278982137,1.0
4989,bmj,1,1,6.907755278982137,1.0
4990,boarder,1,1,6.907755278982137,1.0
4991,bode,1,1,6.907755278982137,1.0
4992,body-mediated,1,1,6.907755278982137,1.0
4993,bradford,1,1,6.907755278982137,1.0
4994,bradykinesia,1,1,6.907755278982137,1.0
4995,brain-gut,1,1,6.907755278982137,1.0
4996,brain-gut-heart,1,1,6.907755278982137,1.0
4997,brain-imaging,1,1,6.907755278982137,1.0
4998,brain-liver,1,1,6.907755278982137,1.0
4999,brain-mediated,1,1,6.907755278982137,1.0
5000,brainstem-hypothalamic,1,1,6.907755278982137,1.0
5001,branch,1,1,6.907755278982137,1.0
5002,brand,1,1,6.907755278982137,1.0
5003,break,1,1,6.907755278982137,1.0
5004,breastfeed,1,1,6.907755278982137,1.0
5005,brigg,1,1,6.907755278982137,1.0
5006,bright,1,1,6.907755278982137,1.0
5007,brilliant,1,1,6.907755278982137,1.0
5008,brin,1,1,6.907755278982137,1.0
5009,bromin,1,1,6.907755278982137,1.0
5010,bronchi,1,1,6.907755278982137,1.0
5011,bronchoalveolar,1,1,6.907755278982137,1.0
5012,bronchoscopi,1,1,6.907755278982137,1.0
5013,brought,1,1,6.907755278982137,1.0
5014,brown-egg,1,1,6.907755278982137,1.0
5015,brush,1,1,6.907755278982137,1.0
5016,brush-border,1,1,6.907755278982137,1.0
5017,bsa,1,1,6.907755278982137,1.0
5018,bsp,1,1,6.907755278982137,1.0
5019,buck,1,1,6.907755278982137,1.0
5020,budesonid,1,1,6.907755278982137,1.0
5021,bufo,1,1,6.907755278982137,1.0
5022,built,1,1,6.907755278982137,1.0
5023,bullet,1,1,6.907755278982137,1.0
5024,bullfrog,1,1,6.907755278982137,1.0
5025,burdensom,1,1,6.907755278982137,1.0
5026,burgeon,1,1,6.907755278982137,1.0
5027,butyricum-pmtl007-glucagon-like,1,1,6.907755278982137,1.0
5028,byproduct,1,1,6.907755278982137,1.0
5029,c-16,1,1,6.907755278982137,1.0
5030,c-21,1,1,6.907755278982137,1.0
5031,c-cell,1,1,6.907755278982137,1.0
5032,c-glucose,1,1,6.907755278982137,1.0
5033,cabg,1,1,6.907755278982137,1.0
5034,cacna,1,1,6.907755278982137,1.0
5035,cafeteria-fed,1,1,6.907755278982137,1.0
5036,cag-cat-glp1r,1,1,6.907755278982137,1.0
5037,calcium-chelating,1,1,6.907755278982137,1.0
5038,calcium-sensing,1,1,6.907755278982137,1.0
5039,calibr,1,1,6.907755278982137,1.0
5040,calorically-restricted,1,1,6.907755278982137,1.0
5041,calorimetri,1,1,6.907755278982137,1.0
5042,came,1,1,6.907755278982137,1.0
5043,camkii,1,1,6.907755278982137,1.0
5044,camp-creb,1,1,6.907755278982137,1.0
5045,camp-responsive,1,1,6.907755278982137,1.0
5046,camp-stimulated,1,1,6.907755278982137,1.0
5047,canada,1,1,6.907755278982137,1.0
5048,candidaci,1,1,6.907755278982137,1.0
5049,cannabinoid,1,1,6.907755278982137,1.0
5050,cannul,1,1,6.907755278982137,1.0
5051,capryl,1,1,6.907755278982137,1.0
5052,captiv,1,1,6.907755278982137,1.0
5053,carassiu,1,1,6.907755278982137,1.0
5054,carboxybetain,1,1,6.907755278982137,1.0
5055,carboxyl-terminal,1,1,6.907755278982137,1.0
5056,cardin,1,1,6.907755278982137,1.0
5057,cardiomyoblast,1,1,6.907755278982137,1.0
5058,cardiomyopath,1,1,6.907755278982137,1.0
5059,cardiovasc,1,1,6.907755278982137,1.0
5060,cardiovascular-renal,1,1,6.907755278982137,1.0
5061,cardiovers,1,1,6.907755278982137,1.0
5062,carp,1,1,6.907755278982137,1.0
5063,case-control,1,1,6.907755278982137,1.0
5064,casework,1,1,6.907755278982137,1.0
5065,casp,1,1,6.907755278982137,1.0
5066,cassett,1,1,6.907755278982137,1.0
5067,castrate-resistant,1,1,6.907755278982137,1.0
5068,catalyz,1,1,6.907755278982137,1.0
5069,catecholaminerg,1,1,6.907755278982137,1.0
5070,cation,1,1,6.907755278982137,1.0
5071,cation-independent,1,1,6.907755278982137,1.0
5072,caught,1,1,6.907755278982137,1.0
5073,cbp,1,1,6.907755278982137,1.0
5074,cc,1,1,6.907755278982137,1.0
5075,cdahfd,1,1,6.907755278982137,1.0
5076,cdahfd-induced,1,1,6.907755278982137,1.0
5077,cecum,1,1,6.907755278982137,1.0
5078,cell-based,1,1,6.907755278982137,1.0
5079,cell-survival,1,1,6.907755278982137,1.0
5080,cells-derived,1,1,6.907755278982137,1.0
5081,cellular-level,1,1,6.907755278982137,1.0
5082,centrifug,1,1,6.907755278982137,1.0
5083,cephal,1,1,6.907755278982137,1.0
5084,ceramidas,1,1,6.907755278982137,1.0
5085,cerebrometabol,1,1,6.907755278982137,1.0
5086,cerebrospin,1,1,6.907755278982137,1.0
5087,cerebrovasc,1,1,6.907755278982137,1.0
5088,cetsa,1,1,6.907755278982137,1.0
5089,cf-related,1,1,6.907755278982137,1.0
5090,cfo,1,1,6.907755278982137,1.0
5091,cfos-expression,1,1,6.907755278982137,1.0
5092,cfp-tagged,1,1,6.907755278982137,1.0
5093,cftr,1,1,6.907755278982137,1.0
5094,cgm-derived,1,1,6.907755278982137,1.0
5095,chalcon,1,1,6.907755278982137,1.0
5096,chamber-specific,1,1,6.907755278982137,1.0
5097,champion,1,1,6.907755278982137,1.0
5098,chaperon,1,1,6.907755278982137,1.0
5099,chaperone-mediated,1,1,6.907755278982137,1.0
5100,chapter,1,1,6.907755278982137,1.0
5101,charact,1,1,6.907755278982137,1.0
5102,chart,1,1,6.907755278982137,1.0
5103,check,1,1,6.907755278982137,1.0
5104,cheek,1,1,6.907755278982137,1.0
5105,chemo,1,1,6.907755278982137,1.0
5106,chemo-sensors,1,1,6.907755278982137,1.0
5107,chemoresist,1,1,6.907755278982137,1.0
5108,chemosens,1,1,6.907755278982137,1.0
5109,chemosensor,1,1,6.907755278982137,1.0
5110,chemosensori,1,1,6.907755278982137,1.0
5111,chemotherapi,1,1,6.907755278982137,1.0
5112,chemotyp,1,1,6.907755278982137,1.0
5113,chest,1,1,6.907755278982137,1.0
5114,chi,1,1,6.907755278982137,1.0
5115,childbear,1,1,6.907755278982137,1.0
5116,chin,1,1,6.907755278982137,1.0
5117,chiral,1,1,6.907755278982137,1.0
5118,chlorin,1,1,6.907755278982137,1.0
5119,cho-k1,1,1,6.907755278982137,1.0
5120,chol,1,1,6.907755278982137,1.0
5121,cholesteryl,1,1,6.907755278982137,1.0
5122,cholin,1,1,6.907755278982137,1.0
5123,choline-deficient,1,1,6.907755278982137,1.0
5124,chondrocyt,1,1,6.907755278982137,1.0
5125,chondroprotect,1,1,6.907755278982137,1.0
5126,choroid,1,1,6.907755278982137,1.0
5127,chose,1,1,6.907755278982137,1.0
5128,chosen,1,1,6.907755278982137,1.0
5129,chow-fed,1,1,6.907755278982137,1.0
5130,chromatin,1,1,6.907755278982137,1.0
5131,chromatography-mass,1,1,6.907755278982137,1.0
5132,chromogranin,1,1,6.907755278982137,1.0
5133,chrono-entrainment,1,1,6.907755278982137,1.0
5134,chub,1,1,6.907755278982137,1.0
5135,chyme,1,1,6.907755278982137,1.0
5136,ci-m6pr,1,1,6.907755278982137,1.0
5137,cinahl,1,1,6.907755278982137,1.0
5138,circuitri,1,1,6.907755278982137,1.0
5139,circumst,1,1,6.907755278982137,1.0
5140,circumval,1,1,6.907755278982137,1.0
5141,cis-unsaturated,1,1,6.907755278982137,1.0
5142,citrat,1,1,6.907755278982137,1.0
5143,citric,1,1,6.907755278982137,1.0
5144,clarif,1,1,6.907755278982137,1.0
5145,class-wide,1,1,6.907755278982137,1.0
5146,closed-loop,1,1,6.907755278982137,1.0
5147,closer,1,1,6.907755278982137,1.0
5148,clostridium,1,1,6.907755278982137,1.0
5149,closur,1,1,6.907755278982137,1.0
5150,clozapin,1,1,6.907755278982137,1.0
5151,clpr-increased,1,1,6.907755278982137,1.0
5152,clpr-induced,1,1,6.907755278982137,1.0
5153,cnki,1,1,6.907755278982137,1.0
5154,co-activate,1,1,6.907755278982137,1.0
5155,co-activation,1,1,6.907755278982137,1.0
5156,co-exist,1,1,6.907755278982137,1.0
5157,co-existence,1,1,6.907755278982137,1.0
5158,co-formulations,1,1,6.907755278982137,1.0
5159,co-infusion,1,1,6.907755278982137,1.0
5160,co-ip,1,1,6.907755278982137,1.0
5161,co-labeling,1,1,6.907755278982137,1.0
5162,co-labelled,1,1,6.907755278982137,1.0
5163,co-localisation,1,1,6.907755278982137,1.0
5164,co-localization,1,1,6.907755278982137,1.0
5165,co-localize,1,1,6.907755278982137,1.0
5166,co-medications,1,1,6.907755278982137,1.0
5167,co-morbid,1,1,6.907755278982137,1.0
5168,co-occur,1,1,6.907755278982137,1.0
5169,co-releases,1,1,6.907755278982137,1.0
5170,co-secretes,1,1,6.907755278982137,1.0
5171,co-stored,1,1,6.907755278982137,1.0
5172,co-structures,1,1,6.907755278982137,1.0
5173,co-transporters,1,1,6.907755278982137,1.0
5174,co-treatment,1,1,6.907755278982137,1.0
5175,coactiv,1,1,6.907755278982137,1.0
5176,coagul,1,1,6.907755278982137,1.0
5177,coat,1,1,6.907755278982137,1.0
5178,codomin,1,1,6.907755278982137,1.0
5179,codon-optimized,1,1,6.907755278982137,1.0
5180,coeffici,1,1,6.907755278982137,1.0
5181,coeliac,1,1,6.907755278982137,1.0
5182,coexpress,1,1,6.907755278982137,1.0
5183,coformul,1,1,6.907755278982137,1.0
5184,cohes,1,1,6.907755278982137,1.0
5185,col,1,1,6.907755278982137,1.0
5186,cold,1,1,6.907755278982137,1.0
5187,cold-chain,1,1,6.907755278982137,1.0
5188,colleg,1,1,6.907755278982137,1.0
5189,colon-rectal,1,1,6.907755278982137,1.0
5190,colonocyt,1,1,6.907755278982137,1.0
5191,colony-initiating,1,1,6.907755278982137,1.0
5192,colorect,1,1,6.907755278982137,1.0
5193,columnar,1,1,6.907755278982137,1.0
5194,command,1,1,6.907755278982137,1.0
5195,commend,1,1,6.907755278982137,1.0
5196,comment,1,1,6.907755278982137,1.0
5197,commit,1,1,6.907755278982137,1.0
5198,committe,1,1,6.907755278982137,1.0
5199,community-based,1,1,6.907755278982137,1.0
5200,compensatori,1,1,6.907755278982137,1.0
5201,complaint,1,1,6.907755278982137,1.0
5202,compliance-limiting,1,1,6.907755278982137,1.0
5203,compliant,1,1,6.907755278982137,1.0
5204,composition-of-matter,1,1,6.907755278982137,1.0
5205,comprehend,1,1,6.907755278982137,1.0
5206,compuls,1,1,6.907755278982137,1.0
5207,concis,1,1,6.907755278982137,1.0
5208,conclusionscertain,1,1,6.907755278982137,1.0
5209,concret,1,1,6.907755278982137,1.0
5210,condens,1,1,6.907755278982137,1.0
5211,confidenti,1,1,6.907755278982137,1.0
5212,configur,1,1,6.907755278982137,1.0
5213,confin,1,1,6.907755278982137,1.0
5214,conformationally-constrained,1,1,6.907755278982137,1.0
5215,confront,1,1,6.907755278982137,1.0
5216,confus,1,1,6.907755278982137,1.0
5217,conjectur,1,1,6.907755278982137,1.0
5218,connected,1,1,6.907755278982137,1.0
5219,consecut,1,1,6.907755278982137,1.0
5220,consensus-based,1,1,6.907755278982137,1.0
5221,consolid,1,1,6.907755278982137,1.0
5222,constantli,1,1,6.907755278982137,1.0
5223,constel,1,1,6.907755278982137,1.0
5224,constrict,1,1,6.907755278982137,1.0
5225,consummatori,1,1,6.907755278982137,1.0
5226,contend,1,1,6.907755278982137,1.0
5227,contenti,1,1,6.907755278982137,1.0
5228,context-dependent,1,1,6.907755278982137,1.0
5229,continuum,1,1,6.907755278982137,1.0
5230,contour,1,1,6.907755278982137,1.0
5231,contract,1,1,6.907755278982137,1.0
5232,contributori,1,1,6.907755278982137,1.0
5233,convei,1,1,6.907755278982137,1.0
5234,conven,1,1,6.907755278982137,1.0
5235,convert,1,1,6.907755278982137,1.0
5236,convinc,1,1,6.907755278982137,1.0
5237,coomassi,1,1,6.907755278982137,1.0
5238,coomatid,1,1,6.907755278982137,1.0
5239,coprescrib,1,1,6.907755278982137,1.0
5240,coreleas,1,1,6.907755278982137,1.0
5241,corner,1,1,6.907755278982137,1.0
5242,correspondingli,1,1,6.907755278982137,1.0
5243,corticosteroid,1,1,6.907755278982137,1.0
5244,corticotropin,1,1,6.907755278982137,1.0
5245,cotadutid,1,1,6.907755278982137,1.0
5246,cotreat,1,1,6.907755278982137,1.0
5247,coturnix,1,1,6.907755278982137,1.0
5248,coulter,1,1,6.907755278982137,1.0
5249,counter-regulatory,1,1,6.907755278982137,1.0
5250,countermeasur,1,1,6.907755278982137,1.0
5251,counterregulatori,1,1,6.907755278982137,1.0
5252,cousin,1,1,6.907755278982137,1.0
5253,covari,1,1,6.907755278982137,1.0
5254,cox,1,1,6.907755278982137,1.0
5255,cp,1,1,6.907755278982137,1.0
5256,cr-edta,1,1,6.907755278982137,1.0
5257,craniofaci,1,1,6.907755278982137,1.0
5258,crave,1,1,6.907755278982137,1.0
5259,creas,1,1,6.907755278982137,1.0
5260,creatinin,1,1,6.907755278982137,1.0
5261,creativ,1,1,6.907755278982137,1.0
5262,crebbp,1,1,6.907755278982137,1.0
5263,creer,1,1,6.907755278982137,1.0
5264,crispr-cas9,1,1,6.907755278982137,1.0
5265,critiqu,1,1,6.907755278982137,1.0
5266,crnp,1,1,6.907755278982137,1.0
5267,crocin,1,1,6.907755278982137,1.0
5268,cross-disorder,1,1,6.907755278982137,1.0
5269,cross-linking,1,1,6.907755278982137,1.0
5270,cross-react,1,1,6.907755278982137,1.0
5271,cross-reactivity,1,1,6.907755278982137,1.0
5272,cross-referencing,1,1,6.907755278982137,1.0
5273,crossroad,1,1,6.907755278982137,1.0
5274,crp,1,1,6.907755278982137,1.0
5275,crude,1,1,6.907755278982137,1.0
5276,crush,1,1,6.907755278982137,1.0
5277,cryoelectron,1,1,6.907755278982137,1.0
5278,cryogen,1,1,6.907755278982137,1.0
5279,cryptic,1,1,6.907755278982137,1.0
5280,cui,1,1,6.907755278982137,1.0
5281,culmin,1,1,6.907755278982137,1.0
5282,culprit,1,1,6.907755278982137,1.0
5283,cur,1,1,6.907755278982137,1.0
5284,curcumin,1,1,6.907755278982137,1.0
5285,curios,1,1,6.907755278982137,1.0
5286,curtail,1,1,6.907755278982137,1.0
5287,custom,1,1,6.907755278982137,1.0
5288,cut-off,1,1,6.907755278982137,1.0
5289,cvp,1,1,6.907755278982137,1.0
5290,cyclase-activating,1,1,6.907755278982137,1.0
5291,cyclase-camp,1,1,6.907755278982137,1.0
5292,cyclase-mediated,1,1,6.907755278982137,1.0
5293,cycliz,1,1,6.907755278982137,1.0
5294,cyclohepta,1,1,6.907755278982137,1.0
5295,cyclopenta,1,1,6.907755278982137,1.0
5296,cynanchum,1,1,6.907755278982137,1.0
5297,cynomolgu,1,1,6.907755278982137,1.0
5298,cysteine-mediated,1,1,6.907755278982137,1.0
5299,cytometri,1,1,6.907755278982137,1.0
5300,d-cells,1,1,6.907755278982137,1.0
5301,d-galactoside,1,1,6.907755278982137,1.0
5302,d-lys3,1,1,6.907755278982137,1.0
5303,d-old,1,1,6.907755278982137,1.0
5304,d-sim,1,1,6.907755278982137,1.0
5305,d-specific,1,1,6.907755278982137,1.0
5306,d-xylose,1,1,6.907755278982137,1.0
5307,da-15864,1,1,6.907755278982137,1.0
5308,daergic,1,1,6.907755278982137,1.0
5309,dairi,1,1,6.907755278982137,1.0
5310,daizein,1,1,6.907755278982137,1.0
5311,dam,1,1,6.907755278982137,1.0
5312,dapagliflozin,1,1,6.907755278982137,1.0
5313,dat,1,1,6.907755278982137,1.0
5314,davalintid,1,1,6.907755278982137,1.0
5315,dawn,1,1,6.907755278982137,1.0
5316,day-old,1,1,6.907755278982137,1.0
5317,de-duplication,1,1,6.907755278982137,1.0
5318,de-identified,1,1,6.907755278982137,1.0
5319,de-sensitization,1,1,6.907755278982137,1.0
5320,deacetylas,1,1,6.907755278982137,1.0
5321,debilit,1,1,6.907755278982137,1.0
5322,decade-long,1,1,6.907755278982137,1.0
5323,deceler,1,1,6.907755278982137,1.0
5324,decent,1,1,6.907755278982137,1.0
5325,decision-support,1,1,6.907755278982137,1.0
5326,decod,1,1,6.907755278982137,1.0
5327,decondit,1,1,6.907755278982137,1.0
5328,decrement,1,1,6.907755278982137,1.0
5329,dectin-1,1,1,6.907755278982137,1.0
5330,deepen,1,1,6.907755278982137,1.0
5331,default,1,1,6.907755278982137,1.0
5332,deficiency-the,1,1,6.907755278982137,1.0
5333,degen,1,1,6.907755278982137,1.0
5334,dehydroalanin,1,1,6.907755278982137,1.0
5335,delimit,1,1,6.907755278982137,1.0
5336,delin,1,1,6.907755278982137,1.0
5337,delta,1,1,6.907755278982137,1.0
5338,demonstratethat,1,1,6.907755278982137,1.0
5339,deoxy-d-glucose,1,1,6.907755278982137,1.0
5340,deoxycorticosteron,1,1,6.907755278982137,1.0
5341,deoxyglucos,1,1,6.907755278982137,1.0
5342,dependent-insulinotropic,1,1,6.907755278982137,1.0
5343,deploy,1,1,6.907755278982137,1.0
5344,depolaris,1,1,6.907755278982137,1.0
5345,depth,1,1,6.907755278982137,1.0
5346,dermal,1,1,6.907755278982137,1.0
5347,dermatologi,1,1,6.907755278982137,1.0
5348,dersimonian-laird,1,1,6.907755278982137,1.0
5349,desaturas,1,1,6.907755278982137,1.0
5350,desciptionth,1,1,6.907755278982137,1.0
5351,descript,1,1,6.907755278982137,1.0
5352,desensitis,1,1,6.907755278982137,1.0
5353,desorpt,1,1,6.907755278982137,1.0
5354,destroi,1,1,6.907755278982137,1.0
5355,detach,1,1,6.907755278982137,1.0
5356,dexamethason,1,1,6.907755278982137,1.0
5357,di,1,1,6.907755278982137,1.0
5358,diabes,1,1,6.907755278982137,1.0
5359,diabetes-obesity,1,1,6.907755278982137,1.0
5360,diabetes-prone,1,1,6.907755278982137,1.0
5361,diacylglycerol,1,1,6.907755278982137,1.0
5362,dialkyn,1,1,6.907755278982137,1.0
5363,diaphoresi,1,1,6.907755278982137,1.0
5364,diarrhoea-reported,1,1,6.907755278982137,1.0
5365,diarrhoeal,1,1,6.907755278982137,1.0
5366,diazoxid,1,1,6.907755278982137,1.0
5367,dictat,1,1,6.907755278982137,1.0
5368,diencephal,1,1,6.907755278982137,1.0
5369,diencephalon,1,1,6.907755278982137,1.0
5370,diet-related,1,1,6.907755278982137,1.0
5371,dietet,1,1,6.907755278982137,1.0
5372,dietitian,1,1,6.907755278982137,1.0
5373,dietitian-led,1,1,6.907755278982137,1.0
5374,digitonin-collagenase,1,1,6.907755278982137,1.0
5375,dihydroxy-4,1,1,6.907755278982137,1.0
5376,dilemma,1,1,6.907755278982137,1.0
5377,dilig,1,1,6.907755278982137,1.0
5378,dimerization-dependent,1,1,6.907755278982137,1.0
5379,dimethoxychalcon,1,1,6.907755278982137,1.0
5380,dimethyl-peptidyl-peptidase-iv,1,1,6.907755278982137,1.0
5381,dinucleotid,1,1,6.907755278982137,1.0
5382,dioxaoctano,1,1,6.907755278982137,1.0
5383,dipeptid,1,1,6.907755278982137,1.0
5384,dipeptidyl-peptidase-4,1,1,6.907755278982137,1.0
5385,dipeptidyl-peptidase-iv,1,1,6.907755278982137,1.0
5386,dipeptidylpeptidase-4,1,1,6.907755278982137,1.0
5387,dipeptydil-peptidase-4,1,1,6.907755278982137,1.0
5388,diphtheria,1,1,6.907755278982137,1.0
5389,diplopia,1,1,6.907755278982137,1.0
5390,direct-to-consumer,1,1,6.907755278982137,1.0
5391,disaccharid,1,1,6.907755278982137,1.0
5392,disappointingli,1,1,6.907755278982137,1.0
5393,disclos,1,1,6.907755278982137,1.0
5394,disclosur,1,1,6.907755278982137,1.0
5395,discord,1,1,6.907755278982137,1.0
5396,discrep,1,1,6.907755278982137,1.0
5397,discrimin,1,1,6.907755278982137,1.0
5398,discussionalthough,1,1,6.907755278982137,1.0
5399,disease-related,1,1,6.907755278982137,1.0
5400,disloc,1,1,6.907755278982137,1.0
5401,disorders-both,1,1,6.907755278982137,1.0
5402,dispens,1,1,6.907755278982137,1.0
5403,dispers,1,1,6.907755278982137,1.0
5404,dissect,1,1,6.907755278982137,1.0
5405,dissert,1,1,6.907755278982137,1.0
5406,dissolv,1,1,6.907755278982137,1.0
5407,distant,1,1,6.907755278982137,1.0
5408,disulfide-binding,1,1,6.907755278982137,1.0
5409,diuresi,1,1,6.907755278982137,1.0
5410,diversity-notably,1,1,6.907755278982137,1.0
5411,divert,1,1,6.907755278982137,1.0
5412,dizzi,1,1,6.907755278982137,1.0
5413,dm-related,1,1,6.907755278982137,1.0
5414,dmh,1,1,6.907755278982137,1.0
5415,dobutamin,1,1,6.907755278982137,1.0
5416,does-dependent,1,1,6.907755278982137,1.0
5417,domain-g-protein-coupled,1,1,6.907755278982137,1.0
5418,dominantli,1,1,6.907755278982137,1.0
5419,dopamine-transporter,1,1,6.907755278982137,1.0
5420,doppler,1,1,6.907755278982137,1.0
5421,dorothi,1,1,6.907755278982137,1.0
5422,dorsal-ventral,1,1,6.907755278982137,1.0
5423,dorsali,1,1,6.907755278982137,1.0
5424,dorso-ventral,1,1,6.907755278982137,1.0
5425,dorsocaud,1,1,6.907755278982137,1.0
5426,dorsomedi,1,1,6.907755278982137,1.0
5427,dosali,1,1,6.907755278982137,1.0
5428,dose-escalation,1,1,6.907755278982137,1.0
5429,dose-related,1,1,6.907755278982137,1.0
5430,dosimetri,1,1,6.907755278982137,1.0
5431,dosing-cycle,1,1,6.907755278982137,1.0
5432,dota-exendin-4,1,1,6.907755278982137,1.0
5433,double-edged,1,1,6.907755278982137,1.0
5434,double-immunofluorescence,1,1,6.907755278982137,1.0
5435,double-independent,1,1,6.907755278982137,1.0
5436,double-labelled,1,1,6.907755278982137,1.0
5437,down-regulation,1,1,6.907755278982137,1.0
5438,doxorubicin-induced,1,1,6.907755278982137,1.0
5439,dpp-4-modulating,1,1,6.907755278982137,1.0
5440,dpp-4-resistant,1,1,6.907755278982137,1.0
5441,dpta-exendin-4,1,1,6.907755278982137,1.0
5442,dra,1,1,6.907755278982137,1.0
5443,drain,1,1,6.907755278982137,1.0
5444,dri,1,1,6.907755278982137,1.0
5445,drinking-in-the-dark,1,1,6.907755278982137,1.0
5446,drp-1,1,1,6.907755278982137,1.0
5447,drug-drug,1,1,6.907755278982137,1.0
5448,drug-microbe-host,1,1,6.907755278982137,1.0
5449,drug-specific,1,1,6.907755278982137,1.0
5450,dry,1,1,6.907755278982137,1.0
5451,dual-acting,1,1,6.907755278982137,1.0
5452,dual-energy,1,1,6.907755278982137,1.0
5453,dual-luciferase,1,1,6.907755278982137,1.0
5454,dual-targeted,1,1,6.907755278982137,1.0
5455,dulaglutide-induced,1,1,6.907755278982137,1.0
5456,dulaglutide-morbilliform,1,1,6.907755278982137,1.0
5457,dulaglutide-related,1,1,6.907755278982137,1.0
5458,dump,1,1,6.907755278982137,1.0
5459,dunedin,1,1,6.907755278982137,1.0
5460,duraglutid,1,1,6.907755278982137,1.0
5461,dusk,1,1,6.907755278982137,1.0
5462,dwl,1,1,6.907755278982137,1.0
5463,dxa,1,1,6.907755278982137,1.0
5464,dysbiot,1,1,6.907755278982137,1.0
5465,dyscrasia,1,1,6.907755278982137,1.0
5466,dysgeusia,1,1,6.907755278982137,1.0
5467,dysglycaemia,1,1,6.907755278982137,1.0
5468,dysmenorrhea,1,1,6.907755278982137,1.0
5469,dysmorph,1,1,6.907755278982137,1.0
5470,dysmotil,1,1,6.907755278982137,1.0
5471,dyspepsia,1,1,6.907755278982137,1.0
5472,dyspept,1,1,6.907755278982137,1.0
5473,dysplast,1,1,6.907755278982137,1.0
5474,dystroph,1,1,6.907755278982137,1.0
5475,dysuria,1,1,6.907755278982137,1.0
5476,e-value,1,1,6.907755278982137,1.0
5477,eagerli,1,1,6.907755278982137,1.0
5478,early-phase,1,1,6.907755278982137,1.0
5479,early-pregnancy,1,1,6.907755278982137,1.0
5480,earn,1,1,6.907755278982137,1.0
5481,eas,1,1,6.907755278982137,1.0
5482,easili,1,1,6.907755278982137,1.0
5483,eastern,1,1,6.907755278982137,1.0
5484,eb,1,1,6.907755278982137,1.0
5485,eb-treated,1,1,6.907755278982137,1.0
5486,ebgm,1,1,6.907755278982137,1.0
5487,ebscohost,1,1,6.907755278982137,1.0
5488,ecc,1,1,6.907755278982137,1.0
5489,ecd,1,1,6.907755278982137,1.0
5490,echocardiograph,1,1,6.907755278982137,1.0
5491,echotextur,1,1,6.907755278982137,1.0
5492,ecolog,1,1,6.907755278982137,1.0
5493,economi,1,1,6.907755278982137,1.0
5494,effect-the,1,1,6.907755278982137,1.0
5495,effects-beyond,1,1,6.907755278982137,1.0
5496,effects-including,1,1,6.907755278982137,1.0
5497,effluvium,1,1,6.907755278982137,1.0
5498,efflux,1,1,6.907755278982137,1.0
5499,effort-based,1,1,6.907755278982137,1.0
5500,efpeglenatid,1,1,6.907755278982137,1.0
5501,egcg,1,1,6.907755278982137,1.0
5502,eightfold,1,1,6.907755278982137,1.0
5503,eighty-nine,1,1,6.907755278982137,1.0
5504,eighty-one,1,1,6.907755278982137,1.0
5505,elastin-like-polypeptide,1,1,6.907755278982137,1.0
5506,electrochemiluminesc,1,1,6.907755278982137,1.0
5507,electrogen,1,1,6.907755278982137,1.0
5508,electromyograph,1,1,6.907755278982137,1.0
5509,electrophil,1,1,6.907755278982137,1.0
5510,electrophoresi,1,1,6.907755278982137,1.0
5511,element-binding,1,1,6.907755278982137,1.0
5512,em,1,1,6.907755278982137,1.0
5513,embed,1,1,6.907755278982137,1.0
5514,embol,1,1,6.907755278982137,1.0
5515,embrac,1,1,6.907755278982137,1.0
5516,emea,1,1,6.907755278982137,1.0
5517,emesi,1,1,6.907755278982137,1.0
5518,emg,1,1,6.907755278982137,1.0
5519,emot,1,1,6.907755278982137,1.0
5520,emphasis,1,1,6.907755278982137,1.0
5521,emptying-altogether,1,1,6.907755278982137,1.0
5522,ena,1,1,6.907755278982137,1.0
5523,enantiom,1,1,6.907755278982137,1.0
5524,encas,1,1,6.907755278982137,1.0
5525,encephalopathi,1,1,6.907755278982137,1.0
5526,endeavor,1,1,6.907755278982137,1.0
5527,endeavour,1,1,6.907755278982137,1.0
5528,endo-pancreatic,1,1,6.907755278982137,1.0
5529,endocardium,1,1,6.907755278982137,1.0
5530,endocrinol,1,1,6.907755278982137,1.0
5531,endocrinologi,1,1,6.907755278982137,1.0
5532,endocrinopathi,1,1,6.907755278982137,1.0
5533,endometrium,1,1,6.907755278982137,1.0
5534,endothelial-protective,1,1,6.907755278982137,1.0
5535,endothelin-converting,1,1,6.907755278982137,1.0
5536,endothelium-dependent,1,1,6.907755278982137,1.0
5537,endothelium-independent,1,1,6.907755278982137,1.0
5538,endotoxemia,1,1,6.907755278982137,1.0
5539,endotrach,1,1,6.907755278982137,1.0
5540,endow,1,1,6.907755278982137,1.0
5541,endur,1,1,6.907755278982137,1.0
5542,energet,1,1,6.907755278982137,1.0
5543,energy-dense,1,1,6.907755278982137,1.0
5544,energy-saving,1,1,6.907755278982137,1.0
5545,eneteroendocrin,1,1,6.907755278982137,1.0
5546,enforc,1,1,6.907755278982137,1.0
5547,engend,1,1,6.907755278982137,1.0
5548,enho,1,1,6.907755278982137,1.0
5549,enjoy,1,1,6.907755278982137,1.0
5550,eno,1,1,6.907755278982137,1.0
5551,entero-endocrine,1,1,6.907755278982137,1.0
5552,enterobacteriacea,1,1,6.907755278982137,1.0
5553,enterococcu,1,1,6.907755278982137,1.0
5554,enterocyt,1,1,6.907755278982137,1.0
5555,enteroendocein,1,1,6.907755278982137,1.0
5556,enteroendocrine-specific,1,1,6.907755278982137,1.0
5557,enteropeptid,1,1,6.907755278982137,1.0
5558,enthalpi,1,1,6.907755278982137,1.0
5559,entrap,1,1,6.907755278982137,1.0
5560,entri,1,1,6.907755278982137,1.0
5561,entrop,1,1,6.907755278982137,1.0
5562,envisag,1,1,6.907755278982137,1.0
5563,enzyme-1,1,1,6.907755278982137,1.0
5564,enzyme-resistant,1,1,6.907755278982137,1.0
5565,eosinophil,1,1,6.907755278982137,1.0
5566,ep,1,1,6.907755278982137,1.0
5567,epeg,1,1,6.907755278982137,1.0
5568,epidemiologi,1,1,6.907755278982137,1.0
5569,epiderm,1,1,6.907755278982137,1.0
5570,epigallocatechin,1,1,6.907755278982137,1.0
5571,epigastr,1,1,6.907755278982137,1.0
5572,epigenet,1,1,6.907755278982137,1.0
5573,epinephrin,1,1,6.907755278982137,1.0
5574,epioleanol,1,1,6.907755278982137,1.0
5575,equilibrium,1,1,6.907755278982137,1.0
5576,equimolar,1,1,6.907755278982137,1.0
5577,equip,1,1,6.907755278982137,1.0
5578,equipot,1,1,6.907755278982137,1.0
5579,erad,1,1,6.907755278982137,1.0
5580,erysipelotrichacea,1,1,6.907755278982137,1.0
5581,erythroid,1,1,6.907755278982137,1.0
5582,escap,1,1,6.907755278982137,1.0
5583,essenc,1,1,6.907755278982137,1.0
5584,esterif,1,1,6.907755278982137,1.0
5585,estradiol,1,1,6.907755278982137,1.0
5586,estradiol-3-benzoate,1,1,6.907755278982137,1.0
5587,estradiol-progesterone,1,1,6.907755278982137,1.0
5588,etabol,1,1,6.907755278982137,1.0
5589,etc,1,1,6.907755278982137,1.0
5590,etiolog,1,1,6.907755278982137,1.0
5591,etomoxir,1,1,6.907755278982137,1.0
5592,eu-dka,1,1,6.907755278982137,1.0
5593,euglycaem,1,1,6.907755278982137,1.0
5594,ever-evolving,1,1,6.907755278982137,1.0
5595,ever-growing,1,1,6.907755278982137,1.0
5596,ewca,1,1,6.907755278982137,1.0
5597,exanthemat,1,1,6.907755278982137,1.0
5598,exceed,1,1,6.907755278982137,1.0
5599,excerpta,1,1,6.907755278982137,1.0
5600,execut,1,1,6.907755278982137,1.0
5601,exemplar,1,1,6.907755278982137,1.0
5602,exenatide-based,1,1,6.907755278982137,1.0
5603,exendin-4-based,1,1,6.907755278982137,1.0
5604,exendin-4-like,1,1,6.907755278982137,1.0
5605,exendin-9-39,1,1,6.907755278982137,1.0
5606,exendin-avid,1,1,6.907755278982137,1.0
5607,exendins-3,1,1,6.907755278982137,1.0
5608,exentin-4,1,1,6.907755278982137,1.0
5609,exhaust,1,1,6.907755278982137,1.0
5610,expedit,1,1,6.907755278982137,1.0
5611,expir,1,1,6.907755278982137,1.0
5612,explant,1,1,6.907755278982137,1.0
5613,explic,1,1,6.907755278982137,1.0
5614,explicit,1,1,6.907755278982137,1.0
5615,exponenti,1,1,6.907755278982137,1.0
5616,extended-interval,1,1,6.907755278982137,1.0
5617,extended-release,1,1,6.907755278982137,1.0
5618,extra-glycaemic,1,1,6.907755278982137,1.0
5619,extra-glycemic,1,1,6.907755278982137,1.0
5620,extrabulbar,1,1,6.907755278982137,1.0
5621,extrahepat,1,1,6.907755278982137,1.0
5622,extraislet,1,1,6.907755278982137,1.0
5623,extranuclear,1,1,6.907755278982137,1.0
5624,extub,1,1,6.907755278982137,1.0
5625,eye-related,1,1,6.907755278982137,1.0
5626,f-fluoro-2-deoxy-glucose,1,1,6.907755278982137,1.0
5627,fa,1,1,6.907755278982137,1.0
5628,faciali,1,1,6.907755278982137,1.0
5629,facil,1,1,6.907755278982137,1.0
5630,facp,1,1,6.907755278982137,1.0
5631,factor-8,1,1,6.907755278982137,1.0
5632,factor-a,1,1,6.907755278982137,1.0
5633,fallen,1,1,6.907755278982137,1.0
5634,falsifi,1,1,6.907755278982137,1.0
5635,family-centered,1,1,6.907755278982137,1.0
5636,family-level,1,1,6.907755278982137,1.0
5637,fascin,1,1,6.907755278982137,1.0
5638,fast-clearing,1,1,6.907755278982137,1.0
5639,fasting-based,1,1,6.907755278982137,1.0
5640,fate,1,1,6.907755278982137,1.0
5641,fatty-acylated,1,1,6.907755278982137,1.0
5642,fb,1,1,6.907755278982137,1.0
5643,fda-approved,1,1,6.907755278982137,1.0
5644,fdg,1,1,6.907755278982137,1.0
5645,fear,1,1,6.907755278982137,1.0
5646,februari,1,1,6.907755278982137,1.0
5647,feed-forward,1,1,6.907755278982137,1.0
5648,feeding-relevant,1,1,6.907755278982137,1.0
5649,femor,1,1,6.907755278982137,1.0
5650,fever,1,1,6.907755278982137,1.0
5651,ffar,1,1,6.907755278982137,1.0
5652,fi,1,1,6.907755278982137,1.0
5653,fiber-deprived,1,1,6.907755278982137,1.0
5654,fibriallari,1,1,6.907755278982137,1.0
5655,fibroid,1,1,6.907755278982137,1.0
5656,fibrosis-related,1,1,6.907755278982137,1.0
5657,fibrovascular,1,1,6.907755278982137,1.0
5658,fiddl,1,1,6.907755278982137,1.0
5659,fight,1,1,6.907755278982137,1.0
5660,filament,1,1,6.907755278982137,1.0
5661,file,1,1,6.907755278982137,1.0
5662,fine-tuning,1,1,6.907755278982137,1.0
5663,fine-turning,1,1,6.907755278982137,1.0
5664,finerenon,1,1,6.907755278982137,1.0
5665,finger,1,1,6.907755278982137,1.0
5666,fingerprint,1,1,6.907755278982137,1.0
5667,finish,1,1,6.907755278982137,1.0
5668,first-approved,1,1,6.907755278982137,1.0
5669,first-in-class,1,1,6.907755278982137,1.0
5670,fivefold,1,1,6.907755278982137,1.0
5671,fixed-dose,1,1,6.907755278982137,1.0
5672,fixed-effect,1,1,6.907755278982137,1.0
5673,fizz,1,1,6.907755278982137,1.0
5674,flare,1,1,6.907755278982137,1.0
5675,flatbush,1,1,6.907755278982137,1.0
5676,flatten,1,1,6.907755278982137,1.0
5677,flavokawain,1,1,6.907755278982137,1.0
5678,flavor-nutrient,1,1,6.907755278982137,1.0
5679,fletcher,1,1,6.907755278982137,1.0
5680,flight,1,1,6.907755278982137,1.0
5681,floor,1,1,6.907755278982137,1.0
5682,flora,1,1,6.907755278982137,1.0
5683,fluctuat,1,1,6.907755278982137,1.0
5684,fluorescence-activated,1,1,6.907755278982137,1.0
5685,fluorescent-activated,1,1,6.907755278982137,1.0
5686,fluorescently-tagged,1,1,6.907755278982137,1.0
5687,fluoro-exendin-4,1,1,6.907755278982137,1.0
5688,flux,1,1,6.907755278982137,1.0
5689,fmol,1,1,6.907755278982137,1.0
5690,folat,1,1,6.907755278982137,1.0
5691,folei,1,1,6.907755278982137,1.0
5692,follicl,1,1,6.907755278982137,1.0
5693,follow-ups,1,1,6.907755278982137,1.0
5694,food-based,1,1,6.907755278982137,1.0
5695,food-motivated,1,1,6.907755278982137,1.0
5696,food-seeking,1,1,6.907755278982137,1.0
5697,foremost,1,1,6.907755278982137,1.0
5698,forerunn,1,1,6.907755278982137,1.0
5699,forkhead,1,1,6.907755278982137,1.0
5700,formal,1,1,6.907755278982137,1.0
5701,formalin,1,1,6.907755278982137,1.0
5702,formula,1,1,6.907755278982137,1.0
5703,formulari,1,1,6.907755278982137,1.0
5704,forskolin,1,1,6.907755278982137,1.0
5705,forth,1,1,6.907755278982137,1.0
5706,forty-nine,1,1,6.907755278982137,1.0
5707,fos-like,1,1,6.907755278982137,1.0
5708,fossa,1,1,6.907755278982137,1.0
5709,foster,1,1,6.907755278982137,1.0
5710,fourteen,1,1,6.907755278982137,1.0
5711,fphy,1,1,6.907755278982137,1.0
5712,frail,1,1,6.907755278982137,1.0
5713,frank,1,1,6.907755278982137,1.0
5714,frcs-insulin,1,1,6.907755278982137,1.0
5715,freedom,1,1,6.907755278982137,1.0
5716,freshli,1,1,6.907755278982137,1.0
5717,friendli,1,1,6.907755278982137,1.0
5718,frontlin,1,1,6.907755278982137,1.0
5719,fructooligosaccharid,1,1,6.907755278982137,1.0
5720,fructos,1,1,6.907755278982137,1.0
5721,fructose-fed,1,1,6.907755278982137,1.0
5722,fruitless,1,1,6.907755278982137,1.0
5723,fsp,1,1,6.907755278982137,1.0
5724,ft-ir,1,1,6.907755278982137,1.0
5725,fu,1,1,6.907755278982137,1.0
5726,function-a,1,1,6.907755278982137,1.0
5727,function-related,1,1,6.907755278982137,1.0
5728,fundoscopi,1,1,6.907755278982137,1.0
5729,furthest,1,1,6.907755278982137,1.0
5730,fusion-protein,1,1,6.907755278982137,1.0
5731,fxr-creb,1,1,6.907755278982137,1.0
5732,g-cells,1,1,6.907755278982137,1.0
5733,g-ly6c,1,1,6.907755278982137,1.0
5734,g-proteins,1,1,6.907755278982137,1.0
5735,g-to-a,1,1,6.907755278982137,1.0
5736,gabaa,1,1,6.907755278982137,1.0
5737,gabaar,1,1,6.907755278982137,1.0
5738,gallat,1,1,6.907755278982137,1.0
5739,gallium,1,1,6.907755278982137,1.0
5740,gallston,1,1,6.907755278982137,1.0
5741,game-changers,1,1,6.907755278982137,1.0
5742,gamma,1,1,6.907755278982137,1.0
5743,garment,1,1,6.907755278982137,1.0
5744,garner,1,1,6.907755278982137,1.0
5745,gasseri,1,1,6.907755278982137,1.0
5746,gastrin-17,1,1,6.907755278982137,1.0
5747,gastrin-mediated,1,1,6.907755278982137,1.0
5748,gastriti,1,1,6.907755278982137,1.0
5749,gastroinhibitori,1,1,6.907755278982137,1.0
5750,gastrointestinal-derived,1,1,6.907755278982137,1.0
5751,gastrointestinal-released,1,1,6.907755278982137,1.0
5752,gastroprokinet,1,1,6.907755278982137,1.0
5753,gather,1,1,6.907755278982137,1.0
5754,gavag,1,1,6.907755278982137,1.0
5755,gazdar,1,1,6.907755278982137,1.0
5756,gbp,1,1,6.907755278982137,1.0
5757,gc-ms,1,1,6.907755278982137,1.0
5758,gdf,1,1,6.907755278982137,1.0
5759,gele-dependent,1,1,6.907755278982137,1.0
5760,generalis,1,1,6.907755278982137,1.0
5761,genotype-specific,1,1,6.907755278982137,1.0
5762,genuin,1,1,6.907755278982137,1.0
5763,geograph,1,1,6.907755278982137,1.0
5764,geometr,1,1,6.907755278982137,1.0
5765,gerd,1,1,6.907755278982137,1.0
5766,germ-free,1,1,6.907755278982137,1.0
5767,geroprotector,1,1,6.907755278982137,1.0
5768,gf,1,1,6.907755278982137,1.0
5769,ghba,1,1,6.907755278982137,1.0
5770,ghrp-6,1,1,6.907755278982137,1.0
5771,gi-dependent,1,1,6.907755278982137,1.0
5772,gia,1,1,6.907755278982137,1.0
5773,gila-monster,1,1,6.907755278982137,1.0
5774,gip-induced,1,1,6.907755278982137,1.0
5775,girth,1,1,6.907755278982137,1.0
5776,gl-1,1,1,6.907755278982137,1.0
5777,glia,1,1,6.907755278982137,1.0
5778,glimps,1,1,6.907755278982137,1.0
5779,globe,1,1,6.907755278982137,1.0
5780,globes,1,1,6.907755278982137,1.0
5781,glp-1-activated,1,1,6.907755278982137,1.0
5782,glp-1-derived,1,1,6.907755278982137,1.0
5783,glp-1-docked,1,1,6.907755278982137,1.0
5784,glp-1-dominant,1,1,6.907755278982137,1.0
5785,glp-1-expressing,1,1,6.907755278982137,1.0
5786,glp-1-immunopositive,1,1,6.907755278982137,1.0
5787,glp-1-independent,1,1,6.907755278982137,1.0
5788,glp-1-inducing,1,1,6.907755278982137,1.0
5789,glp-1-lytacs,1,1,6.907755278982137,1.0
5790,glp-1-ptd-abp,1,1,6.907755278982137,1.0
5791,glp-1-resistant,1,1,6.907755278982137,1.0
5792,glp-1-rs,1,1,6.907755278982137,1.0
5793,glp-1-when,1,1,6.907755278982137,1.0
5794,glp-1derivatives,1,1,6.907755278982137,1.0
5795,glp-1exerts,1,1,6.907755278982137,1.0
5796,glp-1r-gs,1,1,6.907755278982137,1.0
5797,glp-1r-immunreactive,1,1,6.907755278982137,1.0
5798,glp-1r-ir,1,1,6.907755278982137,1.0
5799,glp-1r-profiles,1,1,6.907755278982137,1.0
5800,glp-1r-targeted,1,1,6.907755278982137,1.0
5801,glp-1ra-stimulated,1,1,6.907755278982137,1.0
5802,glp-iras,1,1,6.907755278982137,1.0
5803,glp-l,1,1,6.907755278982137,1.0
5804,glp-r,1,1,6.907755278982137,1.0
5805,glp-ras,1,1,6.907755278982137,1.0
5806,glu-9,1,1,6.907755278982137,1.0
5807,glua,1,1,6.907755278982137,1.0
5808,glucagon-based,1,1,6.907755278982137,1.0
5809,glucagon-glp-1,1,1,6.907755278982137,1.0
5810,glucagone-like,1,1,6.907755278982137,1.0
5811,glucagonemia,1,1,6.907755278982137,1.0
5812,glucagonotrop,1,1,6.907755278982137,1.0
5813,gluco-sensitive,1,1,6.907755278982137,1.0
5814,glucocentr,1,1,6.907755278982137,1.0
5815,glucogen,1,1,6.907755278982137,1.0
5816,glucoincretin,1,1,6.907755278982137,1.0
5817,glucometabol,1,1,6.907755278982137,1.0
5818,gluconeogen,1,1,6.907755278982137,1.0
5819,glucophag,1,1,6.907755278982137,1.0
5820,glucose-bovine,1,1,6.907755278982137,1.0
5821,glucose-dependant,1,1,6.907755278982137,1.0
5822,glucose-dependently,1,1,6.907755278982137,1.0
5823,glucose-intolerant,1,1,6.907755278982137,1.0
5824,glucose-mediated,1,1,6.907755278982137,1.0
5825,glucose-reduction,1,1,6.907755278982137,1.0
5826,glucose-resistant,1,1,6.907755278982137,1.0
5827,glucose-responsive,1,1,6.907755278982137,1.0
5828,glucose-tolerance,1,1,6.907755278982137,1.0
5829,glucoseproduct,1,1,6.907755278982137,1.0
5830,glucosyl-isoquercitrin,1,1,6.907755278982137,1.0
5831,glucotoxicii,1,1,6.907755278982137,1.0
5832,glue,1,1,6.907755278982137,1.0
5833,glur,1,1,6.907755278982137,1.0
5834,glutamyl,1,1,6.907755278982137,1.0
5835,glutamyltransferas,1,1,6.907755278982137,1.0
5836,gly-pro,1,1,6.907755278982137,1.0
5837,glyceryl,1,1,6.907755278982137,1.0
5838,glycin,1,1,6.907755278982137,1.0
5839,glycoaldehyde-bsa,1,1,6.907755278982137,1.0
5840,glycoborinin,1,1,6.907755278982137,1.0
5841,glycol,1,1,6.907755278982137,1.0
5842,glycopeptid,1,1,6.907755278982137,1.0
5843,glycosid,1,1,6.907755278982137,1.0
5844,glycosmi,1,1,6.907755278982137,1.0
5845,glycyrrhiz,1,1,6.907755278982137,1.0
5846,glyfuran,1,1,6.907755278982137,1.0
5847,glyphyllamid,1,1,6.907755278982137,1.0
5848,glyphyllazol,1,1,6.907755278982137,1.0
5849,golden,1,1,6.907755278982137,1.0
5850,gonadotropin,1,1,6.907755278982137,1.0
5851,gong,1,1,6.907755278982137,1.0
5852,gpa,1,1,6.907755278982137,1.0
5853,gpcr-based,1,1,6.907755278982137,1.0
5854,gpl-1,1,1,6.907755278982137,1.0
5855,gpvrgpfpiiv,1,1,6.907755278982137,1.0
5856,gpx,1,1,6.907755278982137,1.0
5857,gq-coupled,1,1,6.907755278982137,1.0
5858,gradient,1,1,6.907755278982137,1.0
5859,graft,1,1,6.907755278982137,1.0
5860,grant,1,1,6.907755278982137,1.0
5861,granulosa,1,1,6.907755278982137,1.0
5862,gratitud,1,1,6.907755278982137,1.0
5863,gravida,1,1,6.907755278982137,1.0
5864,grei,1,1,6.907755278982137,1.0
5865,ground-breaking,1,1,6.907755278982137,1.0
5866,groundbreak,1,1,6.907755278982137,1.0
5867,group-those,1,1,6.907755278982137,1.0
5868,growth-factor-like,1,1,6.907755278982137,1.0
5869,gsea,1,1,6.907755278982137,1.0
5870,gsk,1,1,6.907755278982137,1.0
5871,gst,1,1,6.907755278982137,1.0
5872,gt-ag,1,1,6.907755278982137,1.0
5873,gtpase,1,1,6.907755278982137,1.0
5874,guanidinium-solubilized,1,1,6.907755278982137,1.0
5875,guanosin,1,1,6.907755278982137,1.0
5876,guarante,1,1,6.907755278982137,1.0
5877,guideline-directed,1,1,6.907755278982137,1.0
5878,guideline-informed,1,1,6.907755278982137,1.0
5879,guideline-recommended,1,1,6.907755278982137,1.0
5880,gurmarin,1,1,6.907755278982137,1.0
5881,gustducin-deficient,1,1,6.907755278982137,1.0
5882,gut-associated,1,1,6.907755278982137,1.0
5883,gut-bone,1,1,6.907755278982137,1.0
5884,gut-mediated,1,1,6.907755278982137,1.0
5885,gut-pancreas-liver,1,1,6.907755278982137,1.0
5886,gut-produced,1,1,6.907755278982137,1.0
5887,gut-secreted,1,1,6.907755278982137,1.0
5888,gut-to-brain,1,1,6.907755278982137,1.0
5889,gynecoid,1,1,6.907755278982137,1.0
5890,gynecologi,1,1,6.907755278982137,1.0
5891,gynecologist,1,1,6.907755278982137,1.0
5892,h-89,1,1,6.907755278982137,1.0
5893,h-his-aib-glu-gly-thr-phe-thr-ser-asp-bip-bip-nh2,1,1,6.907755278982137,1.0
5894,haben,1,1,6.907755278982137,1.0
5895,haemostasi,1,1,6.907755278982137,1.0
5896,hailey-hailey,1,1,6.907755278982137,1.0
5897,half-lives,1,1,6.907755278982137,1.0
5898,half-time,1,1,6.907755278982137,1.0
5899,happen,1,1,6.907755278982137,1.0
5900,harbor,1,1,6.907755278982137,1.0
5901,hard,1,1,6.907755278982137,1.0
5902,harmon,1,1,6.907755278982137,1.0
5903,hashimoto,1,1,6.907755278982137,1.0
5904,hca,1,1,6.907755278982137,1.0
5905,hco,1,1,6.907755278982137,1.0
5906,hd-caused,1,1,6.907755278982137,1.0
5907,hd-induced,1,1,6.907755278982137,1.0
5908,hdl,1,1,6.907755278982137,1.0
5909,hdl-cholesterol,1,1,6.907755278982137,1.0
5910,head,1,1,6.907755278982137,1.0
5911,health-care,1,1,6.907755278982137,1.0
5912,healthspan,1,1,6.907755278982137,1.0
5913,hear,1,1,6.907755278982137,1.0
5914,heav,1,1,6.907755278982137,1.0
5915,hedon,1,1,6.907755278982137,1.0
5916,held,1,1,6.907755278982137,1.0
5917,helix-stabilizing,1,1,6.907755278982137,1.0
5918,hematoma,1,1,6.907755278982137,1.0
5919,hematopoiet,1,1,6.907755278982137,1.0
5920,hemorrhag,1,1,6.907755278982137,1.0
5921,hemostat,1,1,6.907755278982137,1.0
5922,hepatocellular,1,1,6.907755278982137,1.0
5923,hepatogen,1,1,6.907755278982137,1.0
5924,hepatolog,1,1,6.907755278982137,1.0
5925,hepatologi,1,1,6.907755278982137,1.0
5926,hepatoport,1,1,6.907755278982137,1.0
5927,hepatotox,1,1,6.907755278982137,1.0
5928,hepg,1,1,6.907755278982137,1.0
5929,herald,1,1,6.907755278982137,1.0
5930,herb,1,1,6.907755278982137,1.0
5931,hernia,1,1,6.907755278982137,1.0
5932,heterocycl,1,1,6.907755278982137,1.0
5933,heterolog,1,1,6.907755278982137,1.0
5934,hexokinas,1,1,6.907755278982137,1.0
5935,hg-challenged,1,1,6.907755278982137,1.0
5936,hg-induced,1,1,6.907755278982137,1.0
5937,hiatal,1,1,6.907755278982137,1.0
5938,hidden,1,1,6.907755278982137,1.0
5939,high-dp,1,1,6.907755278982137,1.0
5940,high-fat-diet-induced,1,1,6.907755278982137,1.0
5941,high-fiber,1,1,6.907755278982137,1.0
5942,high-glucose,1,1,6.907755278982137,1.0
5943,high-glucose-induced,1,1,6.907755278982137,1.0
5944,high-mortality,1,1,6.907755278982137,1.0
5945,high-potency,1,1,6.907755278982137,1.0
5946,high-pressure,1,1,6.907755278982137,1.0
5947,high-resolution,1,1,6.907755278982137,1.0
5948,high-sodium,1,1,6.907755278982137,1.0
5949,high-sucrose,1,1,6.907755278982137,1.0
5950,high-valued,1,1,6.907755278982137,1.0
5951,high-yield,1,1,6.907755278982137,1.0
5952,highest-risk,1,1,6.907755278982137,1.0
5953,hindgut,1,1,6.907755278982137,1.0
5954,hippocampal-dependent,1,1,6.907755278982137,1.0
5955,his-7,1,1,6.907755278982137,1.0
5956,his-tagged,1,1,6.907755278982137,1.0
5957,histon,1,1,6.907755278982137,1.0
5958,histopathologi,1,1,6.907755278982137,1.0
5959,history-taking,1,1,6.907755278982137,1.0
5960,hitherto,1,1,6.907755278982137,1.0
5961,hiv-associated,1,1,6.907755278982137,1.0
5962,hodgkin,1,1,6.907755278982137,1.0
5963,holdemanella,1,1,6.907755278982137,1.0
5964,holidai,1,1,6.907755278982137,1.0
5965,hollow,1,1,6.907755278982137,1.0
5966,homa,1,1,6.907755278982137,1.0
5967,homa-ir,1,1,6.907755278982137,1.0
5968,home,1,1,6.907755278982137,1.0
5969,homoeostasi,1,1,6.907755278982137,1.0
5970,homologu,1,1,6.907755278982137,1.0
5971,homozyg,1,1,6.907755278982137,1.0
5972,homozygos,1,1,6.907755278982137,1.0
5973,hormone-derived,1,1,6.907755278982137,1.0
5974,hormones-mainly,1,1,6.907755278982137,1.0
5975,host-microbiome,1,1,6.907755278982137,1.0
5976,hot,1,1,6.907755278982137,1.0
5977,hresim,1,1,6.907755278982137,1.0
5978,hrv,1,1,6.907755278982137,1.0
5979,hu,1,1,6.907755278982137,1.0
5980,huang,1,1,6.907755278982137,1.0
5981,huge,1,1,6.907755278982137,1.0
5982,human-derived,1,1,6.907755278982137,1.0
5983,human-induced,1,1,6.907755278982137,1.0
5984,humankind,1,1,6.907755278982137,1.0
5985,hurdl,1,1,6.907755278982137,1.0
5986,husbandri,1,1,6.907755278982137,1.0
5987,huvec,1,1,6.907755278982137,1.0
5988,hydrat,1,1,6.907755278982137,1.0
5989,hydrocarbon,1,1,6.907755278982137,1.0
5990,hydrogel-based,1,1,6.907755278982137,1.0
5991,hydrophil,1,1,6.907755278982137,1.0
5992,hydroxybenzoyl,1,1,6.907755278982137,1.0
5993,hydroxydeoxyguanosin,1,1,6.907755278982137,1.0
5994,hydroxyderricin,1,1,6.907755278982137,1.0
5995,hydroxylas,1,1,6.907755278982137,1.0
5996,hydroxytryptamin,1,1,6.907755278982137,1.0
5997,hyperactiv,1,1,6.907755278982137,1.0
5998,hypergastrinemia,1,1,6.907755278982137,1.0
5999,hypergly-cemia,1,1,6.907755278982137,1.0
6000,hyperglycaem,1,1,6.907755278982137,1.0
6001,hyperhydr,1,1,6.907755278982137,1.0
6002,hyperinsulin,1,1,6.907755278982137,1.0
6003,hyperinsulinaemia,1,1,6.907755278982137,1.0
6004,hyperkalemia,1,1,6.907755278982137,1.0
6005,hyperlipidaemia,1,1,6.907755278982137,1.0
6006,hypermetabol,1,1,6.907755278982137,1.0
6007,hypermetr,1,1,6.907755278982137,1.0
6008,hypernutrit,1,1,6.907755278982137,1.0
6009,hyperphagia,1,1,6.907755278982137,1.0
6010,hyperpolarization-activated,1,1,6.907755278982137,1.0
6011,hypertriglyceridemia,1,1,6.907755278982137,1.0
6012,hyperuricemia,1,1,6.907755278982137,1.0
6013,hypo,1,1,6.907755278982137,1.0
6014,hypoperfus,1,1,6.907755278982137,1.0
6015,hypoperfusion-induced,1,1,6.907755278982137,1.0
6016,hypophagia,1,1,6.907755278982137,1.0
6017,hypophysiotrop,1,1,6.907755278982137,1.0
6018,hypothalamic-pituitary,1,1,6.907755278982137,1.0
6019,hypothalamic-pituitary-gonadal,1,1,6.907755278982137,1.0
6020,hypothesis-generating,1,1,6.907755278982137,1.0
6021,hypothyroid,1,1,6.907755278982137,1.0
6022,hysterectomi,1,1,6.907755278982137,1.0
6023,i-exendin,1,1,6.907755278982137,1.0
6024,i-hippuran,1,1,6.907755278982137,1.0
6025,i-insulin,1,1,6.907755278982137,1.0
6026,i-tail,1,1,6.907755278982137,1.0
6027,ibd-related,1,1,6.907755278982137,1.0
6028,ibt,1,1,6.907755278982137,1.0
6029,icam,1,1,6.907755278982137,1.0
6030,icd-10,1,1,6.907755278982137,1.0
6031,icd-11,1,1,6.907755278982137,1.0
6032,icu,1,1,6.907755278982137,1.0
6033,igf-1r,1,1,6.907755278982137,1.0
6034,iglar,1,1,6.907755278982137,1.0
6035,ignit,1,1,6.907755278982137,1.0
6036,ih-induced,1,1,6.907755278982137,1.0
6037,iic,1,1,6.907755278982137,1.0
6038,iihwop,1,1,6.907755278982137,1.0
6039,iko,1,1,6.907755278982137,1.0
6040,il-10,1,1,6.907755278982137,1.0
6041,ileostomi,1,1,6.907755278982137,1.0
6042,illeg,1,1,6.907755278982137,1.0
6043,illumin,1,1,6.907755278982137,1.0
6044,imidazol,1,1,6.907755278982137,1.0
6045,iminodiacet,1,1,6.907755278982137,1.0
6046,immatur,1,1,6.907755278982137,1.0
6047,immediate-release,1,1,6.907755278982137,1.0
6048,immens,1,1,6.907755278982137,1.0
6049,immin,1,1,6.907755278982137,1.0
6050,immobilis,1,1,6.907755278982137,1.0
6051,immune-inflammatory,1,1,6.907755278982137,1.0
6052,immune-mediated,1,1,6.907755278982137,1.0
6053,immune-modulation,1,1,6.907755278982137,1.0
6054,immuno-expression,1,1,6.907755278982137,1.0
6055,immuno-metabolism,1,1,6.907755278982137,1.0
6056,immunofluorescently-labelled,1,1,6.907755278982137,1.0
6057,immunoglobulin,1,1,6.907755278982137,1.0
6058,immunolabel,1,1,6.907755278982137,1.0
6059,immunolog,1,1,6.907755278982137,1.0
6060,immunologi,1,1,6.907755278982137,1.0
6061,immunomagnet,1,1,6.907755278982137,1.0
6062,immunometabol,1,1,6.907755278982137,1.0
6063,immunomodul,1,1,6.907755278982137,1.0
6064,impairedoxid,1,1,6.907755278982137,1.0
6065,imped,1,1,6.907755278982137,1.0
6066,impetu,1,1,6.907755278982137,1.0
6067,importancealbeit,1,1,6.907755278982137,1.0
6068,importanceit,1,1,6.907755278982137,1.0
6069,imposs,1,1,6.907755278982137,1.0
6070,impur,1,1,6.907755278982137,1.0
6071,in-dota,1,1,6.907755278982137,1.0
6072,in-house,1,1,6.907755278982137,1.0
6073,in-person,1,1,6.907755278982137,1.0
6074,in-vivo,1,1,6.907755278982137,1.0
6075,inadequaci,1,1,6.907755278982137,1.0
6076,inauspici,1,1,6.907755278982137,1.0
6077,incent,1,1,6.907755278982137,1.0
6078,incretin-associated,1,1,6.907755278982137,1.0
6079,incretin-axis,1,1,6.907755278982137,1.0
6080,incretin-degrading,1,1,6.907755278982137,1.0
6081,incretin-derived,1,1,6.907755278982137,1.0
6082,incretin-mediated,1,1,6.907755278982137,1.0
6083,incretin-releasing,1,1,6.907755278982137,1.0
6084,incretin-stimulated,1,1,6.907755278982137,1.0
6085,incretinbas,1,1,6.907755278982137,1.0
6086,incretinis,1,1,6.907755278982137,1.0
6087,indian,1,1,6.907755278982137,1.0
6088,indication-expansion,1,1,6.907755278982137,1.0
6089,indispens,1,1,6.907755278982137,1.0
6090,induced-serotonin,1,1,6.907755278982137,1.0
6091,ineffici,1,1,6.907755278982137,1.0
6092,inertia,1,1,6.907755278982137,1.0
6093,inevit,1,1,6.907755278982137,1.0
6094,infant,1,1,6.907755278982137,1.0
6095,infection-related,1,1,6.907755278982137,1.0
6096,infer,1,1,6.907755278982137,1.0
6097,infest,1,1,6.907755278982137,1.0
6098,inflammation-mediated,1,1,6.907755278982137,1.0
6099,inflat,1,1,6.907755278982137,1.0
6100,infliximab,1,1,6.907755278982137,1.0
6101,infograph,1,1,6.907755278982137,1.0
6102,infract,1,1,6.907755278982137,1.0
6103,infralimb,1,1,6.907755278982137,1.0
6104,infrastructur,1,1,6.907755278982137,1.0
6105,ingeni,1,1,6.907755278982137,1.0
6106,inhibitor-1,1,1,6.907755278982137,1.0
6107,inhibitor-treated,1,1,6.907755278982137,1.0
6108,inhibtor,1,1,6.907755278982137,1.0
6109,injection-related,1,1,6.907755278982137,1.0
6110,injection-site,1,1,6.907755278982137,1.0
6111,innat,1,1,6.907755278982137,1.0
6112,inner,1,1,6.907755278982137,1.0
6113,inotrop,1,1,6.907755278982137,1.0
6114,inquiri,1,1,6.907755278982137,1.0
6115,inroad,1,1,6.907755278982137,1.0
6116,insert,1,1,6.907755278982137,1.0
6117,inspect,1,1,6.907755278982137,1.0
6118,instant,1,1,6.907755278982137,1.0
6119,instil,1,1,6.907755278982137,1.0
6120,insulin-glp-1,1,1,6.907755278982137,1.0
6121,insulin-glucose,1,1,6.907755278982137,1.0
6122,insulin-mediated,1,1,6.907755278982137,1.0
6123,insulin-requiring,1,1,6.907755278982137,1.0
6124,insulin-responsive,1,1,6.907755278982137,1.0
6125,insulin-secretion,1,1,6.907755278982137,1.0
6126,insulinomimet,1,1,6.907755278982137,1.0
6127,insulinopen,1,1,6.907755278982137,1.0
6128,intake-reducing,1,1,6.907755278982137,1.0
6129,interactom,1,1,6.907755278982137,1.0
6130,interbodi,1,1,6.907755278982137,1.0
6131,intercept,1,1,6.907755278982137,1.0
6132,interdisciplinari,1,1,6.907755278982137,1.0
6133,interferon-inducible,1,1,6.907755278982137,1.0
6134,interleuin-6,1,1,6.907755278982137,1.0
6135,interleukin-1,1,1,6.907755278982137,1.0
6136,interm,1,1,6.907755278982137,1.0
6137,intermedi,1,1,6.907755278982137,1.0
6138,intermedia,1,1,6.907755278982137,1.0
6139,internet,1,1,6.907755278982137,1.0
6140,internist,1,1,6.907755278982137,1.0
6141,interpenduncular,1,1,6.907755278982137,1.0
6142,interposit,1,1,6.907755278982137,1.0
6143,interprofession,1,1,6.907755278982137,1.0
6144,interrog,1,1,6.907755278982137,1.0
6145,intertrigin,1,1,6.907755278982137,1.0
6146,intertwin,1,1,6.907755278982137,1.0
6147,interven,1,1,6.907755278982137,1.0
6148,interview,1,1,6.907755278982137,1.0
6149,intestinal-secreted,1,1,6.907755278982137,1.0
6150,intestinal-specific,1,1,6.907755278982137,1.0
6151,intestinimona,1,1,6.907755278982137,1.0
6152,intestinotroph,1,1,6.907755278982137,1.0
6153,intima,1,1,6.907755278982137,1.0
6154,intox,1,1,6.907755278982137,1.0
6155,intra-arterial,1,1,6.907755278982137,1.0
6156,intra-cerebral,1,1,6.907755278982137,1.0
6157,intra-endosomal,1,1,6.907755278982137,1.0
6158,intra-islet,1,1,6.907755278982137,1.0
6159,intra-nacc,1,1,6.907755278982137,1.0
6160,intracerebr,1,1,6.907755278982137,1.0
6161,intract,1,1,6.907755278982137,1.0
6162,intraport,1,1,6.907755278982137,1.0
6163,intrathec,1,1,6.907755278982137,1.0
6164,intrauterin,1,1,6.907755278982137,1.0
6165,introductionth,1,1,6.907755278982137,1.0
6166,inulin,1,1,6.907755278982137,1.0
6167,invis,1,1,6.907755278982137,1.0
6168,ioniz,1,1,6.907755278982137,1.0
6169,ionotrop,1,1,6.907755278982137,1.0
6170,ipomoea,1,1,6.907755278982137,1.0
6171,iptg,1,1,6.907755278982137,1.0
6172,ir-specific,1,1,6.907755278982137,1.0
6173,irb-approved,1,1,6.907755278982137,1.0
6174,iron,1,1,6.907755278982137,1.0
6175,irs-1,1,1,6.907755278982137,1.0
6176,ischaemia-induced,1,1,6.907755278982137,1.0
6177,ischaemia-reperfusion,1,1,6.907755278982137,1.0
6178,ischemia-induced,1,1,6.907755278982137,1.0
6179,islet-specific,1,1,6.907755278982137,1.0
6180,isoaltholacton,1,1,6.907755278982137,1.0
6181,isoelectr,1,1,6.907755278982137,1.0
6182,isoleucin,1,1,6.907755278982137,1.0
6183,isopropylthio,1,1,6.907755278982137,1.0
6184,isoproterenol,1,1,6.907755278982137,1.0
6185,isotherm,1,1,6.907755278982137,1.0
6186,isovolumetr,1,1,6.907755278982137,1.0
6187,italian,1,1,6.907755278982137,1.0
6188,iv-related,1,1,6.907755278982137,1.0
6189,iv-resistant,1,1,6.907755278982137,1.0
6190,j-mono,1,1,6.907755278982137,1.0
6191,jame,1,1,6.907755278982137,1.0
6192,japonica,1,1,6.907755278982137,1.0
6193,jaundic,1,1,6.907755278982137,1.0
6194,jin,1,1,6.907755278982137,1.0
6195,jmir,1,1,6.907755278982137,1.0
6196,jnj,1,1,6.907755278982137,1.0
6197,joanna,1,1,6.907755278982137,1.0
6198,joel,1,1,6.907755278982137,1.0
6199,john,1,1,6.907755278982137,1.0
6200,jointli,1,1,6.907755278982137,1.0
6201,journal,1,1,6.907755278982137,1.0
6202,judgment,1,1,6.907755278982137,1.0
6203,juic,1,1,6.907755278982137,1.0
6204,jump,1,1,6.907755278982137,1.0
6205,juxtamedullari,1,1,6.907755278982137,1.0
6206,k-akt,1,1,6.907755278982137,1.0
6207,k-cell,1,1,6.907755278982137,1.0
6208,kakotrichi,1,1,6.907755278982137,1.0
6209,kani,1,1,6.907755278982137,1.0
6210,karagianni,1,1,6.907755278982137,1.0
6211,kb,1,1,6.907755278982137,1.0
6212,keap,1,1,6.907755278982137,1.0
6213,keep,1,1,6.907755278982137,1.0
6214,ketonemia,1,1,6.907755278982137,1.0
6215,kglp-1-loaded,1,1,6.907755278982137,1.0
6216,kinetochor,1,1,6.907755278982137,1.0
6217,kingdom,1,1,6.907755278982137,1.0
6218,kir,1,1,6.907755278982137,1.0
6219,kiss-1,1,1,6.907755278982137,1.0
6220,kiss-1r,1,1,6.907755278982137,1.0
6221,kisspeptin-1,1,1,6.907755278982137,1.0
6222,kit-8,1,1,6.907755278982137,1.0
6223,kj,1,1,6.907755278982137,1.0
6224,kk,1,1,6.907755278982137,1.0
6225,kkai,1,1,6.907755278982137,1.0
6226,km,1,1,6.907755278982137,1.0
6227,knock,1,1,6.907755278982137,1.0
6228,knock-out,1,1,6.907755278982137,1.0
6229,knowledge-based,1,1,6.907755278982137,1.0
6230,knudsen,1,1,6.907755278982137,1.0
6231,kqt,1,1,6.907755278982137,1.0
6232,kt-derived,1,1,6.907755278982137,1.0
6233,kunm,1,1,6.907755278982137,1.0
6234,kv,1,1,6.907755278982137,1.0
6235,kynuren,1,1,6.907755278982137,1.0
6236,l-alanine,1,1,6.907755278982137,1.0
6237,l-amino-acid-defined,1,1,6.907755278982137,1.0
6238,l-lactic-co-glycolic,1,1,6.907755278982137,1.0
6239,l-lysine,1,1,6.907755278982137,1.0
6240,l-proline,1,1,6.907755278982137,1.0
6241,l-type,1,1,6.907755278982137,1.0
6242,lab,1,1,6.907755278982137,1.0
6243,labil,1,1,6.907755278982137,1.0
6244,labor,1,1,6.907755278982137,1.0
6245,lactam,1,1,6.907755278982137,1.0
6246,lactiplantibacillu,1,1,6.907755278982137,1.0
6247,lancet,1,1,6.907755278982137,1.0
6248,lang,1,1,6.907755278982137,1.0
6249,langerhan,1,1,6.907755278982137,1.0
6250,lantern,1,1,6.907755278982137,1.0
6251,laparoscop,1,1,6.907755278982137,1.0
6252,laparotomi,1,1,6.907755278982137,1.0
6253,laryng,1,1,6.907755278982137,1.0
6254,lasal,1,1,6.907755278982137,1.0
6255,lasker,1,1,6.907755278982137,1.0
6256,late-phase,1,1,6.907755278982137,1.0
6257,lavag,1,1,6.907755278982137,1.0
6258,lawrenc,1,1,6.907755278982137,1.0
6259,laxiti,1,1,6.907755278982137,1.0
6260,layer-type,1,1,6.907755278982137,1.0
6261,lcfa-gpr120,1,1,6.907755278982137,1.0
6262,lcfa-induced,1,1,6.907755278982137,1.0
6263,leak,1,1,6.907755278982137,1.0
6264,lectur,1,1,6.907755278982137,1.0
6265,lehrskov,1,1,6.907755278982137,1.0
6266,lentivir,1,1,6.907755278982137,1.0
6267,lentiviru,1,1,6.907755278982137,1.0
6268,leptin-spexin,1,1,6.907755278982137,1.0
6269,lesion-based,1,1,6.907755278982137,1.0
6270,lethargi,1,1,6.907755278982137,1.0
6271,leucin,1,1,6.907755278982137,1.0
6272,leukemia,1,1,6.907755278982137,1.0
6273,leukocyt,1,1,6.907755278982137,1.0
6274,lever,1,1,6.907755278982137,1.0
6275,lha,1,1,6.907755278982137,1.0
6276,li,1,1,6.907755278982137,1.0
6277,lib,1,1,6.907755278982137,1.0
6278,liber,1,1,6.907755278982137,1.0
6279,licenc,1,1,6.907755278982137,1.0
6280,licl,1,1,6.907755278982137,1.0
6281,licoric,1,1,6.907755278982137,1.0
6282,lie,1,1,6.907755278982137,1.0
6283,life-debilitating,1,1,6.907755278982137,1.0
6284,life-long,1,1,6.907755278982137,1.0
6285,lifetim,1,1,6.907755278982137,1.0
6286,ligament,1,1,6.907755278982137,1.0
6287,ligand-dependent,1,1,6.907755278982137,1.0
6288,ligand-directed,1,1,6.907755278982137,1.0
6289,ligand-glucagon,1,1,6.907755278982137,1.0
6290,likelihood,1,1,6.907755278982137,1.0
6291,lilac,1,1,6.907755278982137,1.0
6292,linagliptin-mediated,1,1,6.907755278982137,1.0
6293,linchpin,1,1,6.907755278982137,1.0
6294,liner,1,1,6.907755278982137,1.0
6295,linkag,1,1,6.907755278982137,1.0
6296,lipas,1,1,6.907755278982137,1.0
6297,lipid-lowering,1,1,6.907755278982137,1.0
6298,lipophil,1,1,6.907755278982137,1.0
6299,liposom,1,1,6.907755278982137,1.0
6300,liraglutide-inhibited,1,1,6.907755278982137,1.0
6301,liraglutide-treated,1,1,6.907755278982137,1.0
6302,liter,1,1,6.907755278982137,1.0
6303,liu,1,1,6.907755278982137,1.0
6304,live-cell,1,1,6.907755278982137,1.0
6305,lixi,1,1,6.907755278982137,1.0
6306,lixisenatide-have,1,1,6.907755278982137,1.0
6307,lkb-1,1,1,6.907755278982137,1.0
6308,ll,1,1,6.907755278982137,1.0
6309,lnc,1,1,6.907755278982137,1.0
6310,lobular,1,1,6.907755278982137,1.0
6311,location-specific,1,1,6.907755278982137,1.0
6312,locu,1,1,6.907755278982137,1.0
6313,long-sought-after,1,1,6.907755278982137,1.0
6314,longer-term,1,1,6.907755278982137,1.0
6315,longest,1,1,6.907755278982137,1.0
6316,longevity-promoting,1,1,6.907755278982137,1.0
6317,longum,1,1,6.907755278982137,1.0
6318,loop-contributed,1,1,6.907755278982137,1.0
6319,loos,1,1,6.907755278982137,1.0
6320,loosen,1,1,6.907755278982137,1.0
6321,lorcaserin,1,1,6.907755278982137,1.0
6322,loss-dependent,1,1,6.907755278982137,1.0
6323,loss-include,1,1,6.907755278982137,1.0
6324,loss-independent,1,1,6.907755278982137,1.0
6325,lott,1,1,6.907755278982137,1.0
6326,low-affinity,1,1,6.907755278982137,1.0
6327,low-density,1,1,6.907755278982137,1.0
6328,low-glycemic,1,1,6.907755278982137,1.0
6329,lps-cascade,1,1,6.907755278982137,1.0
6330,ltd,1,1,6.907755278982137,1.0
6331,lucia,1,1,6.907755278982137,1.0
6332,lumen-apposing,1,1,6.907755278982137,1.0
6333,luminesc,1,1,6.907755278982137,1.0
6334,lunar,1,1,6.907755278982137,1.0
6335,lung-targeted,1,1,6.907755278982137,1.0
6336,lutein,1,1,6.907755278982137,1.0
6337,lyerli,1,1,6.907755278982137,1.0
6338,lymphedema-specific,1,1,6.907755278982137,1.0
6339,lymphoma,1,1,6.907755278982137,1.0
6340,lymphoven,1,1,6.907755278982137,1.0
6341,lypotox,1,1,6.907755278982137,1.0
6342,lys-288,1,1,6.907755278982137,1.0
6343,lys-induced,1,1,6.907755278982137,1.0
6344,lysine-288,1,1,6.907755278982137,1.0
6345,lysosome-targeting,1,1,6.907755278982137,1.0
6346,lysozym,1,1,6.907755278982137,1.0
6347,m-1,1,1,6.907755278982137,1.0
6348,macaqu,1,1,6.907755278982137,1.0
6349,macroalbuminuria,1,1,6.907755278982137,1.0
6350,macromolecul,1,1,6.907755278982137,1.0
6351,macropinocytosi,1,1,6.907755278982137,1.0
6352,macular,1,1,6.907755278982137,1.0
6353,mafb,1,1,6.907755278982137,1.0
6354,magnocellular,1,1,6.907755278982137,1.0
6355,mainlythrough,1,1,6.907755278982137,1.0
6356,maintenance-oriented,1,1,6.907755278982137,1.0
6357,makeup,1,1,6.907755278982137,1.0
6358,mal-pegs,1,1,6.907755278982137,1.0
6359,maldi-tof-ms,1,1,6.907755278982137,1.0
6360,males-though,1,1,6.907755278982137,1.0
6361,malform,1,1,6.907755278982137,1.0
6362,malic,1,1,6.907755278982137,1.0
6363,malnutrit,1,1,6.907755278982137,1.0
6364,mamillari,1,1,6.907755278982137,1.0
6365,mammal,1,1,6.907755278982137,1.0
6366,mandat,1,1,6.907755278982137,1.0
6367,mangiferin,1,1,6.907755278982137,1.0
6368,mango,1,1,6.907755278982137,1.0
6369,manifold,1,1,6.907755278982137,1.0
6370,mannos,1,1,6.907755278982137,1.0
6371,mantsiou,1,1,6.907755278982137,1.0
6372,manual,1,1,6.907755278982137,1.0
6373,manufacturer-recommended,1,1,6.907755278982137,1.0
6374,mar,1,1,6.907755278982137,1.0
6375,margin,1,1,6.907755278982137,1.0
6376,maritid,1,1,6.907755278982137,1.0
6377,marrow,1,1,6.907755278982137,1.0
6378,masld-related,1,1,6.907755278982137,1.0
6379,massiv,1,1,6.907755278982137,1.0
6380,mast,1,1,6.907755278982137,1.0
6381,master,1,1,6.907755278982137,1.0
6382,masteri,1,1,6.907755278982137,1.0
6383,mastocytosi,1,1,6.907755278982137,1.0
6384,materials-methods,1,1,6.907755278982137,1.0
6385,matric,1,1,6.907755278982137,1.0
6386,matrix-assisted,1,1,6.907755278982137,1.0
6387,matrix-receptor,1,1,6.907755278982137,1.0
6388,matsuda,1,1,6.907755278982137,1.0
6389,mci,1,1,6.907755278982137,1.0
6390,mcprc,1,1,6.907755278982137,1.0
6391,mda,1,1,6.907755278982137,1.0
6392,mdd,1,1,6.907755278982137,1.0
6393,meal-stimulated,1,1,6.907755278982137,1.0
6394,meal-wise,1,1,6.907755278982137,1.0
6395,meat,1,1,6.907755278982137,1.0
6396,mechanism-informed,1,1,6.907755278982137,1.0
6397,medi,1,1,6.907755278982137,1.0
6398,medication-date,1,1,6.907755278982137,1.0
6399,medication-specific,1,1,6.907755278982137,1.0
6400,medications-whether,1,1,6.907755278982137,1.0
6401,medicoleg,1,1,6.907755278982137,1.0
6402,mediterranean,1,1,6.907755278982137,1.0
6403,medrxiv,1,1,6.907755278982137,1.0
6404,mek,1,1,6.907755278982137,1.0
6405,melanocortin-4,1,1,6.907755278982137,1.0
6406,melastatin,1,1,6.907755278982137,1.0
6407,membership,1,1,6.907755278982137,1.0
6408,membrane-anchored,1,1,6.907755278982137,1.0
6409,menadion,1,1,6.907755278982137,1.0
6410,menarandrens,1,1,6.907755278982137,1.0
6411,menarandrosid,1,1,6.907755278982137,1.0
6412,meng,1,1,6.907755278982137,1.0
6413,menopaus,1,1,6.907755278982137,1.0
6414,mer,1,1,6.907755278982137,1.0
6415,merger,1,1,6.907755278982137,1.0
6416,mesencephalon,1,1,6.907755278982137,1.0
6417,mesopor,1,1,6.907755278982137,1.0
6418,messag,1,1,6.907755278982137,1.0
6419,meta-inflammation,1,1,6.907755278982137,1.0
6420,metab,1,1,6.907755278982137,1.0
6421,metabolic-inflammatory-aging,1,1,6.907755278982137,1.0
6422,metabolically-inactive,1,1,6.907755278982137,1.0
6423,metabolism-regulating,1,1,6.907755278982137,1.0
6424,metal,1,1,6.907755278982137,1.0
6425,metald,1,1,6.907755278982137,1.0
6426,metastat,1,1,6.907755278982137,1.0
6427,metformin-induced,1,1,6.907755278982137,1.0
6428,methadon,1,1,6.907755278982137,1.0
6429,methodsw,1,1,6.907755278982137,1.0
6430,methyl-4-phenyl-1,1,1,6.907755278982137,1.0
6431,mgc,1,1,6.907755278982137,1.0
6432,mglutag,1,1,6.907755278982137,1.0
6433,mi-induced,1,1,6.907755278982137,1.0
6434,micel,1,1,6.907755278982137,1.0
6435,micellar,1,1,6.907755278982137,1.0
6436,microbial-induced,1,1,6.907755278982137,1.0
6437,microbiota-derived,1,1,6.907755278982137,1.0
6438,microbiota-endocannabinoid,1,1,6.907755278982137,1.0
6439,microbiota-gut-brain,1,1,6.907755278982137,1.0
6440,microcarrier-based,1,1,6.907755278982137,1.0
6441,microcirculatori,1,1,6.907755278982137,1.0
6442,microdialysi,1,1,6.907755278982137,1.0
6443,microg,1,1,6.907755278982137,1.0
6444,microglia,1,1,6.907755278982137,1.0
6445,microinject,1,1,6.907755278982137,1.0
6446,microneedl,1,1,6.907755278982137,1.0
6447,microrna-27a,1,1,6.907755278982137,1.0
6448,microscopy-based,1,1,6.907755278982137,1.0
6449,microspher,1,1,6.907755278982137,1.0
6450,microvillu,1,1,6.907755278982137,1.0
6451,mid,1,1,6.907755278982137,1.0
6452,mid-life,1,1,6.907755278982137,1.0
6453,middle-aged,1,1,6.907755278982137,1.0
6454,middle-income,1,1,6.907755278982137,1.0
6455,milieu,1,1,6.907755278982137,1.0
6456,min-6,1,1,6.907755278982137,1.0
6457,mine,1,1,6.907755278982137,1.0
6458,mini,1,1,6.907755278982137,1.0
6459,mini-mental,1,1,6.907755278982137,1.0
6460,mini-osmotic,1,1,6.907755278982137,1.0
6461,minimum,1,1,6.907755278982137,1.0
6462,minocyclin,1,1,6.907755278982137,1.0
6463,minu,1,1,6.907755278982137,1.0
6464,miranda,1,1,6.907755278982137,1.0
6465,mirror,1,1,6.907755278982137,1.0
6466,misdiagnosi,1,1,6.907755278982137,1.0
6467,mismatch,1,1,6.907755278982137,1.0
6468,mission,1,1,6.907755278982137,1.0
6469,mitochondrial-circadian,1,1,6.907755278982137,1.0
6470,mitochondrial-derived,1,1,6.907755278982137,1.0
6471,mitogen-activated,1,1,6.907755278982137,1.0
6472,mitot,1,1,6.907755278982137,1.0
6473,mitral,1,1,6.907755278982137,1.0
6474,mixed-design,1,1,6.907755278982137,1.0
6475,mixed-effects,1,1,6.907755278982137,1.0
6476,mixed-methods,1,1,6.907755278982137,1.0
6477,mizuno,1,1,6.907755278982137,1.0
6478,mmh,1,1,6.907755278982137,1.0
6479,mmp,1,1,6.907755278982137,1.0
6480,mmp-2,1,1,6.907755278982137,1.0
6481,mnemon,1,1,6.907755278982137,1.0
6482,mochi,1,1,6.907755278982137,1.0
6483,moderate-severe,1,1,6.907755278982137,1.0
6484,modestli,1,1,6.907755278982137,1.0
6485,modulatori,1,1,6.907755278982137,1.0
6486,mof,1,1,6.907755278982137,1.0
6487,mojsov,1,1,6.907755278982137,1.0
6488,molecular-level,1,1,6.907755278982137,1.0
6489,molecularli,1,1,6.907755278982137,1.0
6490,moment,1,1,6.907755278982137,1.0
6491,mono-125i-iodinated,1,1,6.907755278982137,1.0
6492,mono-125i-tglp-1,1,1,6.907755278982137,1.0
6493,mono-gpcr,1,1,6.907755278982137,1.0
6494,monoamin,1,1,6.907755278982137,1.0
6495,monocular,1,1,6.907755278982137,1.0
6496,monocyt,1,1,6.907755278982137,1.0
6497,monosodium,1,1,6.907755278982137,1.0
6498,months-long,1,1,6.907755278982137,1.0
6499,morbidli,1,1,6.907755278982137,1.0
6500,morphometr,1,1,6.907755278982137,1.0
6501,morri,1,1,6.907755278982137,1.0
6502,mossi,1,1,6.907755278982137,1.0
6503,motion,1,1,6.907755278982137,1.0
6504,motori,1,1,6.907755278982137,1.0
6505,motoriu,1,1,6.907755278982137,1.0
6506,mounjaro,1,1,6.907755278982137,1.0
6507,mouth,1,1,6.907755278982137,1.0
6508,mpn,1,1,6.907755278982137,1.0
6509,mptp-induced,1,1,6.907755278982137,1.0
6510,mra,1,1,6.907755278982137,1.0
6511,msh,1,1,6.907755278982137,1.0
6512,mtc,1,1,6.907755278982137,1.0
6513,mucin,1,1,6.907755278982137,1.0
6514,mucoadhes,1,1,6.907755278982137,1.0
6515,multi-component,1,1,6.907755278982137,1.0
6516,multi-disciplinary,1,1,6.907755278982137,1.0
6517,multi-function,1,1,6.907755278982137,1.0
6518,multi-ingredient,1,1,6.907755278982137,1.0
6519,multi-level,1,1,6.907755278982137,1.0
6520,multi-omics,1,1,6.907755278982137,1.0
6521,multi-site,1,1,6.907755278982137,1.0
6522,multi-targeting,1,1,6.907755278982137,1.0
6523,multi-visit,1,1,6.907755278982137,1.0
6524,multi-year,1,1,6.907755278982137,1.0
6525,multicent,1,1,6.907755278982137,1.0
6526,multidos,1,1,6.907755278982137,1.0
6527,multihormon,1,1,6.907755278982137,1.0
6528,multilevel,1,1,6.907755278982137,1.0
6529,multim,1,1,6.907755278982137,1.0
6530,multimod,1,1,6.907755278982137,1.0
6531,multireceptor,1,1,6.907755278982137,1.0
6532,multitarget,1,1,6.907755278982137,1.0
6533,musculari,1,1,6.907755278982137,1.0
6534,muslim,1,1,6.907755278982137,1.0
6535,mutual,1,1,6.907755278982137,1.0
6536,myd,1,1,6.907755278982137,1.0
6537,myelodysplast,1,1,6.907755278982137,1.0
6538,myeloprolif,1,1,6.907755278982137,1.0
6539,mykiss,1,1,6.907755278982137,1.0
6540,mylohyoid,1,1,6.907755278982137,1.0
6541,myogen,1,1,6.907755278982137,1.0
6542,myographi,1,1,6.907755278982137,1.0
6543,myriad,1,1,6.907755278982137,1.0
6544,n-acetylglucosamine,1,1,6.907755278982137,1.0
6545,n-containing,1,1,6.907755278982137,1.0
6546,n-methylated,1,1,6.907755278982137,1.0
6547,n-palmitoyl,1,1,6.907755278982137,1.0
6548,n-pga,1,1,6.907755278982137,1.0
6549,n-termini,1,1,6.907755278982137,1.0
6550,n-truncated,1,1,6.907755278982137,1.0
6551,n-type,1,1,6.907755278982137,1.0
6552,nad,1,1,6.907755278982137,1.0
6553,nadir,1,1,6.907755278982137,1.0
6554,naloxon,1,1,6.907755278982137,1.0
6555,namgok,1,1,6.907755278982137,1.0
6556,nano,1,1,6.907755278982137,1.0
6557,nano-formulated,1,1,6.907755278982137,1.0
6558,nanoassembli,1,1,6.907755278982137,1.0
6559,nanocapsul,1,1,6.907755278982137,1.0
6560,nanocarri,1,1,6.907755278982137,1.0
6561,nanodevic,1,1,6.907755278982137,1.0
6562,nanomolar,1,1,6.907755278982137,1.0
6563,nanoshap,1,1,6.907755278982137,1.0
6564,narrow-therapeutic,1,1,6.907755278982137,1.0
6565,nascent,1,1,6.907755278982137,1.0
6566,nausea-related,1,1,6.907755278982137,1.0
6567,ncl-h716,1,1,6.907755278982137,1.0
6568,nct,1,1,6.907755278982137,1.0
6569,ndd,1,1,6.907755278982137,1.0
6570,ndg,1,1,6.907755278982137,1.0
6571,ndp-based,1,1,6.907755278982137,1.0
6572,ndp-promoted,1,1,6.907755278982137,1.0
6573,necessarili,1,1,6.907755278982137,1.0
6574,nedd,1,1,6.907755278982137,1.0
6575,nefa,1,1,6.907755278982137,1.0
6576,negat,1,1,6.907755278982137,1.0
6577,neglig,1,1,6.907755278982137,1.0
6578,nep,1,1,6.907755278982137,1.0
6579,nephrectomi,1,1,6.907755278982137,1.0
6580,nephron,1,1,6.907755278982137,1.0
6581,nesfatin,1,1,6.907755278982137,1.0
6582,nesfatin-1-producing,1,1,6.907755278982137,1.0
6583,neuen,1,1,6.907755278982137,1.0
6584,neun-positive,1,1,6.907755278982137,1.0
6585,neuro-anatomical,1,1,6.907755278982137,1.0
6586,neuro-immuno-hormonal,1,1,6.907755278982137,1.0
6587,neuro-ophthalmology,1,1,6.907755278982137,1.0
6588,neurobehavior,1,1,6.907755278982137,1.0
6589,neurochem,1,1,6.907755278982137,1.0
6590,neurocircuit,1,1,6.907755278982137,1.0
6591,neurocircuitri,1,1,6.907755278982137,1.0
6592,neurodivers,1,1,6.907755278982137,1.0
6593,neuroincretin,1,1,6.907755278982137,1.0
6594,neuroinflammatori,1,1,6.907755278982137,1.0
6595,neurologist,1,1,6.907755278982137,1.0
6596,neuromedin,1,1,6.907755278982137,1.0
6597,neurometabol,1,1,6.907755278982137,1.0
6598,neuron-activity,1,1,6.907755278982137,1.0
6599,neuron-derived,1,1,6.907755278982137,1.0
6600,neuronally-produced,1,1,6.907755278982137,1.0
6601,neuropath,1,1,6.907755278982137,1.0
6602,neuropathologi,1,1,6.907755278982137,1.0
6603,neuropsychiatri,1,1,6.907755278982137,1.0
6604,neutravidin,1,1,6.907755278982137,1.0
6605,never,1,1,6.907755278982137,1.0
6606,never-fed,1,1,6.907755278982137,1.0
6607,ni-nta,1,1,6.907755278982137,1.0
6608,nicknam,1,1,6.907755278982137,1.0
6609,niddm,1,1,6.907755278982137,1.0
6610,nigrican,1,1,6.907755278982137,1.0
6611,nil,1,1,6.907755278982137,1.0
6612,ninety-seven,1,1,6.907755278982137,1.0
6613,ninth,1,1,6.907755278982137,1.0
6614,nlrp-3,1,1,6.907755278982137,1.0
6615,nma,1,1,6.907755278982137,1.0
6616,nmr-determined,1,1,6.907755278982137,1.0
6617,nn-2211,1,1,6.907755278982137,1.0
6618,no-cf,1,1,6.907755278982137,1.0
6619,no-cgmp,1,1,6.907755278982137,1.0
6620,no-diabetes,1,1,6.907755278982137,1.0
6621,no-go,1,1,6.907755278982137,1.0
6622,nocicept,1,1,6.907755278982137,1.0
6623,nodaga-exendin,1,1,6.907755278982137,1.0
6624,node,1,1,6.907755278982137,1.0
6625,node-specific,1,1,6.907755278982137,1.0
6626,nodul,1,1,6.907755278982137,1.0
6627,non-adherence,1,1,6.907755278982137,1.0
6628,non-asians,1,1,6.907755278982137,1.0
6629,non-biased,1,1,6.907755278982137,1.0
6630,non-carriers,1,1,6.907755278982137,1.0
6631,non-digestible,1,1,6.907755278982137,1.0
6632,non-electrophilic,1,1,6.907755278982137,1.0
6633,non-fatal,1,1,6.907755278982137,1.0
6634,non-genomic,1,1,6.907755278982137,1.0
6635,non-gfap,1,1,6.907755278982137,1.0
6636,non-glp-1,1,1,6.907755278982137,1.0
6637,non-glucidic,1,1,6.907755278982137,1.0
6638,non-glycaemic,1,1,6.907755278982137,1.0
6639,non-glycemic,1,1,6.907755278982137,1.0
6640,non-human,1,1,6.907755278982137,1.0
6641,non-hypothalamic,1,1,6.907755278982137,1.0
6642,non-immunomodulatory,1,1,6.907755278982137,1.0
6643,non-incretin,1,1,6.907755278982137,1.0
6644,non-inferiority,1,1,6.907755278982137,1.0
6645,non-insulin-based,1,1,6.907755278982137,1.0
6646,non-insulin-dependent,1,1,6.907755278982137,1.0
6647,non-invasive,1,1,6.907755278982137,1.0
6648,non-ischemic,1,1,6.907755278982137,1.0
6649,non-neural,1,1,6.907755278982137,1.0
6650,non-nutrient,1,1,6.907755278982137,1.0
6651,non-oncology,1,1,6.907755278982137,1.0
6652,non-responders,1,1,6.907755278982137,1.0
6653,non-significant,1,1,6.907755278982137,1.0
6654,non-steroidal,1,1,6.907755278982137,1.0
6655,non-t1d,1,1,6.907755278982137,1.0
6656,non-t2dm,1,1,6.907755278982137,1.0
6657,non-toxic,1,1,6.907755278982137,1.0
6658,non-users,1,1,6.907755278982137,1.0
6659,non-weight-bearing,1,1,6.907755278982137,1.0
6660,noncoval,1,1,6.907755278982137,1.0
6661,nonetheless,1,1,6.907755278982137,1.0
6662,nonfood,1,1,6.907755278982137,1.0
6663,noninflam,1,1,6.907755278982137,1.0
6664,nonmetaboliz,1,1,6.907755278982137,1.0
6665,nonnutrit,1,1,6.907755278982137,1.0
6666,nonoverlap,1,1,6.907755278982137,1.0
6667,nonrandom,1,1,6.907755278982137,1.0
6668,nonredund,1,1,6.907755278982137,1.0
6669,nonren,1,1,6.907755278982137,1.0
6670,nonselect,1,1,6.907755278982137,1.0
6671,nonstandard,1,1,6.907755278982137,1.0
6672,nonsteroid,1,1,6.907755278982137,1.0
6673,nor-labdane,1,1,6.907755278982137,1.0
6674,noradrenerg,1,1,6.907755278982137,1.0
6675,norepinephrin,1,1,6.907755278982137,1.0
6676,norlignan,1,1,6.907755278982137,1.0
6677,normoglycaemia,1,1,6.907755278982137,1.0
6678,normotens,1,1,6.907755278982137,1.0
6679,normox,1,1,6.907755278982137,1.0
6680,nose,1,1,6.907755278982137,1.0
6681,notic,1,1,6.907755278982137,1.0
6682,notif,1,1,6.907755278982137,1.0
6683,notifi,1,1,6.907755278982137,1.0
6684,novak,1,1,6.907755278982137,1.0
6685,npo,1,1,6.907755278982137,1.0
6686,npy,1,1,6.907755278982137,1.0
6687,npy-y2-receptor,1,1,6.907755278982137,1.0
6688,ntr-mediated,1,1,6.907755278982137,1.0
6689,ntrk,1,1,6.907755278982137,1.0
6690,nucleic,1,1,6.907755278982137,1.0
6691,nutraceut,1,1,6.907755278982137,1.0
6692,nutrient-activated,1,1,6.907755278982137,1.0
6693,nutrient-dependent,1,1,6.907755278982137,1.0
6694,nutrient-driven,1,1,6.907755278982137,1.0
6695,nutrient-rich,1,1,6.907755278982137,1.0
6696,nutrient-sensing,1,1,6.907755278982137,1.0
6697,nutriment,1,1,6.907755278982137,1.0
6698,nutrition,1,1,6.907755278982137,1.0
6699,nz,1,1,6.907755278982137,1.0
6700,o-glcnacylated,1,1,6.907755278982137,1.0
6701,o-linked,1,1,6.907755278982137,1.0
6702,ob-rb,1,1,6.907755278982137,1.0
6703,obesity-focused,1,1,6.907755278982137,1.0
6704,obesity-mediated,1,1,6.907755278982137,1.0
6705,obscuru,1,1,6.907755278982137,1.0
6706,obstetrician,1,1,6.907755278982137,1.0
6707,obstip,1,1,6.907755278982137,1.0
6708,occupi,1,1,6.907755278982137,1.0
6709,octob,1,1,6.907755278982137,1.0
6710,oea-mediated,1,1,6.907755278982137,1.0
6711,offend,1,1,6.907755278982137,1.0
6712,offset,1,1,6.907755278982137,1.0
6713,ogt,1,1,6.907755278982137,1.0
6714,ohdg,1,1,6.907755278982137,1.0
6715,ohdg-positive,1,1,6.907755278982137,1.0
6716,oil-treated,1,1,6.907755278982137,1.0
6717,olanzapin,1,1,6.907755278982137,1.0
6718,oleoylethanolamid,1,1,6.907755278982137,1.0
6719,oligom,1,1,6.907755278982137,1.0
6720,oligonucleotid,1,1,6.907755278982137,1.0
6721,once-every-4-months,1,1,6.907755278982137,1.0
6722,oncolog,1,1,6.907755278982137,1.0
6723,oncom,1,1,6.907755278982137,1.0
6724,oncorhynchu,1,1,6.907755278982137,1.0
6725,one-quarter,1,1,6.907755278982137,1.0
6726,one-third,1,1,6.907755278982137,1.0
6727,one-to-one,1,1,6.907755278982137,1.0
6728,onto,1,1,6.907755278982137,1.0
6729,ontologi,1,1,6.907755278982137,1.0
6730,oocyt,1,1,6.907755278982137,1.0
6731,open-chest,1,1,6.907755278982137,1.0
6732,open-type,1,1,6.907755278982137,1.0
6733,openion,1,1,6.907755278982137,1.0
6734,ophthalmologi,1,1,6.907755278982137,1.0
6735,ophthalmologist,1,1,6.907755278982137,1.0
6736,opn,1,1,6.907755278982137,1.0
6737,opt,1,1,6.907755278982137,1.0
6738,optimist,1,1,6.907755278982137,1.0
6739,orexin-1,1,1,6.907755278982137,1.0
6740,organ-damaging,1,1,6.907755278982137,1.0
6741,organ-wide,1,1,6.907755278982137,1.0
6742,organoid-derived,1,1,6.907755278982137,1.0
6743,organophosph,1,1,6.907755278982137,1.0
6744,orphan,1,1,6.907755278982137,1.0
6745,os-glp1r-egfp,1,1,6.907755278982137,1.0
6746,oscillospira,1,1,6.907755278982137,1.0
6747,osmol,1,1,6.907755278982137,1.0
6748,osseou,1,1,6.907755278982137,1.0
6749,osteoarthr,1,1,6.907755278982137,1.0
6750,osteogenesi,1,1,6.907755278982137,1.0
6751,osteoprotect,1,1,6.907755278982137,1.0
6752,otalgia,1,1,6.907755278982137,1.0
6753,outcomes-based,1,1,6.907755278982137,1.0
6754,outlook,1,1,6.907755278982137,1.0
6755,outperform,1,1,6.907755278982137,1.0
6756,outsid,1,1,6.907755278982137,1.0
6757,outspread,1,1,6.907755278982137,1.0
6758,outward,1,1,6.907755278982137,1.0
6759,ova-enhanced,1,1,6.907755278982137,1.0
6760,ova-reduced,1,1,6.907755278982137,1.0
6761,ovalbumin,1,1,6.907755278982137,1.0
6762,ovariectom,1,1,6.907755278982137,1.0
6763,ovariectomi,1,1,6.907755278982137,1.0
6764,over-expression,1,1,6.907755278982137,1.0
6765,overburden,1,1,6.907755278982137,1.0
6766,overcam,1,1,6.907755278982137,1.0
6767,overli,1,1,6.907755278982137,1.0
6768,overload-mediated,1,1,6.907755278982137,1.0
6769,overrepres,1,1,6.907755278982137,1.0
6770,overstress,1,1,6.907755278982137,1.0
6771,ovulatori,1,1,6.907755278982137,1.0
6772,oxidative-stress,1,1,6.907755278982137,1.0
6773,oxide-cyclic,1,1,6.907755278982137,1.0
6774,oxide-positive,1,1,6.907755278982137,1.0
6775,oxm,1,1,6.907755278982137,1.0
6776,oxoguanin,1,1,6.907755278982137,1.0
6777,oxytocin,1,1,6.907755278982137,1.0
6778,p-c-jun,1,1,6.907755278982137,1.0
6779,p-erk1,1,1,6.907755278982137,1.0
6780,p-nf,1,1,6.907755278982137,1.0
6781,p-p38,1,1,6.907755278982137,1.0
6782,p-stat3,1,1,6.907755278982137,1.0
6783,packag,1,1,6.907755278982137,1.0
6784,paediatr,1,1,6.907755278982137,1.0
6785,pai,1,1,6.907755278982137,1.0
6786,pain-modulating,1,1,6.907755278982137,1.0
6787,pair-wise,1,1,6.907755278982137,1.0
6788,paired-pulse,1,1,6.907755278982137,1.0
6789,pairwis,1,1,6.907755278982137,1.0
6790,pakt-s473,1,1,6.907755278982137,1.0
6791,palliat,1,1,6.907755278982137,1.0
6792,palpit,1,1,6.907755278982137,1.0
6793,pamp,1,1,6.907755278982137,1.0
6794,pan-binders,1,1,6.907755278982137,1.0
6795,pan-interaction,1,1,6.907755278982137,1.0
6796,pancreas-specific,1,1,6.907755278982137,1.0
6797,pancreatic-derived,1,1,6.907755278982137,1.0
6798,pannicul,1,1,6.907755278982137,1.0
6799,panvascular,1,1,6.907755278982137,1.0
6800,papilla,1,1,6.907755278982137,1.0
6801,papilledema,1,1,6.907755278982137,1.0
6802,paraclin,1,1,6.907755278982137,1.0
6803,parafollicular,1,1,6.907755278982137,1.0
6804,pariet,1,1,6.907755278982137,1.0
6805,pariti,1,1,6.907755278982137,1.0
6806,parkin,1,1,6.907755278982137,1.0
6807,parosmia,1,1,6.907755278982137,1.0
6808,pars,1,1,6.907755278982137,1.0
6809,parthenolid,1,1,6.907755278982137,1.0
6810,particul,1,1,6.907755278982137,1.0
6811,partit,1,1,6.907755278982137,1.0
6812,partner,1,1,6.907755278982137,1.0
6813,pasi,1,1,6.907755278982137,1.0
6814,pass,1,1,6.907755278982137,1.0
6815,pastori,1,1,6.907755278982137,1.0
6816,patenc,1,1,6.907755278982137,1.0
6817,pathobiolog,1,1,6.907755278982137,1.0
6818,pathogen-associated,1,1,6.907755278982137,1.0
6819,pathognom,1,1,6.907755278982137,1.0
6820,patient-centred,1,1,6.907755278982137,1.0
6821,patient-friendly,1,1,6.907755278982137,1.0
6822,patients-a,1,1,6.907755278982137,1.0
6823,patul,1,1,6.907755278982137,1.0
6824,pauciti,1,1,6.907755278982137,1.0
6825,pax,1,1,6.907755278982137,1.0
6826,pb,1,1,6.907755278982137,1.0
6827,pba,1,1,6.907755278982137,1.0
6828,pbbm,1,1,6.907755278982137,1.0
6829,pcos-related,1,1,6.907755278982137,1.0
6830,pd-l1,1,1,6.907755278982137,1.0
6831,pdd,1,1,6.907755278982137,1.0
6832,pdx,1,1,6.907755278982137,1.0
6833,pediatrician,1,1,6.907755278982137,1.0
6834,peg,1,1,6.907755278982137,1.0
6835,pelvic,1,1,6.907755278982137,1.0
6836,pemphigoid,1,1,6.907755278982137,1.0
6837,penetratin-glp-1fusion,1,1,6.907755278982137,1.0
6838,penil,1,1,6.907755278982137,1.0
6839,pentapeptid,1,1,6.907755278982137,1.0
6840,pentaphylla,1,1,6.907755278982137,1.0
6841,pepck,1,1,6.907755278982137,1.0
6842,pepsin,1,1,6.907755278982137,1.0
6843,peptide-1-based,1,1,6.907755278982137,1.0
6844,peptide-1-immunoreactivity,1,1,6.907755278982137,1.0
6845,peptide-1-receptor,1,1,6.907755278982137,1.0
6846,peptide-1-related,1,1,6.907755278982137,1.0
6847,peptide-29,1,1,6.907755278982137,1.0
6848,peptide-5,1,1,6.907755278982137,1.0
6849,peptide-elp,1,1,6.907755278982137,1.0
6850,peptide-expressing,1,1,6.907755278982137,1.0
6851,peptide-hormones,1,1,6.907755278982137,1.0
6852,peptide-protein,1,1,6.907755278982137,1.0
6853,peptide-secreting,1,1,6.907755278982137,1.0
6854,peptide-yy,1,1,6.907755278982137,1.0
6855,peptidom,1,1,6.907755278982137,1.0
6856,percondit,1,1,6.907755278982137,1.0
6857,perfluorin,1,1,6.907755278982137,1.0
6858,periconcept,1,1,6.907755278982137,1.0
6859,perikaryon,1,1,6.907755278982137,1.0
6860,peril,1,1,6.907755278982137,1.0
6861,perin,1,1,6.907755278982137,1.0
6862,perinat,1,1,6.907755278982137,1.0
6863,periorbit,1,1,6.907755278982137,1.0
6864,periport,1,1,6.907755278982137,1.0
6865,periren,1,1,6.907755278982137,1.0
6866,peristalsi,1,1,6.907755278982137,1.0
6867,perisurg,1,1,6.907755278982137,1.0
6868,periton,1,1,6.907755278982137,1.0
6869,periven,1,1,6.907755278982137,1.0
6870,permeat,1,1,6.907755278982137,1.0
6871,permit,1,1,6.907755278982137,1.0
6872,peroxide-induced,1,1,6.907755278982137,1.0
6873,perpetu,1,1,6.907755278982137,1.0
6874,person-centered,1,1,6.907755278982137,1.0
6875,personalis,1,1,6.907755278982137,1.0
6876,persuad,1,1,6.907755278982137,1.0
6877,persuas,1,1,6.907755278982137,1.0
6878,perturb,1,1,6.907755278982137,1.0
6879,pesticid,1,1,6.907755278982137,1.0
6880,phage,1,1,6.907755278982137,1.0
6881,pharmacoepidemiolog,1,1,6.907755278982137,1.0
6882,pharmacogenet,1,1,6.907755278982137,1.0
6883,pharmacophor,1,1,6.907755278982137,1.0
6884,phasic,1,1,6.907755278982137,1.0
6885,phe-62,1,1,6.907755278982137,1.0
6886,phe-88,1,1,6.907755278982137,1.0
6887,phenol,1,1,6.907755278982137,1.0
6888,phenotype-based,1,1,6.907755278982137,1.0
6889,phenotype-specific,1,1,6.907755278982137,1.0
6890,phentolamin,1,1,6.907755278982137,1.0
6891,phenylephrin,1,1,6.907755278982137,1.0
6892,phenylephrine-induced,1,1,6.907755278982137,1.0
6893,phloridzin,1,1,6.907755278982137,1.0
6894,phosphat,1,1,6.907755278982137,1.0
6895,phosphatas,1,1,6.907755278982137,1.0
6896,phosphatidylcholin,1,1,6.907755278982137,1.0
6897,phosphatidylinositol,1,1,6.907755278982137,1.0
6898,phosphatidylinositol-3,1,1,6.907755278982137,1.0
6899,phospho-ikk,1,1,6.907755278982137,1.0
6900,phospho-jak2,1,1,6.907755278982137,1.0
6901,phospho-nf,1,1,6.907755278982137,1.0
6902,phospho-stat3,1,1,6.907755278982137,1.0
6903,phosphoinositid,1,1,6.907755278982137,1.0
6904,phosphoinositide-3-kinase,1,1,6.907755278982137,1.0
6905,phospholipid,1,1,6.907755278982137,1.0
6906,phosphorylation-dependent,1,1,6.907755278982137,1.0
6907,phosphorylation-independent,1,1,6.907755278982137,1.0
6908,physicochem,1,1,6.907755278982137,1.0
6909,physiologic-dose,1,1,6.907755278982137,1.0
6910,physiology-informed,1,1,6.907755278982137,1.0
6911,pichia,1,1,6.907755278982137,1.0
6912,picomolar,1,1,6.907755278982137,1.0
6913,picos-defined,1,1,6.907755278982137,1.0
6914,piglet,1,1,6.907755278982137,1.0
6915,pill,1,1,6.907755278982137,1.0
6916,pink,1,1,6.907755278982137,1.0
6917,pioneer,1,1,6.907755278982137,1.0
6918,pipelin,1,1,6.907755278982137,1.0
6919,piqu,1,1,6.907755278982137,1.0
6920,pituitary-adrenocortical,1,1,6.907755278982137,1.0
6921,pka-dependent,1,1,6.907755278982137,1.0
6922,placebo-treated,1,1,6.907755278982137,1.0
6923,placement,1,1,6.907755278982137,1.0
6924,plagu,1,1,6.907755278982137,1.0
6925,plant-derived,1,1,6.907755278982137,1.0
6926,plantarum,1,1,6.907755278982137,1.0
6927,plaque-modifying,1,1,6.907755278982137,1.0
6928,plasminogen,1,1,6.907755278982137,1.0
6929,player,1,1,6.907755278982137,1.0
6930,pleiotropi,1,1,6.907755278982137,1.0
6931,pleotrop,1,1,6.907755278982137,1.0
6932,plethora,1,1,6.907755278982137,1.0
6933,plexus,1,1,6.907755278982137,1.0
6934,pluripot,1,1,6.907755278982137,1.0
6935,pmo,1,1,6.907755278982137,1.0
6936,pneumocyt,1,1,6.907755278982137,1.0
6937,polish,1,1,6.907755278982137,1.0
6938,pollut,1,1,6.907755278982137,1.0
6939,poly-incretin-agonist,1,1,6.907755278982137,1.0
6940,polyendocrin,1,1,6.907755278982137,1.0
6941,polymer,1,1,6.907755278982137,1.0
6942,polymeras,1,1,6.907755278982137,1.0
6943,polymeris,1,1,6.907755278982137,1.0
6944,polymorbid,1,1,6.907755278982137,1.0
6945,polyol,1,1,6.907755278982137,1.0
6946,polypeptide-gip,1,1,6.907755278982137,1.0
6947,polypharmaci,1,1,6.907755278982137,1.0
6948,polysomnogram,1,1,6.907755278982137,1.0
6949,pon,1,1,6.907755278982137,1.0
6950,populac,1,1,6.907755278982137,1.0
6951,porou,1,1,6.907755278982137,1.0
6952,porta,1,1,6.907755278982137,1.0
6953,portalven,1,1,6.907755278982137,1.0
6954,portosystem,1,1,6.907755278982137,1.0
6955,portray,1,1,6.907755278982137,1.0
6956,post-bariatric,1,1,6.907755278982137,1.0
6957,post-discontinuation,1,1,6.907755278982137,1.0
6958,post-endocytic,1,1,6.907755278982137,1.0
6959,post-gastrectomy,1,1,6.907755278982137,1.0
6960,post-hoc,1,1,6.907755278982137,1.0
6961,post-hospitalization,1,1,6.907755278982137,1.0
6962,post-infarct,1,1,6.907755278982137,1.0
6963,post-meal,1,1,6.907755278982137,1.0
6964,post-myocardial,1,1,6.907755278982137,1.0
6965,post-secretory,1,1,6.907755278982137,1.0
6966,post-surgery,1,1,6.907755278982137,1.0
6967,post-surgical,1,1,6.907755278982137,1.0
6968,post-test,1,1,6.907755278982137,1.0
6969,post-transcriptional,1,1,6.907755278982137,1.0
6970,postabsorpt,1,1,6.907755278982137,1.0
6971,postmeal,1,1,6.907755278982137,1.0
6972,postmenstru,1,1,6.907755278982137,1.0
6973,postmortem,1,1,6.907755278982137,1.0
6974,potassium,1,1,6.907755278982137,1.0
6975,potassium-induced,1,1,6.907755278982137,1.0
6976,potential-evoked,1,1,6.907755278982137,1.0
6977,pp,1,1,6.907755278982137,1.0
6978,pparg,1,1,6.907755278982137,1.0
6979,prader-willi,1,1,6.907755278982137,1.0
6980,pre-approval,1,1,6.907755278982137,1.0
6981,pre-defined,1,1,6.907755278982137,1.0
6982,pre-endoscopic,1,1,6.907755278982137,1.0
6983,pre-glp-1,1,1,6.907755278982137,1.0
6984,pre-menopausal,1,1,6.907755278982137,1.0
6985,pre-obesity,1,1,6.907755278982137,1.0
6986,pre-ogtt,1,1,6.907755278982137,1.0
6987,pre-print,1,1,6.907755278982137,1.0
6988,precaut,1,1,6.907755278982137,1.0
6989,preced,1,1,6.907755278982137,1.0
6990,preexist,1,1,6.907755278982137,1.0
6991,preglucagonerg,1,1,6.907755278982137,1.0
6992,pregnan,1,1,6.907755278982137,1.0
6993,pregnancy-related,1,1,6.907755278982137,1.0
6994,pregnane-type,1,1,6.907755278982137,1.0
6995,pregnenolone-3-o-gentiobioside,1,1,6.907755278982137,1.0
6996,preincub,1,1,6.907755278982137,1.0
6997,preoptic,1,1,6.907755278982137,1.0
6998,prepro-cck,1,1,6.907755278982137,1.0
6999,prepro-pyy,1,1,6.907755278982137,1.0
7000,prerequisit,1,1,6.907755278982137,1.0
7001,prescription-record,1,1,6.907755278982137,1.0
7002,presenilin,1,1,6.907755278982137,1.0
7003,prespecifi,1,1,6.907755278982137,1.0
7004,pressure-lowering,1,1,6.907755278982137,1.0
7005,prestigi,1,1,6.907755278982137,1.0
7006,presyncop,1,1,6.907755278982137,1.0
7007,pretect,1,1,6.907755278982137,1.0
7008,prevail,1,1,6.907755278982137,1.0
7009,prevotella,1,1,6.907755278982137,1.0
7010,primaci,1,1,6.907755278982137,1.0
7011,primat,1,1,6.907755278982137,1.0
7012,prime,1,1,6.907755278982137,1.0
7013,prioriti,1,1,6.907755278982137,1.0
7014,prioritis,1,1,6.907755278982137,1.0
7015,prisma-scr,1,1,6.907755278982137,1.0
7016,privat,1,1,6.907755278982137,1.0
7017,pro-apoptotic,1,1,6.907755278982137,1.0
7018,pro-cognitive,1,1,6.907755278982137,1.0
7019,pro-fibrotic,1,1,6.907755278982137,1.0
7020,pro-insulin,1,1,6.907755278982137,1.0
7021,pro-opiomelanocortin,1,1,6.907755278982137,1.0
7022,pro-survival,1,1,6.907755278982137,1.0
7023,proactiv,1,1,6.907755278982137,1.0
7024,proapoptot,1,1,6.907755278982137,1.0
7025,probe-dependence,1,1,6.907755278982137,1.0
7026,probe-dependent,1,1,6.907755278982137,1.0
7027,probiotic-mediated,1,1,6.907755278982137,1.0
7028,procaspase-3,1,1,6.907755278982137,1.0
7029,proce,1,1,6.907755278982137,1.0
7030,procedure-related,1,1,6.907755278982137,1.0
7031,proconvertas,1,1,6.907755278982137,1.0
7032,procyanidin-rich,1,1,6.907755278982137,1.0
7033,profoundli,1,1,6.907755278982137,1.0
7034,progesteron,1,1,6.907755278982137,1.0
7035,proglucagon-expressing,1,1,6.907755278982137,1.0
7036,prokaryot,1,1,6.907755278982137,1.0
7037,prokinet,1,1,6.907755278982137,1.0
7038,prolactin-releasing,1,1,6.907755278982137,1.0
7039,prom,1,1,6.907755278982137,1.0
7040,proof-of-concept,1,1,6.907755278982137,1.0
7041,proopiomelanocortin,1,1,6.907755278982137,1.0
7042,prophylact,1,1,6.907755278982137,1.0
7043,prophylax,1,1,6.907755278982137,1.0
7044,proprietari,1,1,6.907755278982137,1.0
7045,prosenesc,1,1,6.907755278982137,1.0
7046,prospero,1,1,6.907755278982137,1.0
7047,prostate-specific,1,1,6.907755278982137,1.0
7048,prosthet,1,1,6.907755278982137,1.0
7049,protease-resistant,1,1,6.907755278982137,1.0
7050,proteasome-mediated,1,1,6.907755278982137,1.0
7051,protectionist,1,1,6.907755278982137,1.0
7052,protein-based,1,1,6.907755278982137,1.0
7053,protein-biased,1,1,6.907755278982137,1.0
7054,protein-enriched,1,1,6.907755278982137,1.0
7055,proteom,1,1,6.907755278982137,1.0
7056,proteosom,1,1,6.907755278982137,1.0
7057,protocol-driven,1,1,6.907755278982137,1.0
7058,proton,1,1,6.907755278982137,1.0
7059,prr,1,1,6.907755278982137,1.0
7060,prrp,1,1,6.907755278982137,1.0
7061,prudent,1,1,6.907755278982137,1.0
7062,pruritu,1,1,6.907755278982137,1.0
7063,psoriat,1,1,6.907755278982137,1.0
7064,psychinfo,1,1,6.907755278982137,1.0
7065,psychologi,1,1,6.907755278982137,1.0
7066,psychopatholog,1,1,6.907755278982137,1.0
7067,psychopathologi,1,1,6.907755278982137,1.0
7068,psychopharmacolog,1,1,6.907755278982137,1.0
7069,psycinfo,1,1,6.907755278982137,1.0
7070,ptau,1,1,6.907755278982137,1.0
7071,ptd,1,1,6.907755278982137,1.0
7072,puberti,1,1,6.907755278982137,1.0
7073,puk,1,1,6.907755278982137,1.0
7074,pull-down,1,1,6.907755278982137,1.0
7075,purkinj,1,1,6.907755278982137,1.0
7076,pylor,1,1,6.907755278982137,1.0
7077,pylorus-ligated,1,1,6.907755278982137,1.0
7078,pyroptosis-related,1,1,6.907755278982137,1.0
7079,pyy-dependent,1,1,6.907755278982137,1.0
7080,qd,1,1,6.907755278982137,1.0
7081,qrt-pcr,1,1,6.907755278982137,1.0
7082,qsar,1,1,6.907755278982137,1.0
7083,quick,1,1,6.907755278982137,1.0
7084,quickli,1,1,6.907755278982137,1.0
7085,quiescenc,1,1,6.907755278982137,1.0
7086,r-dependent,1,1,6.907755278982137,1.0
7087,r-ires-cre,1,1,6.907755278982137,1.0
7088,r-specific,1,1,6.907755278982137,1.0
7089,ra-based,1,1,6.907755278982137,1.0
7090,ra-treated,1,1,6.907755278982137,1.0
7091,raa,1,1,6.907755278982137,1.0
7092,rab,1,1,6.907755278982137,1.0
7093,rabbit,1,1,6.907755278982137,1.0
7094,race,1,1,6.907755278982137,1.0
7095,radic,1,1,6.907755278982137,1.0
7096,radiolog,1,1,6.907755278982137,1.0
7097,radiologist,1,1,6.907755278982137,1.0
7098,radioscintigraphi,1,1,6.907755278982137,1.0
7099,radiotheranost,1,1,6.907755278982137,1.0
7100,radiotherapeut,1,1,6.907755278982137,1.0
7101,radiotherapi,1,1,6.907755278982137,1.0
7102,rainbow,1,1,6.907755278982137,1.0
7103,ramif,1,1,6.907755278982137,1.0
7104,rana,1,1,6.907755278982137,1.0
7105,random-effects,1,1,6.907755278982137,1.0
7106,rank,1,1,6.907755278982137,1.0
7107,rapamycin-insensitive,1,1,6.907755278982137,1.0
7108,raph,1,1,6.907755278982137,1.0
7109,rash,1,1,6.907755278982137,1.0
7110,rasrol,1,1,6.907755278982137,1.0
7111,rate-limiting,1,1,6.907755278982137,1.0
7112,raw,1,1,6.907755278982137,1.0
7113,rd,1,1,6.907755278982137,1.0
7114,re-analysis,1,1,6.907755278982137,1.0
7115,re-direct,1,1,6.907755278982137,1.0
7116,re-elevation,1,1,6.907755278982137,1.0
7117,re-emerge,1,1,6.907755278982137,1.0
7118,re-purposed,1,1,6.907755278982137,1.0
7119,re-purposing,1,1,6.907755278982137,1.0
7120,react,1,1,6.907755278982137,1.0
7121,realm,1,1,6.907755278982137,1.0
7122,reassess,1,1,6.907755278982137,1.0
7123,reassur,1,1,6.907755278982137,1.0
7124,rebaudiana,1,1,6.907755278982137,1.0
7125,rebound,1,1,6.907755278982137,1.0
7126,receptor-93,1,1,6.907755278982137,1.0
7127,receptor-binding,1,1,6.907755278982137,1.0
7128,receptor-deficient,1,1,6.907755278982137,1.0
7129,receptor-gamma,1,1,6.907755278982137,1.0
7130,receptor-independent,1,1,6.907755278982137,1.0
7131,receptor-null,1,1,6.907755278982137,1.0
7132,receptor-targeting,1,1,6.907755278982137,1.0
7133,recombinase-mediated,1,1,6.907755278982137,1.0
7134,reconcili,1,1,6.907755278982137,1.0
7135,recount,1,1,6.907755278982137,1.0
7136,rectal,1,1,6.907755278982137,1.0
7137,rectifi,1,1,6.907755278982137,1.0
7138,redistribut,1,1,6.907755278982137,1.0
7139,redress,1,1,6.907755278982137,1.0
7140,reduced-calorie,1,1,6.907755278982137,1.0
7141,reevalu,1,1,6.907755278982137,1.0
7142,refriger,1,1,6.907755278982137,1.0
7143,regener,1,1,6.907755278982137,1.0
7144,region-dependent,1,1,6.907755278982137,1.0
7145,register-based,1,1,6.907755278982137,1.0
7146,regrowth,1,1,6.907755278982137,1.0
7147,regulatory-approved,1,1,6.907755278982137,1.0
7148,reimburs,1,1,6.907755278982137,1.0
7149,reinstat,1,1,6.907755278982137,1.0
7150,reintroduc,1,1,6.907755278982137,1.0
7151,reintroduct,1,1,6.907755278982137,1.0
7152,reject,1,1,6.907755278982137,1.0
7153,relianc,1,1,6.907755278982137,1.0
7154,reliev,1,1,6.907755278982137,1.0
7155,religi,1,1,6.907755278982137,1.0
7156,reloc,1,1,6.907755278982137,1.0
7157,remap,1,1,6.907755278982137,1.0
7158,reminisc,1,1,6.907755278982137,1.0
7159,renal-cardiac,1,1,6.907755278982137,1.0
7160,renatur,1,1,6.907755278982137,1.0
7161,renin,1,1,6.907755278982137,1.0
7162,renown,1,1,6.907755278982137,1.0
7163,reorder,1,1,6.907755278982137,1.0
7164,repetit,1,1,6.907755278982137,1.0
7165,replenish,1,1,6.907755278982137,1.0
7166,repress,1,1,6.907755278982137,1.0
7167,reproducibli,1,1,6.907755278982137,1.0
7168,reproductive-age,1,1,6.907755278982137,1.0
7169,reput,1,1,6.907755278982137,1.0
7170,rer,1,1,6.907755278982137,1.0
7171,resembl,1,1,6.907755278982137,1.0
7172,reserpin,1,1,6.907755278982137,1.0
7173,reset,1,1,6.907755278982137,1.0
7174,residue-residue,1,1,6.907755278982137,1.0
7175,resin,1,1,6.907755278982137,1.0
7176,resistin,1,1,6.907755278982137,1.0
7177,rest,1,1,6.907755278982137,1.0
7178,resultsa,1,1,6.907755278982137,1.0
7179,retinol-binding,1,1,6.907755278982137,1.0
7180,reuptak,1,1,6.907755278982137,1.0
7181,rev,1,1,6.907755278982137,1.0
7182,revascular,1,1,6.907755278982137,1.0
7183,reverse-phase,1,1,6.907755278982137,1.0
7184,reversed-phase,1,1,6.907755278982137,1.0
7185,revert,1,1,6.907755278982137,1.0
7186,reviewmang,1,1,6.907755278982137,1.0
7187,revolutionari,1,1,6.907755278982137,1.0
7188,rewind,1,1,6.907755278982137,1.0
7189,rg,1,1,6.907755278982137,1.0
7190,rgc-5,1,1,6.907755278982137,1.0
7191,rhein,1,1,6.907755278982137,1.0
7192,rhesu,1,1,6.907755278982137,1.0
7193,rheumat,1,1,6.907755278982137,1.0
7194,rhythmic,1,1,6.907755278982137,1.0
7195,riddl,1,1,6.907755278982137,1.0
7196,ripre-induced,1,1,6.907755278982137,1.0
7197,risk-reducing,1,1,6.907755278982137,1.0
7198,risk-reduction,1,1,6.907755278982137,1.0
7199,rival,1,1,6.907755278982137,1.0
7200,rna-sequencing,1,1,6.907755278982137,1.0
7201,rnascop,1,1,6.907755278982137,1.0
7202,roadmap,1,1,6.907755278982137,1.0
7203,robins-e,1,1,6.907755278982137,1.0
7204,robustli,1,1,6.907755278982137,1.0
7205,roll,1,1,6.907755278982137,1.0
7206,room,1,1,6.907755278982137,1.0
7207,rostral,1,1,6.907755278982137,1.0
7208,rotenon,1,1,6.907755278982137,1.0
7209,rough,1,1,6.907755278982137,1.0
7210,roughli,1,1,6.907755278982137,1.0
7211,round,1,1,6.907755278982137,1.0
7212,roundtabl,1,1,6.907755278982137,1.0
7213,rrna,1,1,6.907755278982137,1.0
7214,rs-fed,1,1,6.907755278982137,1.0
7215,rtta,1,1,6.907755278982137,1.0
7216,runx,1,1,6.907755278982137,1.0
7217,rutacea,1,1,6.907755278982137,1.0
7218,rygb-induced,1,1,6.907755278982137,1.0
7219,rygb-regulated,1,1,6.907755278982137,1.0
7220,rylg,1,1,6.907755278982137,1.0
7221,s-glutathionylation,1,1,6.907755278982137,1.0
7222,saccharid,1,1,6.907755278982137,1.0
7223,saccharin,1,1,6.907755278982137,1.0
7224,sacrific,1,1,6.907755278982137,1.0
7225,safeguard,1,1,6.907755278982137,1.0
7226,safer,1,1,6.907755278982137,1.0
7227,salient,1,1,6.907755278982137,1.0
7228,salivari,1,1,6.907755278982137,1.0
7229,salpingectomi,1,1,6.907755278982137,1.0
7230,salt-treated,1,1,6.907755278982137,1.0
7231,sandwich,1,1,6.907755278982137,1.0
7232,sanger,1,1,6.907755278982137,1.0
7233,saponin,1,1,6.907755278982137,1.0
7234,satiety-promoting,1,1,6.907755278982137,1.0
7235,satisfact,1,1,6.907755278982137,1.0
7236,satisfactorili,1,1,6.907755278982137,1.0
7237,satisfi,1,1,6.907755278982137,1.0
7238,saxagliptin,1,1,6.907755278982137,1.0
7239,sb,1,1,6.907755278982137,1.0
7240,scaffold,1,1,6.907755278982137,1.0
7241,scale-up,1,1,6.907755278982137,1.0
7242,scalp,1,1,6.907755278982137,1.0
7243,scarciti,1,1,6.907755278982137,1.0
7244,scatchard,1,1,6.907755278982137,1.0
7245,schiff,1,1,6.907755278982137,1.0
7246,sciencedirect,1,1,6.907755278982137,1.0
7247,scientist,1,1,6.907755278982137,1.0
7248,scintil,1,1,6.907755278982137,1.0
7249,scio,1,1,6.907755278982137,1.0
7250,score-weighted,1,1,6.907755278982137,1.0
7251,score-weighting,1,1,6.907755278982137,1.0
7252,scrutin,1,1,6.907755278982137,1.0
7253,sd,1,1,6.907755278982137,1.0
7254,seahors,1,1,6.907755278982137,1.0
7255,seawe,1,1,6.907755278982137,1.0
7256,second-generation,1,1,6.907755278982137,1.0
7257,second-line,1,1,6.907755278982137,1.0
7258,secretagog,1,1,6.907755278982137,1.0
7259,secretagogin,1,1,6.907755278982137,1.0
7260,secretion-stimulating,1,1,6.907755278982137,1.0
7261,secretogogu,1,1,6.907755278982137,1.0
7262,sedentari,1,1,6.907755278982137,1.0
7263,self-control,1,1,6.907755278982137,1.0
7264,self-efficacy,1,1,6.907755278982137,1.0
7265,self-limiting,1,1,6.907755278982137,1.0
7266,self-report,1,1,6.907755278982137,1.0
7267,self-reported,1,1,6.907755278982137,1.0
7268,self-restraint,1,1,6.907755278982137,1.0
7269,sella,1,1,6.907755278982137,1.0
7270,send,1,1,6.907755278982137,1.0
7271,senolyt,1,1,6.907755278982137,1.0
7272,senomorph,1,1,6.907755278982137,1.0
7273,sensory-driven,1,1,6.907755278982137,1.0
7274,sepsis-induced,1,1,6.907755278982137,1.0
7275,septal,1,1,6.907755278982137,1.0
7276,septum,1,1,6.907755278982137,1.0
7277,sequela,1,1,6.907755278982137,1.0
7278,sequestr,1,1,6.907755278982137,1.0
7279,ser-14,1,1,6.907755278982137,1.0
7280,ser-8-glp-1,1,1,6.907755278982137,1.0
7281,serendipit,1,1,6.907755278982137,1.0
7282,serial,1,1,6.907755278982137,1.0
7283,serious,1,1,6.907755278982137,1.0
7284,serotonerg,1,1,6.907755278982137,1.0
7285,serotonin-induced,1,1,6.907755278982137,1.0
7286,server,1,1,6.907755278982137,1.0
7287,setup-the,1,1,6.907755278982137,1.0
7288,sex-4,1,1,6.907755278982137,1.0
7289,sg-1,1,1,6.907755278982137,1.0
7290,sh-sy5y,1,1,6.907755278982137,1.0
7291,shall,1,1,6.907755278982137,1.0
7292,sharpli,1,1,6.907755278982137,1.0
7293,shear-stress,1,1,6.907755278982137,1.0
7294,shelf-stable,1,1,6.907755278982137,1.0
7295,short-bowel,1,1,6.907755278982137,1.0
7296,short-duration,1,1,6.907755278982137,1.0
7297,short-lived,1,1,6.907755278982137,1.0
7298,shorten,1,1,6.907755278982137,1.0
7299,shortlist,1,1,6.907755278982137,1.0
7300,shrinkag,1,1,6.907755278982137,1.0
7301,shunt,1,1,6.907755278982137,1.0
7302,shutdown,1,1,6.907755278982137,1.0
7303,sialic,1,1,6.907755278982137,1.0
7304,side-effect,1,1,6.907755278982137,1.0
7305,signalling-wnt,1,1,6.907755278982137,1.0
7306,signals-such,1,1,6.907755278982137,1.0
7307,signatur,1,1,6.907755278982137,1.0
7308,significancetirzepatid,1,1,6.907755278982137,1.0
7309,silent,1,1,6.907755278982137,1.0
7310,silicon,1,1,6.907755278982137,1.0
7311,silver,1,1,6.907755278982137,1.0
7312,simplic,1,1,6.907755278982137,1.0
7313,simplifi,1,1,6.907755278982137,1.0
7314,simvastatin,1,1,6.907755278982137,1.0
7315,single-day,1,1,6.907755278982137,1.0
7316,single-dose,1,1,6.907755278982137,1.0
7317,single-nucleotide,1,1,6.907755278982137,1.0
7318,single-substance,1,1,6.907755278982137,1.0
7319,sirna-mediated,1,1,6.907755278982137,1.0
7320,sirtuin,1,1,6.907755278982137,1.0
7321,sister,1,1,6.907755278982137,1.0
7322,sit,1,1,6.907755278982137,1.0
7323,site-directed,1,1,6.907755278982137,1.0
7324,situ-perfused,1,1,6.907755278982137,1.0
7325,sixteen,1,1,6.907755278982137,1.0
7326,sixth,1,1,6.907755278982137,1.0
7327,sixti,1,1,6.907755278982137,1.0
7328,size-suppressive,1,1,6.907755278982137,1.0
7329,skill,1,1,6.907755278982137,1.0
7330,skin-related,1,1,6.907755278982137,1.0
7331,sle,1,1,6.907755278982137,1.0
7332,sli,1,1,6.907755278982137,1.0
7333,sln,1,1,6.907755278982137,1.0
7334,slower,1,1,6.907755278982137,1.0
7335,slower-clearing,1,1,6.907755278982137,1.0
7336,small-scale,1,1,6.907755278982137,1.0
7337,smaller,1,1,6.907755278982137,1.0
7338,smallest,1,1,6.907755278982137,1.0
7339,smart,1,1,6.907755278982137,1.0
7340,smart-c,1,1,6.907755278982137,1.0
7341,sme,1,1,6.907755278982137,1.0
7342,smell,1,1,6.907755278982137,1.0
7343,smoke,1,1,6.907755278982137,1.0
7344,sn,1,1,6.907755278982137,1.0
7345,snac,1,1,6.907755278982137,1.0
7346,snakehead,1,1,6.907755278982137,1.0
7347,soc,1,1,6.907755278982137,1.0
7348,socio-economic,1,1,6.907755278982137,1.0
7349,soften,1,1,6.907755278982137,1.0
7350,sojourn,1,1,6.907755278982137,1.0
7351,sole,1,1,6.907755278982137,1.0
7352,solidifi,1,1,6.907755278982137,1.0
7353,soluble-insoluble,1,1,6.907755278982137,1.0
7354,solv,1,1,6.907755278982137,1.0
7355,solvent,1,1,6.907755278982137,1.0
7356,somatostatin-14,1,1,6.907755278982137,1.0
7357,somatostatin-like,1,1,6.907755278982137,1.0
7358,somehow,1,1,6.907755278982137,1.0
7359,somewhat,1,1,6.907755278982137,1.0
7360,son,1,1,6.907755278982137,1.0
7361,soon,1,1,6.907755278982137,1.0
7362,sophist,1,1,6.907755278982137,1.0
7363,southeast,1,1,6.907755278982137,1.0
7364,southern,1,1,6.907755278982137,1.0
7365,spark,1,1,6.907755278982137,1.0
7366,specialist,1,1,6.907755278982137,1.0
7367,specimen,1,1,6.907755278982137,1.0
7368,spect,1,1,6.907755278982137,1.0
7369,spectra,1,1,6.907755278982137,1.0
7370,speed,1,1,6.907755278982137,1.0
7371,spent,1,1,6.907755278982137,1.0
7372,sperm,1,1,6.907755278982137,1.0
7373,spermatogenesi,1,1,6.907755278982137,1.0
7374,spermidin,1,1,6.907755278982137,1.0
7375,spice,1,1,6.907755278982137,1.0
7376,spillov,1,1,6.907755278982137,1.0
7377,splenic,1,1,6.907755278982137,1.0
7378,splenocyt,1,1,6.907755278982137,1.0
7379,splice,1,1,6.907755278982137,1.0
7380,spotlight,1,1,6.907755278982137,1.0
7381,sprai,1,1,6.907755278982137,1.0
7382,spur,1,1,6.907755278982137,1.0
7383,src,1,1,6.907755278982137,1.0
7384,sryp,1,1,6.907755278982137,1.0
7385,sstr,1,1,6.907755278982137,1.0
7386,st-segment,1,1,6.907755278982137,1.0
7387,stabilis,1,1,6.907755278982137,1.0
7388,stable-peptide-based,1,1,6.907755278982137,1.0
7389,stage-targeted,1,1,6.907755278982137,1.0
7390,stat,1,1,6.907755278982137,1.0
7391,static,1,1,6.907755278982137,1.0
7392,status,1,1,6.907755278982137,1.0
7393,steadi,1,1,6.907755278982137,1.0
7394,steadili,1,1,6.907755278982137,1.0
7395,stearic,1,1,6.907755278982137,1.0
7396,stearoyl-coa,1,1,6.907755278982137,1.0
7397,steep,1,1,6.907755278982137,1.0
7398,steric,1,1,6.907755278982137,1.0
7399,steroid-refractory,1,1,6.907755278982137,1.0
7400,stevia,1,1,6.907755278982137,1.0
7401,stifl,1,1,6.907755278982137,1.0
7402,stigmat,1,1,6.907755278982137,1.0
7403,stimuli-responsive,1,1,6.907755278982137,1.0
7404,stimulu,1,1,6.907755278982137,1.0
7405,sting-elicited,1,1,6.907755278982137,1.0
7406,stir,1,1,6.907755278982137,1.0
7407,stone,1,1,6.907755278982137,1.0
7408,stori,1,1,6.907755278982137,1.0
7409,stream,1,1,6.907755278982137,1.0
7410,streamlin,1,1,6.907755278982137,1.0
7411,strengthen,1,1,6.907755278982137,1.0
7412,streptococc,1,1,6.907755278982137,1.0
7413,streptozocin-induced,1,1,6.907755278982137,1.0
7414,stress-activated,1,1,6.907755278982137,1.0
7415,stress-associated,1,1,6.907755278982137,1.0
7416,strictli,1,1,6.907755278982137,1.0
7417,strikingli,1,1,6.907755278982137,1.0
7418,strobe,1,1,6.907755278982137,1.0
7419,structure-activity-relationship,1,1,6.907755278982137,1.0
7420,structure-function,1,1,6.907755278982137,1.0
7421,student,1,1,6.907755278982137,1.0
7422,stun,1,1,6.907755278982137,1.0
7423,style,1,1,6.907755278982137,1.0
7424,stz-treated,1,1,6.907755278982137,1.0
7425,su,1,1,6.907755278982137,1.0
7426,sub-diaphragmatic,1,1,6.907755278982137,1.0
7427,sub-mixtures,1,1,6.907755278982137,1.0
7428,sub-picomolar,1,1,6.907755278982137,1.0
7429,subclass,1,1,6.907755278982137,1.0
7430,subclin,1,1,6.907755278982137,1.0
7431,subcutaneoussemaglutid,1,1,6.907755278982137,1.0
7432,subepitheli,1,1,6.907755278982137,1.0
7433,subfamili,1,1,6.907755278982137,1.0
7434,subserv,1,1,6.907755278982137,1.0
7435,substant,1,1,6.907755278982137,1.0
7436,subtot,1,1,6.907755278982137,1.0
7437,subtyp,1,1,6.907755278982137,1.0
7438,subventricular,1,1,6.907755278982137,1.0
7439,suction,1,1,6.907755278982137,1.0
7440,sugar-lowering,1,1,6.907755278982137,1.0
7441,suioh,1,1,6.907755278982137,1.0
7442,summit,1,1,6.907755278982137,1.0
7443,sunitinib,1,1,6.907755278982137,1.0
7444,sunr,1,1,6.907755278982137,1.0
7445,superimpos,1,1,6.907755278982137,1.0
7446,supra-physiological,1,1,6.907755278982137,1.0
7447,suprachiasmat,1,1,6.907755278982137,1.0
7448,supracommissurali,1,1,6.907755278982137,1.0
7449,supraglott,1,1,6.907755278982137,1.0
7450,surmount-osa,1,1,6.907755278982137,1.0
7451,surpass-cvot,1,1,6.907755278982137,1.0
7452,surplu,1,1,6.907755278982137,1.0
7453,surrog,1,1,6.907755278982137,1.0
7454,survivor,1,1,6.907755278982137,1.0
7455,survivorship,1,1,6.907755278982137,1.0
7456,suspectum,1,1,6.907755278982137,1.0
7457,suspicion,1,1,6.907755278982137,1.0
7458,sutterella,1,1,6.907755278982137,1.0
7459,svetlana,1,1,6.907755278982137,1.0
7460,sweden,1,1,6.907755278982137,1.0
7461,sweet-taste,1,1,6.907755278982137,1.0
7462,swing,1,1,6.907755278982137,1.0
7463,sword,1,1,6.907755278982137,1.0
7464,sympatho-gastro-spinal-reticular-hypothalamic,1,1,6.907755278982137,1.0
7465,symptom-based,1,1,6.907755278982137,1.0
7466,symptom-focused,1,1,6.907755278982137,1.0
7467,synaptosom,1,1,6.907755278982137,1.0
7468,synergy-nash,1,1,6.907755278982137,1.0
7469,synphas,1,1,6.907755278982137,1.0
7470,synuclein,1,1,6.907755278982137,1.0
7471,syrcl,1,1,6.907755278982137,1.0
7472,syrian,1,1,6.907755278982137,1.0
7473,syringaldehyd,1,1,6.907755278982137,1.0
7474,syst,1,1,6.907755278982137,1.0
7475,tabl,1,1,6.907755278982137,1.0
7476,tail,1,1,6.907755278982137,1.0
7477,takaoka,1,1,6.907755278982137,1.0
7478,take-home,1,1,6.907755278982137,1.0
7479,taper,1,1,6.907755278982137,1.0
7480,target-mediates,1,1,6.907755278982137,1.0
7481,target-to-background,1,1,6.907755278982137,1.0
7482,targetscan,1,1,6.907755278982137,1.0
7483,task,1,1,6.907755278982137,1.0
7484,taspoglutide-bound,1,1,6.907755278982137,1.0
7485,tastant,1,1,6.907755278982137,1.0
7486,taste-signaling,1,1,6.907755278982137,1.0
7487,tctr,1,1,6.907755278982137,1.0
7488,tdtomato-fluorescence,1,1,6.907755278982137,1.0
7489,tdtomato-positive,1,1,6.907755278982137,1.0
7490,telemedicine-based,1,1,6.907755278982137,1.0
7491,telemet,1,1,6.907755278982137,1.0
7492,telencephal,1,1,6.907755278982137,1.0
7493,telencephali,1,1,6.907755278982137,1.0
7494,tell,1,1,6.907755278982137,1.0
7495,telogen,1,1,6.907755278982137,1.0
7496,telomeras,1,1,6.907755278982137,1.0
7497,templ,1,1,6.907755278982137,1.0
7498,tendon,1,1,6.907755278982137,1.0
7499,teratogen,1,1,6.907755278982137,1.0
7500,tertiari,1,1,6.907755278982137,1.0
7501,testicl,1,1,6.907755278982137,1.0
7502,testosterone-stimulated,1,1,6.907755278982137,1.0
7503,tet-reporter,1,1,6.907755278982137,1.0
7504,tether,1,1,6.907755278982137,1.0
7505,tetrachlorid,1,1,6.907755278982137,1.0
7506,tetraethylen,1,1,6.907755278982137,1.0
7507,tetrahydropyridin,1,1,6.907755278982137,1.0
7508,textbook,1,1,6.907755278982137,1.0
7509,thai,1,1,6.907755278982137,1.0
7510,themanag,1,1,6.907755278982137,1.0
7511,theori,1,1,6.907755278982137,1.0
7512,theoriz,1,1,6.907755278982137,1.0
7513,theory-based,1,1,6.907755278982137,1.0
7514,theranost,1,1,6.907755278982137,1.0
7515,thereof,1,1,6.907755278982137,1.0
7516,these,1,1,6.907755278982137,1.0
7517,thiamin,1,1,6.907755278982137,1.0
7518,thiazolidinedion,1,1,6.907755278982137,1.0
7519,think,1,1,6.907755278982137,1.0
7520,thioredoxin-modified,1,1,6.907755278982137,1.0
7521,thorac,1,1,6.907755278982137,1.0
7522,thousand-fold,1,1,6.907755278982137,1.0
7523,thrice-daily,1,1,6.907755278982137,1.0
7524,thrombogen,1,1,6.907755278982137,1.0
7525,thromboprophylact,1,1,6.907755278982137,1.0
7526,thromboxane-mediated,1,1,6.907755278982137,1.0
7527,thyroid-related,1,1,6.907755278982137,1.0
7528,thyrotoxicosi,1,1,6.907755278982137,1.0
7529,tide,1,1,6.907755278982137,1.0
7530,tight,1,1,6.907755278982137,1.0
7531,time-based,1,1,6.907755278982137,1.0
7532,time-driven,1,1,6.907755278982137,1.0
7533,time-lagged,1,1,6.907755278982137,1.0
7534,time-to-onset,1,1,6.907755278982137,1.0
7535,timepoint,1,1,6.907755278982137,1.0
7536,timescal,1,1,6.907755278982137,1.0
7537,timp-1,1,1,6.907755278982137,1.0
7538,timp-2,1,1,6.907755278982137,1.0
7539,to-date,1,1,6.907755278982137,1.0
7540,tolerance-was,1,1,6.907755278982137,1.0
7541,toll-like,1,1,6.907755278982137,1.0
7542,tone,1,1,6.907755278982137,1.0
7543,topiram,1,1,6.907755278982137,1.0
7544,tortuos,1,1,6.907755278982137,1.0
7545,tout,1,1,6.907755278982137,1.0
7546,toxicologi,1,1,6.907755278982137,1.0
7547,toxsentryweb,1,1,6.907755278982137,1.0
7548,traceabl,1,1,6.907755278982137,1.0
7549,trachea,1,1,6.907755278982137,1.0
7550,tracheal,1,1,6.907755278982137,1.0
7551,traction,1,1,6.907755278982137,1.0
7552,trait,1,1,6.907755278982137,1.0
7553,trans-differentiation,1,1,6.907755278982137,1.0
7554,trans-well,1,1,6.907755278982137,1.0
7555,transcription-polymerase,1,1,6.907755278982137,1.0
7556,transcytosi,1,1,6.907755278982137,1.0
7557,transdifferenti,1,1,6.907755278982137,1.0
7558,transect,1,1,6.907755278982137,1.0
7559,transfect,1,1,6.907755278982137,1.0
7560,transgastr,1,1,6.907755278982137,1.0
7561,transjugular,1,1,6.907755278982137,1.0
7562,transplant-listed,1,1,6.907755278982137,1.0
7563,transporter-mediated,1,1,6.907755278982137,1.0
7564,trap,1,1,6.907755278982137,1.0
7565,traumat,1,1,6.907755278982137,1.0
7566,travers,1,1,6.907755278982137,1.0
7567,treatabl,1,1,6.907755278982137,1.0
7568,treatment-adherent,1,1,6.907755278982137,1.0
7569,treatment-induced,1,1,6.907755278982137,1.0
7570,treatment-limiting,1,1,6.907755278982137,1.0
7571,tri,1,1,6.907755278982137,1.0
7572,tri-agonism,1,1,6.907755278982137,1.0
7573,tri-agonists,1,1,6.907755278982137,1.0
7574,triamteren,1,1,6.907755278982137,1.0
7575,trichostatin,1,1,6.907755278982137,1.0
7576,trifluoroethanol,1,1,6.907755278982137,1.0
7577,trifunct,1,1,6.907755278982137,1.0
7578,trimest,1,1,6.907755278982137,1.0
7579,trimethylamine-n-oxide,1,1,6.907755278982137,1.0
7580,trioleat,1,1,6.907755278982137,1.0
7581,trip,1,1,6.907755278982137,1.0
7582,triphosph,1,1,6.907755278982137,1.0
7583,triphosphate-sensor,1,1,6.907755278982137,1.0
7584,triple-acting,1,1,6.907755278982137,1.0
7585,triterpenoid,1,1,6.907755278982137,1.0
7586,triumvir,1,1,6.907755278982137,1.0
7587,trizepatid,1,1,6.907755278982137,1.0
7588,trough,1,1,6.907755278982137,1.0
7589,trout,1,1,6.907755278982137,1.0
7590,trp-ile,1,1,6.907755278982137,1.0
7591,trpa,1,1,6.907755278982137,1.0
7592,trpa-1,1,1,6.907755278982137,1.0
7593,trpm,1,1,6.907755278982137,1.0
7594,trulic,1,1,6.907755278982137,1.0
7595,truncal,1,1,6.907755278982137,1.0
7596,tryptophan,1,1,6.907755278982137,1.0
7597,tryptophan-cage,1,1,6.907755278982137,1.0
7598,tryptophan-selective,1,1,6.907755278982137,1.0
7599,ttx,1,1,6.907755278982137,1.0
7600,tubular,1,1,6.907755278982137,1.0
7601,tudca,1,1,6.907755278982137,1.0
7602,tunabl,1,1,6.907755278982137,1.0
7603,tunica,1,1,6.907755278982137,1.0
7604,twenti,1,1,6.907755278982137,1.0
7605,twenty-four,1,1,6.907755278982137,1.0
7606,twenty-six,1,1,6.907755278982137,1.0
7607,twenty-three,1,1,6.907755278982137,1.0
7608,twig,1,1,6.907755278982137,1.0
7609,twincretin,1,1,6.907755278982137,1.0
7610,two-channel,1,1,6.907755278982137,1.0
7611,two-dimensional,1,1,6.907755278982137,1.0
7612,two-thirds,1,1,6.907755278982137,1.0
7613,two-year,1,1,6.907755278982137,1.0
7614,type-1,1,1,6.907755278982137,1.0
7615,type-ii,1,1,6.907755278982137,1.0
7616,tyr,1,1,6.907755278982137,1.0
7617,ucp,1,1,6.907755278982137,1.0
7618,udekem,1,1,6.907755278982137,1.0
7619,umbrella,1,1,6.907755278982137,1.0
7620,unab,1,1,6.907755278982137,1.0
7621,unaccept,1,1,6.907755278982137,1.0
7622,unaddress,1,1,6.907755278982137,1.0
7623,unadjust,1,1,6.907755278982137,1.0
7624,unapp,1,1,6.907755278982137,1.0
7625,unattempt,1,1,6.907755278982137,1.0
7626,unblock,1,1,6.907755278982137,1.0
7627,unchart,1,1,6.907755278982137,1.0
7628,unclassifi,1,1,6.907755278982137,1.0
7629,uncompens,1,1,6.907755278982137,1.0
7630,uncompl,1,1,6.907755278982137,1.0
7631,unconjug,1,1,6.907755278982137,1.0
7632,unconnect,1,1,6.907755278982137,1.0
7633,unconsci,1,1,6.907755278982137,1.0
7634,uncoupl,1,1,6.907755278982137,1.0
7635,undefin,1,1,6.907755278982137,1.0
7636,under-described,1,1,6.907755278982137,1.0
7637,under-recognized,1,1,6.907755278982137,1.0
7638,underappreci,1,1,6.907755278982137,1.0
7639,underlin,1,1,6.907755278982137,1.0
7640,undermin,1,1,6.907755278982137,1.0
7641,undernutrit,1,1,6.907755278982137,1.0
7642,underrepres,1,1,6.907755278982137,1.0
7643,undertook,1,1,6.907755278982137,1.0
7644,underweight,1,1,6.907755278982137,1.0
7645,undescrib,1,1,6.907755278982137,1.0
7646,undetermin,1,1,6.907755278982137,1.0
7647,undiagnos,1,1,6.907755278982137,1.0
7648,undoubtedli,1,1,6.907755278982137,1.0
7649,uneven,1,1,6.907755278982137,1.0
7650,unevenli,1,1,6.907755278982137,1.0
7651,unexplain,1,1,6.907755278982137,1.0
7652,unexpos,1,1,6.907755278982137,1.0
7653,unfavor,1,1,6.907755278982137,1.0
7654,unfold,1,1,6.907755278982137,1.0
7655,unfus,1,1,6.907755278982137,1.0
7656,unhealthi,1,1,6.907755278982137,1.0
7657,unifi,1,1,6.907755278982137,1.0
7658,uniform,1,1,6.907755278982137,1.0
7659,uniformli,1,1,6.907755278982137,1.0
7660,unintent,1,1,6.907755278982137,1.0
7661,uniti,1,1,6.907755278982137,1.0
7662,univari,1,1,6.907755278982137,1.0
7663,unmeasur,1,1,6.907755278982137,1.0
7664,unobserv,1,1,6.907755278982137,1.0
7665,unplan,1,1,6.907755278982137,1.0
7666,unrecogn,1,1,6.907755278982137,1.0
7667,unregul,1,1,6.907755278982137,1.0
7668,unrel,1,1,6.907755278982137,1.0
7669,unreport,1,1,6.907755278982137,1.0
7670,unrestrain,1,1,6.907755278982137,1.0
7671,unrestrict,1,1,6.907755278982137,1.0
7672,unsettl,1,1,6.907755278982137,1.0
7673,unstabl,1,1,6.907755278982137,1.0
7674,unstandardis,1,1,6.907755278982137,1.0
7675,unsuccess,1,1,6.907755278982137,1.0
7676,unsuit,1,1,6.907755278982137,1.0
7677,untarget,1,1,6.907755278982137,1.0
7678,untoward,1,1,6.907755278982137,1.0
7679,unusu,1,1,6.907755278982137,1.0
7680,unwant,1,1,6.907755278982137,1.0
7681,unwelcom,1,1,6.907755278982137,1.0
7682,up,1,1,6.907755278982137,1.0
7683,up-regulate,1,1,6.907755278982137,1.0
7684,up-regulating,1,1,6.907755278982137,1.0
7685,up-take,1,1,6.907755278982137,1.0
7686,upadacitinib,1,1,6.907755278982137,1.0
7687,upcom,1,1,6.907755278982137,1.0
7688,upstream,1,1,6.907755278982137,1.0
7689,upward,1,1,6.907755278982137,1.0
7690,urethan,1,1,6.907755278982137,1.0
7691,urethane-chloralose,1,1,6.907755278982137,1.0
7692,urogenit,1,1,6.907755278982137,1.0
7693,urticaria,1,1,6.907755278982137,1.0
7694,uruchi,1,1,6.907755278982137,1.0
7695,uscn,1,1,6.907755278982137,1.0
7696,use-related,1,1,6.907755278982137,1.0
7697,usefulli,1,1,6.907755278982137,1.0
7698,usher,1,1,6.907755278982137,1.0
7699,usp,1,1,6.907755278982137,1.0
7700,ustekinumab,1,1,6.907755278982137,1.0
7701,uteru,1,1,6.907755278982137,1.0
7702,utmost,1,1,6.907755278982137,1.0
7703,utr,1,1,6.907755278982137,1.0
7704,uv-visible,1,1,6.907755278982137,1.0
7705,vaccin,1,1,6.907755278982137,1.0
7706,vagally-mediated,1,1,6.907755278982137,1.0
7707,vagi,1,1,6.907755278982137,1.0
7708,vago-vagal,1,1,6.907755278982137,1.0
7709,valproic,1,1,6.907755278982137,1.0
7710,valv,1,1,6.907755278982137,1.0
7711,varicos,1,1,6.907755278982137,1.0
7712,vascularli,1,1,6.907755278982137,1.0
7713,vasculit,1,1,6.907755278982137,1.0
7714,vasoconstrict,1,1,6.907755278982137,1.0
7715,vasopressin,1,1,6.907755278982137,1.0
7716,vasoprotect,1,1,6.907755278982137,1.0
7717,vast,1,1,6.907755278982137,1.0
7718,vastli,1,1,6.907755278982137,1.0
7719,vectori,1,1,6.907755278982137,1.0
7720,vegan,1,1,6.907755278982137,1.0
7721,veget,1,1,6.907755278982137,1.0
7722,vegetarian,1,1,6.907755278982137,1.0
7723,vegf,1,1,6.907755278982137,1.0
7724,vegf-a,1,1,6.907755278982137,1.0
7725,vehicle-infused,1,1,6.907755278982137,1.0
7726,vehicle-treated,1,1,6.907755278982137,1.0
7727,vena,1,1,6.907755278982137,1.0
7728,ventrali,1,1,6.907755278982137,1.0
7729,ventrolater,1,1,6.907755278982137,1.0
7730,venu,1,1,6.907755278982137,1.0
7731,verapamil,1,1,6.907755278982137,1.0
7732,veriti,1,1,6.907755278982137,1.0
7733,vertebr,1,1,6.907755278982137,1.0
7734,vesicular,1,1,6.907755278982137,1.0
7735,veteran,1,1,6.907755278982137,1.0
7736,vi,1,1,6.907755278982137,1.0
7737,viabl,1,1,6.907755278982137,1.0
7738,vicin,1,1,6.907755278982137,1.0
7739,viciou,1,1,6.907755278982137,1.0
7740,victoza-novo,1,1,6.907755278982137,1.0
7741,videomicroscopi,1,1,6.907755278982137,1.0
7742,vietnam,1,1,6.907755278982137,1.0
7743,vii,1,1,6.907755278982137,1.0
7744,villosum,1,1,6.907755278982137,1.0
7745,villu,1,1,6.907755278982137,1.0
7746,vilsb,1,1,6.907755278982137,1.0
7747,vimentin,1,1,6.907755278982137,1.0
7748,virtu,1,1,6.907755278982137,1.0
7749,virul,1,1,6.907755278982137,1.0
7750,vitro-maturated,1,1,6.907755278982137,1.0
7751,vldl-tg,1,1,6.907755278982137,1.0
7752,void,1,1,6.907755278982137,1.0
7753,voltage-sensitive,1,1,6.907755278982137,1.0
7754,volumetr,1,1,6.907755278982137,1.0
7755,vpa-therapy,1,1,6.907755278982137,1.0
7756,waggon,1,1,6.907755278982137,1.0
7757,waist-to-hip,1,1,6.907755278982137,1.0
7758,wake,1,1,6.907755278982137,1.0
7759,wanfang,1,1,6.907755278982137,1.0
7760,wast,1,1,6.907755278982137,1.0
7761,water-salt,1,1,6.907755278982137,1.0
7762,wave,1,1,6.907755278982137,1.0
7763,wdl,1,1,6.907755278982137,1.0
7764,weaker,1,1,6.907755278982137,1.0
7765,wealth,1,1,6.907755278982137,1.0
7766,web-based,1,1,6.907755278982137,1.0
7767,websit,1,1,6.907755278982137,1.0
7768,weight-bearing,1,1,6.907755278982137,1.0
7769,weight-centered,1,1,6.907755278982137,1.0
7770,weight-control,1,1,6.907755278982137,1.0
7771,weight-defense,1,1,6.907755278982137,1.0
7772,weight-inclusive,1,1,6.907755278982137,1.0
7773,weight-mediated,1,1,6.907755278982137,1.0
7774,weight-modifying,1,1,6.907755278982137,1.0
7775,weight-targeted,1,1,6.907755278982137,1.0
7776,well-being,1,1,6.907755278982137,1.0
7777,well-characterised,1,1,6.907755278982137,1.0
7778,well-conserved,1,1,6.907755278982137,1.0
7779,well-controlled,1,1,6.907755278982137,1.0
7780,well-informed,1,1,6.907755278982137,1.0
7781,wherein,1,1,6.907755278982137,1.0
7782,wholegrain,1,1,6.907755278982137,1.0
7783,wider,1,1,6.907755278982137,1.0
7784,wirgcrl,1,1,6.907755278982137,1.0
7785,wisdom,1,1,6.907755278982137,1.0
7786,within-person,1,1,6.907755278982137,1.0
7787,wonder,1,1,6.907755278982137,1.0
7788,word,1,1,6.907755278982137,1.0
7789,workforc,1,1,6.907755278982137,1.0
7790,workload,1,1,6.907755278982137,1.0
7791,worth,1,1,6.907755278982137,1.0
7792,worthwhil,1,1,6.907755278982137,1.0
7793,x-box,1,1,6.907755278982137,1.0
7794,x-ray,1,1,6.907755278982137,1.0
7795,xaa-pro,1,1,6.907755278982137,1.0
7796,xanthoangelol,1,1,6.907755278982137,1.0
7797,xglp-1,1,1,6.907755278982137,1.0
7798,xu,1,1,6.907755278982137,1.0
7799,y-maze,1,1,6.907755278982137,1.0
7800,ye,1,1,6.907755278982137,1.0
7801,yearli,1,1,6.907755278982137,1.0
7802,yfp-tagged,1,1,6.907755278982137,1.0
7803,yi,1,1,6.907755278982137,1.0
7804,yogeswaran,1,1,6.907755278982137,1.0
7805,yogurt,1,1,6.907755278982137,1.0
7806,young-onset,1,1,6.907755278982137,1.0
7807,youth,1,1,6.907755278982137,1.0
7808,yr-old,1,1,6.907755278982137,1.0
7809,zd,1,1,6.907755278982137,1.0
7810,zealand,1,1,6.907755278982137,1.0
7811,zeitgeb,1,1,6.907755278982137,1.0
7812,zepbound,1,1,6.907755278982137,1.0
7813,zhang,1,1,6.907755278982137,1.0
7814,zinc,1,1,6.907755278982137,1.0
7815,zucker,1,1,6.907755278982137,1.0
